lineItem/UsageAccountId,lineItem/ResourceId,bill/BillingPeriodStartDate,lineItem/UsageAmount_ComputeHours,lineItem/UsageAmount_StorageGB,lineItem/UsageAmount_APIRequests,lineItem/UnblendedCost,product/ProductName,lineItem/LineItemDescription
Mobile-Backend,ebs-0ab8278,2026-06,0.0,3402.1,0,153.1,EBS,st1 volumes archive
Data-Science,cf-0140766,2026-06,0.0,0.0,110241167,551.21,CloudFront,CDN web distribution
Security-Ops,ebs-0bcb202,2026-06,0.0,4792.7,0,215.67,EBS,st1 volumes archive
Marketing-Platform,rs-0483517,2026-06,637.1,1769.8,0,3229.71,Redshift,Data warehouse cluster
Production-Main,sns-114a513,2026-06,0.0,0.0,6639411,3.31,SNS,Alert notifications
Security-Ops,s3-017f436,2026-06,0.0,17256.7,3451335,603.98,S3,Data lake raw zone
Internal-Tools,rds-0f84794,2026-06,975.0,1354.3,0,4333.45,RDS,db.r5.2xlarge Aurora cluster
DevOps-Central,kin-09fd183,2026-06,952.4,0.0,26456081,386.27,Kinesis,Firehose delivery
Internal-Tools,sqs-1090601,2026-06,0.0,0.0,60663278,30.32,SQS,Order processing queue
Mobile-Backend,ebs-0ed8926,2026-06,0.0,2897.9,0,130.41,EBS,st1 volumes archive
Partner-Integration,rds-09ee347,2026-06,853.7,592.8,0,1689.5,RDS,db.r5.large PostgreSQL replica
DevOps-Central,sm-00d1740,2026-06,0.0,0.0,1251479,5.01,Secrets Manager,Application secrets
Production-Secondary,ecs-0b92760,2026-06,501.2,0.0,0,914.79,ECS,Fargate API cluster
Production-Secondary,nat-0083744,2026-06,712.9,0.0,0,162.63,NAT Gateway,Staging VPC NAT
Marketing-Platform,i-01e6426,2026-06,938.2,0.0,0,68.49,EC2,t3.micro bastion host
Security-Ops,ecs-0ca2184,2026-06,497.7,0.0,0,908.27,ECS,Fargate API cluster
Production-Secondary,sqs-0086923,2026-06,0.0,0.0,25595663,12.8,SQS,Event notification queue
Finance-Systems,eks-061d810,2026-06,851.7,0.0,0,2555.08,EKS,Production K8s cluster
Production-Main,kin-045b307,2026-06,736.6,0.0,20461836,298.74,Kinesis,Firehose delivery
Shared-Services,nat-0d7f916,2026-06,669.7,0.0,0,305.6,NAT Gateway,Production VPC NAT
Customer-Portal,ebs-0b9a537,2026-06,0.0,531.3,0,332.02,EBS,io2 volumes database
DevOps-Central,ec-0ce8236,2026-06,723.6,0.0,0,520.97,ElastiCache,Redis production cluster
Partner-Integration,sm-0856857,2026-06,0.0,0.0,1416979,5.67,Secrets Manager,Application secrets
Compliance-Audit,elb-0aeb454,2026-06,444.8,0.0,30888700,192.74,ELB,Network load balancer
Mobile-Backend,ebs-0898961,2026-06,0.0,4230.6,0,190.39,EBS,st1 volumes archive
Security-Ops,lam-017a794,2026-06,0.0,0.0,3830770,27.01,Lambda,Image resizer
Partner-Integration,rds-1042178,2026-06,920.8,639.4,0,1822.4,RDS,db.r5.large PostgreSQL replica
Security-Ops,sm-08a6920,2026-06,0.0,0.0,1226781,4.91,Secrets Manager,Application secrets
Compliance-Audit,sns-0c1d686,2026-06,0.0,0.0,11829747,5.91,SNS,Alert notifications
Edge-Network,ecs-031f111,2026-06,286.6,0.0,0,523.0,ECS,Fargate worker cluster
ML-Training,i-0dad813,2026-06,618.1,0.0,0,2143.01,EC2,r5.2xlarge database server
Marketing-Platform,sm-0a3a425,2026-06,0.0,0.0,861779,3.44,Secrets Manager,Application secrets
Compliance-Audit,kin-083d194,2026-06,674.8,0.0,28114218,410.47,Kinesis,Data stream ingestion
Partner-Integration,eks-03c5402,2026-06,754.7,0.0,0,2264.03,EKS,Production K8s cluster
Edge-Network,lam-0e35921,2026-06,0.0,0.0,19969750,139.79,Lambda,Data transformer
Marketing-Platform,sm-0d30645,2026-06,0.0,0.0,1065839,4.26,Secrets Manager,Application secrets
Marketing-Platform,sm-0e7c136,2026-06,0.0,0.0,801742,3.2,Secrets Manager,Application secrets
Partner-Integration,elb-0bd4274,2026-06,611.0,0.0,8486030,123.55,ELB,Classic load balancer
Internal-Tools,rs-02b6574,2026-06,0.0,0.0,4809418,240.47,Redshift,Spectrum queries
Data-Science,rs-0146862,2026-06,721.7,2004.6,0,3658.44,Redshift,Data warehouse cluster
ML-Training,lam-055d746,2026-06,0.0,0.0,10368353,72.58,Lambda,Notification dispatcher
Security-Ops,lam-09fe233,2026-06,0.0,0.0,24346433,170.42,Lambda,Data transformer
Compliance-Audit,i-1029425,2026-06,600.4,0.0,0,520.39,EC2,m5.large monitoring server
Edge-Network,vpn-0c9e800,2026-06,489.8,0.0,0,124.16,VPN Gateway,Client VPN endpoint
Production-Main,r53-0c16894,2026-06,0.0,0.0,15518487,23.29,Route 53,Health checks
Edge-Network,i-06ce887,2026-06,746.4,0.0,0,2587.58,EC2,r5.2xlarge database server
Production-Main,i-0d80610,2026-06,452.4,0.0,0,1312.29,EC2,c5.2xlarge HPC node
ML-Training,i-0b25477,2026-06,558.9,0.0,0,1937.84,EC2,r5.2xlarge database server
Partner-Integration,rds-03c8753,2026-06,425.0,118.0,0,501.68,RDS,db.t3.medium MySQL staging
Marketing-Platform,r53-01dd837,2026-06,0.0,0.0,58055650,87.08,Route 53,DNS hosting
Marketing-Platform,i-01e7981,2026-06,582.7,0.0,0,1689.8,EC2,c5.2xlarge HPC node
QA-Testing,ec-1136274,2026-06,829.1,0.0,0,596.95,ElastiCache,Redis production cluster
Security-Ops,ses-09f7782,2026-06,0.0,0.0,2446103,2.93,SES,Transactional email
Security-Ops,s3-08db379,2026-06,0.0,51.2,25596104,166.37,S3,Static website hosting
Partner-Integration,ses-03cb400,2026-06,0.0,0.0,2181547,2.62,SES,Transactional email
ML-Training,lam-0c34400,2026-06,0.0,0.0,10113502,70.79,Lambda,Notification dispatcher
Internal-Tools,elb-08c2704,2026-06,995.3,0.0,13824402,201.28,ELB,Classic load balancer
Compliance-Audit,ecs-0d1c714,2026-06,487.6,0.0,0,889.93,ECS,Fargate worker cluster
Production-Main,i-1108283,2026-06,325.7,0.0,0,944.4,EC2,c5.2xlarge HPC node
Compliance-Audit,s3-0c95132,2026-06,0.0,743.3,1486643,65.05,S3,Artifact storage
Edge-Network,ebs-09ad548,2026-06,0.0,740.4,0,92.55,EBS,gp3 volumes production
Production-Main,i-000d373,2026-06,406.4,0.0,0,1178.54,EC2,c5.2xlarge HPC node
Compliance-Audit,s3-0667496,2026-06,0.0,12116.0,2423192,424.05,S3,Data lake raw zone
Mobile-Backend,ec-032e628,2026-06,616.5,0.0,0,443.87,ElastiCache,Redis production cluster
Partner-Integration,r53-060c599,2026-06,0.0,0.0,66343332,99.52,Route 53,DNS hosting
Internal-Tools,s3-0e43727,2026-06,0.0,3781.0,6049529,276.01,S3,Media content bucket
Security-Ops,ecs-0499787,2026-06,438.9,0.0,0,801.09,ECS,Fargate worker cluster
Production-Secondary,s3-0075793,2026-06,0.0,67.9,33956364,220.72,S3,Static website hosting
Security-Ops,sqs-0195828,2026-06,0.0,0.0,40620164,20.31,SQS,Event notification queue
Security-Ops,ebs-08c0486,2026-06,0.0,724.8,0,453.04,EBS,io2 volumes database
Production-Main,cf-0a4b960,2026-06,0.0,0.0,59730456,298.65,CloudFront,CDN API distribution
QA-Testing,elb-03e9138,2026-06,831.9,0.0,57768913,360.48,ELB,Network load balancer
Marketing-Platform,sm-10db510,2026-06,0.0,0.0,1198855,4.79,Secrets Manager,Application secrets
Data-Science,ses-0e41871,2026-06,0.0,0.0,2181407,2.62,SES,Transactional email
Production-Main,rds-0005467,2026-06,695.5,483.0,0,1787.01,RDS,db.r5.xlarge PostgreSQL primary
QA-Testing,ebs-0cff760,2026-06,0.0,1166.8,0,145.86,EBS,gp3 volumes production
Production-Secondary,elb-0fed620,2026-06,575.8,0.0,39985023,249.51,ELB,Network load balancer
ML-Training,ebs-0b54889,2026-06,0.0,4594.2,0,206.74,EBS,st1 volumes archive
Partner-Integration,sm-03d6254,2026-06,0.0,0.0,1309594,5.24,Secrets Manager,Application secrets
Security-Ops,s3-09e0838,2026-06,0.0,56.9,28464503,185.01,S3,Static website hosting
Edge-Network,ebs-0907384,2026-06,0.0,415.2,0,259.53,EBS,io2 volumes database
ML-Training,sqs-0365439,2026-06,0.0,0.0,517296,0.26,SQS,Dead letter queue
Partner-Integration,eks-03c4771,2026-06,433.8,0.0,0,1301.29,EKS,Staging K8s cluster
Compliance-Audit,ses-0ad0283,2026-06,0.0,0.0,1815767,2.18,SES,Transactional email
Shared-Services,rds-0c30227,2026-06,485.7,337.2,0,961.06,RDS,db.r5.large PostgreSQL replica
Customer-Portal,ses-0bde451,2026-06,0.0,0.0,685355,0.83,SES,Marketing email
Compliance-Audit,rds-055c490,2026-06,1106.5,768.4,0,2189.9,RDS,db.r5.large PostgreSQL replica
Data-Science,kin-0141333,2026-06,731.6,0.0,20321768,296.7,Kinesis,Firehose delivery
Security-Ops,sqs-0acf483,2026-06,0.0,0.0,45866078,22.94,SQS,Event notification queue
Marketing-Platform,sm-0c60824,2026-06,0.0,0.0,984453,3.93,Secrets Manager,Application secrets
Edge-Network,eks-0c0a109,2026-06,608.1,0.0,0,1824.21,EKS,Production K8s cluster
ML-Training,i-0b05946,2026-06,569.6,0.0,0,1974.84,EC2,r5.2xlarge database server
Production-Main,cf-05be618,2026-06,0.0,0.0,53323012,266.61,CloudFront,CDN API distribution
Production-Secondary,ecs-0073512,2026-06,473.2,0.0,0,863.63,ECS,Fargate API cluster
Compliance-Audit,elb-0d8f759,2026-06,383.8,0.0,26650852,166.3,ELB,Network load balancer
Security-Ops,ecs-1053185,2026-06,479.7,0.0,0,875.51,ECS,Fargate worker cluster
Internal-Tools,rds-02c5855,2026-06,703.4,488.5,0,1807.28,RDS,db.r5.xlarge PostgreSQL primary
Marketing-Platform,r53-0b06291,2026-06,0.0,0.0,54244551,81.36,Route 53,DNS hosting
QA-Testing,lam-1169721,2026-06,0.0,0.0,83936925,587.55,Lambda,Auth token validator
Compliance-Audit,elb-0385602,2026-06,781.0,0.0,32542915,236.91,ELB,Application load balancer
Finance-Systems,s3-0570229,2026-06,0.0,2435.7,1217853,91.34,S3,Analytics export bucket
QA-Testing,lam-0622244,2026-06,0.0,0.0,32797441,227.94,Lambda,API gateway handler
QA-Testing,lam-07f0573,2026-06,0.0,0.0,4907410,34.59,Lambda,Image resizer
Marketing-Platform,sm-01d7826,2026-06,0.0,0.0,925862,3.7,Secrets Manager,Application secrets
Edge-Network,ec-0e4b931,2026-06,804.1,0.0,0,578.93,ElastiCache,Redis production cluster
Marketing-Platform,rds-0d51613,2026-06,480.7,133.6,0,567.5,RDS,db.t3.medium MySQL staging
ML-Training,kin-0a76630,2026-06,722.7,0.0,30113739,439.66,Kinesis,Data stream ingestion
Security-Ops,eks-0191572,2026-06,500.1,0.0,0,1500.24,EKS,Staging K8s cluster
Shared-Services,vpn-0199240,2026-06,902.9,0.0,0,228.85,VPN Gateway,Client VPN endpoint
Finance-Systems,s3-0555363,2026-06,0.0,67.3,33662274,218.81,S3,Static website hosting
Compliance-Audit,s3-0f76493,2026-06,0.0,818.9,1637885,71.66,S3,Artifact storage
Internal-Tools,lam-100a745,2026-06,0.0,0.0,1120885,8.41,Lambda,Cron job runner
Marketing-Platform,ddb-0bef403,2026-06,593.7,8.2,4122839,72.15,DynamoDB,Config store table
Security-Ops,ebs-0a88692,2026-06,0.0,4328.9,0,194.8,EBS,st1 volumes archive
Marketing-Platform,vpn-04ea593,2026-06,817.0,0.0,0,207.09,VPN Gateway,Client VPN endpoint
Production-Main,s3-057d934,2026-06,0.0,8931.8,558236,223.29,S3,Log archive bucket
Compliance-Audit,rs-10fb531,2026-06,0.0,0.0,4908651,245.43,Redshift,Spectrum queries
Internal-Tools,cf-0a39494,2026-06,0.0,0.0,144100042,720.49,CloudFront,CDN media distribution
Compliance-Audit,ecs-06db379,2026-06,483.2,0.0,0,881.87,ECS,Fargate worker cluster
Internal-Tools,ebs-02a9257,2026-06,0.0,438.4,0,274.02,EBS,io2 volumes database
Compliance-Audit,vpn-0a64605,2026-06,759.8,0.0,0,192.6,VPN Gateway,Client VPN endpoint
ML-Training,rs-0788768,2026-06,0.0,0.0,4378524,218.93,Redshift,Spectrum queries
Finance-Systems,elb-0e1e935,2026-06,808.7,0.0,33693937,245.3,ELB,Application load balancer
Customer-Portal,elb-0287653,2026-06,700.1,0.0,9724096,141.58,ELB,Classic load balancer
ML-Training,i-0bdb603,2026-06,789.0,0.0,0,2735.17,EC2,r5.2xlarge database server
QA-Testing,r53-085b883,2026-06,0.0,0.0,9579051,14.37,Route 53,Health checks
Customer-Portal,i-0ae1467,2026-06,667.8,0.0,0,2314.85,EC2,r5.2xlarge database server
Production-Secondary,i-007b774,2026-06,874.9,0.0,0,758.27,EC2,m5.large monitoring server
Production-Secondary,ec-0bb0589,2026-06,923.1,0.0,0,332.34,ElastiCache,Redis staging cluster
Marketing-Platform,rs-0f0b689,2026-06,0.0,0.0,7419631,370.98,Redshift,Spectrum queries
Production-Main,lam-000a777,2026-06,0.0,0.0,5989508,41.93,Lambda,Notification dispatcher
QA-Testing,ses-0411794,2026-06,0.0,0.0,2342010,2.81,SES,Transactional email
Compliance-Audit,sns-0987286,2026-06,0.0,0.0,15802199,7.9,SNS,Event fanout topic
Customer-Portal,vpn-09b8118,2026-06,1072.9,0.0,0,271.95,VPN Gateway,Client VPN endpoint
Internal-Tools,nat-0ba5290,2026-06,519.5,0.0,0,118.52,NAT Gateway,Dev VPC NAT
Internal-Tools,ec-0a9a592,2026-06,532.7,0.0,0,383.55,ElastiCache,Redis production cluster
Partner-Integration,elb-0b31940,2026-06,436.0,0.0,18165872,132.25,ELB,Application load balancer
Marketing-Platform,ddb-07e5376,2026-06,636.3,8.8,4418951,77.33,DynamoDB,Config store table
Customer-Portal,i-06d9393,2026-06,594.2,0.0,0,858.32,EC2,c5.xlarge compute worker
Security-Ops,r53-018f903,2026-06,0.0,0.0,68795882,103.19,Route 53,DNS hosting
Compliance-Audit,rs-0bf0566,2026-06,587.2,1630.9,0,2976.42,Redshift,Data warehouse cluster
Production-Main,s3-062a775,2026-06,0.0,10631.9,664489,265.79,S3,Log archive bucket
Production-Main,i-0724237,2026-06,419.8,0.0,0,1217.33,EC2,c5.2xlarge HPC node
Marketing-Platform,i-06c6949,2026-06,902.1,0.0,0,65.85,EC2,t3.micro bastion host
Finance-Systems,s3-0240452,2026-06,0.0,7317.0,73170,168.29,S3,Backup storage bucket
Internal-Tools,rds-02c4542,2026-06,413.4,114.8,0,488.04,RDS,db.t3.medium MySQL staging
Compliance-Audit,kin-0386537,2026-06,685.9,0.0,28577407,417.23,Kinesis,Data stream ingestion
Edge-Network,s3-097d920,2026-06,0.0,877.2,1754548,76.75,S3,Artifact storage
Compliance-Audit,i-0a57109,2026-06,646.7,0.0,0,560.47,EC2,m5.large monitoring server
Security-Ops,ebs-0186597,2026-06,0.0,681.7,0,426.05,EBS,io2 volumes database
Data-Science,i-0f5f350,2026-06,675.7,0.0,0,1171.11,EC2,r5.xlarge cache server
Compliance-Audit,s3-1109492,2026-06,0.0,903.1,1806415,79.03,S3,Artifact storage
Production-Main,ecs-001f111,2026-06,312.6,0.0,0,570.52,ECS,Fargate batch cluster
Production-Secondary,elb-106c801,2026-06,633.1,0.0,26377336,192.02,ELB,Application load balancer
Finance-Systems,elb-10f0785,2026-06,669.8,0.0,27910296,203.19,ELB,Application load balancer
Compliance-Audit,rds-0425609,2026-06,936.0,650.0,0,1852.51,RDS,db.r5.large PostgreSQL replica
ML-Training,ebs-0ad9186,2026-06,0.0,3823.9,0,172.08,EBS,st1 volumes archive
Security-Ops,s3-0180786,2026-06,0.0,12692.3,126922,291.92,S3,Backup storage bucket
Shared-Services,r53-0b2b508,2026-06,0.0,0.0,8624032,12.94,Route 53,Health checks
Internal-Tools,eks-03f1737,2026-06,492.6,0.0,0,1477.84,EKS,Staging K8s cluster
Marketing-Platform,r53-0c76143,2026-06,0.0,0.0,67121571,100.68,Route 53,DNS hosting
Edge-Network,s3-0c0b689,2026-06,0.0,66.5,33245744,216.09,S3,Static website hosting
Marketing-Platform,ec-08b3367,2026-06,662.4,0.0,0,476.9,ElastiCache,Redis production cluster
Internal-Tools,ec-02b5631,2026-06,761.4,0.0,0,274.1,ElastiCache,Redis staging cluster
Mobile-Backend,sqs-0caf152,2026-06,0.0,0.0,309494,0.16,SQS,Dead letter queue
Internal-Tools,ec-0a32433,2026-06,660.6,0.0,0,237.83,ElastiCache,Redis staging cluster
Shared-Services,s3-0fd6134,2026-06,0.0,14439.7,2887947,505.39,S3,Data lake raw zone
Production-Secondary,sqs-1120122,2026-06,0.0,0.0,27837950,13.92,SQS,Event notification queue
Customer-Portal,vpn-051d688,2026-06,1042.2,0.0,0,264.18,VPN Gateway,Client VPN endpoint
Compliance-Audit,s3-04b9679,2026-06,0.0,2665.3,15991868,666.33,S3,Production asset storage
Marketing-Platform,ec-0e10130,2026-06,856.6,0.0,0,616.76,ElastiCache,Redis production cluster
Internal-Tools,ebs-0742903,2026-06,0.0,1309.1,0,163.64,EBS,gp3 volumes production
Security-Ops,s3-058b286,2026-06,0.0,6591.9,10547077,481.21,S3,Media content bucket
Marketing-Platform,ddb-0f52812,2026-06,732.5,51.0,81391888,572.29,DynamoDB,Session store table
Customer-Portal,vpn-044d967,2026-06,952.7,0.0,0,241.49,VPN Gateway,Client VPN endpoint
ML-Training,i-036c430,2026-06,673.6,0.0,0,2335.24,EC2,r5.2xlarge database server
Internal-Tools,sqs-0758153,2026-06,0.0,0.0,52813548,26.4,SQS,Order processing queue
Customer-Portal,vpn-080b733,2026-06,835.3,0.0,0,211.72,VPN Gateway,Client VPN endpoint
Marketing-Platform,nat-01df371,2026-06,892.6,0.0,0,407.25,NAT Gateway,Production VPC NAT
Edge-Network,i-0607444,2026-06,529.8,0.0,0,1836.43,EC2,m5.2xlarge batch processor
Shared-Services,s3-0d6d893,2026-06,0.0,16273.0,3254612,569.56,S3,Data lake raw zone
Production-Main,i-068a660,2026-06,375.3,0.0,0,1088.28,EC2,c5.2xlarge HPC node
Shared-Services,ec-019b105,2026-06,730.1,0.0,0,262.83,ElastiCache,Redis staging cluster
Internal-Tools,s3-02bf969,2026-06,0.0,39.0,19513992,126.84,S3,Static website hosting
Customer-Portal,elb-0285346,2026-06,585.9,0.0,40685758,253.88,ELB,Network load balancer
ML-Training,lam-084f704,2026-06,0.0,0.0,9018753,63.13,Lambda,Notification dispatcher
Edge-Network,s3-0a66300,2026-06,0.0,11574.3,115741,266.21,S3,Backup storage bucket
Production-Secondary,r53-0a8a968,2026-06,0.0,0.0,9820236,14.73,Route 53,Health checks
ML-Training,lam-0373133,2026-06,0.0,0.0,11005030,77.04,Lambda,Notification dispatcher
Data-Science,ses-04ff620,2026-06,0.0,0.0,339941,0.4,SES,Marketing email
Data-Science,rs-0410704,2026-06,635.9,1766.3,0,3223.5,Redshift,Data warehouse cluster
Finance-Systems,eks-08fb841,2026-06,1100.7,0.0,0,3301.91,EKS,Production K8s cluster
Production-Secondary,i-10c1954,2026-06,1012.4,0.0,0,878.07,EC2,t3.large application server
Compliance-Audit,s3-05e1422,2026-06,0.0,14059.4,2811861,492.07,S3,Data lake raw zone
Customer-Portal,i-0913746,2026-06,615.5,0.0,0,44.92,EC2,t3.micro bastion host
Production-Secondary,elb-0082886,2026-06,812.1,0.0,11278917,164.22,ELB,Classic load balancer
Customer-Portal,ses-0dde104,2026-06,0.0,0.0,611720,0.74,SES,Marketing email
Production-Main,i-0c92467,2026-06,645.8,0.0,0,2238.63,EC2,m5.2xlarge batch processor
DevOps-Central,r53-00d2330,2026-06,0.0,0.0,7803434,11.71,Route 53,Health checks
Shared-Services,r53-0558765,2026-06,0.0,0.0,71417898,107.12,Route 53,DNS hosting
QA-Testing,elb-03e8828,2026-06,566.1,0.0,7862133,114.47,ELB,Classic load balancer
ML-Training,ebs-0ba3526,2026-06,0.0,4635.9,0,208.62,EBS,st1 volumes archive
Compliance-Audit,s3-06e9419,2026-06,0.0,3072.4,18434519,768.11,S3,Production asset storage
Production-Secondary,r53-0f0d232,2026-06,0.0,0.0,9895166,14.84,Route 53,Health checks
Production-Secondary,ec-0079721,2026-06,900.0,0.0,0,324.01,ElastiCache,Redis staging cluster
Edge-Network,sns-048c776,2026-06,0.0,0.0,11849921,5.93,SNS,Alert notifications
Production-Main,r53-0470454,2026-06,0.0,0.0,12316971,18.48,Route 53,Health checks
Edge-Network,vpn-0800570,2026-06,573.5,0.0,0,145.37,VPN Gateway,Client VPN endpoint
Compliance-Audit,kin-0bc3292,2026-06,657.2,0.0,27381504,399.77,Kinesis,Data stream ingestion
Marketing-Platform,ddb-0a45101,2026-06,479.7,33.4,53305495,374.8,DynamoDB,Session store table
Data-Science,i-0465430,2026-06,599.9,0.0,0,519.93,EC2,m5.large monitoring server
Finance-Systems,s3-0241654,2026-06,0.0,5951.3,9522155,434.45,S3,Media content bucket
Data-Science,ses-0692725,2026-06,0.0,0.0,2356248,2.83,SES,Transactional email
QA-Testing,lam-0888169,2026-06,0.0,0.0,4377317,30.86,Lambda,Image resizer
Finance-Systems,elb-1128805,2026-06,843.0,0.0,58544934,365.32,ELB,Network load balancer
Internal-Tools,ddb-02b0773,2026-06,891.6,61.9,99061426,696.53,DynamoDB,Session store table
ML-Training,rs-1144262,2026-06,0.0,0.0,4440904,222.05,Redshift,Spectrum queries
Compliance-Audit,rds-0ac6147,2026-06,528.7,367.2,0,1358.68,RDS,db.r5.xlarge PostgreSQL primary
Marketing-Platform,ec-01d6411,2026-06,765.1,0.0,0,550.89,ElastiCache,Redis production cluster
Compliance-Audit,rds-05e8100,2026-06,1070.7,297.5,0,966.62,RDS,db.t3.large development DB
QA-Testing,lam-093f853,2026-06,0.0,0.0,34848460,242.19,Lambda,API gateway handler
Finance-Systems,s3-0ad4697,2026-06,0.0,10109.9,631876,252.74,S3,Log archive bucket
Compliance-Audit,rs-0b4f885,2026-06,0.0,0.0,4876019,243.8,Redshift,Spectrum queries
Compliance-Audit,ses-0b60255,2026-06,0.0,0.0,1695368,2.04,SES,Transactional email
ML-Training,rds-0f5e458,2026-06,553.6,615.1,0,1291.75,RDS,db.m5.xlarge analytics DB
Marketing-Platform,sm-0bf6746,2026-06,0.0,0.0,1109469,4.45,Secrets Manager,Application secrets
Customer-Portal,elb-078d589,2026-06,733.2,0.0,30548762,222.4,ELB,Application load balancer
QA-Testing,lam-0ca7303,2026-06,0.0,0.0,4970231,35.03,Lambda,Image resizer
Edge-Network,vpn-08cb273,2026-06,564.5,0.0,0,143.08,VPN Gateway,Client VPN endpoint
ML-Training,i-088d971,2026-06,758.6,0.0,0,2629.81,EC2,r5.2xlarge database server
Customer-Portal,vpn-098e105,2026-06,1109.7,0.0,0,281.29,VPN Gateway,Client VPN endpoint
Compliance-Audit,elb-0e88274,2026-06,598.0,0.0,41531990,259.16,ELB,Network load balancer
Data-Science,i-10b4120,2026-06,462.0,0.0,0,1601.51,EC2,m5.2xlarge batch processor
Shared-Services,s3-019d844,2026-06,0.0,16262.4,3252488,569.19,S3,Data lake raw zone
Partner-Integration,ddb-1080701,2026-06,1130.4,157.0,235498189,1766.24,DynamoDB,Cache table
Compliance-Audit,vpn-0dcf521,2026-06,649.6,0.0,0,164.66,VPN Gateway,Client VPN endpoint
Partner-Integration,rds-0a86894,2026-06,1019.3,707.8,0,2017.34,RDS,db.r5.large PostgreSQL replica
QA-Testing,elb-06d7691,2026-06,830.0,0.0,34583987,251.77,ELB,Application load balancer
Production-Secondary,i-007e938,2026-06,672.9,0.0,0,2332.84,EC2,r5.2xlarge database server
ML-Training,ebs-0eb6707,2026-06,0.0,698.8,0,87.35,EBS,gp3 volumes production
Partner-Integration,rs-03c7685,2026-06,797.8,2216.2,0,4044.63,Redshift,Data warehouse cluster
Shared-Services,rds-0f49206,2026-06,615.1,427.1,0,1217.23,RDS,db.r5.large PostgreSQL replica
Production-Main,kin-001a241,2026-06,686.4,0.0,19067950,278.39,Kinesis,Firehose delivery
Production-Main,s3-0017758,2026-06,0.0,14654.1,2930826,512.89,S3,Data lake raw zone
Internal-Tools,ec-0706217,2026-06,547.4,0.0,0,394.09,ElastiCache,Redis production cluster
Compliance-Audit,vpn-0388274,2026-06,517.0,0.0,0,262.08,VPN Gateway,Site-to-site VPN
Compliance-Audit,rds-10d0202,2026-06,552.2,383.5,0,1418.96,RDS,db.r5.xlarge PostgreSQL primary
Internal-Tools,s3-07a6794,2026-06,0.0,4051.6,6482457,295.77,S3,Media content bucket
Data-Science,i-0cfd292,2026-06,859.8,0.0,0,745.71,EC2,t3.large application server
Edge-Network,s3-0719478,2026-06,0.0,50.3,25151174,163.47,S3,Static website hosting
Edge-Network,sns-04ef293,2026-06,0.0,0.0,11498178,5.75,SNS,Alert notifications
ML-Training,kin-1087550,2026-06,818.1,0.0,34087946,497.68,Kinesis,Data stream ingestion
Data-Science,ddb-0144483,2026-06,839.2,58.3,93246040,655.64,DynamoDB,Session store table
QA-Testing,lam-09f6339,2026-06,0.0,0.0,4829707,34.05,Lambda,Image resizer
Internal-Tools,elb-0947447,2026-06,1007.9,0.0,13999637,203.84,ELB,Classic load balancer
Customer-Portal,ses-06a2688,2026-06,0.0,0.0,581489,0.7,SES,Marketing email
Production-Secondary,s3-0077408,2026-06,0.0,5654.3,9046883,412.76,S3,Media content bucket
Internal-Tools,s3-02bc563,2026-06,0.0,3616.2,1808093,135.61,S3,Analytics export bucket
QA-Testing,lam-0bd8325,2026-06,0.0,0.0,35417715,246.15,Lambda,API gateway handler
Internal-Tools,s3-0827332,2026-06,0.0,42.4,21207422,137.85,S3,Static website hosting
Edge-Network,s3-031b847,2026-06,0.0,59.5,29726827,193.22,S3,Static website hosting
Mobile-Backend,ebs-04fd975,2026-06,0.0,4005.8,0,180.27,EBS,st1 volumes archive
QA-Testing,lam-03e0492,2026-06,0.0,0.0,15805031,110.64,Lambda,Event processor
Finance-Systems,elb-098a560,2026-06,752.9,0.0,31368766,228.37,ELB,Application load balancer
DevOps-Central,ec-00cb370,2026-06,819.3,0.0,0,589.87,ElastiCache,Redis production cluster
Security-Ops,lam-0179437,2026-06,0.0,0.0,28027636,196.19,Lambda,Data transformer
ML-Training,lam-117f789,2026-06,0.0,0.0,14200590,99.4,Lambda,Notification dispatcher
Edge-Network,vpn-0a60326,2026-06,536.4,0.0,0,271.96,VPN Gateway,Site-to-site VPN
Marketing-Platform,ec-0bd0408,2026-06,723.5,0.0,0,520.89,ElastiCache,Redis production cluster
Production-Main,lam-10c9218,2026-06,0.0,0.0,4613306,32.3,Lambda,Notification dispatcher
Internal-Tools,ec-0992806,2026-06,480.0,0.0,0,345.53,ElastiCache,Redis production cluster
Production-Main,i-0bac739,2026-06,368.6,0.0,0,1068.93,EC2,c5.2xlarge HPC node
Partner-Integration,elb-0700448,2026-06,488.7,0.0,20363576,148.25,ELB,Application load balancer
Shared-Services,s3-019c253,2026-06,0.0,2127.4,12764374,531.85,S3,Production asset storage
Finance-Systems,s3-0dbf295,2026-06,0.0,5056.9,8091131,369.16,S3,Media content bucket
Internal-Tools,ec-08ee362,2026-06,519.0,0.0,0,373.61,ElastiCache,Redis production cluster
ML-Training,lam-089f792,2026-06,0.0,0.0,47897796,332.9,Lambda,API gateway handler
Edge-Network,rds-0f71882,2026-06,521.0,361.8,0,1338.63,RDS,db.r5.xlarge PostgreSQL primary
Internal-Tools,elb-02b9187,2026-06,968.0,0.0,67219164,419.45,ELB,Network load balancer
Marketing-Platform,sm-0b6e297,2026-06,0.0,0.0,873912,3.49,Secrets Manager,Application secrets
Production-Secondary,elb-0937293,2026-06,721.5,0.0,30063552,218.86,ELB,Application load balancer
Shared-Services,rds-0c77272,2026-06,577.8,160.5,0,521.55,RDS,db.t3.large development DB
Compliance-Audit,vpn-0689714,2026-06,451.8,0.0,0,229.01,VPN Gateway,Site-to-site VPN
Compliance-Audit,i-042e877,2026-06,622.7,0.0,0,1079.38,EC2,r5.xlarge cache server
Shared-Services,nat-04f3423,2026-06,660.4,0.0,0,301.34,NAT Gateway,Production VPC NAT
Finance-Systems,rds-0766891,2026-06,611.3,849.0,0,2716.71,RDS,db.r5.2xlarge Aurora cluster
Production-Main,cf-0003320,2026-06,0.0,0.0,107341192,536.71,CloudFront,CDN media distribution
Customer-Portal,i-0bd7434,2026-06,617.6,0.0,0,45.08,EC2,t3.micro bastion host
Marketing-Platform,lam-063a502,2026-06,0.0,0.0,19300052,135.1,Lambda,Data transformer
Mobile-Backend,kin-056c185,2026-06,696.9,0.0,29036390,423.93,Kinesis,Data stream ingestion
Production-Main,i-04f1220,2026-06,658.4,0.0,0,2282.25,EC2,m5.2xlarge batch processor
Security-Ops,vpn-0d67108,2026-06,617.6,0.0,0,156.54,VPN Gateway,Client VPN endpoint
Edge-Network,s3-0ea4486,2026-06,0.0,14462.2,144621,332.63,S3,Backup storage bucket
Internal-Tools,ebs-05fb936,2026-06,0.0,1329.9,0,166.24,EBS,gp3 volumes production
Compliance-Audit,s3-0b6b490,2026-06,0.0,3983.0,1991465,149.36,S3,Analytics export bucket
Edge-Network,s3-06ff262,2026-06,0.0,1004.0,2008056,87.84,S3,Artifact storage
Finance-Systems,s3-0a14417,2026-06,0.0,6739.6,67396,155.01,S3,Backup storage bucket
Compliance-Audit,ecs-0387740,2026-06,459.6,0.0,0,838.81,ECS,Fargate worker cluster
QA-Testing,lam-10dd814,2026-06,0.0,0.0,3207482,22.45,Lambda,Webhook processor
Marketing-Platform,ddb-0bfd934,2026-06,655.0,45.5,72779459,511.73,DynamoDB,Session store table
Shared-Services,rds-04e1616,2026-06,660.3,183.4,0,596.05,RDS,db.t3.large development DB
Mobile-Backend,ebs-10e8663,2026-06,0.0,2867.0,0,129.02,EBS,st1 volumes archive
Production-Main,ecs-0bb3908,2026-06,365.5,0.0,0,666.92,ECS,Fargate worker cluster
Internal-Tools,ses-02a7914,2026-06,0.0,0.0,636637,0.76,SES,Marketing email
Compliance-Audit,s3-038f677,2026-06,0.0,3857.9,1928932,144.67,S3,Analytics export bucket
Customer-Portal,i-028f489,2026-06,799.3,0.0,0,693.27,EC2,t3.large application server
Edge-Network,sns-0bbd511,2026-06,0.0,0.0,13751864,6.88,SNS,Alert notifications
Finance-Systems,s3-09d3333,2026-06,0.0,9508.2,594264,237.7,S3,Log archive bucket
Compliance-Audit,i-0e90994,2026-06,690.7,0.0,0,598.61,EC2,m5.large monitoring server
ML-Training,rds-1056958,2026-06,622.8,692.0,0,1453.15,RDS,db.m5.xlarge analytics DB
Marketing-Platform,ec-07ee977,2026-06,670.2,0.0,0,482.55,ElastiCache,Redis production cluster
QA-Testing,elb-1159984,2026-06,660.2,0.0,9168813,133.49,ELB,Classic load balancer
Edge-Network,elb-0512305,2026-06,819.9,0.0,11386441,165.79,ELB,Classic load balancer
Marketing-Platform,ddb-0fdb347,2026-06,557.1,38.8,61903293,435.26,DynamoDB,Session store table
Production-Secondary,elb-05c2651,2026-06,657.2,0.0,27383079,199.35,ELB,Application load balancer
ML-Training,lam-0fbc967,2026-06,0.0,0.0,51246508,356.17,Lambda,API gateway handler
Compliance-Audit,i-0c4f200,2026-06,899.2,0.0,0,65.65,EC2,t3.micro bastion host
Production-Main,lam-1143684,2026-06,0.0,0.0,39071387,273.51,Lambda,Data transformer
Internal-Tools,lam-0d49445,2026-06,0.0,0.0,21319488,149.23,Lambda,Data transformer
Marketing-Platform,ec-09a2710,2026-06,717.9,0.0,0,516.87,ElastiCache,Redis production cluster
Production-Secondary,elb-0ab7130,2026-06,567.3,0.0,23636291,172.07,ELB,Application load balancer
Shared-Services,rds-01a1956,2026-06,535.7,372.0,0,1060.15,RDS,db.r5.large PostgreSQL replica
Production-Secondary,elb-08b6221,2026-06,719.8,0.0,29990102,218.33,ELB,Application load balancer
Internal-Tools,ec-04d3686,2026-06,479.9,0.0,0,345.51,ElastiCache,Redis production cluster
Marketing-Platform,eks-01d3629,2026-06,369.4,0.0,0,1108.17,EKS,Staging K8s cluster
Mobile-Backend,sqs-05af649,2026-06,0.0,0.0,332635,0.17,SQS,Dead letter queue
Compliance-Audit,rds-0513820,2026-06,593.6,412.3,0,1525.44,RDS,db.r5.xlarge PostgreSQL primary
Customer-Portal,ses-117c830,2026-06,0.0,0.0,698419,0.85,SES,Marketing email
ML-Training,sns-0366281,2026-06,0.0,0.0,9385313,4.69,SNS,Alert notifications
Marketing-Platform,rds-0420438,2026-06,427.0,118.7,0,504.11,RDS,db.t3.medium MySQL staging
Compliance-Audit,s3-0477403,2026-06,0.0,740.2,1480411,64.77,S3,Artifact storage
Compliance-Audit,elb-0d71740,2026-06,439.9,0.0,30546819,190.61,ELB,Network load balancer
QA-Testing,ses-06cb257,2026-06,0.0,0.0,2408162,2.89,SES,Transactional email
Compliance-Audit,rds-0393803,2026-06,990.7,688.0,0,1960.71,RDS,db.r5.large PostgreSQL replica
Compliance-Audit,i-07a7252,2026-06,814.3,0.0,0,705.77,EC2,m5.large monitoring server
DevOps-Central,ddb-00ce395,2026-06,520.5,72.3,108427184,813.2,DynamoDB,Cache table
Security-Ops,vpn-017d779,2026-06,545.1,0.0,0,138.16,VPN Gateway,Client VPN endpoint
Security-Ops,ecs-0658518,2026-06,160.9,0.0,0,293.72,ECS,Fargate batch cluster
ML-Training,i-0dc9655,2026-06,648.6,0.0,0,2248.51,EC2,r5.2xlarge database server
Customer-Portal,elb-0286969,2026-06,789.6,0.0,32900614,239.52,ELB,Application load balancer
Production-Main,lam-0009821,2026-06,0.0,0.0,33124395,231.87,Lambda,Data transformer
Partner-Integration,rs-03c6136,2026-06,0.0,0.0,4858962,242.95,Redshift,Spectrum queries
Security-Ops,ecs-101c745,2026-06,484.7,0.0,0,884.65,ECS,Fargate worker cluster
Marketing-Platform,r53-0d41208,2026-06,0.0,0.0,46611760,69.91,Route 53,DNS hosting
Internal-Tools,lam-0b1d283,2026-06,0.0,0.0,8793374,61.55,Lambda,Notification dispatcher
Edge-Network,s3-101a960,2026-06,0.0,12967.3,129671,298.25,S3,Backup storage bucket
Customer-Portal,vpn-0f7d948,2026-06,1401.0,0.0,0,355.12,VPN Gateway,Client VPN endpoint
Production-Main,lam-08ec165,2026-06,0.0,0.0,34073207,238.51,Lambda,Data transformer
Compliance-Audit,kin-0fd9497,2026-06,749.1,0.0,31208581,455.65,Kinesis,Data stream ingestion
ML-Training,rs-1151520,2026-06,614.9,1708.2,0,3117.56,Redshift,Data warehouse cluster
Data-Science,nat-0602814,2026-06,502.8,0.0,0,114.71,NAT Gateway,Staging VPC NAT
Edge-Network,elb-060d300,2026-06,882.3,0.0,12254095,178.42,ELB,Classic load balancer
Marketing-Platform,rs-0db7790,2026-06,0.0,0.0,6940754,347.03,Redshift,Spectrum queries
DevOps-Central,kin-0bc2586,2026-06,958.9,0.0,26637104,388.91,Kinesis,Firehose delivery
Finance-Systems,s3-109f584,2026-06,0.0,12299.6,2459918,430.48,S3,Data lake raw zone
QA-Testing,lam-0cce559,2026-06,0.0,0.0,4516728,31.83,Lambda,Image resizer
Marketing-Platform,ddb-0c73535,2026-06,505.9,7.0,3513430,61.49,DynamoDB,Config store table
Customer-Portal,vpn-0d53194,2026-06,891.8,0.0,0,226.03,VPN Gateway,Client VPN endpoint
Data-Science,rds-0135326,2026-06,731.8,813.1,0,1707.56,RDS,db.m5.xlarge analytics DB
Internal-Tools,sqs-02af753,2026-06,0.0,0.0,53791709,26.9,SQS,Order processing queue
Production-Secondary,i-0f80736,2026-06,1255.4,0.0,0,1088.88,EC2,t3.large application server
Production-Secondary,i-007d734,2026-06,628.9,0.0,0,2180.31,EC2,m5.2xlarge batch processor
Customer-Portal,elb-04a4272,2026-06,796.4,0.0,11062109,161.06,ELB,Classic load balancer
Internal-Tools,ec-0940670,2026-06,485.6,0.0,0,349.59,ElastiCache,Redis production cluster
Edge-Network,ebs-0314161,2026-06,0.0,170.2,0,21.28,EBS,gp3 volumes staging
Finance-Systems,s3-0d74264,2026-06,0.0,7907.1,79070,181.86,S3,Backup storage bucket
Compliance-Audit,i-1059858,2026-06,849.2,0.0,0,736.04,EC2,m5.large monitoring server
Partner-Integration,rds-056b126,2026-06,912.7,633.8,0,1806.3,RDS,db.r5.large PostgreSQL replica
Compliance-Audit,rs-0ab9836,2026-06,655.1,1819.6,0,3320.71,Redshift,Data warehouse cluster
Finance-Systems,s3-0591832,2026-06,0.0,5539.2,8862827,404.37,S3,Media content bucket
Data-Science,i-013c432,2026-06,585.3,0.0,0,2028.97,EC2,m5.2xlarge batch processor
ML-Training,rs-0363157,2026-06,523.1,1453.1,0,2652.0,Redshift,Data warehouse cluster
Edge-Network,ebs-0f39725,2026-06,0.0,131.8,0,16.48,EBS,gp3 volumes staging
Finance-Systems,rds-0f26468,2026-06,820.8,912.1,0,1915.34,RDS,db.m5.xlarge analytics DB
ML-Training,rs-1068403,2026-06,522.1,1450.3,0,2646.9,Redshift,Data warehouse cluster
Compliance-Audit,s3-0864751,2026-06,0.0,13103.4,2620676,458.62,S3,Data lake raw zone
Internal-Tools,lam-02c7649,2026-06,0.0,0.0,1259651,9.45,Lambda,Cron job runner
Internal-Tools,s3-102e326,2026-06,0.0,4325.8,6921070,315.77,S3,Media content bucket
Internal-Tools,ses-02a8789,2026-06,0.0,0.0,2513063,3.02,SES,Transactional email
Marketing-Platform,rds-0dec903,2026-06,679.7,472.0,0,1345.22,RDS,db.r5.large PostgreSQL replica
Partner-Integration,rs-0af6242,2026-06,666.0,1850.0,0,3376.34,Redshift,Data warehouse cluster
Edge-Network,sns-065d432,2026-06,0.0,0.0,11463486,5.73,SNS,Alert notifications
Partner-Integration,elb-0534422,2026-06,486.8,0.0,20283696,147.66,ELB,Application load balancer
Compliance-Audit,sns-07bc236,2026-06,0.0,0.0,17912912,8.95,SNS,Event fanout topic
Customer-Portal,i-0292184,2026-06,863.4,0.0,0,748.29,EC2,m5.large monitoring server
Finance-Systems,eks-0458148,2026-06,1054.9,0.0,0,3164.63,EKS,Production K8s cluster
Marketing-Platform,ddb-01d9664,2026-06,602.9,41.9,66992907,471.04,DynamoDB,Session store table
Compliance-Audit,elb-0755271,2026-06,834.0,0.0,34749315,252.97,ELB,Application load balancer
Compliance-Audit,vpn-113e883,2026-06,633.1,0.0,0,160.48,VPN Gateway,Client VPN endpoint
Customer-Portal,s3-09c9825,2026-06,0.0,21639.4,4327881,757.38,S3,Data lake raw zone
Edge-Network,sns-10c8578,2026-06,0.0,0.0,10165001,5.08,SNS,Alert notifications
Marketing-Platform,ddb-0f33123,2026-06,610.4,42.4,67828191,476.92,DynamoDB,Session store table
Production-Main,r53-0407779,2026-06,0.0,0.0,65325091,97.99,Route 53,DNS hosting
Security-Ops,ses-0c0f585,2026-06,0.0,0.0,2225896,2.67,SES,Transactional email
Marketing-Platform,ddb-050e790,2026-06,664.5,9.2,4614722,80.76,DynamoDB,Config store table
QA-Testing,elb-03e7273,2026-06,801.2,0.0,33383549,243.03,ELB,Application load balancer
Partner-Integration,rds-0f16278,2026-06,793.1,550.8,0,1569.68,RDS,db.r5.large PostgreSQL replica
Production-Main,s3-0eb8776,2026-06,0.0,1826.8,10960969,456.71,S3,Production asset storage
Production-Main,r53-0a71797,2026-06,0.0,0.0,14455165,21.69,Route 53,Health checks
Marketing-Platform,nat-052d993,2026-06,891.0,0.0,0,203.25,NAT Gateway,Dev VPC NAT
Partner-Integration,elb-108e748,2026-06,809.8,0.0,11247933,163.76,ELB,Classic load balancer
Production-Main,cf-10fc798,2026-06,0.0,0.0,47940739,239.7,CloudFront,CDN API distribution
Customer-Portal,elb-054e407,2026-06,857.2,0.0,35716902,260.02,ELB,Application load balancer
Internal-Tools,ebs-02aa908,2026-06,0.0,240.1,0,30.02,EBS,gp3 volumes staging
Data-Science,i-0c45831,2026-06,748.7,0.0,0,1298.32,EC2,m5.xlarge web server
Security-Ops,sqs-0a29511,2026-06,0.0,0.0,45941641,22.97,SQS,Event notification queue
Partner-Integration,eks-093a354,2026-06,449.1,0.0,0,1347.23,EKS,Staging K8s cluster
Customer-Portal,s3-0b03411,2026-06,0.0,19214.2,3842852,672.5,S3,Data lake raw zone
Production-Main,i-04c9242,2026-06,406.6,0.0,0,1179.19,EC2,c5.2xlarge HPC node
Compliance-Audit,s3-0e75150,2026-06,0.0,13138.8,2627745,459.86,S3,Data lake raw zone
Production-Main,s3-0bb9469,2026-06,0.0,10476.8,654796,261.92,S3,Log archive bucket
Security-Ops,ecs-0b43950,2026-06,190.9,0.0,0,348.5,ECS,Fargate batch cluster
Mobile-Backend,kin-032c685,2026-06,920.3,0.0,25563957,373.23,Kinesis,Firehose delivery
Marketing-Platform,rds-0ee5106,2026-06,677.8,188.3,0,611.92,RDS,db.t3.large development DB
Partner-Integration,cf-0cd9510,2026-06,0.0,0.0,42360060,211.8,CloudFront,CDN API distribution
DevOps-Central,kin-0fc6673,2026-06,609.4,0.0,25390983,370.7,Kinesis,Data stream ingestion
Production-Main,lam-0008470,2026-06,0.0,0.0,59391730,412.77,Lambda,API gateway handler
Mobile-Backend,ebs-032f576,2026-06,0.0,3741.2,0,168.36,EBS,st1 volumes archive
Customer-Portal,i-0d4e952,2026-06,466.9,0.0,0,34.08,EC2,t3.micro bastion host
ML-Training,ebs-0841189,2026-06,0.0,667.7,0,417.25,EBS,io2 volumes database
Compliance-Audit,ec-04b0887,2026-06,645.9,0.0,0,465.05,ElastiCache,Redis production cluster
Shared-Services,ec-0b20815,2026-06,704.0,0.0,0,253.41,ElastiCache,Redis staging cluster
Data-Science,i-0fa7215,2026-06,697.4,0.0,0,604.44,EC2,m5.large monitoring server
ML-Training,ebs-0f7f128,2026-06,0.0,647.2,0,404.42,EBS,io2 volumes database
ML-Training,ec-0375244,2026-06,976.1,0.0,0,702.79,ElastiCache,Redis production cluster
Compliance-Audit,s3-0bed504,2026-06,0.0,12936.4,2587254,452.77,S3,Data lake raw zone
Production-Main,r53-0c3e737,2026-06,0.0,0.0,10944215,16.42,Route 53,Health checks
Finance-Systems,elb-1055185,2026-06,496.9,0.0,6902020,100.49,ELB,Classic load balancer
Production-Secondary,s3-08f4922,2026-06,0.0,5244.5,8391156,382.84,S3,Media content bucket
Production-Secondary,i-0fb0145,2026-06,883.5,0.0,0,766.36,EC2,t3.large application server
Edge-Network,cf-088b275,2026-06,0.0,0.0,185075496,925.38,CloudFront,CDN media distribution
ML-Training,rs-1153734,2026-06,0.0,0.0,3906462,195.33,Redshift,Spectrum queries
DevOps-Central,kin-00c9161,2026-06,790.6,0.0,21960812,320.63,Kinesis,Firehose delivery
Data-Science,i-0139251,2026-06,666.3,0.0,0,1155.46,EC2,m5.xlarge web server
Compliance-Audit,rds-0be3189,2026-06,828.1,575.1,0,1638.93,RDS,db.r5.large PostgreSQL replica
Marketing-Platform,i-0a0a518,2026-06,966.8,0.0,0,70.58,EC2,t3.micro bastion host
DevOps-Central,ebs-04a0171,2026-06,0.0,406.0,0,253.74,EBS,io2 volumes database
Edge-Network,s3-06d1496,2026-06,0.0,53.6,26806320,174.23,S3,Static website hosting
Compliance-Audit,ses-0412488,2026-06,0.0,0.0,1394334,1.67,SES,Transactional email
Marketing-Platform,lam-0815639,2026-06,0.0,0.0,16399437,114.79,Lambda,Data transformer
Edge-Network,vpn-0ce6719,2026-06,511.9,0.0,0,259.51,VPN Gateway,Site-to-site VPN
QA-Testing,lam-03dd851,2026-06,0.0,0.0,31629900,219.83,Lambda,API gateway handler
Security-Ops,s3-087b902,2026-06,0.0,5739.4,358708,143.48,S3,Log archive bucket
Marketing-Platform,lam-01cf664,2026-06,0.0,0.0,3787689,26.51,Lambda,Webhook processor
Shared-Services,rds-07e6132,2026-06,623.5,173.2,0,562.87,RDS,db.t3.large development DB
Production-Main,lam-04f0908,2026-06,0.0,0.0,18269191,127.88,Lambda,Event processor
Internal-Tools,elb-0796570,2026-06,486.6,0.0,20276077,147.61,ELB,Application load balancer
Partner-Integration,sm-04dc286,2026-06,0.0,0.0,1419492,5.68,Secrets Manager,Application secrets
ML-Training,sqs-0fc9335,2026-06,0.0,0.0,579349,0.29,SQS,Dead letter queue
Compliance-Audit,s3-085f937,2026-06,0.0,14563.6,2912700,509.72,S3,Data lake raw zone
Internal-Tools,nat-1021535,2026-06,540.0,0.0,0,123.2,NAT Gateway,Dev VPC NAT
Marketing-Platform,ddb-0a83584,2026-06,550.0,38.3,61107955,429.66,DynamoDB,Session store table
Compliance-Audit,elb-0384685,2026-06,529.0,0.0,36737240,229.24,ELB,Network load balancer
QA-Testing,elb-0d43130,2026-06,865.7,0.0,36070002,262.59,ELB,Application load balancer
Data-Science,i-013a381,2026-06,537.1,0.0,0,930.98,EC2,r5.xlarge cache server
Marketing-Platform,lam-0906533,2026-06,0.0,0.0,1040002,7.8,Lambda,Cron job runner
Internal-Tools,rds-0757370,2026-06,537.9,597.6,0,1254.97,RDS,db.m5.xlarge analytics DB
Compliance-Audit,s3-0fec630,2026-06,0.0,2970.0,1484997,111.37,S3,Analytics export bucket
Customer-Portal,i-0f9b989,2026-06,535.9,0.0,0,39.11,EC2,t3.micro bastion host
Marketing-Platform,rs-0872178,2026-06,553.1,1536.4,0,2803.92,Redshift,Data warehouse cluster
Internal-Tools,rds-09b5720,2026-06,640.0,444.5,0,1644.35,RDS,db.r5.xlarge PostgreSQL primary
Partner-Integration,rs-0ac2999,2026-06,948.9,2635.7,0,4810.36,Redshift,Data warehouse cluster
Internal-Tools,ebs-02ac590,2026-06,0.0,1393.5,0,174.19,EBS,gp3 volumes production
Compliance-Audit,rds-0396180,2026-06,744.0,826.7,0,1736.08,RDS,db.m5.xlarge analytics DB
Security-Ops,s3-0efa390,2026-06,0.0,4855.6,303474,121.39,S3,Log archive bucket
Compliance-Audit,s3-0b30830,2026-06,0.0,3468.5,1734254,130.06,S3,Analytics export bucket
QA-Testing,elb-0e25643,2026-06,792.8,0.0,11011327,160.32,ELB,Classic load balancer
Security-Ops,s3-06cc595,2026-06,0.0,5428.6,339286,135.71,S3,Log archive bucket
Production-Secondary,ecs-0598501,2026-06,353.2,0.0,0,644.58,ECS,Fargate worker cluster
Customer-Portal,elb-111f752,2026-06,557.4,0.0,38705656,241.52,ELB,Network load balancer
Security-Ops,ecs-018c343,2026-06,563.3,0.0,0,1027.95,ECS,Fargate API cluster
DevOps-Central,ddb-0681556,2026-06,992.4,13.7,6891912,120.6,DynamoDB,Config store table
Production-Main,s3-0e4d988,2026-06,0.0,2108.8,12652937,527.21,S3,Production asset storage
Compliance-Audit,elb-0e81808,2026-06,566.1,0.0,39315360,245.33,ELB,Network load balancer
Security-Ops,ec-08b0776,2026-06,627.1,0.0,0,225.78,ElastiCache,Redis staging cluster
Shared-Services,rds-1103155,2026-06,533.9,148.3,0,481.92,RDS,db.t3.large development DB
ML-Training,rds-0377190,2026-06,588.6,408.8,0,1512.41,RDS,db.r5.xlarge PostgreSQL primary
Internal-Tools,ec-1024595,2026-06,602.6,0.0,0,433.86,ElastiCache,Redis production cluster
Compliance-Audit,i-0779383,2026-06,828.1,0.0,0,717.69,EC2,m5.large monitoring server
Security-Ops,ecs-0752257,2026-06,609.8,0.0,0,1112.88,ECS,Fargate API cluster
Production-Main,lam-0ef8919,2026-06,0.0,0.0,30571825,214.01,Lambda,Data transformer
Compliance-Audit,rds-0a2d193,2026-06,572.6,397.7,0,1471.44,RDS,db.r5.xlarge PostgreSQL primary
QA-Testing,elb-05f6806,2026-06,879.5,0.0,36645508,266.78,ELB,Application load balancer
Compliance-Audit,elb-0383198,2026-06,653.9,0.0,9081804,132.23,ELB,Classic load balancer
Marketing-Platform,rs-01d1175,2026-06,0.0,0.0,6381687,319.08,Redshift,Spectrum queries
Compliance-Audit,kin-0f65409,2026-06,674.3,0.0,28093378,410.16,Kinesis,Data stream ingestion
Compliance-Audit,rds-0c5c625,2026-06,798.3,554.4,0,1579.91,RDS,db.r5.large PostgreSQL replica
Shared-Services,ecs-0196614,2026-06,265.4,0.0,0,484.39,ECS,Fargate worker cluster
QA-Testing,ec-03e5292,2026-06,685.1,0.0,0,493.24,ElastiCache,Redis production cluster
Customer-Portal,ebs-0284870,2026-06,0.0,555.5,0,347.16,EBS,io2 volumes database
Partner-Integration,elb-0a1a739,2026-06,426.8,0.0,17784632,129.47,ELB,Application load balancer
Marketing-Platform,ddb-10b7797,2026-06,599.6,8.3,4164130,72.87,DynamoDB,Config store table
Edge-Network,sqs-030f172,2026-06,0.0,0.0,34399728,17.2,SQS,Event notification queue
Compliance-Audit,i-09bd329,2026-06,651.3,0.0,0,564.44,EC2,m5.large monitoring server
Customer-Portal,vpn-0620659,2026-06,870.4,0.0,0,220.62,VPN Gateway,Client VPN endpoint
Data-Science,i-0b26616,2026-06,717.4,0.0,0,1243.99,EC2,m5.xlarge web server
Security-Ops,ecs-07b7146,2026-06,147.1,0.0,0,268.45,ECS,Fargate batch cluster
DevOps-Central,ddb-0c8d504,2026-06,885.5,12.2,6149297,107.62,DynamoDB,Config store table
Security-Ops,sqs-100d671,2026-06,0.0,0.0,41674563,20.84,SQS,Event notification queue
Edge-Network,s3-0e77512,2026-06,0.0,1079.1,2158254,94.42,S3,Artifact storage
Security-Ops,vpn-0b04791,2026-06,491.4,0.0,0,124.54,VPN Gateway,Client VPN endpoint
DevOps-Central,kin-05ca757,2026-06,697.3,0.0,29054559,424.19,Kinesis,Data stream ingestion
QA-Testing,r53-03eb769,2026-06,0.0,0.0,58168947,87.25,Route 53,DNS hosting
DevOps-Central,ec-08c9419,2026-06,778.7,0.0,0,560.66,ElastiCache,Redis production cluster
ML-Training,rs-0cb9386,2026-06,0.0,0.0,4036326,201.82,Redshift,Spectrum queries
QA-Testing,elb-0fcb895,2026-06,831.0,0.0,34623319,252.05,ELB,Application load balancer
Internal-Tools,ses-06ea830,2026-06,0.0,0.0,2752388,3.31,SES,Transactional email
Customer-Portal,vpn-0c49718,2026-06,1058.5,0.0,0,268.31,VPN Gateway,Client VPN endpoint
Compliance-Audit,i-0711499,2026-06,708.4,0.0,0,2455.73,EC2,m5.2xlarge batch processor
ML-Training,i-05c0894,2026-06,890.4,0.0,0,771.62,EC2,m5.large monitoring server
ML-Training,ebs-0505369,2026-06,0.0,548.2,0,342.61,EBS,io2 volumes database
Production-Secondary,i-064a426,2026-06,449.9,0.0,0,779.95,EC2,r5.xlarge cache server
ML-Training,rds-0d21371,2026-06,546.9,607.8,0,1276.29,RDS,db.m5.xlarge analytics DB
Edge-Network,i-0326979,2026-06,531.9,0.0,0,461.39,EC2,t3.large application server
Production-Secondary,elb-07db529,2026-06,550.3,0.0,38211525,238.44,ELB,Network load balancer
Marketing-Platform,ddb-0401403,2026-06,595.1,41.4,66123698,464.93,DynamoDB,Session store table
Finance-Systems,rds-0f07880,2026-06,851.0,590.9,0,1684.2,RDS,db.r5.large PostgreSQL replica
Production-Main,i-0011267,2026-06,871.5,0.0,0,63.62,EC2,t3.micro bastion host
ML-Training,i-0ea3191,2026-06,811.9,0.0,0,703.63,EC2,m5.large monitoring server
Data-Science,i-0138182,2026-06,360.7,0.0,0,1046.01,EC2,c5.2xlarge HPC node
Compliance-Audit,i-0f48232,2026-06,641.2,0.0,0,555.75,EC2,m5.large monitoring server
Marketing-Platform,rds-0ff5598,2026-06,398.4,110.7,0,470.39,RDS,db.t3.medium MySQL staging
Customer-Portal,vpn-0445666,2026-06,1018.1,0.0,0,258.06,VPN Gateway,Client VPN endpoint
Production-Main,r53-08e7973,2026-06,0.0,0.0,15270527,22.91,Route 53,Health checks
Internal-Tools,s3-04d2237,2026-06,0.0,4413.3,7061157,322.16,S3,Media content bucket
ML-Training,r53-0977544,2026-06,0.0,0.0,13419247,20.12,Route 53,Health checks
Marketing-Platform,rds-01e3515,2026-06,910.9,632.6,0,2340.52,RDS,db.r5.xlarge PostgreSQL primary
Shared-Services,s3-05c9296,2026-06,0.0,14345.3,2869073,502.09,S3,Data lake raw zone
ML-Training,lam-0f1c278,2026-06,0.0,0.0,10323371,72.27,Lambda,Notification dispatcher
ML-Training,kin-0462370,2026-06,815.2,0.0,33968663,495.94,Kinesis,Data stream ingestion
Edge-Network,i-0494187,2026-06,598.9,0.0,0,2076.13,EC2,m5.2xlarge batch processor
Compliance-Audit,s3-0dd2695,2026-06,0.0,690.0,1380296,60.38,S3,Artifact storage
Marketing-Platform,ddb-01da740,2026-06,642.3,8.9,4460578,78.06,DynamoDB,Config store table
Compliance-Audit,rds-10cb700,2026-06,775.1,538.4,0,1991.71,RDS,db.r5.xlarge PostgreSQL primary
Marketing-Platform,vpn-01d5989,2026-06,722.0,0.0,0,183.02,VPN Gateway,Client VPN endpoint
Internal-Tools,rds-10b1574,2026-06,801.8,556.7,0,1586.85,RDS,db.r5.large PostgreSQL replica
Compliance-Audit,r53-037c367,2026-06,0.0,0.0,7140545,10.71,Route 53,Health checks
Customer-Portal,ebs-0bbe242,2026-06,0.0,584.8,0,365.43,EBS,io2 volumes database
Compliance-Audit,i-039f632,2026-06,701.8,0.0,0,2432.92,EC2,m5.2xlarge batch processor
Finance-Systems,rds-0a10412,2026-06,543.7,755.1,0,2416.33,RDS,db.r5.2xlarge Aurora cluster
Data-Science,i-1124730,2026-06,393.0,0.0,0,1140.0,EC2,c5.2xlarge HPC node
Partner-Integration,elb-0f47182,2026-06,631.6,0.0,8772262,127.72,ELB,Classic load balancer
Compliance-Audit,rds-0fa1834,2026-06,512.0,355.6,0,1315.82,RDS,db.r5.xlarge PostgreSQL primary
Security-Ops,eks-0190684,2026-06,845.9,0.0,0,2537.6,EKS,Production K8s cluster
Customer-Portal,i-043f493,2026-06,639.9,0.0,0,2218.13,EC2,r5.2xlarge database server
Mobile-Backend,sqs-0528940,2026-06,0.0,0.0,371172,0.19,SQS,Dead letter queue
Security-Ops,s3-06c2985,2026-06,0.0,17749.5,3549896,621.23,S3,Data lake raw zone
Production-Main,cf-06b3438,2026-06,0.0,0.0,85797459,428.99,CloudFront,CDN media distribution
Compliance-Audit,s3-0a22154,2026-06,0.0,701.8,1403837,61.41,S3,Artifact storage
Mobile-Backend,kin-0d78738,2026-06,653.2,0.0,27214428,397.33,Kinesis,Data stream ingestion
Shared-Services,r53-0b00500,2026-06,0.0,0.0,8245483,12.37,Route 53,Health checks
Compliance-Audit,s3-0390870,2026-06,0.0,743.1,1486295,65.03,S3,Artifact storage
Production-Main,i-06fb209,2026-06,399.4,0.0,0,1158.24,EC2,c5.2xlarge HPC node
DevOps-Central,ddb-10b3290,2026-06,981.6,13.6,6817137,119.3,DynamoDB,Config store table
Marketing-Platform,nat-094a230,2026-06,514.4,0.0,0,117.35,NAT Gateway,Staging VPC NAT
ML-Training,rds-104f691,2026-06,580.2,402.9,0,1490.75,RDS,db.r5.xlarge PostgreSQL primary
Finance-Systems,s3-0843623,2026-06,0.0,1360.9,2721581,119.07,S3,Artifact storage
Compliance-Audit,s3-08ab237,2026-06,0.0,686.0,1372199,60.03,S3,Artifact storage
Partner-Integration,rds-0d50949,2026-06,935.7,649.7,0,1851.77,RDS,db.r5.large PostgreSQL replica
Production-Main,lam-0c7c274,2026-06,0.0,0.0,33999126,238.0,Lambda,Data transformer
Customer-Portal,s3-0283422,2026-06,0.0,20252.0,4050409,708.82,S3,Data lake raw zone
Production-Main,i-07c0191,2026-06,346.3,0.0,0,1004.31,EC2,c5.2xlarge HPC node
Compliance-Audit,ses-0f78329,2026-06,0.0,0.0,1676446,2.02,SES,Transactional email
Compliance-Audit,vpn-0389183,2026-06,825.6,0.0,0,209.28,VPN Gateway,Client VPN endpoint
Mobile-Backend,sqs-0def195,2026-06,0.0,0.0,338185,0.17,SQS,Dead letter queue
Production-Secondary,ec-040f964,2026-06,742.3,0.0,0,534.47,ElastiCache,Redis production cluster
Shared-Services,rds-0643416,2026-06,727.1,202.0,0,656.42,RDS,db.t3.large development DB
Production-Main,cf-0a1d761,2026-06,0.0,0.0,65363035,326.81,CloudFront,CDN API distribution
Customer-Portal,vpn-0562398,2026-06,904.7,0.0,0,229.31,VPN Gateway,Client VPN endpoint
DevOps-Central,ddb-0ec7667,2026-06,859.4,11.8,5967588,104.44,DynamoDB,Config store table
Customer-Portal,ses-05b1907,2026-06,0.0,0.0,717230,0.86,SES,Marketing email
Data-Science,rds-0133470,2026-06,729.9,202.8,0,658.97,RDS,db.t3.large development DB
Production-Secondary,r53-10de681,2026-06,0.0,0.0,6909383,10.36,Route 53,Health checks
Edge-Network,ebs-0da6405,2026-06,0.0,131.1,0,16.39,EBS,gp3 volumes staging
DevOps-Central,vpn-00cd561,2026-06,505.3,0.0,0,256.18,VPN Gateway,Site-to-site VPN
Internal-Tools,ec-073e687,2026-06,624.7,0.0,0,449.78,ElastiCache,Redis production cluster
Compliance-Audit,s3-0d2d241,2026-06,0.0,47.4,23720581,154.18,S3,Static website hosting
ML-Training,ebs-037b837,2026-06,0.0,625.5,0,390.91,EBS,io2 volumes database
DevOps-Central,r53-0abf412,2026-06,0.0,0.0,7753692,11.64,Route 53,Health checks
Marketing-Platform,r53-0873117,2026-06,0.0,0.0,63608871,95.41,Route 53,DNS hosting
Finance-Systems,rds-023c556,2026-06,957.0,664.6,0,2459.06,RDS,db.r5.xlarge PostgreSQL primary
Data-Science,rs-116d833,2026-06,692.1,1922.4,0,3508.49,Redshift,Data warehouse cluster
Edge-Network,vpn-04e0116,2026-06,638.3,0.0,0,161.79,VPN Gateway,Client VPN endpoint
Mobile-Backend,sqs-0730520,2026-06,0.0,0.0,399962,0.2,SQS,Dead letter queue
Mobile-Backend,sqs-0a98298,2026-06,0.0,0.0,328758,0.16,SQS,Dead letter queue
Edge-Network,ebs-09fb469,2026-06,0.0,186.7,0,23.34,EBS,gp3 volumes staging
Shared-Services,rds-01a0568,2026-06,904.1,627.9,0,2323.1,RDS,db.r5.xlarge PostgreSQL primary
Edge-Network,cf-0310235,2026-06,0.0,0.0,162449649,812.25,CloudFront,CDN media distribution
Finance-Systems,rds-04ac243,2026-06,631.9,877.7,0,2808.42,RDS,db.r5.2xlarge Aurora cluster
Finance-Systems,eks-0f96669,2026-06,889.4,0.0,0,2668.22,EKS,Production K8s cluster
Marketing-Platform,rds-01e4174,2026-06,653.9,454.1,0,1294.19,RDS,db.r5.large PostgreSQL replica
Partner-Integration,sqs-0cd1270,2026-06,0.0,0.0,498295,0.25,SQS,Dead letter queue
Production-Main,r53-0708555,2026-06,0.0,0.0,10830265,16.25,Route 53,Health checks
Finance-Systems,s3-0246846,2026-06,0.0,1236.1,2472158,108.16,S3,Artifact storage
Marketing-Platform,sm-1039320,2026-06,0.0,0.0,1053386,4.23,Secrets Manager,Application secrets
Finance-Systems,elb-0c43172,2026-06,569.9,0.0,7914775,115.24,ELB,Classic load balancer
Production-Main,s3-0014680,2026-06,0.0,1865.8,11194980,466.46,S3,Production asset storage
ML-Training,ec-0693709,2026-06,1142.5,0.0,0,822.6,ElastiCache,Redis production cluster
Shared-Services,ebs-01a3398,2026-06,0.0,601.5,0,375.93,EBS,io2 volumes database
Marketing-Platform,rds-0b94353,2026-06,331.6,92.1,0,391.45,RDS,db.t3.medium MySQL staging
Compliance-Audit,ses-07fa563,2026-06,0.0,0.0,1805534,2.17,SES,Transactional email
Edge-Network,vpn-0f3a733,2026-06,541.2,0.0,0,137.18,VPN Gateway,Client VPN endpoint
Security-Ops,ebs-10a2954,2026-06,0.0,635.1,0,396.97,EBS,io2 volumes database
ML-Training,lam-0f35499,2026-06,0.0,0.0,13347377,93.43,Lambda,Notification dispatcher
Customer-Portal,ses-099c582,2026-06,0.0,0.0,788309,0.95,SES,Marketing email
Compliance-Audit,rs-037f769,2026-06,0.0,0.0,5009631,250.48,Redshift,Spectrum queries
Partner-Integration,cf-03cf862,2026-06,0.0,0.0,37947935,189.74,CloudFront,CDN API distribution
Security-Ops,ecs-04c3278,2026-06,539.6,0.0,0,984.69,ECS,Fargate API cluster
Marketing-Platform,ddb-0644636,2026-06,697.0,48.4,77447158,544.55,DynamoDB,Session store table
Security-Ops,lam-10f3942,2026-06,0.0,0.0,3804693,26.83,Lambda,Image resizer
Production-Main,cf-090e801,2026-06,0.0,0.0,52077324,260.38,CloudFront,CDN API distribution
Finance-Systems,rds-0a4f386,2026-06,1021.6,709.5,0,2625.1,RDS,db.r5.xlarge PostgreSQL primary
ML-Training,lam-0ec1508,2026-06,0.0,0.0,12151162,85.06,Lambda,Notification dispatcher
Customer-Portal,i-0ea6657,2026-06,664.1,0.0,0,48.47,EC2,t3.micro bastion host
Production-Secondary,ecs-03f5609,2026-06,309.5,0.0,0,564.81,ECS,Fargate batch cluster
DevOps-Central,kin-06cf628,2026-06,867.0,0.0,24083139,351.62,Kinesis,Firehose delivery
Data-Science,i-06b7985,2026-06,800.8,0.0,0,347.31,EC2,t3.medium API server
Security-Ops,ecs-0989841,2026-06,509.5,0.0,0,929.73,ECS,Fargate API cluster
Production-Main,lam-0006400,2026-06,0.0,0.0,45309608,317.17,Lambda,Auth token validator
Partner-Integration,rds-0f56547,2026-06,373.1,103.6,0,440.42,RDS,db.t3.medium MySQL staging
Customer-Portal,i-110a445,2026-06,715.5,0.0,0,620.56,EC2,t3.large application server
Production-Main,cf-06a8576,2026-06,0.0,0.0,95046561,475.24,CloudFront,CDN media distribution
Internal-Tools,rds-0dc8281,2026-06,526.3,584.8,0,1228.01,RDS,db.m5.xlarge analytics DB
Internal-Tools,s3-0e8e973,2026-06,0.0,1088.9,2177730,95.27,S3,Artifact storage
Edge-Network,ebs-0c62549,2026-06,0.0,177.1,0,22.14,EBS,gp3 volumes staging
Production-Main,lam-0e1f721,2026-06,0.0,0.0,31884313,223.19,Lambda,Data transformer
QA-Testing,lam-03df419,2026-06,0.0,0.0,78833375,551.83,Lambda,Auth token validator
Edge-Network,eks-0322850,2026-06,472.1,0.0,0,1416.34,EKS,Staging K8s cluster
Production-Main,ebs-117e412,2026-06,0.0,700.2,0,437.64,EBS,io2 volumes database
Internal-Tools,lam-0e60938,2026-06,0.0,0.0,32838934,228.23,Lambda,API gateway handler
Data-Science,ddb-0647670,2026-06,625.3,86.9,130271907,977.04,DynamoDB,Cache table
Production-Main,s3-06ad806,2026-06,0.0,15272.3,3054464,534.53,S3,Data lake raw zone
Shared-Services,nat-01a5784,2026-06,598.4,0.0,0,136.51,NAT Gateway,Staging VPC NAT
Data-Science,rds-069c314,2026-06,606.5,421.1,0,1558.19,RDS,db.r5.xlarge PostgreSQL primary
Internal-Tools,lam-07ca671,2026-06,0.0,0.0,24318849,170.23,Lambda,Data transformer
Production-Main,lam-104a539,2026-06,0.0,0.0,37758896,264.32,Lambda,Data transformer
Finance-Systems,rds-074a363,2026-06,684.7,760.8,0,1597.67,RDS,db.m5.xlarge analytics DB
Compliance-Audit,ec-04a7468,2026-06,631.0,0.0,0,454.3,ElastiCache,Redis production cluster
Internal-Tools,lam-0abb122,2026-06,0.0,0.0,1201594,9.02,Lambda,Cron job runner
Mobile-Backend,ebs-086b693,2026-06,0.0,3732.7,0,167.98,EBS,st1 volumes archive
Edge-Network,rds-0457903,2026-06,504.4,350.3,0,1295.92,RDS,db.r5.xlarge PostgreSQL primary
Compliance-Audit,sm-05b3121,2026-06,0.0,0.0,1271148,5.08,Secrets Manager,Application secrets
Security-Ops,s3-0185416,2026-06,0.0,5702.1,356380,142.55,S3,Log archive bucket
Production-Main,lam-0be7690,2026-06,0.0,0.0,7426808,51.99,Lambda,Notification dispatcher
Shared-Services,nat-0713424,2026-06,631.0,0.0,0,143.94,NAT Gateway,Staging VPC NAT
Finance-Systems,rds-0545685,2026-06,942.9,654.8,0,2422.71,RDS,db.r5.xlarge PostgreSQL primary
ML-Training,rs-0364324,2026-06,0.0,0.0,4314181,215.71,Redshift,Spectrum queries
Internal-Tools,rds-04c8593,2026-06,618.5,687.1,0,1442.95,RDS,db.m5.xlarge analytics DB
Production-Main,cf-0c6e848,2026-06,0.0,0.0,34531046,172.65,CloudFront,CDN API distribution
Data-Science,nat-0568861,2026-06,486.9,0.0,0,111.08,NAT Gateway,Staging VPC NAT
Compliance-Audit,rds-0424610,2026-06,694.6,482.5,0,1784.95,RDS,db.r5.xlarge PostgreSQL primary
Internal-Tools,sqs-02ae931,2026-06,0.0,0.0,595572,0.3,SQS,Dead letter queue
Internal-Tools,ec-0a53778,2026-06,582.2,0.0,0,419.15,ElastiCache,Redis production cluster
Internal-Tools,lam-02c9216,2026-06,0.0,0.0,37707839,262.07,Lambda,API gateway handler
Shared-Services,rds-07c6808,2026-06,576.6,160.2,0,520.53,RDS,db.t3.large development DB
Security-Ops,ecs-0f99165,2026-06,413.7,0.0,0,754.89,ECS,Fargate API cluster
Shared-Services,rds-0b02683,2026-06,497.4,690.9,0,2210.87,RDS,db.r5.2xlarge Aurora cluster
Marketing-Platform,rs-01d2424,2026-06,567.2,1575.5,0,2875.21,Redshift,Data warehouse cluster
Security-Ops,lam-0aaf344,2026-06,0.0,0.0,4445198,31.34,Lambda,Image resizer
Compliance-Audit,i-0d15800,2026-06,617.2,0.0,0,891.47,EC2,c5.xlarge compute worker
Edge-Network,s3-0fda230,2026-06,0.0,1054.0,2107983,92.22,S3,Artifact storage
Security-Ops,s3-0b4a511,2026-06,0.0,5142.3,321389,128.56,S3,Log archive bucket
QA-Testing,r53-0d45682,2026-06,0.0,0.0,50788447,76.18,Route 53,DNS hosting
QA-Testing,r53-03ea149,2026-06,0.0,0.0,11157468,16.74,Route 53,Health checks
Internal-Tools,ec-0588801,2026-06,530.4,0.0,0,381.84,ElastiCache,Redis production cluster
Security-Ops,ecs-076f734,2026-06,150.8,0.0,0,275.27,ECS,Fargate batch cluster
Production-Main,s3-076c637,2026-06,0.0,49.7,24850163,161.52,S3,Static website hosting
Internal-Tools,ec-0497288,2026-06,497.2,0.0,0,357.93,ElastiCache,Redis production cluster
Marketing-Platform,rds-0fe1560,2026-06,521.2,361.9,0,1031.51,RDS,db.r5.large PostgreSQL replica
Customer-Portal,elb-0a54570,2026-06,732.4,0.0,30514166,222.15,ELB,Application load balancer
Internal-Tools,lam-0782653,2026-06,0.0,0.0,1173623,8.81,Lambda,Cron job runner
Customer-Portal,s3-0417989,2026-06,0.0,17289.3,3457866,605.13,S3,Data lake raw zone
Internal-Tools,s3-02bb548,2026-06,0.0,1033.3,2066627,90.41,S3,Artifact storage
Shared-Services,rds-0533968,2026-06,655.7,455.3,0,1297.54,RDS,db.r5.large PostgreSQL replica
Edge-Network,s3-0ec2367,2026-06,0.0,949.0,1898058,83.04,S3,Artifact storage
Marketing-Platform,vpn-0a2e654,2026-06,825.9,0.0,0,209.36,VPN Gateway,Client VPN endpoint
Production-Main,ecs-082a733,2026-06,424.5,0.0,0,774.69,ECS,Fargate worker cluster
Internal-Tools,cf-095a942,2026-06,0.0,0.0,47052098,235.26,CloudFront,CDN API distribution
Partner-Integration,elb-0f50855,2026-06,796.3,0.0,11059484,161.01,ELB,Classic load balancer
Production-Secondary,r53-0087224,2026-06,0.0,0.0,67111450,100.67,Route 53,DNS hosting
Shared-Services,rds-0798140,2026-06,563.6,782.8,0,2504.97,RDS,db.r5.2xlarge Aurora cluster
Shared-Services,rds-088e703,2026-06,541.0,751.4,0,2404.62,RDS,db.r5.2xlarge Aurora cluster
Customer-Portal,elb-062f711,2026-06,786.0,0.0,32749226,238.42,ELB,Application load balancer
Shared-Services,nat-0e1a884,2026-06,613.4,0.0,0,139.94,NAT Gateway,Staging VPC NAT
Compliance-Audit,elb-04ca178,2026-06,475.9,0.0,33051824,206.24,ELB,Network load balancer
Internal-Tools,nat-0a69775,2026-06,584.3,0.0,0,133.3,NAT Gateway,Dev VPC NAT
Finance-Systems,s3-0515672,2026-06,0.0,1320.0,2639873,115.5,S3,Artifact storage
Security-Ops,ecs-07d0252,2026-06,497.8,0.0,0,908.51,ECS,Fargate API cluster
Internal-Tools,s3-052b864,2026-06,0.0,3996.8,6394816,291.76,S3,Media content bucket
Security-Ops,sqs-0cca144,2026-06,0.0,0.0,47462903,23.73,SQS,Event notification queue
Internal-Tools,cf-0809156,2026-06,0.0,0.0,147335034,736.67,CloudFront,CDN media distribution
Marketing-Platform,sqs-0652126,2026-06,0.0,0.0,483446,0.24,SQS,Dead letter queue
Partner-Integration,ddb-03d5405,2026-06,696.4,9.7,4835842,84.63,DynamoDB,Config store table
Customer-Portal,ses-06a6724,2026-06,0.0,0.0,706023,0.85,SES,Marketing email
Security-Ops,sm-08b5882,2026-06,0.0,0.0,1243938,4.98,Secrets Manager,Application secrets
Compliance-Audit,rds-04d9582,2026-06,362.7,100.7,0,428.21,RDS,db.t3.medium MySQL staging
Compliance-Audit,sns-0399927,2026-06,0.0,0.0,13805154,6.9,SNS,Alert notifications
Compliance-Audit,eks-101f873,2026-06,643.0,0.0,0,1929.11,EKS,Production K8s cluster
Data-Science,i-0b8e813,2026-06,475.1,0.0,0,1647.03,EC2,m5.2xlarge batch processor
Marketing-Platform,rs-063e686,2026-06,0.0,0.0,6223421,311.17,Redshift,Spectrum queries
Internal-Tools,ebs-113b578,2026-06,0.0,392.8,0,245.5,EBS,io2 volumes database
Partner-Integration,elb-06d8314,2026-06,712.5,0.0,9896053,144.08,ELB,Classic load balancer
Compliance-Audit,ses-0d16832,2026-06,0.0,0.0,1800617,2.16,SES,Transactional email
Shared-Services,s3-0eda156,2026-06,0.0,14097.4,2819482,493.41,S3,Data lake raw zone
Production-Secondary,elb-0487699,2026-06,675.6,0.0,28149066,204.92,ELB,Application load balancer
Edge-Network,ebs-06de655,2026-06,0.0,134.1,0,16.77,EBS,gp3 volumes staging
Internal-Tools,lam-0f9d732,2026-06,0.0,0.0,15800861,110.61,Lambda,Event processor
Internal-Tools,s3-0556224,2026-06,0.0,4023.7,6437806,293.73,S3,Media content bucket
Compliance-Audit,i-0af0314,2026-06,544.4,0.0,0,236.11,EC2,t3.medium API server
Shared-Services,rds-0454133,2026-06,576.5,400.3,0,1140.8,RDS,db.r5.large PostgreSQL replica
Compliance-Audit,ecs-0e22271,2026-06,423.9,0.0,0,773.6,ECS,Fargate worker cluster
DevOps-Central,kin-00ca857,2026-06,811.3,0.0,33802249,493.51,Kinesis,Data stream ingestion
Production-Main,ec-0bc4932,2026-06,1077.9,0.0,0,776.1,ElastiCache,Redis production cluster
Internal-Tools,s3-0cf7590,2026-06,0.0,6864.8,429047,171.63,S3,Log archive bucket
Security-Ops,s3-0182639,2026-06,0.0,3495.0,20970223,873.76,S3,Production asset storage
Data-Science,i-0e0c224,2026-06,367.0,0.0,0,1064.59,EC2,c5.2xlarge HPC node
Partner-Integration,ecs-03d7683,2026-06,451.1,0.0,0,823.33,ECS,Fargate API cluster
Security-Ops,lam-0988526,2026-06,0.0,0.0,22879576,160.15,Lambda,Data transformer
Finance-Systems,s3-079a209,2026-06,0.0,5356.6,8570632,391.04,S3,Media content bucket
Partner-Integration,sm-0ed5679,2026-06,0.0,0.0,1535628,6.15,Secrets Manager,Application secrets
Production-Main,r53-0012755,2026-06,0.0,0.0,13926663,20.89,Route 53,Health checks
Edge-Network,ebs-0dd1202,2026-06,0.0,210.6,0,26.33,EBS,gp3 volumes staging
Data-Science,rds-0d7c680,2026-06,830.2,230.7,0,749.52,RDS,db.t3.large development DB
Production-Main,s3-0016611,2026-06,0.0,848.8,1697677,74.27,S3,Artifact storage
Edge-Network,ecs-0320455,2026-06,195.5,0.0,0,356.83,ECS,Fargate batch cluster
Marketing-Platform,sqs-01db272,2026-06,0.0,0.0,525900,0.26,SQS,Dead letter queue
Shared-Services,rds-09c6142,2026-06,587.7,408.1,0,1163.07,RDS,db.r5.large PostgreSQL replica
Partner-Integration,rds-086c113,2026-06,450.8,125.2,0,532.03,RDS,db.t3.medium MySQL staging
Marketing-Platform,i-0dcc735,2026-06,554.2,0.0,0,480.2,EC2,m5.large monitoring server
Security-Ops,lam-0e9d376,2026-06,0.0,0.0,22772189,159.4,Lambda,Data transformer
Security-Ops,lam-017b358,2026-06,0.0,0.0,58235696,407.65,Lambda,Auth token validator
Security-Ops,s3-0540342,2026-06,0.0,17508.1,3501617,612.78,S3,Data lake raw zone
Mobile-Backend,kin-0db1783,2026-06,604.3,0.0,25177568,367.59,Kinesis,Data stream ingestion
Production-Secondary,r53-0088920,2026-06,0.0,0.0,10195232,15.29,Route 53,Health checks
DevOps-Central,ec-07fb671,2026-06,780.2,0.0,0,561.74,ElastiCache,Redis production cluster
Marketing-Platform,vpn-0547838,2026-06,975.0,0.0,0,494.24,VPN Gateway,Site-to-site VPN
Security-Ops,sm-0192528,2026-06,0.0,0.0,1052034,4.21,Secrets Manager,Application secrets
Marketing-Platform,rds-0dc3816,2026-06,695.6,483.1,0,1376.84,RDS,db.r5.large PostgreSQL replica
Data-Science,ses-014b619,2026-06,0.0,0.0,386260,0.46,SES,Marketing email
Compliance-Audit,i-0b1a567,2026-06,720.6,0.0,0,624.53,EC2,m5.large monitoring server
Marketing-Platform,sm-0e0b262,2026-06,0.0,0.0,970659,3.88,Secrets Manager,Application secrets
Edge-Network,i-07f9917,2026-06,588.6,0.0,0,2040.48,EC2,m5.2xlarge batch processor
ML-Training,i-07b3955,2026-06,731.8,0.0,0,634.16,EC2,m5.large monitoring server
Production-Secondary,rs-0085981,2026-06,953.9,2649.7,0,4835.75,Redshift,Data warehouse cluster
Finance-Systems,s3-0475629,2026-06,0.0,59.6,29801402,193.71,S3,Static website hosting
Partner-Integration,sqs-080f764,2026-06,0.0,0.0,458302,0.23,SQS,Dead letter queue
Edge-Network,lam-0f3f242,2026-06,0.0,0.0,21555763,150.89,Lambda,Data transformer
Compliance-Audit,rs-115c829,2026-06,0.0,0.0,4916483,245.82,Redshift,Spectrum queries
Customer-Portal,vpn-10ed434,2026-06,987.5,0.0,0,250.31,VPN Gateway,Client VPN endpoint
Compliance-Audit,ses-1003965,2026-06,0.0,0.0,1641782,1.97,SES,Transactional email
Internal-Tools,rds-0bea427,2026-06,982.1,1364.1,0,4364.78,RDS,db.r5.2xlarge Aurora cluster
ML-Training,r53-0370851,2026-06,0.0,0.0,48243443,72.37,Route 53,DNS hosting
ML-Training,i-08d8148,2026-06,630.6,0.0,0,2186.27,EC2,r5.2xlarge database server
DevOps-Central,ddb-00cf819,2026-06,860.3,11.9,5974345,104.55,DynamoDB,Config store table
ML-Training,ec-0ee1247,2026-06,874.2,0.0,0,629.47,ElastiCache,Redis production cluster
Edge-Network,sns-103a136,2026-06,0.0,0.0,14319562,7.17,SNS,Alert notifications
Edge-Network,sns-1116196,2026-06,0.0,0.0,11762652,5.88,SNS,Alert notifications
Compliance-Audit,sm-113a398,2026-06,0.0,0.0,1319396,5.27,Secrets Manager,Application secrets
Production-Main,i-0e83752,2026-06,588.4,0.0,0,2039.55,EC2,m5.2xlarge batch processor
Shared-Services,r53-0b86525,2026-06,0.0,0.0,72835984,109.25,Route 53,DNS hosting
Internal-Tools,elb-02b8525,2026-06,556.7,0.0,23195536,168.86,ELB,Application load balancer
QA-Testing,ses-062e201,2026-06,0.0,0.0,2676878,3.21,SES,Transactional email
Edge-Network,i-0634118,2026-06,787.2,0.0,0,2728.93,EC2,r5.2xlarge database server
Edge-Network,s3-0319797,2026-06,0.0,12841.7,128416,295.36,S3,Backup storage bucket
Production-Main,lam-000b396,2026-06,0.0,0.0,17190575,120.33,Lambda,Event processor
Partner-Integration,elb-03db380,2026-06,506.4,0.0,21098983,153.6,ELB,Application load balancer
Shared-Services,r53-0197483,2026-06,0.0,0.0,69808387,104.71,Route 53,DNS hosting
Edge-Network,s3-06b2129,2026-06,0.0,63.6,31778941,206.55,S3,Static website hosting
Data-Science,i-013d711,2026-06,696.0,0.0,0,603.18,EC2,m5.large monitoring server
Partner-Integration,elb-0f4c997,2026-06,647.0,0.0,8985059,130.82,ELB,Classic load balancer
ML-Training,i-0369482,2026-06,988.1,0.0,0,428.53,EC2,t3.medium API server
Partner-Integration,ddb-04cf704,2026-06,560.8,39.0,62315019,438.15,DynamoDB,Session store table
Compliance-Audit,i-0812373,2026-06,629.4,0.0,0,2181.67,EC2,r5.2xlarge database server
Marketing-Platform,r53-0aa1477,2026-06,0.0,0.0,51865182,77.79,Route 53,DNS hosting
Internal-Tools,lam-0eb4918,2026-06,0.0,0.0,22774066,159.42,Lambda,Data transformer
QA-Testing,sm-03ed358,2026-06,0.0,0.0,786516,3.15,Secrets Manager,Application secrets
Finance-Systems,vpn-0c5e853,2026-06,908.0,0.0,0,230.16,VPN Gateway,Client VPN endpoint
Edge-Network,ecs-083f327,2026-06,293.8,0.0,0,536.09,ECS,Fargate worker cluster
Compliance-Audit,kin-0cdf374,2026-06,644.0,0.0,26831587,391.74,Kinesis,Data stream ingestion
Compliance-Audit,s3-038e331,2026-06,0.0,10255.4,102554,235.87,S3,Backup storage bucket
Customer-Portal,ses-09ba980,2026-06,0.0,0.0,2178273,2.62,SES,Transactional email
Data-Science,i-063f419,2026-06,352.7,0.0,0,1022.93,EC2,c5.2xlarge HPC node
Compliance-Audit,i-0d76887,2026-06,680.9,0.0,0,590.08,EC2,m5.large monitoring server
Marketing-Platform,rs-0578755,2026-06,624.7,1735.3,0,3166.71,Redshift,Data warehouse cluster
Production-Main,i-07b0216,2026-06,411.0,0.0,0,1191.93,EC2,c5.2xlarge HPC node
ML-Training,lam-04e8479,2026-06,0.0,0.0,11077809,77.55,Lambda,Notification dispatcher
Compliance-Audit,i-039c168,2026-06,964.7,0.0,0,70.43,EC2,t3.micro bastion host
Security-Ops,sqs-0889881,2026-06,0.0,0.0,44514660,22.26,SQS,Event notification queue
Compliance-Audit,i-0954606,2026-06,812.3,0.0,0,704.0,EC2,m5.large monitoring server
Partner-Integration,cf-0ccc998,2026-06,0.0,0.0,39592974,197.96,CloudFront,CDN API distribution
Internal-Tools,ebs-0fd8235,2026-06,0.0,5527.9,0,248.76,EBS,st1 volumes archive
Marketing-Platform,s3-01ee984,2026-06,0.0,13617.7,136176,313.21,S3,Backup storage bucket
Security-Ops,sqs-0cc7659,2026-06,0.0,0.0,57228476,28.62,SQS,Order processing queue
Internal-Tools,ebs-05fe716,2026-06,0.0,1390.9,0,173.86,EBS,gp3 volumes production
Marketing-Platform,rds-0f32152,2026-06,910.5,632.4,0,2339.62,RDS,db.r5.xlarge PostgreSQL primary
Internal-Tools,lam-05b9579,2026-06,0.0,0.0,23607668,165.25,Lambda,Data transformer
Edge-Network,s3-05cb638,2026-06,0.0,62.3,31135176,202.37,S3,Static website hosting
Partner-Integration,s3-03cc842,2026-06,0.0,1218.6,2437286,106.63,S3,Artifact storage
Compliance-Audit,s3-0d91108,2026-06,0.0,894.6,1789392,78.29,S3,Artifact storage
Data-Science,i-09a3137,2026-06,645.6,0.0,0,1119.01,EC2,r5.xlarge cache server
Internal-Tools,s3-0d9a450,2026-06,0.0,6101.6,61014,140.33,S3,Backup storage bucket
Marketing-Platform,ddb-0582661,2026-06,656.6,45.6,72957299,512.98,DynamoDB,Session store table
Security-Ops,ecs-0f12611,2026-06,184.0,0.0,0,335.87,ECS,Fargate batch cluster
Edge-Network,ebs-0311888,2026-06,0.0,6840.6,0,307.83,EBS,st1 volumes archive
Production-Secondary,ec-0cec280,2026-06,1051.9,0.0,0,378.72,ElastiCache,Redis staging cluster
Production-Secondary,i-06e3233,2026-06,1022.5,0.0,0,886.86,EC2,t3.large application server
Partner-Integration,rds-03c9787,2026-06,899.6,624.7,0,1780.43,RDS,db.r5.large PostgreSQL replica
QA-Testing,ses-07c3229,2026-06,0.0,0.0,2657614,3.19,SES,Transactional email
Finance-Systems,rs-07f1538,2026-06,571.9,1588.6,0,2899.1,Redshift,Data warehouse cluster
Internal-Tools,elb-0d39987,2026-06,1198.4,0.0,16645535,242.35,ELB,Classic load balancer
Security-Ops,ecs-09ff179,2026-06,137.4,0.0,0,250.96,ECS,Fargate batch cluster
ML-Training,i-0b7f363,2026-06,673.5,0.0,0,2334.92,EC2,r5.2xlarge database server
Partner-Integration,ddb-03d3612,2026-06,952.3,132.3,198389736,1487.92,DynamoDB,Cache table
Data-Science,i-0fdf856,2026-06,410.3,0.0,0,1422.33,EC2,m5.2xlarge batch processor
Production-Main,ebs-0c33147,2026-06,0.0,555.3,0,347.04,EBS,io2 volumes database
Partner-Integration,elb-1189487,2026-06,563.6,0.0,7827610,113.96,ELB,Classic load balancer
Edge-Network,s3-031a417,2026-06,0.0,1150.2,2300416,100.64,S3,Artifact storage
Internal-Tools,s3-02be827,2026-06,0.0,7312.8,73127,168.19,S3,Backup storage bucket
Production-Main,s3-0015422,2026-06,0.0,10507.7,656728,262.69,S3,Log archive bucket
Compliance-Audit,rs-0f61772,2026-06,0.0,0.0,5704762,285.24,Redshift,Spectrum queries
Production-Main,s3-079b598,2026-06,0.0,10109.4,631833,252.73,S3,Log archive bucket
ML-Training,ebs-103e746,2026-06,0.0,647.2,0,404.45,EBS,io2 volumes database
QA-Testing,lam-0684112,2026-06,0.0,0.0,4370315,30.8,Lambda,Image resizer
Production-Main,cf-0ad5324,2026-06,0.0,0.0,34441337,172.2,CloudFront,CDN API distribution
Finance-Systems,rds-1083102,2026-06,749.2,832.6,0,1748.31,RDS,db.m5.xlarge analytics DB
Security-Ops,s3-0d22917,2026-06,0.0,19340.2,3868034,676.9,S3,Data lake raw zone
QA-Testing,elb-0ecf520,2026-06,821.7,0.0,34236963,249.24,ELB,Application load balancer
Marketing-Platform,rs-1104859,2026-06,0.0,0.0,6922502,346.12,Redshift,Spectrum queries
DevOps-Central,ec-03f6896,2026-06,846.1,0.0,0,609.16,ElastiCache,Redis production cluster
Production-Secondary,sqs-08b9775,2026-06,0.0,0.0,23114438,11.56,SQS,Event notification queue
Production-Secondary,elb-0fae581,2026-06,597.6,0.0,41494460,258.93,ELB,Network load balancer
Security-Ops,ecs-0f2a294,2026-06,173.2,0.0,0,316.0,ECS,Fargate batch cluster
Partner-Integration,sm-0b57782,2026-06,0.0,0.0,1413229,5.65,Secrets Manager,Application secrets
Compliance-Audit,rds-0a00512,2026-06,1127.5,313.3,0,1017.9,RDS,db.t3.large development DB
Marketing-Platform,i-0880144,2026-06,654.1,0.0,0,1896.9,EC2,c5.2xlarge HPC node
Internal-Tools,s3-0d4d615,2026-06,0.0,39.8,19928070,129.54,S3,Static website hosting
Customer-Portal,i-09ed915,2026-06,685.0,0.0,0,594.15,EC2,t3.large application server
Finance-Systems,vpn-0b15944,2026-06,927.0,0.0,0,234.95,VPN Gateway,Client VPN endpoint
Internal-Tools,vpn-02cf704,2026-06,967.0,0.0,0,490.22,VPN Gateway,Site-to-site VPN
Edge-Network,i-0324608,2026-06,820.3,0.0,0,1421.81,EC2,r5.xlarge cache server
Internal-Tools,ebs-077e364,2026-06,0.0,503.6,0,314.79,EBS,io2 volumes database
Compliance-Audit,s3-0660837,2026-06,0.0,15427.4,3085451,539.95,S3,Data lake raw zone
Data-Science,rds-0535688,2026-06,833.5,578.7,0,2141.62,RDS,db.r5.xlarge PostgreSQL primary
Marketing-Platform,nat-01de756,2026-06,544.9,0.0,0,124.31,NAT Gateway,Staging VPC NAT
Production-Main,i-0010646,2026-06,824.0,0.0,0,714.16,EC2,m5.large monitoring server
Marketing-Platform,sqs-0be6230,2026-06,0.0,0.0,537391,0.27,SQS,Dead letter queue
DevOps-Central,ebs-0eed939,2026-06,0.0,540.2,0,337.6,EBS,io2 volumes database
Marketing-Platform,rds-0f55476,2026-06,1019.4,708.0,0,2619.38,RDS,db.r5.xlarge PostgreSQL primary
Security-Ops,lam-0777578,2026-06,0.0,0.0,25953611,181.67,Lambda,Data transformer
Partner-Integration,ddb-040d764,2026-06,1038.0,144.2,216238806,1621.79,DynamoDB,Cache table
Edge-Network,sns-0686722,2026-06,0.0,0.0,12912611,6.46,SNS,Alert notifications
Partner-Integration,rs-092a741,2026-06,809.5,2248.6,0,4103.87,Redshift,Data warehouse cluster
Compliance-Audit,ses-077a783,2026-06,0.0,0.0,1667732,2.01,SES,Transactional email
Internal-Tools,lam-02c8433,2026-06,0.0,0.0,24926156,174.48,Lambda,Data transformer
ML-Training,ec-0a90713,2026-06,1051.0,0.0,0,756.74,ElastiCache,Redis production cluster
Internal-Tools,elb-0cc9306,2026-06,558.1,0.0,23254498,169.29,ELB,Application load balancer
Data-Science,i-078f171,2026-06,385.7,0.0,0,1118.76,EC2,c5.2xlarge HPC node
Internal-Tools,s3-05e0714,2026-06,0.0,6299.0,62987,144.87,S3,Backup storage bucket
Edge-Network,kin-115a265,2026-06,554.9,0.0,15412593,225.03,Kinesis,Firehose delivery
Edge-Network,ecs-0bcd990,2026-06,304.8,0.0,0,556.25,ECS,Fargate worker cluster
Edge-Network,s3-0c38314,2026-06,0.0,12826.4,128262,295.01,S3,Backup storage bucket
ML-Training,rds-0967983,2026-06,627.2,696.9,0,1463.46,RDS,db.m5.xlarge analytics DB
Partner-Integration,s3-06f7590,2026-06,0.0,8950.6,559416,223.77,S3,Log archive bucket
QA-Testing,elb-0846481,2026-06,797.5,0.0,33231372,241.92,ELB,Application load balancer
Edge-Network,sns-0459907,2026-06,0.0,0.0,11822177,5.91,SNS,Alert notifications
Data-Science,i-08de409,2026-06,561.5,0.0,0,973.3,EC2,r5.xlarge cache server
Compliance-Audit,ec-10e5547,2026-06,727.3,0.0,0,523.63,ElastiCache,Redis production cluster
ML-Training,i-0b4c167,2026-06,883.2,0.0,0,1531.53,EC2,m5.xlarge web server
Security-Ops,sqs-0a52870,2026-06,0.0,0.0,42652594,21.33,SQS,Event notification queue
Internal-Tools,lam-02cc497,2026-06,0.0,0.0,2758148,19.31,Lambda,Webhook processor
Production-Main,r53-0d5a947,2026-06,0.0,0.0,15070481,22.61,Route 53,Health checks
Internal-Tools,s3-0e38705,2026-06,0.0,3726.2,1863111,139.74,S3,Analytics export bucket
Edge-Network,vpn-0a43272,2026-06,719.5,0.0,0,182.37,VPN Gateway,Client VPN endpoint
ML-Training,lam-0372889,2026-06,0.0,0.0,43835444,304.66,Lambda,API gateway handler
ML-Training,kin-0b4b498,2026-06,682.9,0.0,28453630,415.42,Kinesis,Data stream ingestion
Finance-Systems,elb-0452249,2026-06,594.8,0.0,8261239,120.28,ELB,Classic load balancer
Security-Ops,sm-045e298,2026-06,0.0,0.0,1139188,4.56,Secrets Manager,Application secrets
ML-Training,lam-0d73769,2026-06,0.0,0.0,12020164,84.15,Lambda,Notification dispatcher
Marketing-Platform,rs-0ba2171,2026-06,424.2,1178.3,0,2150.43,Redshift,Data warehouse cluster
Internal-Tools,lam-02cb754,2026-06,0.0,0.0,62558327,437.91,Lambda,Auth token validator
Partner-Integration,rds-0c9f949,2026-06,367.9,102.1,0,434.26,RDS,db.t3.medium MySQL staging
Internal-Tools,s3-0fe8428,2026-06,0.0,6616.4,413516,165.4,S3,Log archive bucket
Edge-Network,sns-074f285,2026-06,0.0,0.0,12376106,6.19,SNS,Alert notifications
Security-Ops,lam-0f58332,2026-06,0.0,0.0,1285754,9.64,Lambda,Cron job runner
Marketing-Platform,i-01eb577,2026-06,664.8,0.0,0,576.65,EC2,t3.large application server
Marketing-Platform,lam-1106899,2026-06,0.0,0.0,18296100,128.07,Lambda,Data transformer
Edge-Network,sns-030d402,2026-06,0.0,0.0,12234905,6.12,SNS,Alert notifications
Internal-Tools,ec-0ef0731,2026-06,606.4,0.0,0,436.57,ElastiCache,Redis production cluster
Security-Ops,r53-018e416,2026-06,0.0,0.0,10738078,16.11,Route 53,Health checks
Shared-Services,rds-0c01640,2026-06,703.3,195.4,0,634.97,RDS,db.t3.large development DB
Customer-Portal,vpn-0ca0711,2026-06,1030.6,0.0,0,261.23,VPN Gateway,Client VPN endpoint
Production-Main,ebs-0000818,2026-06,0.0,600.6,0,375.38,EBS,io2 volumes database
Compliance-Audit,s3-0a24119,2026-06,0.0,12759.7,2551924,446.58,S3,Data lake raw zone
Production-Secondary,i-007f340,2026-06,983.8,0.0,0,853.32,EC2,t3.large application server
Data-Science,i-0f03164,2026-06,521.6,0.0,0,904.18,EC2,r5.xlarge cache server
Data-Science,i-013e564,2026-06,771.4,0.0,0,334.54,EC2,t3.medium API server
Finance-Systems,eks-07ae725,2026-06,854.1,0.0,0,2562.34,EKS,Production K8s cluster
Production-Main,cf-0753522,2026-06,0.0,0.0,85693170,428.47,CloudFront,CDN media distribution
ML-Training,ebs-094c540,2026-06,0.0,701.5,0,438.44,EBS,io2 volumes database
QA-Testing,ses-0bb1203,2026-06,0.0,0.0,2795388,3.36,SES,Transactional email
DevOps-Central,kin-0afa513,2026-06,915.3,0.0,25425264,371.22,Kinesis,Firehose delivery
Finance-Systems,elb-0dfb753,2026-06,904.1,0.0,62787079,391.79,ELB,Network load balancer
Security-Ops,ec-1071526,2026-06,642.5,0.0,0,231.33,ElastiCache,Redis staging cluster
Finance-Systems,s3-0ffa665,2026-06,0.0,5230.0,8368001,381.79,S3,Media content bucket
Marketing-Platform,rds-09c8470,2026-06,1012.2,703.0,0,2600.93,RDS,db.r5.xlarge PostgreSQL primary
Internal-Tools,elb-05c6198,2026-06,1084.9,0.0,15068941,219.4,ELB,Classic load balancer
ML-Training,kin-036d547,2026-06,873.1,0.0,36379392,531.14,Kinesis,Data stream ingestion
Compliance-Audit,ec-0ebf584,2026-06,577.8,0.0,0,415.98,ElastiCache,Redis production cluster
Partner-Integration,cf-08c7521,2026-06,0.0,0.0,39756496,198.78,CloudFront,CDN API distribution
Internal-Tools,s3-0d89977,2026-06,0.0,4166.7,6666618,304.16,S3,Media content bucket
Marketing-Platform,lam-01cd667,2026-06,0.0,0.0,21551964,150.86,Lambda,Data transformer
Partner-Integration,sm-1004542,2026-06,0.0,0.0,1287751,5.15,Secrets Manager,Application secrets
Customer-Portal,s3-0739784,2026-06,0.0,18445.0,3689017,645.58,S3,Data lake raw zone
Marketing-Platform,i-01e8508,2026-06,678.1,0.0,0,1175.32,EC2,r5.xlarge cache server
Edge-Network,eks-0321899,2026-06,568.0,0.0,0,1703.92,EKS,Production K8s cluster
Finance-Systems,s3-055a789,2026-06,0.0,1182.4,2364699,103.46,S3,Artifact storage
Internal-Tools,ec-0419804,2026-06,556.9,0.0,0,400.94,ElastiCache,Redis production cluster
QA-Testing,lam-099e683,2026-06,0.0,0.0,2874143,20.12,Lambda,Webhook processor
ML-Training,lam-10da892,2026-06,0.0,0.0,10744164,75.21,Lambda,Notification dispatcher
Production-Main,ecs-001e666,2026-06,513.8,0.0,0,937.65,ECS,Fargate API cluster
Production-Secondary,r53-0e61207,2026-06,0.0,0.0,8932006,13.4,Route 53,Health checks
ML-Training,i-0367966,2026-06,894.3,0.0,0,1550.71,EC2,m5.xlarge web server
Customer-Portal,ses-0825680,2026-06,0.0,0.0,683291,0.82,SES,Marketing email
Internal-Tools,ebs-0b3f304,2026-06,0.0,1561.5,0,195.18,EBS,gp3 volumes production
Data-Science,ses-014a460,2026-06,0.0,0.0,2240574,2.69,SES,Transactional email
Production-Main,ecs-001d579,2026-06,348.2,0.0,0,635.41,ECS,Fargate worker cluster
Marketing-Platform,sm-07dd433,2026-06,0.0,0.0,1003349,4.01,Secrets Manager,Application secrets
Production-Secondary,r53-10c5816,2026-06,0.0,0.0,7596580,11.39,Route 53,Health checks
Edge-Network,ecs-0fc0400,2026-06,414.0,0.0,0,755.63,ECS,Fargate API cluster
ML-Training,rs-0942720,2026-06,0.0,0.0,4914752,245.74,Redshift,Spectrum queries
Partner-Integration,cf-08ff891,2026-06,0.0,0.0,39084338,195.42,CloudFront,CDN API distribution
Production-Main,r53-0a68605,2026-06,0.0,0.0,12572310,18.86,Route 53,Health checks
Finance-Systems,rds-08ea254,2026-06,546.7,759.3,0,2429.62,RDS,db.r5.2xlarge Aurora cluster
Compliance-Audit,ses-0381310,2026-06,0.0,0.0,1541760,1.85,SES,Transactional email
Compliance-Audit,rs-07a8173,2026-06,0.0,0.0,5447245,272.36,Redshift,Spectrum queries
Security-Ops,ecs-0ba6598,2026-06,170.0,0.0,0,310.27,ECS,Fargate batch cluster
ML-Training,i-0c81746,2026-06,654.4,0.0,0,567.13,EC2,m5.large monitoring server
Customer-Portal,cf-028b887,2026-06,0.0,0.0,28152447,140.76,CloudFront,CDN static assets
Edge-Network,ebs-072d290,2026-06,0.0,714.9,0,89.36,EBS,gp3 volumes production
Mobile-Backend,sqs-0865398,2026-06,0.0,0.0,345633,0.17,SQS,Dead letter queue
Customer-Portal,ses-1122543,2026-06,0.0,0.0,2657759,3.19,SES,Transactional email
Marketing-Platform,ddb-0f43677,2026-06,554.8,7.7,3852766,67.42,DynamoDB,Config store table
Marketing-Platform,sqs-0b48223,2026-06,0.0,0.0,547104,0.27,SQS,Dead letter queue
Customer-Portal,vpn-0e39121,2026-06,801.6,0.0,0,203.17,VPN Gateway,Client VPN endpoint
Compliance-Audit,rds-116e550,2026-06,1126.1,782.1,0,2228.81,RDS,db.r5.large PostgreSQL replica
Finance-Systems,rds-023d564,2026-06,911.6,633.0,0,1804.17,RDS,db.r5.large PostgreSQL replica
QA-Testing,elb-0d3a401,2026-06,712.2,0.0,9891815,144.02,ELB,Classic load balancer
Internal-Tools,ec-0cbe439,2026-06,552.6,0.0,0,397.87,ElastiCache,Redis production cluster
Partner-Integration,sqs-0654966,2026-06,0.0,0.0,25643254,12.82,SQS,Event notification queue
Compliance-Audit,ecs-0daa871,2026-06,460.3,0.0,0,840.07,ECS,Fargate worker cluster
Data-Science,i-0f62656,2026-06,468.8,0.0,0,812.66,EC2,r5.xlarge cache server
Compliance-Audit,rds-08cd532,2026-06,355.1,98.6,0,419.2,RDS,db.t3.medium MySQL staging
Production-Main,s3-050b772,2026-06,0.0,9567.4,597958,239.18,S3,Log archive bucket
Data-Science,rds-08d7648,2026-06,840.6,583.7,0,2159.75,RDS,db.r5.xlarge PostgreSQL primary
Data-Science,i-1072168,2026-06,613.5,0.0,0,531.71,EC2,m5.large monitoring server
Internal-Tools,s3-0c32773,2026-06,0.0,7144.0,71438,164.31,S3,Backup storage bucket
ML-Training,sns-0a08133,2026-06,0.0,0.0,9259828,4.63,SNS,Alert notifications
Production-Main,ecs-074b718,2026-06,373.4,0.0,0,681.43,ECS,Fargate worker cluster
Partner-Integration,rds-071b467,2026-06,418.3,116.2,0,493.72,RDS,db.t3.medium MySQL staging
Customer-Portal,vpn-0282677,2026-06,957.3,0.0,0,242.64,VPN Gateway,Client VPN endpoint
DevOps-Central,ec-1050337,2026-06,794.1,0.0,0,571.7,ElastiCache,Redis production cluster
Production-Main,s3-10fa940,2026-06,0.0,10008.2,625511,250.21,S3,Log archive bucket
Internal-Tools,s3-05e5658,2026-06,0.0,7674.4,479651,191.87,S3,Log archive bucket
Data-Science,sm-0142508,2026-06,0.0,0.0,1279193,5.12,Secrets Manager,Application secrets
Edge-Network,sns-06be252,2026-06,0.0,0.0,10959994,5.48,SNS,Alert notifications
Production-Secondary,s3-0076278,2026-06,0.0,1223.7,2447388,107.07,S3,Artifact storage
Marketing-Platform,rds-0d1a186,2026-06,626.5,435.1,0,1240.03,RDS,db.r5.large PostgreSQL replica
Partner-Integration,rds-042d472,2026-06,452.6,125.7,0,534.29,RDS,db.t3.medium MySQL staging
Partner-Integration,rs-04c5955,2026-06,0.0,0.0,5317149,265.86,Redshift,Spectrum queries
Customer-Portal,ebs-06c4378,2026-06,0.0,590.5,0,369.01,EBS,io2 volumes database
Partner-Integration,cf-0e49841,2026-06,0.0,0.0,39713449,198.57,CloudFront,CDN API distribution
Compliance-Audit,i-0810870,2026-06,872.3,0.0,0,756.03,EC2,m5.large monitoring server
Marketing-Platform,i-0860850,2026-06,548.2,0.0,0,1900.52,EC2,r5.2xlarge database server
Partner-Integration,rds-10b5322,2026-06,991.8,688.7,0,1962.76,RDS,db.r5.large PostgreSQL replica
ML-Training,ebs-0ac5539,2026-06,0.0,3902.5,0,175.61,EBS,st1 volumes archive
Mobile-Backend,sqs-05b2924,2026-06,0.0,0.0,399755,0.2,SQS,Dead letter queue
Production-Main,ec-000c489,2026-06,940.7,0.0,0,677.31,ElastiCache,Redis production cluster
Compliance-Audit,ebs-0392523,2026-06,0.0,253.1,0,31.64,EBS,gp3 volumes staging
Finance-Systems,elb-024a650,2026-06,563.8,0.0,7830432,114.01,ELB,Classic load balancer
Compliance-Audit,sns-0767851,2026-06,0.0,0.0,17482907,8.74,SNS,Event fanout topic
Production-Main,i-0c80371,2026-06,404.5,0.0,0,1173.22,EC2,c5.2xlarge HPC node
Marketing-Platform,rs-0dba560,2026-06,0.0,0.0,6161412,308.06,Redshift,Spectrum queries
Security-Ops,ebs-0625274,2026-06,0.0,626.6,0,391.62,EBS,io2 volumes database
Customer-Portal,elb-0784552,2026-06,678.1,0.0,28251958,205.68,ELB,Application load balancer
Internal-Tools,lam-0bda239,2026-06,0.0,0.0,31837039,221.27,Lambda,API gateway handler
Internal-Tools,sqs-03fc213,2026-06,0.0,0.0,47159237,23.58,SQS,Order processing queue
Finance-Systems,s3-113d678,2026-06,0.0,69.8,34917188,226.97,S3,Static website hosting
Edge-Network,vpn-0e0d648,2026-06,740.3,0.0,0,187.65,VPN Gateway,Client VPN endpoint
Edge-Network,ecs-0c03661,2026-06,303.9,0.0,0,554.55,ECS,Fargate worker cluster
Production-Main,ebs-0fb8180,2026-06,0.0,638.2,0,398.87,EBS,io2 volumes database
ML-Training,rs-0727239,2026-06,0.0,0.0,3864765,193.24,Redshift,Spectrum queries
Internal-Tools,ebs-0793510,2026-06,0.0,253.2,0,31.66,EBS,gp3 volumes staging
Internal-Tools,sqs-10ac145,2026-06,0.0,0.0,48508048,24.26,SQS,Order processing queue
QA-Testing,ebs-0a44533,2026-06,0.0,1196.1,0,149.51,EBS,gp3 volumes production
Marketing-Platform,rds-0e92796,2026-06,535.8,372.1,0,1060.5,RDS,db.r5.large PostgreSQL replica
Security-Ops,ses-0ecc552,2026-06,0.0,0.0,2074446,2.49,SES,Transactional email
Production-Main,ecs-06dd673,2026-06,355.6,0.0,0,648.96,ECS,Fargate batch cluster
Mobile-Backend,kin-04f8523,2026-06,744.8,0.0,31034144,453.1,Kinesis,Data stream ingestion
Production-Secondary,sqs-0aca971,2026-06,0.0,0.0,25989444,13.0,SQS,Event notification queue
Customer-Portal,ses-0289612,2026-06,0.0,0.0,2413828,2.9,SES,Transactional email
Compliance-Audit,s3-104d117,2026-06,0.0,613.0,1226220,53.65,S3,Artifact storage
ML-Training,rds-0376427,2026-06,678.8,754.2,0,1583.85,RDS,db.m5.xlarge analytics DB
Partner-Integration,kin-03c3921,2026-06,909.9,0.0,37914026,553.54,Kinesis,Data stream ingestion
Security-Ops,ecs-04a1561,2026-06,532.5,0.0,0,971.76,ECS,Fargate API cluster
Security-Ops,s3-052c304,2026-06,0.0,5700.4,356273,142.51,S3,Log archive bucket
DevOps-Central,ec-0f73376,2026-06,858.9,0.0,0,618.42,ElastiCache,Redis production cluster
DevOps-Central,ec-0a03550,2026-06,812.1,0.0,0,584.74,ElastiCache,Redis production cluster
Compliance-Audit,s3-0471757,2026-06,0.0,685.2,1370519,59.96,S3,Artifact storage
Edge-Network,sns-07f5105,2026-06,0.0,0.0,12649744,6.33,SNS,Alert notifications
Compliance-Audit,ec-078e845,2026-06,656.8,0.0,0,472.88,ElastiCache,Redis production cluster
Data-Science,rds-0e50804,2026-06,678.2,188.4,0,612.26,RDS,db.t3.large development DB
Marketing-Platform,ddb-0fab389,2026-06,469.1,32.7,52129714,366.53,DynamoDB,Session store table
Mobile-Backend,sqs-097c579,2026-06,0.0,0.0,302494,0.15,SQS,Dead letter queue
Edge-Network,vpn-10a9783,2026-06,499.1,0.0,0,253.0,VPN Gateway,Site-to-site VPN
Internal-Tools,rds-02c3290,2026-06,821.4,228.2,0,741.54,RDS,db.t3.large development DB
Marketing-Platform,ddb-10a5298,2026-06,557.3,38.8,61932535,435.46,DynamoDB,Session store table
Finance-Systems,rs-023b632,2026-06,669.4,1859.4,0,3393.34,Redshift,Data warehouse cluster
Finance-Systems,s3-0245238,2026-06,0.0,2478.0,1238980,92.92,S3,Analytics export bucket
Production-Main,i-0bf4805,2026-06,658.9,0.0,0,2283.88,EC2,m5.2xlarge batch processor
Compliance-Audit,i-0673829,2026-06,524.0,0.0,0,227.28,EC2,t3.medium API server
Data-Science,i-0530222,2026-06,822.3,0.0,0,60.03,EC2,t3.micro bastion host
Compliance-Audit,s3-0b32274,2026-06,0.0,816.0,1632106,71.41,S3,Artifact storage
Data-Science,i-0b3a756,2026-06,491.7,0.0,0,1704.56,EC2,m5.2xlarge batch processor
Production-Main,s3-0965144,2026-06,0.0,13904.2,2780849,486.64,S3,Data lake raw zone
QA-Testing,ec-10c3544,2026-06,942.8,0.0,0,678.81,ElastiCache,Redis production cluster
Production-Main,lam-0cef839,2026-06,0.0,0.0,34848368,243.94,Lambda,Data transformer
Edge-Network,s3-0b73418,2026-06,0.0,57.2,28615658,185.99,S3,Static website hosting
Marketing-Platform,rds-0fff478,2026-06,527.2,146.5,0,622.39,RDS,db.t3.medium MySQL staging
Data-Science,rds-0432834,2026-06,664.3,461.2,0,1706.76,RDS,db.r5.xlarge PostgreSQL primary
ML-Training,rds-091b932,2026-06,705.7,784.1,0,1646.56,RDS,db.m5.xlarge analytics DB
Internal-Tools,s3-0969861,2026-06,0.0,4354.3,6966794,317.86,S3,Media content bucket
ML-Training,ebs-10d1413,2026-06,0.0,4639.5,0,208.78,EBS,st1 volumes archive
Internal-Tools,rds-0e18966,2026-06,375.9,104.4,0,443.81,RDS,db.t3.medium MySQL staging
Data-Science,eks-0147675,2026-06,799.6,0.0,0,2398.74,EKS,Production K8s cluster
Data-Science,i-1025803,2026-06,718.5,0.0,0,622.77,EC2,m5.large monitoring server
Production-Main,sns-001c263,2026-06,0.0,0.0,8069889,4.03,SNS,Alert notifications
Partner-Integration,elb-03da159,2026-06,662.0,0.0,9193898,133.86,ELB,Classic load balancer
Production-Main,kin-10af674,2026-06,647.5,0.0,17987738,262.62,Kinesis,Firehose delivery
Marketing-Platform,ddb-0b9f375,2026-06,718.5,49.9,79834867,561.34,DynamoDB,Session store table
Compliance-Audit,ec-037d484,2026-06,676.3,0.0,0,486.92,ElastiCache,Redis production cluster
Security-Ops,ecs-0be1976,2026-06,186.4,0.0,0,340.15,ECS,Fargate batch cluster
Compliance-Audit,rds-097a830,2026-06,776.9,863.3,0,1812.96,RDS,db.m5.xlarge analytics DB
Internal-Tools,ec-0c53926,2026-06,498.5,0.0,0,358.9,ElastiCache,Redis production cluster
Data-Science,rds-0136144,2026-06,980.5,680.9,0,1940.55,RDS,db.r5.large PostgreSQL replica
Shared-Services,rds-1070832,2026-06,518.4,360.0,0,1025.89,RDS,db.r5.large PostgreSQL replica
Compliance-Audit,rds-0d55733,2026-06,756.5,525.4,0,1497.26,RDS,db.r5.large PostgreSQL replica
Production-Secondary,r53-1192859,2026-06,0.0,0.0,8503918,12.75,Route 53,Health checks
Internal-Tools,s3-10d4811,2026-06,0.0,3907.9,6252622,285.28,S3,Media content bucket
Compliance-Audit,r53-1052440,2026-06,0.0,0.0,7446485,11.17,Route 53,Health checks
Production-Main,s3-0019862,2026-06,0.0,2393.2,1196611,89.75,S3,Analytics export bucket
Mobile-Backend,sqs-0da8365,2026-06,0.0,0.0,315988,0.16,SQS,Dead letter queue
Shared-Services,rds-0781760,2026-06,639.0,177.5,0,576.85,RDS,db.t3.large development DB
Marketing-Platform,sm-0de2274,2026-06,0.0,0.0,904888,3.62,Secrets Manager,Application secrets
Edge-Network,i-0328891,2026-06,388.9,0.0,0,1127.68,EC2,c5.2xlarge HPC node
Compliance-Audit,s3-079d136,2026-06,0.0,12749.6,2549906,446.23,S3,Data lake raw zone
Edge-Network,vpn-0315511,2026-06,717.5,0.0,0,181.86,VPN Gateway,Client VPN endpoint
Marketing-Platform,rds-0878977,2026-06,390.1,108.4,0,460.52,RDS,db.t3.medium MySQL staging
Internal-Tools,s3-0a01897,2026-06,0.0,4431.3,7090040,323.48,S3,Media content bucket
Data-Science,ec-0145951,2026-06,537.8,0.0,0,193.62,ElastiCache,Redis staging cluster
DevOps-Central,ebs-00cc665,2026-06,0.0,434.0,0,271.22,EBS,io2 volumes database
Partner-Integration,elb-0a75516,2026-06,875.8,0.0,12163526,177.09,ELB,Classic load balancer
Production-Main,i-000f723,2026-06,830.6,0.0,0,360.22,EC2,t3.medium API server
Compliance-Audit,s3-0c23914,2026-06,0.0,4471.6,2235746,167.68,S3,Analytics export bucket
Production-Main,cf-0a65604,2026-06,0.0,0.0,40002420,200.01,CloudFront,CDN API distribution
Data-Science,nat-054b109,2026-06,526.1,0.0,0,120.02,NAT Gateway,Staging VPC NAT
Compliance-Audit,sns-0bfb153,2026-06,0.0,0.0,14635150,7.31,SNS,Alert notifications
Production-Main,lam-1147471,2026-06,0.0,0.0,32227156,225.59,Lambda,Data transformer
Compliance-Audit,s3-0575814,2026-06,0.0,3435.6,1717780,128.83,S3,Analytics export bucket
Data-Science,rds-0134211,2026-06,762.7,529.6,0,1959.64,RDS,db.r5.xlarge PostgreSQL primary
Partner-Integration,ses-03ca997,2026-06,0.0,0.0,644223,0.77,SES,Marketing email
Edge-Network,vpn-05f9490,2026-06,710.9,0.0,0,180.18,VPN Gateway,Client VPN endpoint
QA-Testing,cf-03e3566,2026-06,0.0,0.0,163670923,818.35,CloudFront,CDN media distribution
Finance-Systems,s3-0ab5299,2026-06,0.0,8637.8,539865,215.94,S3,Log archive bucket
Production-Main,lam-0519516,2026-06,0.0,0.0,30750444,215.25,Lambda,Data transformer
Marketing-Platform,ddb-0fb7490,2026-06,587.3,40.9,65255836,458.82,DynamoDB,Session store table
Edge-Network,vpn-0316649,2026-06,545.5,0.0,0,276.56,VPN Gateway,Site-to-site VPN
Internal-Tools,lam-0aba667,2026-06,0.0,0.0,35895798,249.48,Lambda,API gateway handler
Partner-Integration,elb-0bca587,2026-06,806.4,0.0,11199614,163.06,ELB,Classic load balancer
Customer-Portal,vpn-0579455,2026-06,1052.8,0.0,0,266.86,VPN Gateway,Client VPN endpoint
Compliance-Audit,s3-06ca918,2026-06,0.0,48.0,24007626,156.05,S3,Static website hosting
Edge-Network,sqs-0600636,2026-06,0.0,0.0,29798364,14.9,SQS,Event notification queue
Production-Secondary,i-0453402,2026-06,1040.1,0.0,0,902.11,EC2,t3.large application server
Internal-Tools,lam-0785135,2026-06,0.0,0.0,21900807,153.3,Lambda,Data transformer
Mobile-Backend,sqs-0331305,2026-06,0.0,0.0,352789,0.18,SQS,Dead letter queue
Compliance-Audit,vpn-0617551,2026-06,856.1,0.0,0,217.01,VPN Gateway,Client VPN endpoint
ML-Training,lam-115f800,2026-06,0.0,0.0,12002405,84.02,Lambda,Notification dispatcher
Internal-Tools,cf-092d732,2026-06,0.0,0.0,101219232,506.1,CloudFront,CDN web distribution
Production-Secondary,elb-0080147,2026-06,578.3,0.0,40157388,250.58,ELB,Network load balancer
Security-Ops,ecs-08d2791,2026-06,438.1,0.0,0,799.5,ECS,Fargate API cluster
Data-Science,eks-0148786,2026-06,393.5,0.0,0,1180.63,EKS,Staging K8s cluster
Partner-Integration,s3-1146713,2026-06,0.0,8730.9,545684,218.28,S3,Log archive bucket
Compliance-Audit,sns-0566288,2026-06,0.0,0.0,16267297,8.13,SNS,Event fanout topic
Finance-Systems,eks-06ed234,2026-06,842.9,0.0,0,2528.78,EKS,Production K8s cluster
ML-Training,sqs-072e691,2026-06,0.0,0.0,533524,0.27,SQS,Dead letter queue
Production-Secondary,ec-106a729,2026-06,797.2,0.0,0,287.01,ElastiCache,Redis staging cluster
Internal-Tools,ec-04e7101,2026-06,485.6,0.0,0,349.58,ElastiCache,Redis production cluster
Partner-Integration,ec-03d2749,2026-06,531.1,0.0,0,191.18,ElastiCache,Redis staging cluster
Edge-Network,sns-0e85289,2026-06,0.0,0.0,11701901,5.85,SNS,Alert notifications
Edge-Network,ebs-0312701,2026-06,0.0,375.5,0,234.72,EBS,io2 volumes database
DevOps-Central,ddb-05d7644,2026-06,918.4,12.7,6377921,111.61,DynamoDB,Config store table
Internal-Tools,ec-02b4327,2026-06,553.7,0.0,0,398.66,ElastiCache,Redis production cluster
Production-Secondary,ecs-0c4a227,2026-06,270.3,0.0,0,493.22,ECS,Fargate batch cluster
Compliance-Audit,s3-0c98607,2026-06,0.0,690.3,1380729,60.41,S3,Artifact storage
Edge-Network,s3-1096283,2026-06,0.0,1183.5,2367277,103.55,S3,Artifact storage
Internal-Tools,s3-07ea402,2026-06,0.0,35.7,17873959,116.18,S3,Static website hosting
ML-Training,ebs-09a5794,2026-06,0.0,755.0,0,471.79,EBS,io2 volumes database
Compliance-Audit,ecs-1030728,2026-06,521.4,0.0,0,951.52,ECS,Fargate worker cluster
Edge-Network,vpn-0e76532,2026-06,517.5,0.0,0,262.38,VPN Gateway,Site-to-site VPN
Marketing-Platform,i-0a25644,2026-06,592.7,0.0,0,513.6,EC2,m5.large monitoring server
Edge-Network,i-0327476,2026-06,592.3,0.0,0,2053.25,EC2,m5.2xlarge batch processor
Partner-Integration,rds-09fc828,2026-06,809.7,562.2,0,1602.41,RDS,db.r5.large PostgreSQL replica
Shared-Services,rds-0c0c979,2026-06,564.4,391.9,0,1116.86,RDS,db.r5.large PostgreSQL replica
Customer-Portal,ses-0f91414,2026-06,0.0,0.0,1859595,2.24,SES,Transactional email
Marketing-Platform,rs-07de855,2026-06,498.8,1385.5,0,2528.51,Redshift,Data warehouse cluster
QA-Testing,lam-0aa9972,2026-06,0.0,0.0,4534126,31.96,Lambda,Image resizer
Compliance-Audit,rds-0fa3116,2026-06,1069.5,742.7,0,2116.65,RDS,db.r5.large PostgreSQL replica
Production-Main,i-0926303,2026-06,810.7,0.0,0,59.18,EC2,t3.micro bastion host
Compliance-Audit,vpn-070e694,2026-06,402.9,0.0,0,204.2,VPN Gateway,Site-to-site VPN
Mobile-Backend,ebs-05cc362,2026-06,0.0,4247.7,0,191.16,EBS,st1 volumes archive
Data-Science,ec-0b5f483,2026-06,466.8,0.0,0,168.06,ElastiCache,Redis staging cluster
Internal-Tools,nat-02ba419,2026-06,575.4,0.0,0,131.26,NAT Gateway,Dev VPC NAT
Partner-Integration,elb-0611191,2026-06,755.1,0.0,10487075,152.68,ELB,Classic load balancer
Finance-Systems,elb-0790493,2026-06,545.9,0.0,7581785,110.39,ELB,Classic load balancer
Edge-Network,ec-1098417,2026-06,645.7,0.0,0,464.87,ElastiCache,Redis production cluster
Internal-Tools,lam-0a9f654,2026-06,0.0,0.0,22270446,155.89,Lambda,Data transformer
Marketing-Platform,kin-01d0507,2026-06,537.1,0.0,22380710,326.76,Kinesis,Data stream ingestion
Data-Science,i-047f834,2026-06,460.4,0.0,0,797.97,EC2,r5.xlarge cache server
Partner-Integration,cf-0fef875,2026-06,0.0,0.0,34582870,172.92,CloudFront,CDN API distribution
Shared-Services,s3-0f8f356,2026-06,0.0,13350.1,2670028,467.26,S3,Data lake raw zone
Finance-Systems,rds-08fc684,2026-06,676.1,751.2,0,1577.54,RDS,db.m5.xlarge analytics DB
Customer-Portal,ses-0288805,2026-06,0.0,0.0,626674,0.75,SES,Marketing email
Customer-Portal,i-028e796,2026-06,721.7,0.0,0,1251.36,EC2,m5.xlarge web server
Shared-Services,rds-019f754,2026-06,624.2,866.9,0,2774.1,RDS,db.r5.2xlarge Aurora cluster
Partner-Integration,elb-04da950,2026-06,596.6,0.0,8285265,120.63,ELB,Classic load balancer
Internal-Tools,lam-02cd701,2026-06,0.0,0.0,9023327,63.16,Lambda,Notification dispatcher
DevOps-Central,r53-056a999,2026-06,0.0,0.0,6856613,10.29,Route 53,Health checks
Edge-Network,ebs-0799406,2026-06,0.0,393.6,0,246.04,EBS,io2 volumes database
Production-Main,s3-0725116,2026-06,0.0,12771.4,2554284,447.0,S3,Data lake raw zone
Compliance-Audit,rds-050c134,2026-06,875.9,608.3,0,1733.58,RDS,db.r5.large PostgreSQL replica
Partner-Integration,rs-09f8831,2026-06,851.4,2364.9,0,4316.16,Redshift,Data warehouse cluster
Production-Main,cf-05ce313,2026-06,0.0,0.0,46458324,232.29,CloudFront,CDN API distribution
ML-Training,i-0368473,2026-06,769.3,0.0,0,666.69,EC2,m5.large monitoring server
Production-Main,lam-0503943,2026-06,0.0,0.0,6536414,45.76,Lambda,Notification dispatcher
Production-Main,s3-054d837,2026-06,0.0,9616.2,601008,240.4,S3,Log archive bucket
Edge-Network,s3-0b63436,2026-06,0.0,53.9,26956442,175.2,S3,Static website hosting
Internal-Tools,ebs-1066922,2026-06,0.0,4981.8,0,224.19,EBS,st1 volumes archive
Compliance-Audit,rds-0f34396,2026-06,869.0,603.6,0,2233.0,RDS,db.r5.xlarge PostgreSQL primary
Compliance-Audit,ebs-1114137,2026-06,0.0,242.3,0,30.28,EBS,gp3 volumes staging
Customer-Portal,elb-1008327,2026-06,751.4,0.0,10436709,151.96,ELB,Classic load balancer
Internal-Tools,rds-103d389,2026-06,841.1,1168.3,0,3738.4,RDS,db.r5.2xlarge Aurora cluster
Compliance-Audit,rds-105e420,2026-06,1084.1,752.9,0,2145.6,RDS,db.r5.large PostgreSQL replica
Customer-Portal,elb-0c08248,2026-06,732.1,0.0,30506202,222.08,ELB,Application load balancer
Internal-Tools,lam-0cbd665,2026-06,0.0,0.0,17320357,121.24,Lambda,Data transformer
Internal-Tools,rds-02c1573,2026-06,786.2,545.9,0,1555.95,RDS,db.r5.large PostgreSQL replica
Production-Main,cf-0716452,2026-06,0.0,0.0,61042802,305.21,CloudFront,CDN API distribution
Production-Secondary,i-0626908,2026-06,818.2,0.0,0,709.14,EC2,m5.large monitoring server
Edge-Network,sns-0c0e157,2026-06,0.0,0.0,13180749,6.59,SNS,Alert notifications
ML-Training,ebs-0379809,2026-06,0.0,4233.9,0,190.53,EBS,st1 volumes archive
Mobile-Backend,sqs-0330567,2026-06,0.0,0.0,22814095,11.41,SQS,Event notification queue
Compliance-Audit,r53-1067995,2026-06,0.0,0.0,6194457,9.29,Route 53,Health checks
Edge-Network,rds-0b2c110,2026-06,530.5,368.4,0,1363.05,RDS,db.r5.xlarge PostgreSQL primary
Internal-Tools,nat-0c40267,2026-06,532.2,0.0,0,121.42,NAT Gateway,Dev VPC NAT
Finance-Systems,s3-0242170,2026-06,0.0,3489.7,20938298,872.43,S3,Production asset storage
Data-Science,i-116b161,2026-06,514.9,0.0,0,892.57,EC2,r5.xlarge cache server
ML-Training,i-036a778,2026-06,859.1,0.0,0,745.14,EC2,t3.large application server
Edge-Network,cf-0a4d407,2026-06,0.0,0.0,188577952,942.89,CloudFront,CDN media distribution
Compliance-Audit,s3-10df441,2026-06,0.0,658.0,1316036,57.58,S3,Artifact storage
Edge-Network,ec-030e215,2026-06,753.4,0.0,0,542.46,ElastiCache,Redis production cluster
ML-Training,rds-0378786,2026-06,918.1,637.6,0,1817.11,RDS,db.r5.large PostgreSQL replica
Marketing-Platform,i-0c14600,2026-06,865.3,0.0,0,63.17,EC2,t3.micro bastion host
QA-Testing,ec-0e37563,2026-06,727.4,0.0,0,523.7,ElastiCache,Redis production cluster
Partner-Integration,sqs-0aa5305,2026-06,0.0,0.0,386790,0.2,SQS,Dead letter queue
Production-Secondary,i-05d1861,2026-06,523.9,0.0,0,908.14,EC2,r5.xlarge cache server
Customer-Portal,i-0b42325,2026-06,701.6,0.0,0,2432.18,EC2,r5.2xlarge database server
Production-Main,s3-075e916,2026-06,0.0,47.9,23912272,155.43,S3,Static website hosting
Compliance-Audit,s3-06bc313,2026-06,0.0,692.6,1385273,60.61,S3,Artifact storage
Compliance-Audit,i-0e33874,2026-06,631.5,0.0,0,547.31,EC2,m5.large monitoring server
Marketing-Platform,ddb-066f897,2026-06,526.0,36.6,58450140,410.98,DynamoDB,Session store table
Compliance-Audit,i-03a1817,2026-06,510.2,0.0,0,221.28,EC2,t3.medium API server
Finance-Systems,elb-0fac721,2026-06,483.4,0.0,6713878,97.75,ELB,Classic load balancer
Finance-Systems,eks-024d574,2026-06,997.2,0.0,0,2991.48,EKS,Production K8s cluster
Internal-Tools,lam-0f04460,2026-06,0.0,0.0,18499612,129.5,Lambda,Event processor
Internal-Tools,lam-02ca983,2026-06,0.0,0.0,17672947,123.71,Lambda,Event processor
ML-Training,lam-0a31794,2026-06,0.0,0.0,12580507,88.07,Lambda,Notification dispatcher
Internal-Tools,s3-0496761,2026-06,0.0,4294.3,6870807,313.48,S3,Media content bucket
Compliance-Audit,rds-0394586,2026-06,940.9,261.4,0,849.44,RDS,db.t3.large development DB
Edge-Network,s3-05c3799,2026-06,0.0,11646.9,116468,267.88,S3,Backup storage bucket
Partner-Integration,rds-0744686,2026-06,920.7,639.3,0,1822.17,RDS,db.r5.large PostgreSQL replica
Finance-Systems,elb-0747229,2026-06,698.9,0.0,29120482,212.0,ELB,Application load balancer
Partner-Integration,cf-0585487,2026-06,0.0,0.0,34643659,173.22,CloudFront,CDN API distribution
DevOps-Central,ddb-0400759,2026-06,964.8,13.3,6699832,117.25,DynamoDB,Config store table
QA-Testing,lam-07d9172,2026-06,0.0,0.0,3171121,22.2,Lambda,Webhook processor
Compliance-Audit,s3-0c9a509,2026-06,0.0,12675.8,2535156,443.64,S3,Data lake raw zone
Partner-Integration,s3-03cd881,2026-06,0.0,10126.7,632920,253.17,S3,Log archive bucket
Security-Ops,sm-0731134,2026-06,0.0,0.0,1165281,4.66,Secrets Manager,Application secrets
Edge-Network,kin-062d489,2026-06,502.1,0.0,13946878,203.63,Kinesis,Firehose delivery
Customer-Portal,s3-0924852,2026-06,0.0,18325.3,3665073,641.39,S3,Data lake raw zone
DevOps-Central,ebs-0f0a583,2026-06,0.0,454.4,0,283.98,EBS,io2 volumes database
Compliance-Audit,rds-08ba268,2026-06,404.6,112.3,0,477.63,RDS,db.t3.medium MySQL staging
Marketing-Platform,rds-0a0d483,2026-06,718.6,199.6,0,648.72,RDS,db.t3.large development DB
Customer-Portal,elb-0d9e318,2026-06,606.0,0.0,25247479,183.81,ELB,Application load balancer
QA-Testing,lam-0633601,2026-06,0.0,0.0,33570047,233.32,Lambda,API gateway handler
Production-Main,lam-0900698,2026-06,0.0,0.0,6201656,43.42,Lambda,Notification dispatcher
Production-Main,i-000e799,2026-06,643.3,0.0,0,2230.07,EC2,m5.2xlarge batch processor
Production-Main,s3-0018371,2026-06,0.0,51.1,25529907,165.94,S3,Static website hosting
Marketing-Platform,lam-0e68625,2026-06,0.0,0.0,18284792,127.99,Lambda,Data transformer
Compliance-Audit,rs-05ed666,2026-06,0.0,0.0,5320596,266.03,Redshift,Spectrum queries
QA-Testing,lam-0d6c615,2026-06,0.0,0.0,4890178,34.46,Lambda,Image resizer
Internal-Tools,elb-02b7594,2026-06,1006.8,0.0,13983919,203.61,ELB,Classic load balancer
Production-Secondary,elb-0e09451,2026-06,511.9,0.0,35545799,221.8,ELB,Network load balancer
Finance-Systems,elb-024b230,2026-06,702.1,0.0,29254231,212.97,ELB,Application load balancer
Customer-Portal,i-0293489,2026-06,639.1,0.0,0,2215.4,EC2,r5.2xlarge database server
Customer-Portal,vpn-08e8844,2026-06,1241.6,0.0,0,314.72,VPN Gateway,Client VPN endpoint
Mobile-Backend,sqs-114d103,2026-06,0.0,0.0,322661,0.16,SQS,Dead letter queue
Marketing-Platform,rds-03ee310,2026-06,451.3,125.4,0,532.78,RDS,db.t3.medium MySQL staging
Security-Ops,lam-0d8c482,2026-06,0.0,0.0,27648137,193.53,Lambda,Data transformer
Internal-Tools,s3-0b89139,2026-06,0.0,3794.2,6070657,276.97,S3,Media content bucket
Marketing-Platform,sm-0a87882,2026-06,0.0,0.0,991648,3.97,Secrets Manager,Application secrets
Internal-Tools,cf-055f727,2026-06,0.0,0.0,137602642,688.01,CloudFront,CDN media distribution
Edge-Network,rds-031c544,2026-06,547.5,380.2,0,1406.65,RDS,db.r5.xlarge PostgreSQL primary
Security-Ops,s3-0d81273,2026-06,0.0,5879.1,9406568,429.17,S3,Media content bucket
Compliance-Audit,sns-039a143,2026-06,0.0,0.0,16698165,8.35,SNS,Event fanout topic
DevOps-Central,r53-0d09187,2026-06,0.0,0.0,7582152,11.38,Route 53,Health checks
Production-Main,i-0cdb323,2026-06,577.7,0.0,0,2002.6,EC2,m5.2xlarge batch processor
Marketing-Platform,rs-10ad805,2026-06,0.0,0.0,6083708,304.18,Redshift,Spectrum queries
Security-Ops,sqs-105a137,2026-06,0.0,0.0,50466309,25.24,SQS,Event notification queue
Shared-Services,ec-0919815,2026-06,801.2,0.0,0,288.41,ElastiCache,Redis staging cluster
Partner-Integration,sm-0516935,2026-06,0.0,0.0,1235982,4.94,Secrets Manager,Application secrets
Customer-Portal,s3-1138674,2026-06,0.0,21050.2,4210056,736.76,S3,Data lake raw zone
Edge-Network,s3-0fd4667,2026-06,0.0,59.1,29523044,191.89,S3,Static website hosting
ML-Training,lam-0702545,2026-06,0.0,0.0,47574352,330.65,Lambda,API gateway handler
Data-Science,i-05ef571,2026-06,514.1,0.0,0,1782.02,EC2,m5.2xlarge batch processor
QA-Testing,lam-03de810,2026-06,0.0,0.0,4370880,30.81,Lambda,Image resizer
Internal-Tools,rds-0635463,2026-06,858.5,1192.4,0,3815.52,RDS,db.r5.2xlarge Aurora cluster
Production-Main,cf-0dd5490,2026-06,0.0,0.0,34061042,170.3,CloudFront,CDN API distribution
Customer-Portal,ses-084a395,2026-06,0.0,0.0,770345,0.93,SES,Marketing email
Partner-Integration,rds-08e0524,2026-06,784.1,544.5,0,1551.83,RDS,db.r5.large PostgreSQL replica
Security-Ops,s3-0cf8570,2026-06,0.0,17235.8,3447153,603.25,S3,Data lake raw zone
Customer-Portal,i-10b9488,2026-06,603.5,0.0,0,2092.02,EC2,r5.2xlarge database server
Customer-Portal,i-0c96590,2026-06,574.5,0.0,0,41.93,EC2,t3.micro bastion host
Compliance-Audit,rds-053c805,2026-06,924.8,642.2,0,1830.32,RDS,db.r5.large PostgreSQL replica
Marketing-Platform,rds-0f2b947,2026-06,438.5,121.9,0,517.7,RDS,db.t3.medium MySQL staging
Marketing-Platform,sns-01d8631,2026-06,0.0,0.0,27264763,13.63,SNS,Event fanout topic
Marketing-Platform,vpn-01d4232,2026-06,891.0,0.0,0,451.67,VPN Gateway,Site-to-site VPN
Partner-Integration,sm-0a9b348,2026-06,0.0,0.0,1490765,5.97,Secrets Manager,Application secrets
Internal-Tools,sqs-072f342,2026-06,0.0,0.0,52065739,26.03,SQS,Order processing queue
Customer-Portal,elb-0b22743,2026-06,736.0,0.0,30667744,223.26,ELB,Application load balancer
Internal-Tools,rds-0b14107,2026-06,501.7,557.3,0,1170.43,RDS,db.m5.xlarge analytics DB
Customer-Portal,vpn-0e20680,2026-06,851.9,0.0,0,215.94,VPN Gateway,Client VPN endpoint
Customer-Portal,i-0473915,2026-06,629.7,0.0,0,909.48,EC2,c5.xlarge compute worker
Marketing-Platform,sqs-06a7298,2026-06,0.0,0.0,59199616,29.6,SQS,Order processing queue
Internal-Tools,s3-0b0b520,2026-06,0.0,37.0,18499881,120.25,S3,Static website hosting
Compliance-Audit,s3-045c748,2026-06,0.0,13672.9,2734574,478.55,S3,Data lake raw zone
Security-Ops,ec-0f25929,2026-06,530.0,0.0,0,190.8,ElastiCache,Redis staging cluster
Production-Main,lam-06c3822,2026-06,0.0,0.0,34045007,238.32,Lambda,Data transformer
Customer-Portal,ses-0dea201,2026-06,0.0,0.0,614905,0.74,SES,Marketing email
Internal-Tools,s3-066e839,2026-06,0.0,3938.9,6302151,287.53,S3,Media content bucket
Marketing-Platform,r53-05f2407,2026-06,0.0,0.0,53810223,80.71,Route 53,DNS hosting
Marketing-Platform,i-0c79279,2026-06,614.6,0.0,0,2130.75,EC2,r5.2xlarge database server
Partner-Integration,r53-03d8284,2026-06,0.0,0.0,65183788,97.78,Route 53,DNS hosting
Production-Main,lam-04a5904,2026-06,0.0,0.0,31268250,218.88,Lambda,Data transformer
Mobile-Backend,ebs-0b07495,2026-06,0.0,3258.0,0,146.62,EBS,st1 volumes archive
Finance-Systems,elb-0eae911,2026-06,712.9,0.0,29702854,216.24,ELB,Application load balancer
Production-Main,kin-09ce928,2026-06,634.0,0.0,17611059,257.12,Kinesis,Firehose delivery
Shared-Services,rds-0a3f668,2026-06,576.7,800.9,0,2562.98,RDS,db.r5.2xlarge Aurora cluster
Security-Ops,nat-0d72337,2026-06,750.1,0.0,0,171.1,NAT Gateway,Staging VPC NAT
Compliance-Audit,s3-038b490,2026-06,0.0,12441.3,2488250,435.44,S3,Data lake raw zone
QA-Testing,elb-0c75777,2026-06,650.0,0.0,9027824,131.44,ELB,Classic load balancer
ML-Training,eks-036e675,2026-06,430.2,0.0,0,1290.63,EKS,Staging K8s cluster
Marketing-Platform,rds-0ae5139,2026-06,370.8,103.0,0,437.76,RDS,db.t3.medium MySQL staging
Customer-Portal,s3-05ee685,2026-06,0.0,17581.4,3516293,615.35,S3,Data lake raw zone
Internal-Tools,cf-0823451,2026-06,0.0,0.0,133957206,669.78,CloudFront,CDN media distribution
DevOps-Central,kin-0e6b990,2026-06,862.3,0.0,23954260,349.74,Kinesis,Firehose delivery
Data-Science,rds-0af2839,2026-06,905.6,628.8,0,2326.67,RDS,db.r5.xlarge PostgreSQL primary
Finance-Systems,elb-0c7f397,2026-06,631.1,0.0,8764361,127.61,ELB,Classic load balancer
Partner-Integration,elb-10fd576,2026-06,891.0,0.0,12375760,180.18,ELB,Classic load balancer
Production-Secondary,ecs-0072782,2026-06,379.8,0.0,0,693.13,ECS,Fargate worker cluster
Production-Main,i-088c201,2026-06,995.3,0.0,0,72.66,EC2,t3.micro bastion host
Marketing-Platform,ddb-0bd3653,2026-06,599.7,41.7,66634532,468.52,DynamoDB,Session store table
Compliance-Audit,s3-0a41751,2026-06,0.0,578.9,1157913,50.65,S3,Artifact storage
Internal-Tools,rds-02c6302,2026-06,813.5,1129.9,0,3615.6,RDS,db.r5.2xlarge Aurora cluster
Edge-Network,ebs-118e723,2026-06,0.0,639.9,0,79.98,EBS,gp3 volumes production
Security-Ops,ecs-0c7d446,2026-06,641.9,0.0,0,1171.39,ECS,Fargate API cluster
Compliance-Audit,vpn-0870914,2026-06,907.7,0.0,0,230.1,VPN Gateway,Client VPN endpoint
Security-Ops,ecs-0f17873,2026-06,190.0,0.0,0,346.8,ECS,Fargate batch cluster
Shared-Services,r53-07dc433,2026-06,0.0,0.0,74983005,112.47,Route 53,DNS hosting
Data-Science,rds-10d2290,2026-06,825.2,572.9,0,2120.32,RDS,db.r5.xlarge PostgreSQL primary
Compliance-Audit,i-06f6166,2026-06,732.1,0.0,0,634.53,EC2,m5.large monitoring server
Edge-Network,lam-032b472,2026-06,0.0,0.0,21965612,153.76,Lambda,Data transformer
Partner-Integration,rs-0c70645,2026-06,765.5,2126.4,0,3880.72,Redshift,Data warehouse cluster
ML-Training,rds-0485498,2026-06,641.4,712.7,0,1496.61,RDS,db.m5.xlarge analytics DB
QA-Testing,lam-08bd801,2026-06,0.0,0.0,3323409,23.27,Lambda,Webhook processor
Data-Science,i-064e209,2026-06,814.0,0.0,0,706.02,EC2,t3.large application server
Production-Main,lam-0858407,2026-06,0.0,0.0,5367840,37.58,Lambda,Notification dispatcher
Security-Ops,ecs-0882716,2026-06,190.1,0.0,0,347.11,ECS,Fargate batch cluster
Data-Science,i-0b3c554,2026-06,372.8,0.0,0,1081.34,EC2,c5.2xlarge HPC node
Partner-Integration,rs-0902323,2026-06,0.0,0.0,5493785,274.69,Redshift,Spectrum queries
Shared-Services,ebs-086f615,2026-06,0.0,550.6,0,344.11,EBS,io2 volumes database
Internal-Tools,elb-0520569,2026-06,1146.1,0.0,15918896,231.78,ELB,Classic load balancer
QA-Testing,lam-0e28351,2026-06,0.0,0.0,4501908,31.73,Lambda,Image resizer
Production-Secondary,r53-0e6c250,2026-06,0.0,0.0,8698141,13.05,Route 53,Health checks
Shared-Services,nat-0d10205,2026-06,606.4,0.0,0,138.34,NAT Gateway,Staging VPC NAT
ML-Training,rds-0b52197,2026-06,636.1,706.8,0,1484.27,RDS,db.m5.xlarge analytics DB
Partner-Integration,ddb-03d4797,2026-06,564.4,39.2,62709692,440.93,DynamoDB,Session store table
Finance-Systems,s3-0243583,2026-06,0.0,69.5,34757401,225.92,S3,Static website hosting
Partner-Integration,kin-1069401,2026-06,892.3,0.0,37180155,542.83,Kinesis,Data stream ingestion
Production-Main,kin-0ab3175,2026-06,729.5,0.0,30395440,443.77,Kinesis,Data stream ingestion
Marketing-Platform,sqs-01dc694,2026-06,0.0,0.0,55713295,27.86,SQS,Order processing queue
Customer-Portal,ebs-0da4750,2026-06,0.0,549.7,0,343.53,EBS,io2 volumes database
QA-Testing,lam-0e97658,2026-06,0.0,0.0,3394509,23.76,Lambda,Webhook processor
Edge-Network,kin-0317180,2026-06,546.1,0.0,15170359,221.49,Kinesis,Firehose delivery
Shared-Services,r53-0198426,2026-06,0.0,0.0,8571771,12.86,Route 53,Health checks
Internal-Tools,sqs-02ad468,2026-06,0.0,0.0,37605139,18.8,SQS,Event notification queue
Internal-Tools,ses-0971417,2026-06,0.0,0.0,2947165,3.54,SES,Transactional email
Internal-Tools,sqs-0595574,2026-06,0.0,0.0,54204309,27.1,SQS,Order processing queue
Data-Science,i-0e57691,2026-06,345.0,0.0,0,1000.84,EC2,c5.2xlarge HPC node
Partner-Integration,sm-04a9467,2026-06,0.0,0.0,1294997,5.18,Secrets Manager,Application secrets
Partner-Integration,ec-10a3752,2026-06,460.4,0.0,0,165.72,ElastiCache,Redis staging cluster
Production-Main,s3-09f4341,2026-06,0.0,10360.0,647497,259.0,S3,Log archive bucket
Production-Secondary,i-007c627,2026-06,546.7,0.0,0,947.68,EC2,r5.xlarge cache server
Customer-Portal,ses-071f490,2026-06,0.0,0.0,692009,0.83,SES,Marketing email
Compliance-Audit,sm-10f2477,2026-06,0.0,0.0,1373288,5.49,Secrets Manager,Application secrets
Internal-Tools,ebs-0f72121,2026-06,0.0,1487.0,0,185.88,EBS,gp3 volumes production
Security-Ops,ecs-0d3c531,2026-06,500.1,0.0,0,912.67,ECS,Fargate API cluster
Shared-Services,r53-0ff4269,2026-06,0.0,0.0,66611420,99.91,Route 53,DNS hosting
ML-Training,ebs-05fc988,2026-06,0.0,4127.9,0,185.76,EBS,st1 volumes archive
QA-Testing,lam-0998741,2026-06,0.0,0.0,4286681,30.22,Lambda,Image resizer
Customer-Portal,elb-0aee879,2026-06,767.1,0.0,31960949,232.68,ELB,Application load balancer
Security-Ops,ecs-018d725,2026-06,496.3,0.0,0,905.81,ECS,Fargate worker cluster
Compliance-Audit,nat-037e195,2026-06,541.8,0.0,0,123.6,NAT Gateway,Dev VPC NAT
Partner-Integration,sm-09ef617,2026-06,0.0,0.0,1515950,6.07,Secrets Manager,Application secrets
Internal-Tools,ddb-0a2f287,2026-06,834.2,57.9,92682416,651.68,DynamoDB,Session store table
Internal-Tools,rds-02c2514,2026-06,620.9,689.8,0,1448.66,RDS,db.m5.xlarge analytics DB
Compliance-Audit,ec-0fb1705,2026-06,712.5,0.0,0,512.95,ElastiCache,Redis production cluster
Shared-Services,ec-0d88472,2026-06,798.4,0.0,0,287.39,ElastiCache,Redis staging cluster
Compliance-Audit,ses-0627154,2026-06,0.0,0.0,1705082,2.05,SES,Transactional email
Production-Main,r53-0013324,2026-06,0.0,0.0,59085668,88.63,Route 53,DNS hosting
Internal-Tools,rds-0877129,2026-06,835.7,580.3,0,1653.93,RDS,db.r5.large PostgreSQL replica
Production-Main,lam-0007733,2026-06,0.0,0.0,1280583,9.6,Lambda,Cron job runner
Production-Main,s3-0dd8940,2026-06,0.0,48.4,24201087,157.3,S3,Static website hosting
Security-Ops,ebs-0187240,2026-06,0.0,4172.0,0,187.74,EBS,st1 volumes archive
Security-Ops,ecs-05f8138,2026-06,562.6,0.0,0,1026.71,ECS,Fargate API cluster
Customer-Portal,ses-0aec941,2026-06,0.0,0.0,885481,1.07,SES,Marketing email
Security-Ops,ecs-0ef6702,2026-06,559.3,0.0,0,1020.6,ECS,Fargate API cluster
Edge-Network,s3-09b2918,2026-06,0.0,12681.0,126809,291.67,S3,Backup storage bucket
Edge-Network,s3-0cf5556,2026-06,0.0,64.4,32203124,209.31,S3,Static website hosting
Production-Main,i-0a20226,2026-06,670.5,0.0,0,2324.05,EC2,m5.2xlarge batch processor
Data-Science,i-0a5b952,2026-06,704.1,0.0,0,610.17,EC2,m5.large monitoring server
Shared-Services,r53-059e889,2026-06,0.0,0.0,68988165,103.48,Route 53,DNS hosting
Compliance-Audit,i-03a0994,2026-06,734.9,0.0,0,636.92,EC2,m5.large monitoring server
Compliance-Audit,rds-1171475,2026-06,1056.7,733.8,0,2091.29,RDS,db.r5.large PostgreSQL replica
Internal-Tools,nat-042b155,2026-06,551.8,0.0,0,125.88,NAT Gateway,Dev VPC NAT
Production-Secondary,r53-114c994,2026-06,0.0,0.0,8012816,12.02,Route 53,Health checks
Security-Ops,sns-0188907,2026-06,0.0,0.0,9070544,4.54,SNS,Alert notifications
DevOps-Central,ec-1079988,2026-06,728.3,0.0,0,524.36,ElastiCache,Redis production cluster
ML-Training,ebs-0b24521,2026-06,0.0,4753.1,0,213.89,EBS,st1 volumes archive
Shared-Services,r53-0619259,2026-06,0.0,0.0,9048428,13.58,Route 53,Health checks
Compliance-Audit,sm-0632353,2026-06,0.0,0.0,1088670,4.35,Secrets Manager,Application secrets
Edge-Network,i-1150768,2026-06,707.7,0.0,0,2453.55,EC2,r5.2xlarge database server
Security-Ops,s3-0181856,2026-06,0.0,5959.9,9535852,435.07,S3,Media content bucket
Data-Science,i-0dfc213,2026-06,507.8,0.0,0,1759.93,EC2,m5.2xlarge batch processor
Marketing-Platform,i-01e9479,2026-06,569.9,0.0,0,1975.67,EC2,r5.2xlarge database server
Internal-Tools,s3-0a63927,2026-06,0.0,6709.9,419363,167.74,S3,Log archive bucket
Production-Secondary,ec-0078540,2026-06,648.6,0.0,0,467.0,ElastiCache,Redis production cluster
Internal-Tools,sqs-0c61528,2026-06,0.0,0.0,49680585,24.84,SQS,Order processing queue
Internal-Tools,sqs-1152733,2026-06,0.0,0.0,50166062,25.08,SQS,Order processing queue
Edge-Network,rds-031d726,2026-06,562.5,390.6,0,1113.2,RDS,db.r5.large PostgreSQL replica
Finance-Systems,s3-0879414,2026-06,0.0,9736.9,608555,243.42,S3,Log archive bucket
QA-Testing,sm-09d2871,2026-06,0.0,0.0,704311,2.82,Secrets Manager,Application secrets
Internal-Tools,s3-0c64538,2026-06,0.0,4005.5,6408723,292.4,S3,Media content bucket
Marketing-Platform,i-01ea208,2026-06,763.5,0.0,0,331.14,EC2,t3.medium API server
DevOps-Central,ddb-1093975,2026-06,954.8,13.2,6630576,116.03,DynamoDB,Config store table
Customer-Portal,vpn-0c12742,2026-06,1253.2,0.0,0,317.65,VPN Gateway,Client VPN endpoint
Production-Main,kin-001b193,2026-06,760.8,0.0,31700052,462.82,Kinesis,Data stream ingestion
Production-Secondary,s3-0963950,2026-06,0.0,1069.9,2139797,93.61,S3,Artifact storage
Internal-Tools,cf-08a2303,2026-06,0.0,0.0,101743298,508.72,CloudFront,CDN web distribution
ML-Training,ec-0549300,2026-06,1080.4,0.0,0,777.91,ElastiCache,Redis production cluster
Compliance-Audit,s3-04df487,2026-06,0.0,2320.6,13923365,580.14,S3,Production asset storage
ML-Training,i-04f5359,2026-06,804.3,0.0,0,697.01,EC2,m5.large monitoring server
ML-Training,rds-0a96205,2026-06,569.3,632.6,0,1328.45,RDS,db.m5.xlarge analytics DB
ML-Training,r53-0371230,2026-06,0.0,0.0,11819489,17.73,Route 53,Health checks
Marketing-Platform,rds-0657267,2026-06,447.8,124.4,0,528.6,RDS,db.t3.medium MySQL staging
Marketing-Platform,rds-10d6482,2026-06,628.0,174.4,0,566.92,RDS,db.t3.large development DB
ML-Training,r53-05ab480,2026-06,0.0,0.0,13247675,19.87,Route 53,Health checks
Marketing-Platform,sm-0b4d765,2026-06,0.0,0.0,1085383,4.35,Secrets Manager,Application secrets
Marketing-Platform,rds-07a0415,2026-06,453.2,125.9,0,535.03,RDS,db.t3.medium MySQL staging
Edge-Network,s3-08f1673,2026-06,0.0,1075.9,2151933,94.14,S3,Artifact storage
ML-Training,rs-072c560,2026-06,0.0,0.0,4381546,219.08,Redshift,Spectrum queries
Internal-Tools,s3-02bd407,2026-06,0.0,7385.9,461618,184.65,S3,Log archive bucket
ML-Training,ebs-0974587,2026-06,0.0,707.3,0,442.01,EBS,io2 volumes database
Customer-Portal,i-0930835,2026-06,544.8,0.0,0,39.76,EC2,t3.micro bastion host
Security-Ops,s3-0771322,2026-06,0.0,19577.4,3915473,685.2,S3,Data lake raw zone
Data-Science,i-0d23982,2026-06,392.0,0.0,0,1136.65,EC2,c5.2xlarge HPC node
Finance-Systems,s3-08dd455,2026-06,0.0,5239.5,8383207,382.49,S3,Media content bucket
Compliance-Audit,ses-0592338,2026-06,0.0,0.0,1646803,1.98,SES,Transactional email
Internal-Tools,ec-0eb3410,2026-06,544.6,0.0,0,392.03,ElastiCache,Redis production cluster
Internal-Tools,s3-09aa761,2026-06,0.0,37.0,18531881,120.46,S3,Static website hosting
Compliance-Audit,sm-1017804,2026-06,0.0,0.0,1095276,4.38,Secrets Manager,Application secrets
Compliance-Audit,elb-0f00262,2026-06,778.2,0.0,32423585,236.04,ELB,Application load balancer
Production-Main,sns-0c8c772,2026-06,0.0,0.0,7236181,3.61,SNS,Alert notifications
Shared-Services,rds-0f6e315,2026-06,708.2,196.7,0,639.31,RDS,db.t3.large development DB
Customer-Portal,elb-0525461,2026-06,768.9,0.0,32036242,233.23,ELB,Application load balancer
Data-Science,i-013b699,2026-06,818.7,0.0,0,1182.5,EC2,c5.xlarge compute worker
QA-Testing,lam-05b6672,2026-06,0.0,0.0,3352701,23.47,Lambda,Webhook processor
QA-Testing,ses-08a5385,2026-06,0.0,0.0,2570857,3.09,SES,Transactional email
Shared-Services,rds-0cda288,2026-06,546.6,151.8,0,493.4,RDS,db.t3.large development DB
Edge-Network,ebs-0b4e168,2026-06,0.0,179.4,0,22.42,EBS,gp3 volumes staging
Partner-Integration,sqs-0bf2947,2026-06,0.0,0.0,427301,0.22,SQS,Dead letter queue
Finance-Systems,vpn-1134255,2026-06,1016.7,0.0,0,257.69,VPN Gateway,Client VPN endpoint
Customer-Portal,vpn-0a09478,2026-06,1084.8,0.0,0,274.96,VPN Gateway,Client VPN endpoint
Production-Main,ecs-0de7751,2026-06,316.0,0.0,0,576.71,ECS,Fargate batch cluster
Edge-Network,ebs-0313368,2026-06,0.0,747.3,0,93.41,EBS,gp3 volumes production
Data-Science,eks-0916603,2026-06,431.7,0.0,0,1295.1,EKS,Staging K8s cluster
Marketing-Platform,rs-08d1200,2026-06,0.0,0.0,5891877,294.59,Redshift,Spectrum queries
Compliance-Audit,ses-08e6753,2026-06,0.0,0.0,1551625,1.87,SES,Transactional email
Finance-Systems,elb-06a1968,2026-06,851.7,0.0,59151603,369.1,ELB,Network load balancer
Finance-Systems,s3-0ead914,2026-06,0.0,1149.1,2298028,100.55,S3,Artifact storage
QA-Testing,vpn-03e6329,2026-06,513.6,0.0,0,130.19,VPN Gateway,Client VPN endpoint
Compliance-Audit,vpn-0e3e760,2026-06,782.2,0.0,0,198.29,VPN Gateway,Client VPN endpoint
Compliance-Audit,i-039d669,2026-06,547.9,0.0,0,791.36,EC2,c5.xlarge compute worker
QA-Testing,ebs-03ec526,2026-06,0.0,1182.8,0,147.85,EBS,gp3 volumes production
Production-Main,sns-101d656,2026-06,0.0,0.0,7448581,3.72,SNS,Alert notifications
Compliance-Audit,ses-0b1f287,2026-06,0.0,0.0,1915233,2.3,SES,Transactional email
Production-Main,lam-0d54228,2026-06,0.0,0.0,5170668,36.2,Lambda,Notification dispatcher
Compliance-Audit,rds-0397974,2026-06,351.5,97.6,0,414.95,RDS,db.t3.medium MySQL staging
Edge-Network,ebs-0461141,2026-06,0.0,134.9,0,16.87,EBS,gp3 volumes staging
Production-Secondary,elb-0e5b461,2026-06,571.5,0.0,39685080,247.64,ELB,Network load balancer
Production-Main,i-10f4869,2026-06,419.9,0.0,0,1217.63,EC2,c5.2xlarge HPC node
Internal-Tools,lam-03ef109,2026-06,0.0,0.0,1329841,9.98,Lambda,Cron job runner
Mobile-Backend,ebs-0d37236,2026-06,0.0,4322.1,0,194.51,EBS,st1 volumes archive
Internal-Tools,s3-09d0481,2026-06,0.0,6466.9,404178,161.67,S3,Log archive bucket
Partner-Integration,rs-04b3252,2026-06,0.0,0.0,5083312,254.17,Redshift,Spectrum queries
Data-Science,rds-0bc7339,2026-06,878.0,609.6,0,2255.94,RDS,db.r5.xlarge PostgreSQL primary
Compliance-Audit,rds-0d85584,2026-06,314.5,87.3,0,371.19,RDS,db.t3.medium MySQL staging
Edge-Network,sns-1054312,2026-06,0.0,0.0,12458383,6.23,SNS,Alert notifications
Production-Main,r53-0886456,2026-06,0.0,0.0,13975296,20.97,Route 53,Health checks
Security-Ops,ebs-0436210,2026-06,0.0,726.0,0,453.76,EBS,io2 volumes database
Partner-Integration,cf-0b62712,2026-06,0.0,0.0,42768185,213.84,CloudFront,CDN API distribution
Security-Ops,nat-017e771,2026-06,660.4,0.0,0,150.64,NAT Gateway,Staging VPC NAT
Edge-Network,sns-0f3e442,2026-06,0.0,0.0,10173771,5.09,SNS,Alert notifications
Data-Science,i-0137554,2026-06,751.1,0.0,0,651.47,EC2,t3.large application server
QA-Testing,ebs-0df8926,2026-06,0.0,1263.1,0,157.89,EBS,gp3 volumes production
Compliance-Audit,s3-08f5280,2026-06,0.0,717.8,1435757,62.81,S3,Artifact storage
Marketing-Platform,i-0c1b224,2026-06,588.3,0.0,0,510.33,EC2,t3.large application server
Production-Secondary,elb-04bd339,2026-06,537.4,0.0,37318547,232.87,ELB,Network load balancer
Edge-Network,s3-04f7382,2026-06,0.0,1087.6,2175323,95.16,S3,Artifact storage
Internal-Tools,cf-02b2509,2026-06,0.0,0.0,140907639,704.54,CloudFront,CDN media distribution
Customer-Portal,cf-028c709,2026-06,0.0,0.0,45188226,225.94,CloudFront,CDN API distribution
Customer-Portal,i-0e71663,2026-06,566.6,0.0,0,1964.15,EC2,r5.2xlarge database server
QA-Testing,lam-043c899,2026-06,0.0,0.0,35656742,247.82,Lambda,API gateway handler
Compliance-Audit,i-0e5a884,2026-06,480.8,0.0,0,694.45,EC2,c5.xlarge compute worker
Partner-Integration,rs-0e5c348,2026-06,853.3,2370.4,0,4326.06,Redshift,Data warehouse cluster
Compliance-Audit,s3-07f4252,2026-06,0.0,746.3,1492744,65.3,S3,Artifact storage
ML-Training,r53-09f2874,2026-06,0.0,0.0,11752594,17.63,Route 53,Health checks
Security-Ops,ecs-0a3b167,2026-06,153.2,0.0,0,279.66,ECS,Fargate batch cluster
Data-Science,rds-04e4902,2026-06,569.8,158.4,0,514.5,RDS,db.t3.large development DB
Internal-Tools,ec-0d42588,2026-06,545.7,0.0,0,392.94,ElastiCache,Redis production cluster
Production-Secondary,r53-10a6788,2026-06,0.0,0.0,9683426,14.52,Route 53,Health checks
Partner-Integration,rds-05a0419,2026-06,410.9,114.1,0,484.99,RDS,db.t3.medium MySQL staging
Internal-Tools,vpn-0557720,2026-06,1073.6,0.0,0,544.25,VPN Gateway,Site-to-site VPN
Internal-Tools,s3-02c0211,2026-06,0.0,4700.8,7521236,343.16,S3,Media content bucket
Compliance-Audit,rs-0e67494,2026-06,660.6,1834.9,0,3348.67,Redshift,Data warehouse cluster
Partner-Integration,rs-08ef216,2026-06,775.3,2153.6,0,3930.41,Redshift,Data warehouse cluster
Customer-Portal,i-0291352,2026-06,652.9,0.0,0,943.04,EC2,c5.xlarge compute worker
Edge-Network,i-0435944,2026-06,750.3,0.0,0,1300.5,EC2,r5.xlarge cache server
Production-Secondary,r53-0754776,2026-06,0.0,0.0,9509240,14.26,Route 53,Health checks
Edge-Network,elb-0c8a626,2026-06,738.7,0.0,10258946,149.37,ELB,Classic load balancer
Compliance-Audit,s3-0722468,2026-06,0.0,661.5,1323069,57.88,S3,Artifact storage
ML-Training,r53-0581711,2026-06,0.0,0.0,12876026,19.31,Route 53,Health checks
Internal-Tools,elb-0aed112,2026-06,1085.9,0.0,15082394,219.61,ELB,Classic load balancer
Compliance-Audit,rds-0d18388,2026-06,309.5,85.9,0,365.37,RDS,db.t3.medium MySQL staging
Data-Science,i-05bc939,2026-06,685.4,0.0,0,594.02,EC2,m5.large monitoring server
Marketing-Platform,i-1182333,2026-06,535.5,0.0,0,1553.01,EC2,c5.2xlarge HPC node
Production-Secondary,ecs-0074667,2026-06,285.1,0.0,0,520.36,ECS,Fargate batch cluster
Security-Ops,sqs-0194667,2026-06,0.0,0.0,65594093,32.8,SQS,Order processing queue
ML-Training,rs-0543817,2026-06,0.0,0.0,3939536,196.98,Redshift,Spectrum queries
Partner-Integration,eks-0912980,2026-06,407.4,0.0,0,1222.21,EKS,Staging K8s cluster
ML-Training,lam-0374425,2026-06,0.0,0.0,49647433,347.53,Lambda,Auth token validator
Internal-Tools,lam-0ab4217,2026-06,0.0,0.0,20279111,141.95,Lambda,Data transformer
Internal-Tools,s3-0e9b779,2026-06,0.0,3801.2,6081889,277.49,S3,Media content bucket
Mobile-Backend,kin-092c972,2026-06,854.5,0.0,23737027,346.56,Kinesis,Firehose delivery
Compliance-Audit,rds-075f423,2026-06,339.1,94.1,0,400.26,RDS,db.t3.medium MySQL staging
ML-Training,i-0da2988,2026-06,744.2,0.0,0,645.46,EC2,t3.large application server
Edge-Network,lam-0ff8208,2026-06,0.0,0.0,25384201,177.7,Lambda,Data transformer
QA-Testing,lam-058e428,2026-06,0.0,0.0,4038296,28.46,Lambda,Image resizer
Partner-Integration,elb-0be8163,2026-06,685.8,0.0,9525311,138.68,ELB,Classic load balancer
Compliance-Audit,s3-064c941,2026-06,0.0,13358.0,2671591,467.52,S3,Data lake raw zone
Data-Science,i-100c822,2026-06,526.4,0.0,0,912.37,EC2,r5.xlarge cache server
Finance-Systems,s3-0e8b782,2026-06,0.0,12335.5,2467097,431.74,S3,Data lake raw zone
Production-Secondary,sqs-09a9219,2026-06,0.0,0.0,28500327,14.25,SQS,Event notification queue
Internal-Tools,ec-05c5519,2026-06,454.0,0.0,0,326.84,ElastiCache,Redis production cluster
Partner-Integration,sqs-03d1971,2026-06,0.0,0.0,452917,0.23,SQS,Dead letter queue
Marketing-Platform,rds-01e1409,2026-06,827.5,1149.3,0,3677.87,RDS,db.r5.2xlarge Aurora cluster
Marketing-Platform,rds-0fcf531,2026-06,796.5,553.2,0,2046.67,RDS,db.r5.xlarge PostgreSQL primary
Edge-Network,s3-0935976,2026-06,0.0,1090.7,2181579,95.43,S3,Artifact storage
Production-Main,cf-0a48593,2026-06,0.0,0.0,30955557,154.77,CloudFront,CDN static assets
Compliance-Audit,s3-0cb2590,2026-06,0.0,45.5,22786752,148.11,S3,Static website hosting
Edge-Network,vpn-0d69869,2026-06,521.0,0.0,0,132.06,VPN Gateway,Client VPN endpoint
Shared-Services,nat-09a0830,2026-06,649.7,0.0,0,296.43,NAT Gateway,Production VPC NAT
Data-Science,i-10ab373,2026-06,470.7,0.0,0,815.89,EC2,r5.xlarge cache server
Partner-Integration,ddb-090c493,2026-06,644.8,9.0,4477481,78.36,DynamoDB,Config store table
DevOps-Central,ebs-0d66422,2026-06,0.0,407.6,0,254.71,EBS,io2 volumes database
ML-Training,ebs-08f8987,2026-06,0.0,564.9,0,353.05,EBS,io2 volumes database
Shared-Services,rds-0aa6904,2026-06,647.4,899.1,0,2877.07,RDS,db.r5.2xlarge Aurora cluster
Customer-Portal,vpn-06f0884,2026-06,1098.4,0.0,0,278.42,VPN Gateway,Client VPN endpoint
Compliance-Audit,s3-038a496,2026-06,0.0,9194.5,574653,229.86,S3,Log archive bucket
Compliance-Audit,rds-0ed7512,2026-06,304.4,84.5,0,359.24,RDS,db.t3.medium MySQL staging
QA-Testing,lam-03e2943,2026-06,0.0,0.0,816914,6.13,Lambda,Cron job runner
Shared-Services,rds-019e148,2026-06,655.8,182.2,0,592.02,RDS,db.t3.large development DB
Internal-Tools,lam-0f01981,2026-06,0.0,0.0,23612189,165.28,Lambda,Data transformer
ML-Training,rs-0d61874,2026-06,538.3,1495.4,0,2729.26,Redshift,Data warehouse cluster
Compliance-Audit,ses-1028890,2026-06,0.0,0.0,1563369,1.88,SES,Transactional email
Customer-Portal,vpn-0e79543,2026-06,1070.8,0.0,0,271.43,VPN Gateway,Client VPN endpoint
Customer-Portal,cf-0469288,2026-06,0.0,0.0,73871101,369.35,CloudFront,CDN web distribution
Customer-Portal,s3-0bb8451,2026-06,0.0,18540.6,3708134,648.92,S3,Data lake raw zone
Marketing-Platform,ec-0b95778,2026-06,734.8,0.0,0,529.02,ElastiCache,Redis production cluster
Production-Secondary,sqs-047b744,2026-06,0.0,0.0,23374841,11.69,SQS,Event notification queue
Finance-Systems,s3-0a35431,2026-06,0.0,8975.8,560992,224.39,S3,Log archive bucket
Finance-Systems,rds-06bf447,2026-06,628.8,873.4,0,2794.75,RDS,db.r5.2xlarge Aurora cluster
Partner-Integration,elb-06eb646,2026-06,793.8,0.0,11024653,160.51,ELB,Classic load balancer
ML-Training,ec-0b39148,2026-06,959.1,0.0,0,690.57,ElastiCache,Redis production cluster
Marketing-Platform,rds-0d63346,2026-06,464.0,129.0,0,547.76,RDS,db.t3.medium MySQL staging
Production-Secondary,ecs-0d99511,2026-06,264.9,0.0,0,483.32,ECS,Fargate batch cluster
Data-Science,i-0de8277,2026-06,403.2,0.0,0,1169.42,EC2,c5.2xlarge HPC node
QA-Testing,ses-03dc848,2026-06,0.0,0.0,2147295,2.58,SES,Transactional email
QA-Testing,elb-0f2f994,2026-06,861.2,0.0,35885770,261.25,ELB,Application load balancer
Marketing-Platform,r53-09a7690,2026-06,0.0,0.0,54430486,81.64,Route 53,DNS hosting
Production-Main,ecs-0bb5632,2026-06,335.2,0.0,0,611.71,ECS,Fargate worker cluster
Shared-Services,s3-085d679,2026-06,0.0,14694.2,2938848,514.3,S3,Data lake raw zone
Marketing-Platform,rds-07cb642,2026-06,678.3,188.4,0,612.37,RDS,db.t3.large development DB
Partner-Integration,cf-0cb6427,2026-06,0.0,0.0,41717039,208.58,CloudFront,CDN API distribution
Internal-Tools,cf-02b1760,2026-06,0.0,0.0,43770168,218.85,CloudFront,CDN API distribution
ML-Training,sqs-095c104,2026-06,0.0,0.0,530261,0.27,SQS,Dead letter queue
Security-Ops,lam-0776812,2026-06,0.0,0.0,4285867,30.22,Lambda,Image resizer
Marketing-Platform,lam-01ce578,2026-06,0.0,0.0,1100594,8.25,Lambda,Cron job runner
Internal-Tools,ec-0e42669,2026-06,514.5,0.0,0,370.42,ElastiCache,Redis production cluster
Production-Secondary,ecs-0e91146,2026-06,307.0,0.0,0,560.16,ECS,Fargate batch cluster
Edge-Network,ecs-0c11707,2026-06,307.0,0.0,0,560.23,ECS,Fargate worker cluster
Internal-Tools,lam-10f5761,2026-06,0.0,0.0,19474590,136.32,Lambda,Data transformer
DevOps-Central,ddb-09c2548,2026-06,587.1,81.6,122304739,917.28,DynamoDB,Cache table
Partner-Integration,elb-0a0e128,2026-06,559.7,0.0,7773189,113.17,ELB,Classic load balancer
Shared-Services,nat-01a4526,2026-06,625.2,0.0,0,285.27,NAT Gateway,Production VPC NAT
Marketing-Platform,nat-01e0885,2026-06,832.2,0.0,0,189.84,NAT Gateway,Dev VPC NAT
Production-Main,i-053d315,2026-06,743.9,0.0,0,54.3,EC2,t3.micro bastion host
Marketing-Platform,sm-0ed6873,2026-06,0.0,0.0,910481,3.64,Secrets Manager,Application secrets
Finance-Systems,s3-0247530,2026-06,0.0,9216.9,576058,230.42,S3,Log archive bucket
Internal-Tools,ec-066c806,2026-06,546.6,0.0,0,393.53,ElastiCache,Redis production cluster
Finance-Systems,rds-023f159,2026-06,734.2,815.8,0,1713.2,RDS,db.m5.xlarge analytics DB
Data-Science,rs-046b649,2026-06,703.5,1954.0,0,3566.17,Redshift,Data warehouse cluster
Edge-Network,sns-059b224,2026-06,0.0,0.0,13439744,6.72,SNS,Alert notifications
Edge-Network,s3-0318881,2026-06,0.0,16657.6,3331518,583.02,S3,Data lake raw zone
Customer-Portal,i-028d484,2026-06,512.5,0.0,0,1776.65,EC2,m5.2xlarge batch processor
Production-Main,lam-0642919,2026-06,0.0,0.0,31656168,221.6,Lambda,Data transformer
QA-Testing,lam-03e1413,2026-06,0.0,0.0,3157006,22.1,Lambda,Webhook processor
Security-Ops,ecs-0f75161,2026-06,569.9,0.0,0,1040.01,ECS,Fargate API cluster
Finance-Systems,s3-0c3b952,2026-06,0.0,10182.3,2036455,356.38,S3,Data lake raw zone
Customer-Portal,i-0290733,2026-06,547.2,0.0,0,39.94,EC2,t3.micro bastion host
Compliance-Audit,sns-0f94109,2026-06,0.0,0.0,14951032,7.47,SNS,Event fanout topic
Finance-Systems,elb-024c328,2026-06,870.8,0.0,60475034,377.36,ELB,Network load balancer
Finance-Systems,rds-023e525,2026-06,570.5,792.4,0,2535.56,RDS,db.r5.2xlarge Aurora cluster
Internal-Tools,eks-0690150,2026-06,551.3,0.0,0,1654.14,EKS,Staging K8s cluster
QA-Testing,elb-0980148,2026-06,779.1,0.0,32462068,236.32,ELB,Application load balancer
Internal-Tools,rds-0ec4795,2026-06,716.9,497.9,0,1841.93,RDS,db.r5.xlarge PostgreSQL primary
Compliance-Audit,i-0f6d336,2026-06,778.1,0.0,0,674.33,EC2,m5.large monitoring server
Data-Science,nat-0132859,2026-06,530.4,0.0,0,121.0,NAT Gateway,Staging VPC NAT
Production-Main,cf-0001263,2026-06,0.0,0.0,49246606,246.23,CloudFront,CDN API distribution
Data-Science,rds-04cc470,2026-06,661.3,183.8,0,597.07,RDS,db.t3.large development DB
Data-Science,ses-077c383,2026-06,0.0,0.0,418790,0.5,SES,Marketing email
Marketing-Platform,i-079f164,2026-06,675.9,0.0,0,1171.52,EC2,r5.xlarge cache server
QA-Testing,ec-06bd918,2026-06,821.2,0.0,0,591.23,ElastiCache,Redis production cluster
Data-Science,i-0859781,2026-06,342.2,0.0,0,992.62,EC2,c5.2xlarge HPC node
Edge-Network,ec-063c794,2026-06,758.1,0.0,0,545.83,ElastiCache,Redis production cluster
Internal-Tools,cf-0dbb199,2026-06,0.0,0.0,164394696,821.96,CloudFront,CDN media distribution
Edge-Network,ecs-09c1206,2026-06,303.0,0.0,0,552.86,ECS,Fargate worker cluster
Compliance-Audit,s3-08a7782,2026-06,0.0,11592.9,2318580,405.74,S3,Data lake raw zone
Compliance-Audit,s3-0c04431,2026-06,0.0,11744.3,2348851,411.04,S3,Data lake raw zone
Internal-Tools,ses-0dbe321,2026-06,0.0,0.0,2589166,3.11,SES,Transactional email
Data-Science,i-0a28926,2026-06,449.7,0.0,0,1558.88,EC2,m5.2xlarge batch processor
Internal-Tools,eks-02a6314,2026-06,489.6,0.0,0,1468.89,EKS,Staging K8s cluster
Shared-Services,cf-019a583,2026-06,0.0,0.0,161061278,805.31,CloudFront,CDN media distribution
Edge-Network,i-087e912,2026-06,723.8,0.0,0,1254.53,EC2,r5.xlarge cache server
Data-Science,i-0866884,2026-06,539.3,0.0,0,934.85,EC2,r5.xlarge cache server
Internal-Tools,ebs-0868993,2026-06,0.0,1411.8,0,176.47,EBS,gp3 volumes production
Mobile-Backend,kin-032d614,2026-06,691.9,0.0,28828971,420.9,Kinesis,Data stream ingestion
Partner-Integration,ecs-0c6a269,2026-06,511.3,0.0,0,933.21,ECS,Fargate API cluster
Compliance-Audit,s3-038c556,2026-06,0.0,47.9,23964529,155.77,S3,Static website hosting
Finance-Systems,s3-0244518,2026-06,0.0,10833.2,2166643,379.16,S3,Data lake raw zone
Edge-Network,ecs-031e824,2026-06,376.1,0.0,0,686.44,ECS,Fargate API cluster
Finance-Systems,s3-0f0f949,2026-06,0.0,5679.6,9087481,414.62,S3,Media content bucket
Customer-Portal,ses-0ddf126,2026-06,0.0,0.0,499965,0.6,SES,Marketing email
Compliance-Audit,i-08da194,2026-06,568.4,0.0,0,820.93,EC2,c5.xlarge compute worker
Marketing-Platform,lam-073d564,2026-06,0.0,0.0,16467480,115.27,Lambda,Data transformer
QA-Testing,lam-04bb141,2026-06,0.0,0.0,4946754,34.87,Lambda,Image resizer
Marketing-Platform,nat-08ce373,2026-06,575.3,0.0,0,131.26,NAT Gateway,Staging VPC NAT
Marketing-Platform,i-01ec560,2026-06,565.8,0.0,0,490.32,EC2,m5.large monitoring server
Security-Ops,s3-0183786,2026-06,0.0,765.4,1530834,66.97,S3,Artifact storage
Production-Main,lam-06d3145,2026-06,0.0,0.0,56023886,389.36,Lambda,API gateway handler
Shared-Services,ec-0c82412,2026-06,775.6,0.0,0,279.21,ElastiCache,Redis staging cluster
Security-Ops,ecs-0f85647,2026-06,486.1,0.0,0,887.25,ECS,Fargate worker cluster
Shared-Services,rds-084e637,2026-06,646.2,897.5,0,2871.98,RDS,db.r5.2xlarge Aurora cluster
Partner-Integration,elb-057a924,2026-06,669.9,0.0,9303309,135.45,ELB,Classic load balancer
Security-Ops,ecs-018b473,2026-06,175.3,0.0,0,320.0,ECS,Fargate batch cluster
Production-Main,lam-1011255,2026-06,0.0,0.0,29427124,206.0,Lambda,Data transformer
Data-Science,rds-074d478,2026-06,766.7,851.9,0,1789.09,RDS,db.m5.xlarge analytics DB
Shared-Services,r53-08c8350,2026-06,0.0,0.0,59808239,89.71,Route 53,DNS hosting
Production-Main,i-0df3860,2026-06,782.1,0.0,0,57.09,EC2,t3.micro bastion host
Production-Secondary,i-0574661,2026-06,1175.8,0.0,0,1019.8,EC2,t3.large application server
Shared-Services,nat-0e47148,2026-06,536.9,0.0,0,244.99,NAT Gateway,Production VPC NAT
Shared-Services,rds-0f7b881,2026-06,567.5,157.6,0,512.24,RDS,db.t3.large development DB
Mobile-Backend,sqs-0ec8187,2026-06,0.0,0.0,331734,0.17,SQS,Dead letter queue
Marketing-Platform,i-0c4b661,2026-06,577.6,0.0,0,1674.96,EC2,c5.2xlarge HPC node
Production-Main,i-0a7c855,2026-06,885.5,0.0,0,64.64,EC2,t3.micro bastion host
Security-Ops,ec-0478184,2026-06,550.3,0.0,0,198.14,ElastiCache,Redis staging cluster
DevOps-Central,ddb-0beb915,2026-06,1000.4,13.8,6947185,121.57,DynamoDB,Config store table
Marketing-Platform,rds-01e2924,2026-06,747.4,207.6,0,674.74,RDS,db.t3.large development DB
Marketing-Platform,sm-08bb419,2026-06,0.0,0.0,982483,3.93,Secrets Manager,Application secrets
Security-Ops,eks-0434972,2026-06,453.2,0.0,0,1359.61,EKS,Staging K8s cluster
ML-Training,eks-036f728,2026-06,853.6,0.0,0,2560.66,EKS,Production K8s cluster
Compliance-Audit,i-0fb9329,2026-06,559.9,0.0,0,485.28,EC2,m5.large monitoring server
Finance-Systems,s3-0d12329,2026-06,0.0,9212.2,1842433,322.42,S3,Data lake raw zone
Compliance-Audit,i-0de9629,2026-06,587.5,0.0,0,254.84,EC2,t3.medium API server
Finance-Systems,vpn-0a0f703,2026-06,618.9,0.0,0,313.75,VPN Gateway,Site-to-site VPN
Partner-Integration,sqs-0580884,2026-06,0.0,0.0,425689,0.22,SQS,Dead letter queue
Production-Main,i-0db9952,2026-06,952.3,0.0,0,412.98,EC2,t3.medium API server
DevOps-Central,ebs-07bd747,2026-06,0.0,471.9,0,294.9,EBS,io2 volumes database
Internal-Tools,s3-0529282,2026-06,0.0,3156.3,1578119,118.36,S3,Analytics export bucket
Finance-Systems,eks-0659376,2026-06,971.5,0.0,0,2914.44,EKS,Production K8s cluster
Partner-Integration,nat-03ce770,2026-06,957.4,0.0,0,218.41,NAT Gateway,Dev VPC NAT
Finance-Systems,vpn-0249799,2026-06,693.3,0.0,0,351.48,VPN Gateway,Site-to-site VPN
Edge-Network,nat-032a145,2026-06,760.4,0.0,0,173.48,NAT Gateway,Dev VPC NAT
Production-Secondary,i-0cb5459,2026-06,489.4,0.0,0,848.35,EC2,r5.xlarge cache server
Production-Secondary,r53-0629377,2026-06,0.0,0.0,9854645,14.78,Route 53,Health checks
Production-Main,lam-0e7f833,2026-06,0.0,0.0,33034259,231.24,Lambda,Data transformer
ML-Training,lam-0bf7821,2026-06,0.0,0.0,10988606,76.93,Lambda,Notification dispatcher
Internal-Tools,rds-0bc8856,2026-06,637.0,442.4,0,1636.72,RDS,db.r5.xlarge PostgreSQL primary
Data-Science,i-0945672,2026-06,457.4,0.0,0,1585.41,EC2,m5.2xlarge batch processor
Production-Main,s3-05ff747,2026-06,0.0,15242.7,3048545,533.49,S3,Data lake raw zone
Security-Ops,s3-0fee392,2026-06,0.0,6634.1,10614494,484.28,S3,Media content bucket
Internal-Tools,ec-0444818,2026-06,523.3,0.0,0,376.75,ElastiCache,Redis production cluster
Production-Secondary,r53-093c580,2026-06,0.0,0.0,8327446,12.49,Route 53,Health checks
Compliance-Audit,s3-0973601,2026-06,0.0,14112.8,2822534,493.94,S3,Data lake raw zone
Edge-Network,eks-10ea823,2026-06,668.5,0.0,0,2005.54,EKS,Production K8s cluster
Production-Main,i-106d831,2026-06,409.4,0.0,0,1187.14,EC2,c5.2xlarge HPC node
Internal-Tools,s3-0542610,2026-06,0.0,7018.7,70185,161.42,S3,Backup storage bucket
Edge-Network,lam-0fd2997,2026-06,0.0,0.0,24600645,172.21,Lambda,Data transformer
Compliance-Audit,i-039e433,2026-06,704.3,0.0,0,1220.73,EC2,r5.xlarge cache server
Production-Secondary,ec-09d7888,2026-06,884.5,0.0,0,318.43,ElastiCache,Redis staging cluster
ML-Training,ebs-0e30384,2026-06,0.0,658.5,0,82.3,EBS,gp3 volumes production
Edge-Network,s3-0484514,2026-06,0.0,1133.3,2266686,99.16,S3,Artifact storage
Customer-Portal,ses-0676835,2026-06,0.0,0.0,781024,0.94,SES,Marketing email
Security-Ops,s3-0184470,2026-06,0.0,49.8,24909611,161.91,S3,Static website hosting
Production-Secondary,i-1026374,2026-06,688.1,0.0,0,596.37,EC2,m5.large monitoring server
Compliance-Audit,i-039b844,2026-06,665.2,0.0,0,2305.87,EC2,r5.2xlarge database server
Finance-Systems,vpn-0248486,2026-06,942.3,0.0,0,238.84,VPN Gateway,Client VPN endpoint
Marketing-Platform,nat-083c511,2026-06,513.5,0.0,0,117.15,NAT Gateway,Staging VPC NAT
Compliance-Audit,sm-0382839,2026-06,0.0,0.0,1188037,4.75,Secrets Manager,Application secrets
Edge-Network,r53-0323539,2026-06,0.0,0.0,46725385,70.09,Route 53,DNS hosting
Internal-Tools,eks-0923427,2026-06,599.7,0.0,0,1799.36,EKS,Staging K8s cluster
Security-Ops,ec-018a285,2026-06,581.7,0.0,0,209.43,ElastiCache,Redis staging cluster
Compliance-Audit,rds-0b76559,2026-06,339.3,94.2,0,400.64,RDS,db.t3.medium MySQL staging
Production-Main,s3-0ab1484,2026-06,0.0,10502.6,656409,262.56,S3,Log archive bucket
Edge-Network,r53-0f4f980,2026-06,0.0,0.0,47204589,70.81,Route 53,DNS hosting
Partner-Integration,rds-08a3964,2026-06,830.6,576.8,0,1643.88,RDS,db.r5.large PostgreSQL replica
Partner-Integration,cf-052a323,2026-06,0.0,0.0,35828991,179.15,CloudFront,CDN API distribution
Edge-Network,ebs-041c946,2026-06,0.0,152.3,0,19.04,EBS,gp3 volumes staging
Compliance-Audit,rds-1110124,2026-06,839.1,932.4,0,1958.09,RDS,db.m5.xlarge analytics DB
Production-Secondary,i-0783728,2026-06,801.3,0.0,0,694.51,EC2,m5.large monitoring server
Security-Ops,ecs-079e707,2026-06,150.3,0.0,0,274.44,ECS,Fargate batch cluster
Edge-Network,sns-102d146,2026-06,0.0,0.0,12444083,6.22,SNS,Alert notifications
Production-Main,cf-0002448,2026-06,0.0,0.0,35660927,178.3,CloudFront,CDN static assets
Shared-Services,nat-0cf3375,2026-06,578.1,0.0,0,131.88,NAT Gateway,Staging VPC NAT
Production-Main,ebs-0db5569,2026-06,0.0,586.3,0,366.42,EBS,io2 volumes database
Partner-Integration,ddb-118f465,2026-06,995.2,138.3,207317075,1554.87,DynamoDB,Cache table
Marketing-Platform,vpn-06a4632,2026-06,832.4,0.0,0,210.98,VPN Gateway,Client VPN endpoint
Data-Science,nat-0f38347,2026-06,535.9,0.0,0,122.25,NAT Gateway,Staging VPC NAT
Production-Main,i-10a7273,2026-06,750.5,0.0,0,2601.36,EC2,m5.2xlarge batch processor
Finance-Systems,eks-0d6f989,2026-06,845.8,0.0,0,2537.41,EKS,Production K8s cluster
Customer-Portal,s3-10a8780,2026-06,0.0,18631.5,3726311,652.1,S3,Data lake raw zone
ML-Training,ebs-0720778,2026-06,0.0,634.0,0,396.2,EBS,io2 volumes database
Production-Secondary,i-007a915,2026-06,495.0,0.0,0,1435.47,EC2,c5.2xlarge HPC node
Security-Ops,lam-017c772,2026-06,0.0,0.0,54297610,377.37,Lambda,API gateway handler
QA-Testing,ec-049e465,2026-06,777.9,0.0,0,560.06,ElastiCache,Redis production cluster
Security-Ops,ecs-0a46735,2026-06,171.7,0.0,0,313.35,ECS,Fargate batch cluster
Shared-Services,ecs-09cb472,2026-06,237.9,0.0,0,434.15,ECS,Fargate worker cluster
Security-Ops,ecs-0feb605,2026-06,518.1,0.0,0,945.38,ECS,Fargate API cluster
Data-Science,rds-0532882,2026-06,770.0,534.7,0,1978.45,RDS,db.r5.xlarge PostgreSQL primary
Compliance-Audit,rs-0380544,2026-06,587.2,1631.0,0,2976.57,Redshift,Data warehouse cluster
Data-Science,rs-0bae486,2026-06,676.9,1880.2,0,3431.39,Redshift,Data warehouse cluster
Finance-Systems,s3-04d8321,2026-06,0.0,12286.8,2457354,430.03,S3,Data lake raw zone
Compliance-Audit,rs-0584267,2026-06,0.0,0.0,4851455,242.57,Redshift,Spectrum queries
Data-Science,i-013f540,2026-06,758.8,0.0,0,55.39,EC2,t3.micro bastion host
Security-Ops,ebs-0f08503,2026-06,0.0,4073.0,0,183.28,EBS,st1 volumes archive
QA-Testing,lam-04fb414,2026-06,0.0,0.0,4048017,28.53,Lambda,Image resizer
Internal-Tools,ses-0480175,2026-06,0.0,0.0,548377,0.65,SES,Marketing email
Internal-Tools,rds-0a58813,2026-06,792.3,1100.5,0,3521.41,RDS,db.r5.2xlarge Aurora cluster
Production-Secondary,elb-0081586,2026-06,627.4,0.0,26141693,190.31,ELB,Application load balancer
Production-Main,lam-0f15914,2026-06,0.0,0.0,39210703,274.48,Lambda,Data transformer
Production-Secondary,sqs-0c78882,2026-06,0.0,0.0,29343527,14.68,SQS,Event notification queue
Internal-Tools,cf-02b3439,2026-06,0.0,0.0,117025262,585.13,CloudFront,CDN web distribution
Marketing-Platform,ddb-099f108,2026-06,603.1,41.9,67013217,471.19,DynamoDB,Session store table
Security-Ops,ebs-0b88756,2026-06,0.0,624.6,0,390.39,EBS,io2 volumes database
Compliance-Audit,ec-1085586,2026-06,576.8,0.0,0,415.29,ElastiCache,Redis production cluster
Compliance-Audit,rds-0395341,2026-06,792.6,550.5,0,2036.67,RDS,db.r5.xlarge PostgreSQL primary
DevOps-Central,kin-1047535,2026-06,1033.8,0.0,28716264,419.27,Kinesis,Firehose delivery
Production-Main,i-10be601,2026-06,616.4,0.0,0,44.99,EC2,t3.micro bastion host
ML-Training,rds-06bb423,2026-06,684.7,760.8,0,1597.62,RDS,db.m5.xlarge analytics DB
Edge-Network,s3-061c989,2026-06,0.0,1226.8,2453805,107.34,S3,Artifact storage
Partner-Integration,r53-03d9599,2026-06,0.0,0.0,12452588,18.68,Route 53,Health checks
Partner-Integration,ddb-06b5916,2026-06,783.3,10.9,5439591,95.2,DynamoDB,Config store table
QA-Testing,ec-03e4601,2026-06,676.7,0.0,0,243.63,ElastiCache,Redis staging cluster
Compliance-Audit,s3-1036303,2026-06,0.0,663.9,1327963,58.1,S3,Artifact storage
Security-Ops,ses-059a356,2026-06,0.0,0.0,2602901,3.12,SES,Transactional email
Edge-Network,i-0694281,2026-06,650.5,0.0,0,2255.08,EC2,m5.2xlarge batch processor
Shared-Services,rds-065b167,2026-06,672.5,933.9,0,2988.63,RDS,db.r5.2xlarge Aurora cluster
Customer-Portal,i-0e08975,2026-06,639.7,0.0,0,46.69,EC2,t3.micro bastion host
Security-Ops,kin-0193241,2026-06,907.8,0.0,37826443,552.27,Kinesis,Data stream ingestion
Marketing-Platform,sm-1101565,2026-06,0.0,0.0,1016725,4.08,Secrets Manager,Application secrets
Compliance-Audit,i-0e34427,2026-06,692.1,0.0,0,599.84,EC2,m5.large monitoring server
DevOps-Central,ddb-00d0172,2026-06,937.2,65.1,104137976,732.22,DynamoDB,Session store table
Data-Science,rds-03f0203,2026-06,744.6,517.0,0,1913.12,RDS,db.r5.xlarge PostgreSQL primary
Production-Main,i-0e11185,2026-06,663.2,0.0,0,48.41,EC2,t3.micro bastion host
Compliance-Audit,ecs-0b5e734,2026-06,520.5,0.0,0,949.93,ECS,Fargate worker cluster
Production-Secondary,ec-08ac154,2026-06,791.9,0.0,0,285.09,ElastiCache,Redis staging cluster
Marketing-Platform,rs-09b1953,2026-06,0.0,0.0,7081885,354.09,Redshift,Spectrum queries
Shared-Services,s3-0674192,2026-06,0.0,18128.7,3625758,634.51,S3,Data lake raw zone
Finance-Systems,s3-06ae169,2026-06,0.0,6777.9,67779,155.89,S3,Backup storage bucket
ML-Training,i-1111465,2026-06,685.5,0.0,0,2376.34,EC2,r5.2xlarge database server
Data-Science,ddb-0143420,2026-06,661.5,91.9,137817576,1033.63,DynamoDB,Cache table
Internal-Tools,s3-09df817,2026-06,0.0,4394.8,7031529,320.81,S3,Media content bucket
Internal-Tools,sqs-060b238,2026-06,0.0,0.0,48193731,24.09,SQS,Order processing queue
Security-Ops,s3-0669507,2026-06,0.0,46.7,23349118,151.77,S3,Static website hosting
Security-Ops,sqs-10d7510,2026-06,0.0,0.0,45626073,22.82,SQS,Event notification queue
Compliance-Audit,s3-0a50616,2026-06,0.0,2805.9,16835417,701.48,S3,Production asset storage
Data-Science,rds-0c7a236,2026-06,700.8,194.7,0,632.69,RDS,db.t3.large development DB
Marketing-Platform,vpn-0dd6580,2026-06,809.6,0.0,0,410.42,VPN Gateway,Site-to-site VPN
Marketing-Platform,rds-0e87973,2026-06,485.7,134.9,0,573.41,RDS,db.t3.medium MySQL staging
Edge-Network,sns-0adf491,2026-06,0.0,0.0,11955350,5.98,SNS,Alert notifications
Internal-Tools,s3-04de710,2026-06,0.0,8321.7,520107,208.05,S3,Log archive bucket
Security-Ops,sqs-0efd772,2026-06,0.0,0.0,44577364,22.29,SQS,Event notification queue
Internal-Tools,lam-02ce460,2026-06,0.0,0.0,3899812,27.49,Lambda,Image resizer
Security-Ops,ecs-106e357,2026-06,187.5,0.0,0,342.13,ECS,Fargate batch cluster
Production-Main,ebs-0510188,2026-06,0.0,686.3,0,428.94,EBS,io2 volumes database
Compliance-Audit,eks-0398875,2026-06,564.6,0.0,0,1693.87,EKS,Production K8s cluster
Security-Ops,lam-0a77629,2026-06,0.0,0.0,25919155,181.43,Lambda,Data transformer
Internal-Tools,sqs-0dfd225,2026-06,0.0,0.0,59582116,29.78,SQS,Order processing queue
Production-Secondary,ses-0084349,2026-06,0.0,0.0,523032,0.63,SES,Marketing email
QA-Testing,cf-1064548,2026-06,0.0,0.0,147280768,736.4,CloudFront,CDN media distribution
Marketing-Platform,i-01ed199,2026-06,629.0,0.0,0,908.48,EC2,c5.xlarge compute worker
Security-Ops,ses-0189997,2026-06,0.0,0.0,2326700,2.79,SES,Transactional email
Partner-Integration,sqs-03d0699,2026-06,0.0,0.0,28805331,14.4,SQS,Event notification queue
Customer-Portal,i-082b392,2026-06,918.3,0.0,0,795.84,EC2,m5.large monitoring server
Security-Ops,lam-0b97493,2026-06,0.0,0.0,3996715,28.18,Lambda,Image resizer
Edge-Network,i-0ebe182,2026-06,718.4,0.0,0,2490.69,EC2,r5.2xlarge database server
DevOps-Central,ebs-0a47271,2026-06,0.0,424.6,0,265.39,EBS,io2 volumes database
ML-Training,r53-05e4431,2026-06,0.0,0.0,12975984,19.46,Route 53,Health checks
Internal-Tools,lam-06df377,2026-06,0.0,0.0,9156959,64.1,Lambda,Notification dispatcher
ML-Training,ebs-047e173,2026-06,0.0,653.0,0,408.1,EBS,io2 volumes database
Compliance-Audit,i-0a7d533,2026-06,1103.1,0.0,0,80.53,EC2,t3.micro bastion host
Production-Main,lam-0e06405,2026-06,0.0,0.0,31305372,219.14,Lambda,Data transformer
Internal-Tools,vpn-02d0237,2026-06,546.7,0.0,0,138.58,VPN Gateway,Client VPN endpoint
Data-Science,ses-04d0520,2026-06,0.0,0.0,2339557,2.81,SES,Transactional email
QA-Testing,lam-0d3d329,2026-06,0.0,0.0,2883044,20.18,Lambda,Webhook processor
Internal-Tools,lam-0a62935,2026-06,0.0,0.0,21422861,149.96,Lambda,Data transformer
Compliance-Audit,s3-038d550,2026-06,0.0,3656.2,5849854,266.9,S3,Media content bucket
Marketing-Platform,rds-01e5261,2026-06,425.5,118.2,0,502.36,RDS,db.t3.medium MySQL staging
Security-Ops,s3-0c00456,2026-06,0.0,18696.8,3739352,654.38,S3,Data lake raw zone
Security-Ops,lam-0f95467,2026-06,0.0,0.0,3690564,26.02,Lambda,Image resizer
Security-Ops,lam-0178762,2026-06,0.0,0.0,1252458,9.39,Lambda,Cron job runner
ML-Training,i-036b203,2026-06,527.5,0.0,0,1828.79,EC2,m5.2xlarge batch processor
Mobile-Backend,ebs-1018746,2026-06,0.0,3859.7,0,173.69,EBS,st1 volumes archive
Compliance-Audit,s3-1162957,2026-06,0.0,11189.7,111897,257.36,S3,Backup storage bucket
ML-Training,r53-0c3c716,2026-06,0.0,0.0,13441440,20.16,Route 53,Health checks
Production-Main,ecs-0a4c265,2026-06,396.6,0.0,0,723.87,ECS,Fargate worker cluster
Internal-Tools,ebs-0bf3427,2026-06,0.0,1343.4,0,167.91,EBS,gp3 volumes production
Production-Secondary,sqs-06ac317,2026-06,0.0,0.0,25520956,12.76,SQS,Event notification queue
Compliance-Audit,s3-08c6538,2026-06,0.0,3312.5,1656235,124.21,S3,Analytics export bucket
Customer-Portal,vpn-047a741,2026-06,962.2,0.0,0,243.9,VPN Gateway,Client VPN endpoint
Partner-Integration,sqs-0cee896,2026-06,0.0,0.0,37476849,18.73,SQS,Event notification queue
Internal-Tools,rds-0d59420,2026-06,496.9,552.0,0,1159.35,RDS,db.m5.xlarge analytics DB
Production-Main,lam-0e64419,2026-06,0.0,0.0,7047211,49.34,Lambda,Notification dispatcher
Internal-Tools,ebs-0a17241,2026-06,0.0,398.6,0,249.12,EBS,io2 volumes database
Marketing-Platform,sm-0b53746,2026-06,0.0,0.0,906865,3.63,Secrets Manager,Application secrets
Finance-Systems,s3-09cc225,2026-06,0.0,1295.6,2591114,113.37,S3,Artifact storage
Data-Science,i-04a3473,2026-06,367.8,0.0,0,1066.58,EC2,c5.2xlarge HPC node
Compliance-Audit,rds-0bdd884,2026-06,1062.8,295.3,0,959.47,RDS,db.t3.large development DB
Shared-Services,rds-09b7314,2026-06,586.8,163.0,0,529.71,RDS,db.t3.large development DB
Security-Ops,lam-0f1a552,2026-06,0.0,0.0,29721207,208.04,Lambda,Data transformer
Internal-Tools,s3-0751248,2026-06,0.0,8374.8,83746,192.61,S3,Backup storage bucket
Marketing-Platform,sm-089e505,2026-06,0.0,0.0,1055150,4.22,Secrets Manager,Application secrets
Security-Ops,ec-0f29845,2026-06,753.3,0.0,0,271.21,ElastiCache,Redis staging cluster
Production-Main,cf-1086153,2026-06,0.0,0.0,33770946,168.85,CloudFront,CDN static assets
Customer-Portal,ses-0a5c461,2026-06,0.0,0.0,727767,0.87,SES,Marketing email
Production-Secondary,ecs-06ba406,2026-06,418.0,0.0,0,762.81,ECS,Fargate worker cluster
ML-Training,ebs-037a362,2026-06,0.0,747.5,0,93.43,EBS,gp3 volumes production
Marketing-Platform,ddb-0631674,2026-06,678.4,47.2,75383489,530.04,DynamoDB,Session store table
Marketing-Platform,rs-1184112,2026-06,0.0,0.0,6334809,316.74,Redshift,Spectrum queries
Finance-Systems,s3-0af5560,2026-06,0.0,6187.4,61873,142.31,S3,Backup storage bucket
Mobile-Backend,sqs-09bf888,2026-06,0.0,0.0,359515,0.18,SQS,Dead letter queue
Security-Ops,s3-05b8656,2026-06,0.0,50.8,25408065,165.15,S3,Static website hosting
Production-Secondary,elb-0fdd444,2026-06,627.2,0.0,43550989,271.76,ELB,Network load balancer
Marketing-Platform,rds-0a36947,2026-06,411.1,114.3,0,485.28,RDS,db.t3.medium MySQL staging
Security-Ops,lam-0e14664,2026-06,0.0,0.0,1195553,8.96,Lambda,Cron job runner
Internal-Tools,lam-1019595,2026-06,0.0,0.0,1222110,9.17,Lambda,Cron job runner
Security-Ops,ec-0aea108,2026-06,704.7,0.0,0,253.71,ElastiCache,Redis staging cluster
Marketing-Platform,ec-07f7887,2026-06,664.3,0.0,0,478.3,ElastiCache,Redis production cluster
Compliance-Audit,rds-0914885,2026-06,661.2,459.2,0,1699.1,RDS,db.r5.xlarge PostgreSQL primary
Compliance-Audit,s3-1074650,2026-06,0.0,16325.5,3265066,571.38,S3,Data lake raw zone
Partner-Integration,sqs-0a84952,2026-06,0.0,0.0,32770119,16.38,SQS,Event notification queue
QA-Testing,lam-0d07109,2026-06,0.0,0.0,3661035,25.81,Lambda,Image resizer
Production-Main,cf-0004444,2026-06,0.0,0.0,116454177,582.27,CloudFront,CDN web distribution
Compliance-Audit,s3-0391199,2026-06,0.0,2968.8,17812944,742.21,S3,Production asset storage
Edge-Network,sns-0dc0114,2026-06,0.0,0.0,12230931,6.12,SNS,Alert notifications
Marketing-Platform,sm-0999408,2026-06,0.0,0.0,957310,3.83,Secrets Manager,Application secrets
Compliance-Audit,r53-0f97693,2026-06,0.0,0.0,6944774,10.42,Route 53,Health checks
Finance-Systems,s3-06e1275,2026-06,0.0,11074.0,2214796,387.59,S3,Data lake raw zone
Customer-Portal,i-115b995,2026-06,638.0,0.0,0,46.57,EC2,t3.micro bastion host
Mobile-Backend,sm-0332348,2026-06,0.0,0.0,1217703,4.87,Secrets Manager,Application secrets
Internal-Tools,ebs-02ab559,2026-06,0.0,4819.5,0,216.88,EBS,st1 volumes archive
Production-Secondary,s3-0e24718,2026-06,0.0,1041.0,2081899,91.08,S3,Artifact storage
Security-Ops,lam-0649249,2026-06,0.0,0.0,26493943,185.45,Lambda,Data transformer
Shared-Services,rds-01a2711,2026-06,960.2,1066.9,0,2240.45,RDS,db.m5.xlarge analytics DB
Marketing-Platform,vpn-112e330,2026-06,726.1,0.0,0,184.06,VPN Gateway,Client VPN endpoint
Edge-Network,i-0325468,2026-06,733.4,0.0,0,2542.52,EC2,r5.2xlarge database server
Finance-Systems,elb-0edb765,2026-06,653.7,0.0,9078839,132.18,ELB,Classic load balancer
Internal-Tools,ebs-09b0400,2026-06,0.0,447.9,0,279.96,EBS,io2 volumes database
Finance-Systems,eks-10b8855,2026-06,914.9,0.0,0,2744.72,EKS,Production K8s cluster
Internal-Tools,rds-0614124,2026-06,808.3,561.3,0,1599.77,RDS,db.r5.large PostgreSQL replica
Marketing-Platform,ddb-08e1627,2026-06,486.7,33.9,54088557,380.31,DynamoDB,Session store table
Data-Science,r53-0149781,2026-06,0.0,0.0,9475186,14.21,Route 53,Health checks
Customer-Portal,ses-074e901,2026-06,0.0,0.0,704967,0.85,SES,Marketing email
Edge-Network,vpn-05d8638,2026-06,650.7,0.0,0,164.92,VPN Gateway,Client VPN endpoint
Customer-Portal,cf-028a177,2026-06,0.0,0.0,73312568,366.56,CloudFront,CDN web distribution
Mobile-Backend,sqs-1135610,2026-06,0.0,0.0,366999,0.19,SQS,Dead letter queue
Edge-Network,elb-0329218,2026-06,843.8,0.0,11718843,170.63,ELB,Classic load balancer
Compliance-Audit,rds-0cc0641,2026-06,897.4,623.2,0,1776.01,RDS,db.r5.large PostgreSQL replica
