project.id,resource.name,usage_start_time,usage.amount_compute,usage.amount_storage,usage.amount_api,cost,service.description,sku.description
Internal-Tools,gcs-10b6998,2026-06,0.0,2354.8,1177355,364.98,Cloud Storage,Model artifacts
Customer-Portal,gcf-0b90135,2026-06,0.0,0.0,20007176,300.1,Cloud Functions,Pub/Sub processors
Marketing-Platform,vai-0ae7409,2026-06,653.0,0.0,0,3265.11,Vertex AI,Training pipelines
Data-Science,csp-096a716,2026-06,582.5,80.9,40456544,3544.0,Cloud Spanner,Global transaction DB
Staging-Env,vai-094d369,2026-06,569.0,0.0,0,2845.13,Vertex AI,Training pipelines
Partner-Integration,gcs-0f81901,2026-06,0.0,19542.4,48854,195.42,Cloud Storage,Archive bucket
Data-Science,gcf-0117841,2026-06,0.0,0.0,10416787,156.25,Cloud Functions,Auth handlers
Staging-Env,df-080d892,2026-06,625.6,0.0,0,1522.24,Dataflow,Streaming pipeline
Internal-Tools,gcs-0a02698,2026-06,0.0,468.5,7498545,86.71,Cloud Storage,Temp processing bucket
Production-Main,cmon-0696406,2026-06,0.0,0.0,20647007,165.18,Cloud Monitoring,Metrics and alerting
Marketing-Platform,gke-110b932,2026-06,3655.0,0.0,0,7309.89,GKE,GPU node pool
Customer-Portal,csql-027c570,2026-06,987.5,274.3,0,1186.35,Cloud SQL,PostgreSQL replica
IoT-Platform,bq-0d7b721,2026-06,0.0,1982.0,0,792.78,BigQuery,Data export queries
Customer-Portal,clog-0274116,2026-06,0.0,580.7,0,145.19,Cloud Logging,Application logs
Edge-Network,df-098c180,2026-06,642.8,0.0,0,1564.03,Dataflow,Streaming pipeline
Data-Science,gcf-0cd0636,2026-06,0.0,0.0,20450693,306.76,Cloud Functions,Pub/Sub processors
IoT-Platform,mem-0d64683,2026-06,759.5,0.0,0,546.91,Memorystore,Redis production cache
Finance-Systems,gcf-1015168,2026-06,0.0,0.0,8188910,122.83,Cloud Functions,Auth handlers
Marketing-Platform,gke-0c87458,2026-06,1816.9,0.0,0,3633.76,GKE,ML training cluster
Finance-Systems,gcf-0517299,2026-06,0.0,0.0,8748275,131.22,Cloud Functions,Auth handlers
Staging-Env,fs-0f41779,2026-06,1204.4,83.6,50180801,689.98,Firestore,User profiles DB
Finance-Systems,gcf-0b69780,2026-06,0.0,0.0,12673195,190.09,Cloud Functions,Data triggers
Security-Ops,ps-0ff9385,2026-06,0.0,0.0,29159969,364.5,Pub/Sub,Event streaming
Edge-Network,ps-0791593,2026-06,0.0,0.0,46282417,578.53,Pub/Sub,Log forwarding
Security-Ops,ps-0eca484,2026-06,0.0,0.0,31712772,396.41,Pub/Sub,Event streaming
Data-Science,clog-0f05447,2026-06,0.0,536.0,0,134.01,Cloud Logging,Application logs
Finance-Systems,gcs-0589860,2026-06,0.0,387.9,6206187,71.75,Cloud Storage,Temp processing bucket
Edge-Network,cmon-040a287,2026-06,0.0,0.0,26638255,213.11,Cloud Monitoring,Metrics and alerting
Edge-Network,bq-0476620,2026-06,0.0,5988.5,0,2395.42,BigQuery,Log analytics
Finance-Systems,gcs-0852873,2026-06,0.0,10682.1,3560699,320.46,Cloud Storage,Data lake bucket
Staging-Env,bq-0f5b837,2026-06,0.0,5294.9,0,2117.94,BigQuery,Log analytics
Finance-Systems,csql-0eba390,2026-06,658.2,182.9,0,790.84,Cloud SQL,PostgreSQL replica
Data-Science,gcf-0b1b828,2026-06,0.0,0.0,10345746,155.19,Cloud Functions,Auth handlers
Production-Main,vai-0775922,2026-06,749.8,0.0,8330123,1624.37,Vertex AI,Model serving endpoints
Finance-Systems,gcf-0239796,2026-06,0.0,0.0,14799620,221.99,Cloud Functions,Data triggers
Finance-Systems,cr-086d481,2026-06,571.9,0.0,2382794,743.43,Cloud Run,ETL pipeline service
IoT-Platform,fs-064b410,2026-06,1037.8,28.8,72070696,756.75,Firestore,Session store
Analytics-Platform,vai-0b7a724,2026-06,210.0,0.0,0,1050.27,Vertex AI,AutoML jobs
Production-Main,csql-109c812,2026-06,791.4,549.6,0,1560.79,Cloud SQL,MySQL analytics
Production-Secondary,ps-1180924,2026-06,0.0,0.0,12892463,161.15,Pub/Sub,Data pipeline
Partner-Integration,vai-03b5957,2026-06,225.8,0.0,0,1129.17,Vertex AI,AutoML jobs
Marketing-Platform,vai-0c18574,2026-06,249.2,0.0,0,1245.73,Vertex AI,AutoML jobs
Analytics-Platform,clog-0e12229,2026-06,0.0,468.5,0,117.13,Cloud Logging,Application logs
Marketing-Platform,gke-1057959,2026-06,2197.4,0.0,0,4394.86,GKE,ML training cluster
Staging-Env,fs-109d158,2026-06,789.4,54.8,32891026,452.25,Firestore,User profiles DB
Shared-Services,gcs-06aa524,2026-06,0.0,7574.9,189372,174.23,Cloud Storage,Backup bucket
Production-Secondary,csql-008e810,2026-06,620.6,430.9,0,1223.87,Cloud SQL,MySQL analytics
Finance-Systems,gcf-0ebd850,2026-06,0.0,0.0,11801287,177.01,Cloud Functions,Data triggers
Finance-Systems,cr-0fbf375,2026-06,508.3,0.0,2117908,660.79,Cloud Run,ETL pipeline service
Internal-Tools,gcs-0985887,2026-06,0.0,19818.4,6606142,594.55,Cloud Storage,Data lake bucket
Analytics-Platform,bq-0a93447,2026-06,0.0,2082.5,0,833.0,BigQuery,BI reporting views
Analytics-Platform,clog-0d3f486,2026-06,0.0,415.0,0,103.76,Cloud Logging,Application logs
Staging-Env,bq-00fd332,2026-06,0.0,2017.0,0,806.79,BigQuery,Data export queries
Marketing-Platform,gke-01f1963,2026-06,2415.4,0.0,0,4830.9,GKE,ML training cluster
Production-Secondary,vai-078b500,2026-06,238.5,0.0,0,1192.58,Vertex AI,AutoML jobs
Marketing-Platform,vai-0675764,2026-06,555.0,0.0,6166428,1202.45,Vertex AI,Model serving endpoints
Data-Science,gcs-0a7b183,2026-06,0.0,9116.1,227903,209.66,Cloud Storage,Backup bucket
Edge-Network,csql-04c4474,2026-06,893.2,248.1,0,1073.03,Cloud SQL,PostgreSQL replica
Analytics-Platform,bq-0616922,2026-06,0.0,16925.7,0,6770.3,BigQuery,ML training datasets
Internal-Tools,gcs-08ae795,2026-06,0.0,2076.9,1038428,321.91,Cloud Storage,Model artifacts
Data-Science,cr-0124770,2026-06,316.7,0.0,1319789,274.52,Cloud Run,Image processor
Analytics-Platform,gcs-067a623,2026-06,0.0,2491.9,2491939,180.66,Cloud Storage,Media assets bucket
Customer-Portal,df-027d947,2026-06,655.2,0.0,0,1594.29,Dataflow,Streaming pipeline
Partner-Integration,vai-0eb9357,2026-06,598.0,0.0,0,2990.18,Vertex AI,Training pipelines
Data-Science,gcs-043a104,2026-06,0.0,610.4,9765729,112.91,Cloud Storage,Temp processing bucket
Internal-Tools,cr-02e1655,2026-06,501.7,0.0,4180876,434.81,Cloud Run,Webhook handler
IoT-Platform,mem-1148803,2026-06,833.2,0.0,0,599.96,Memorystore,Redis production cache
Partner-Integration,vai-1105921,2026-06,232.8,0.0,0,1164.28,Vertex AI,AutoML jobs
Finance-Systems,clog-0eff840,2026-06,0.0,211.8,0,52.98,Cloud Logging,Audit logs
Analytics-Platform,gcs-0b65524,2026-06,0.0,10315.4,257884,237.26,Cloud Storage,Backup bucket
Security-Ops,cmon-0fde210,2026-06,0.0,0.0,24232056,193.86,Cloud Monitoring,Metrics and alerting
Security-Ops,bq-0e63979,2026-06,0.0,1602.0,0,640.82,BigQuery,BI reporting views
Analytics-Platform,bq-0c50327,2026-06,0.0,11535.6,0,4614.23,BigQuery,Analytics data warehouse
Production-Secondary,csql-0951252,2026-06,553.3,384.1,0,1091.07,Cloud SQL,MySQL analytics
Analytics-Platform,gke-00b6558,2026-06,575.2,0.0,0,1725.54,GKE,Batch processing cluster
Internal-Tools,cr-0d34819,2026-06,343.6,0.0,1431542,297.76,Cloud Run,Image processor
Production-Secondary,csql-10cf442,2026-06,740.1,205.5,0,889.11,Cloud SQL,PostgreSQL replica
Staging-Env,gcf-07b9875,2026-06,0.0,0.0,5610754,84.17,Cloud Functions,Auth handlers
Edge-Network,csql-05ea238,2026-06,763.6,212.1,0,917.32,Cloud SQL,PostgreSQL replica
Data-Science,gcf-0d9b819,2026-06,0.0,0.0,9568468,143.53,Cloud Functions,Auth handlers
Internal-Tools,cr-03f4389,2026-06,617.5,0.0,2572907,802.75,Cloud Run,ETL pipeline service
IoT-Platform,gke-035b126,2026-06,426.9,0.0,0,1280.6,GKE,Batch processing cluster
Finance-Systems,cr-0b1c943,2026-06,605.5,0.0,2522747,787.09,Cloud Run,ETL pipeline service
Staging-Env,gcs-072b621,2026-06,0.0,11942.0,3980704,358.27,Cloud Storage,Data lake bucket
Finance-Systems,gcf-06da891,2026-06,0.0,0.0,9623152,144.34,Cloud Functions,Auth handlers
Production-Secondary,mem-0c26642,2026-06,635.7,0.0,0,457.69,Memorystore,Redis production cache
IoT-Platform,gke-035e159,2026-06,2689.1,0.0,0,5378.3,GKE,ML training cluster
Customer-Portal,ps-096d972,2026-06,0.0,0.0,40475994,505.95,Pub/Sub,Log forwarding
Edge-Network,bq-0300179,2026-06,0.0,7219.9,0,2887.94,BigQuery,Analytics data warehouse
Staging-Env,gcs-1188613,2026-06,0.0,13556.4,4518846,406.7,Cloud Storage,Data lake bucket
Analytics-Platform,bq-0d5b922,2026-06,0.0,15223.8,0,6089.53,BigQuery,ML training datasets
Security-Ops,ps-093e830,2026-06,0.0,0.0,33408352,417.6,Pub/Sub,Event streaming
Production-Main,gcf-0741711,2026-06,0.0,0.0,15834646,237.52,Cloud Functions,Pub/Sub processors
Finance-Systems,gcs-0d31493,2026-06,0.0,454.1,7265376,84.0,Cloud Storage,Temp processing bucket
Production-Main,gcs-0601678,2026-06,0.0,16917.6,5639197,507.53,Cloud Storage,Data lake bucket
IoT-Platform,bq-0ca5217,2026-06,0.0,1647.4,0,658.95,BigQuery,Data export queries
Data-Science,bq-0cfe536,2026-06,0.0,3203.9,0,1281.56,BigQuery,Log analytics
Edge-Network,ps-0df6327,2026-06,0.0,0.0,20173204,252.16,Pub/Sub,Event streaming
Marketing-Platform,vai-081a178,2026-06,584.7,0.0,0,2923.13,Vertex AI,Training pipelines
Staging-Env,vai-08eb520,2026-06,581.1,0.0,0,2905.45,Vertex AI,Training pipelines
Marketing-Platform,gke-0472798,2026-06,4423.4,0.0,0,8846.75,GKE,GPU node pool
Staging-Env,df-0e86737,2026-06,702.1,0.0,0,1708.46,Dataflow,Streaming pipeline
Data-Science,bq-0c86405,2026-06,0.0,1608.2,0,643.3,BigQuery,BI reporting views
Internal-Tools,gcs-02db399,2026-06,0.0,24654.8,61636,246.55,Cloud Storage,Archive bucket
IoT-Platform,bq-0ece462,2026-06,0.0,2646.6,0,1058.64,BigQuery,BI reporting views
Finance-Systems,gcf-068b670,2026-06,0.0,0.0,15331367,229.97,Cloud Functions,Data triggers
Internal-Tools,gcs-0a11938,2026-06,0.0,373.0,5968912,69.02,Cloud Storage,Temp processing bucket
Marketing-Platform,ca-0c19747,2026-06,0.0,0.0,57936734,217.25,Cloud Armor,WAF policies
Analytics-Platform,cr-0a15445,2026-06,489.5,0.0,2039532,636.34,Cloud Run,ETL pipeline service
Staging-Env,gcs-085e743,2026-06,0.0,17814.5,44535,178.15,Cloud Storage,Archive bucket
Analytics-Platform,bq-0ad8962,2026-06,0.0,10300.8,0,4120.33,BigQuery,Analytics data warehouse
Production-Secondary,csql-090a778,2026-06,684.2,475.0,0,1349.25,Cloud SQL,MySQL analytics
Staging-Env,gke-0109701,2026-06,2941.2,0.0,0,5882.39,GKE,ML training cluster
IoT-Platform,bq-069d685,2026-06,0.0,2772.8,0,1109.14,BigQuery,BI reporting views
Customer-Portal,ps-0280184,2026-06,0.0,0.0,47679664,596.0,Pub/Sub,Log forwarding
Data-Science,gke-0f9c745,2026-06,2597.0,0.0,0,5193.87,GKE,GPU node pool
Internal-Tools,vai-02e9702,2026-06,912.6,0.0,10139935,1977.29,Vertex AI,Model serving endpoints
Partner-Integration,gcs-1012851,2026-06,0.0,21382.5,53454,213.82,Cloud Storage,Archive bucket
Edge-Network,gke-05bf119,2026-06,2605.5,0.0,0,5210.96,GKE,ML training cluster
IoT-Platform,cr-05db884,2026-06,732.8,0.0,15266036,1099.15,Cloud Run,API gateway service
Staging-Env,cdns-03f7306,2026-06,0.0,0.0,24195497,36.29,Cloud DNS,DNS zones
IoT-Platform,cdns-0ca6353,2026-06,0.0,0.0,14592051,21.89,Cloud DNS,DNS zones
Analytics-Platform,gcs-1154713,2026-06,0.0,10044.7,251115,231.03,Cloud Storage,Backup bucket
Production-Secondary,fs-0c72951,2026-06,881.8,24.5,61238155,643.0,Firestore,Session store
Customer-Portal,bq-0e0f473,2026-06,0.0,993.1,0,397.26,BigQuery,Data export queries
Staging-Env,gcs-046f674,2026-06,0.0,11525.6,3841890,345.77,Cloud Storage,Data lake bucket
Staging-Env,bq-09f5742,2026-06,0.0,1916.3,0,766.52,BigQuery,BI reporting views
IoT-Platform,cr-086e266,2026-06,488.9,0.0,4074305,423.73,Cloud Run,Webhook handler
Data-Science,vai-0128802,2026-06,369.4,0.0,0,1846.92,Vertex AI,Training pipelines
Customer-Portal,ca-0278283,2026-06,0.0,0.0,126431738,474.12,Cloud Armor,WAF policies
Customer-Portal,gcs-0b71914,2026-06,0.0,20328.4,50819,203.29,Cloud Storage,Archive bucket
Internal-Tools,gke-0e78642,2026-06,667.0,0.0,0,2001.05,GKE,Batch processing cluster
Edge-Network,gke-0b84982,2026-06,2072.6,0.0,0,4145.28,GKE,ML training cluster
Customer-Portal,bq-0270967,2026-06,0.0,1085.5,0,434.21,BigQuery,Data export queries
Marketing-Platform,ps-0ef1751,2026-06,0.0,0.0,18150273,226.88,Pub/Sub,Data pipeline
Staging-Env,fs-0546802,2026-06,1068.4,74.2,44516035,612.09,Firestore,User profiles DB
Internal-Tools,gke-0f18163,2026-06,767.4,0.0,0,2302.2,GKE,Production API cluster
Analytics-Platform,gke-0af9529,2026-06,4772.2,0.0,0,9544.44,GKE,GPU node pool
Marketing-Platform,gke-090f342,2026-06,3928.8,0.0,0,7857.65,GKE,GPU node pool
Production-Main,cmon-0931564,2026-06,0.0,0.0,24255649,194.04,Cloud Monitoring,Metrics and alerting
IoT-Platform,cr-0b18689,2026-06,431.8,0.0,1799034,561.3,Cloud Run,ETL pipeline service
Security-Ops,cr-0175685,2026-06,320.7,0.0,1336334,277.96,Cloud Run,Image processor
IoT-Platform,gcs-0b0f310,2026-06,0.0,11180.2,3726714,335.4,Cloud Storage,Data lake bucket
Finance-Systems,csql-077d497,2026-06,654.8,181.9,0,786.65,Cloud SQL,PostgreSQL replica
IoT-Platform,gke-0763978,2026-06,527.5,0.0,0,1582.38,GKE,Batch processing cluster
IoT-Platform,bq-04e5220,2026-06,0.0,3196.5,0,1278.61,BigQuery,BI reporting views
Production-Secondary,ps-096f870,2026-06,0.0,0.0,14383574,179.79,Pub/Sub,Data pipeline
Production-Secondary,vai-0599285,2026-06,251.3,0.0,0,1256.74,Vertex AI,AutoML jobs
IoT-Platform,cr-080a213,2026-06,524.5,0.0,2185246,681.79,Cloud Run,ETL pipeline service
Analytics-Platform,vai-060a544,2026-06,206.6,0.0,0,1033.02,Vertex AI,AutoML jobs
Data-Science,gcf-0115177,2026-06,0.0,0.0,20556639,308.35,Cloud Functions,Pub/Sub processors
IoT-Platform,gke-0c09866,2026-06,390.8,0.0,0,1172.31,GKE,Batch processing cluster
Analytics-Platform,vai-09f9353,2026-06,207.8,0.0,0,1039.11,Vertex AI,AutoML jobs
Security-Ops,cdns-0c4d441,2026-06,0.0,0.0,23551402,35.32,Cloud DNS,DNS zones
Internal-Tools,gcs-02dd272,2026-06,0.0,2152.7,1076326,333.66,Cloud Storage,Model artifacts
Edge-Network,vai-10c7891,2026-06,642.7,0.0,7142352,1392.76,Vertex AI,Model serving endpoints
Data-Science,gcs-0113379,2026-06,0.0,535.8,8572773,99.12,Cloud Storage,Temp processing bucket
Data-Science,gcf-07e4298,2026-06,0.0,0.0,10284723,154.27,Cloud Functions,Auth handlers
Staging-Env,ps-1034885,2026-06,0.0,0.0,14404629,180.06,Pub/Sub,Data pipeline
Staging-Env,bq-0438561,2026-06,0.0,1869.8,0,747.92,BigQuery,BI reporting views
Data-Science,csql-011b368,2026-06,881.5,244.9,0,1416.28,Cloud SQL,PostgreSQL primary
IoT-Platform,cr-0351276,2026-06,282.8,0.0,1178249,245.08,Cloud Run,Image processor
Production-Main,clog-0050175,2026-06,0.0,279.5,0,69.86,Cloud Logging,Audit logs
Partner-Integration,vai-1112432,2026-06,601.6,0.0,0,3007.99,Vertex AI,Training pipelines
Analytics-Platform,mem-00bb357,2026-06,320.3,0.0,0,230.6,Memorystore,Redis staging cache
Finance-Systems,csql-05a8505,2026-06,630.0,175.0,0,1012.28,Cloud SQL,PostgreSQL primary
Production-Main,cdns-0891333,2026-06,0.0,0.0,16699053,25.05,Cloud DNS,DNS zones
Analytics-Platform,bq-07cd619,2026-06,0.0,19397.4,0,7759.0,BigQuery,ML training datasets
Partner-Integration,gke-06ef417,2026-06,649.9,0.0,0,1949.71,GKE,Production API cluster
Analytics-Platform,cr-090d817,2026-06,496.6,0.0,2069095,645.56,Cloud Run,ETL pipeline service
IoT-Platform,bq-067b487,2026-06,0.0,3627.8,0,1451.13,BigQuery,BI reporting views
Data-Science,bq-011f575,2026-06,0.0,1717.2,0,686.87,BigQuery,Data export queries
Production-Secondary,ps-009c434,2026-06,0.0,0.0,12722432,159.03,Pub/Sub,Data pipeline
Marketing-Platform,ps-0bf5968,2026-06,0.0,0.0,47635151,595.44,Pub/Sub,Log forwarding
Production-Main,cmon-0871829,2026-06,0.0,0.0,27305041,218.44,Cloud Monitoring,Metrics and alerting
Analytics-Platform,csql-0e94250,2026-06,655.7,182.1,0,787.75,Cloud SQL,PostgreSQL replica
Analytics-Platform,fs-0559899,2026-06,1054.4,29.3,73226943,768.88,Firestore,Session store
Data-Science,mem-0e29480,2026-06,322.2,0.0,0,232.0,Memorystore,Redis staging cache
Finance-Systems,gcf-0236582,2026-06,0.0,0.0,9530868,142.96,Cloud Functions,Auth handlers
Shared-Services,gcs-04f9594,2026-06,0.0,3712.3,3712202,269.14,Cloud Storage,Media assets bucket
Shared-Services,vai-0a1b338,2026-06,275.3,0.0,0,1376.58,Vertex AI,AutoML jobs
Production-Secondary,csql-0b38645,2026-06,608.8,169.1,0,978.09,Cloud SQL,PostgreSQL primary
Edge-Network,fs-104b516,2026-06,555.5,15.4,38574763,405.03,Firestore,Session store
Finance-Systems,gcs-0e36381,2026-06,0.0,395.7,6331468,73.2,Cloud Storage,Temp processing bucket
Security-Ops,csp-016b743,2026-06,983.5,136.6,68295224,5982.66,Cloud Spanner,Global transaction DB
IoT-Platform,bq-0fc4346,2026-06,0.0,2521.7,0,1008.72,BigQuery,BI reporting views
Production-Secondary,df-0523907,2026-06,796.3,0.0,0,1937.74,Dataflow,Streaming pipeline
Marketing-Platform,csp-01fa503,2026-06,995.4,138.3,69127898,6055.6,Cloud Spanner,Global transaction DB
Edge-Network,ps-06fd572,2026-06,0.0,0.0,39683192,496.04,Pub/Sub,Log forwarding
Edge-Network,csql-106f438,2026-06,742.6,206.3,0,892.04,Cloud SQL,PostgreSQL replica
IoT-Platform,cdns-0808182,2026-06,0.0,0.0,15978418,23.96,Cloud DNS,DNS zones
Customer-Portal,ps-0982535,2026-06,0.0,0.0,8328912,104.12,Pub/Sub,Data pipeline
Security-Ops,bq-0167622,2026-06,0.0,1559.6,0,623.85,BigQuery,BI reporting views
Edge-Network,csql-093b762,2026-06,782.6,217.4,0,940.13,Cloud SQL,PostgreSQL replica
Production-Secondary,mem-0095546,2026-06,614.6,0.0,0,442.5,Memorystore,Redis production cache
Data-Science,gke-0e32687,2026-06,3835.0,0.0,0,7669.82,GKE,GPU node pool
Security-Ops,bq-0c2f971,2026-06,0.0,1588.8,0,635.55,BigQuery,BI reporting views
Data-Science,gcf-09ab546,2026-06,0.0,0.0,9607972,144.12,Cloud Functions,Auth handlers
Internal-Tools,gcs-0489208,2026-06,0.0,407.8,6525723,75.46,Cloud Storage,Temp processing bucket
Partner-Integration,gcs-1007922,2026-06,0.0,2416.3,1208160,374.53,Cloud Storage,Model artifacts
Internal-Tools,cr-046e870,2026-06,287.2,0.0,1196817,248.94,Cloud Run,Image processor
Partner-Integration,vai-0cf6544,2026-06,241.4,0.0,0,1207.02,Vertex AI,AutoML jobs
IoT-Platform,cr-0352291,2026-06,682.4,0.0,14216404,1023.58,Cloud Run,API gateway service
Customer-Portal,mem-0970602,2026-06,343.0,0.0,0,246.93,Memorystore,Redis staging cache
Analytics-Platform,gcs-0561333,2026-06,0.0,9211.7,230293,211.87,Cloud Storage,Backup bucket
Security-Ops,gke-1088434,2026-06,2769.9,0.0,0,5539.92,GKE,ML training cluster
Staging-Env,gcs-0107576,2026-06,0.0,3987.7,3987707,289.11,Cloud Storage,Media assets bucket
Analytics-Platform,fs-05fa889,2026-06,1073.4,29.8,74544020,782.71,Firestore,Session store
Security-Ops,df-0f86836,2026-06,350.3,0.0,0,852.58,Dataflow,Batch pipeline
Analytics-Platform,gcs-0d7e884,2026-06,0.0,1978.8,1978814,143.46,Cloud Storage,Media assets bucket
Security-Ops,bq-0e89270,2026-06,0.0,9935.0,0,3973.99,BigQuery,ML training datasets
Data-Science,gcs-0645888,2026-06,0.0,10035.5,250889,230.81,Cloud Storage,Backup bucket
Finance-Systems,gcs-022e492,2026-06,0.0,10571.7,3523905,317.15,Cloud Storage,Data lake bucket
Customer-Portal,mem-0ef3274,2026-06,363.1,0.0,0,261.36,Memorystore,Redis staging cache
Production-Main,cmon-0427100,2026-06,0.0,0.0,23920693,191.36,Cloud Monitoring,Metrics and alerting
Marketing-Platform,cdns-0d26589,2026-06,0.0,0.0,15292774,22.95,Cloud DNS,DNS zones
IoT-Platform,fs-034f225,2026-06,911.7,25.3,63311052,664.77,Firestore,Session store
Finance-Systems,ps-022f437,2026-06,0.0,0.0,49105186,613.81,Pub/Sub,Log forwarding
Production-Main,vai-004d787,2026-06,703.5,0.0,7816400,1524.2,Vertex AI,Model serving endpoints
Internal-Tools,cr-02e3551,2026-06,887.0,0.0,18480043,1330.56,Cloud Run,API gateway service
Data-Science,gcf-0aa7783,2026-06,0.0,0.0,13396439,200.95,Cloud Functions,Data triggers
Analytics-Platform,cr-091c564,2026-06,626.6,0.0,13054616,939.93,Cloud Run,API gateway service
Edge-Network,ps-0583674,2026-06,0.0,0.0,42251884,528.15,Pub/Sub,Log forwarding
Staging-Env,cr-010f896,2026-06,626.7,0.0,2611094,814.66,Cloud Run,ETL pipeline service
Marketing-Platform,gke-1179708,2026-06,4101.9,0.0,0,8203.73,GKE,GPU node pool
Security-Ops,bq-0ac0928,2026-06,0.0,8213.3,0,3285.31,BigQuery,Analytics data warehouse
Staging-Env,gcf-0792467,2026-06,0.0,0.0,2812500,42.18,Cloud Functions,Scheduled tasks
Finance-Systems,cr-0230163,2026-06,568.8,0.0,2369876,739.4,Cloud Run,ETL pipeline service
Production-Secondary,mem-049c168,2026-06,576.0,0.0,0,414.71,Memorystore,Redis production cache
Customer-Portal,vai-0272824,2026-06,206.9,0.0,0,1034.4,Vertex AI,AutoML jobs
Production-Secondary,fs-0de5948,2026-06,1014.3,28.2,70438517,739.61,Firestore,Session store
IoT-Platform,cmon-0355663,2026-06,0.0,0.0,31476723,251.81,Cloud Monitoring,Metrics and alerting
Internal-Tools,gcf-0f0c894,2026-06,0.0,0.0,2242034,33.62,Cloud Functions,Scheduled tasks
Customer-Portal,fs-04aa211,2026-06,885.7,61.6,36906297,507.46,Firestore,User profiles DB
Analytics-Platform,gke-0ec0794,2026-06,4635.2,0.0,0,9270.44,GKE,GPU node pool
Partner-Integration,vai-1089220,2026-06,638.1,0.0,0,3190.4,Vertex AI,Training pipelines
Marketing-Platform,vai-0787119,2026-06,633.0,0.0,0,3165.09,Vertex AI,Training pipelines
Marketing-Platform,vai-0201406,2026-06,584.4,0.0,0,2922.06,Vertex AI,Training pipelines
Marketing-Platform,gke-0da0927,2026-06,2163.4,0.0,0,4326.86,GKE,ML training cluster
Security-Ops,cmon-0171477,2026-06,0.0,0.0,21789752,174.32,Cloud Monitoring,Metrics and alerting
Security-Ops,ps-0a1e824,2026-06,0.0,0.0,31120601,389.0,Pub/Sub,Event streaming
Marketing-Platform,gcf-0c54457,2026-06,0.0,0.0,1724112,25.86,Cloud Functions,Scheduled tasks
Finance-Systems,gcf-0afd438,2026-06,0.0,0.0,13262048,198.93,Cloud Functions,Data triggers
Analytics-Platform,gcs-101b784,2026-06,0.0,8737.0,218423,200.95,Cloud Storage,Backup bucket
Marketing-Platform,ca-0a37345,2026-06,0.0,0.0,61993678,232.47,Cloud Armor,WAF policies
Staging-Env,gke-10ef646,2026-06,642.6,0.0,0,1927.82,GKE,Production API cluster
IoT-Platform,cr-0ea8795,2026-06,441.2,0.0,3677001,382.41,Cloud Run,Webhook handler
Analytics-Platform,gcs-0807814,2026-06,0.0,2609.5,2609423,189.17,Cloud Storage,Media assets bucket
Staging-Env,csql-0100157,2026-06,667.5,185.4,0,1072.43,Cloud SQL,PostgreSQL primary
IoT-Platform,bq-1193133,2026-06,0.0,3479.3,0,1391.73,BigQuery,BI reporting views
Marketing-Platform,vai-0f10130,2026-06,483.0,0.0,5366463,1046.46,Vertex AI,Model serving endpoints
Staging-Env,bq-0f21859,2026-06,0.0,1368.3,0,547.3,BigQuery,BI reporting views
Shared-Services,ca-01b0910,2026-06,0.0,0.0,84111369,315.42,Cloud Armor,WAF policies
IoT-Platform,csql-108b463,2026-06,749.9,208.2,0,900.87,Cloud SQL,PostgreSQL replica
Analytics-Platform,gcs-1084193,2026-06,0.0,9005.7,225141,207.13,Cloud Storage,Backup bucket
IoT-Platform,gke-035c324,2026-06,664.7,0.0,0,1994.14,GKE,Production API cluster
Staging-Env,ps-0e3b104,2026-06,0.0,0.0,13305076,166.31,Pub/Sub,Data pipeline
Analytics-Platform,vai-070f100,2026-06,215.0,0.0,0,1075.21,Vertex AI,AutoML jobs
Partner-Integration,gke-03be323,2026-06,490.2,0.0,0,1470.67,GKE,Batch processing cluster
Analytics-Platform,fs-00a0210,2026-06,990.2,27.5,68765227,722.03,Firestore,Session store
Analytics-Platform,csql-082e688,2026-06,586.0,406.9,0,1155.69,Cloud SQL,MySQL analytics
Edge-Network,gke-0b47654,2026-06,2525.9,0.0,0,5051.74,GKE,ML training cluster
Staging-Env,bq-0493686,2026-06,0.0,1491.1,0,596.41,BigQuery,BI reporting views
Finance-Systems,gcs-0c6f627,2026-06,0.0,10507.2,3502397,315.21,Cloud Storage,Data lake bucket
Finance-Systems,csql-0235236,2026-06,614.4,170.7,0,987.2,Cloud SQL,PostgreSQL primary
Customer-Portal,bq-0ca4291,2026-06,0.0,1160.2,0,464.07,BigQuery,Data export queries
Data-Science,cmon-0b0e986,2026-06,0.0,0.0,36352016,290.81,Cloud Monitoring,Metrics and alerting
Internal-Tools,gcs-02df884,2026-06,0.0,9758.1,243952,224.44,Cloud Storage,Backup bucket
Data-Science,csp-0121138,2026-06,574.4,79.8,39892195,3494.56,Cloud Spanner,Global transaction DB
Production-Secondary,fs-0097230,2026-06,927.6,25.8,64417698,676.39,Firestore,Session store
Staging-Env,gke-0d96647,2026-06,624.4,0.0,0,1873.34,GKE,Production API cluster
Marketing-Platform,gcf-0e5d976,2026-06,0.0,0.0,2146429,32.2,Cloud Functions,Scheduled tasks
Staging-Env,gcf-00f6258,2026-06,0.0,0.0,26193061,392.9,Cloud Functions,Pub/Sub processors
Internal-Tools,gke-02d2760,2026-06,4649.0,0.0,0,9298.07,GKE,GPU node pool
Production-Secondary,csql-070a801,2026-06,638.9,443.6,0,1259.95,Cloud SQL,MySQL analytics
Data-Science,gke-012c228,2026-06,3760.6,0.0,0,7521.1,GKE,GPU node pool
IoT-Platform,cr-0c2a220,2026-06,322.3,0.0,1342855,279.32,Cloud Run,Image processor
Security-Ops,vai-016f381,2026-06,656.6,0.0,7295794,1422.68,Vertex AI,Model serving endpoints
Security-Ops,ps-098b992,2026-06,0.0,0.0,28244065,353.05,Pub/Sub,Event streaming
Staging-Env,gcs-0876450,2026-06,0.0,19223.2,48056,192.24,Cloud Storage,Archive bucket
Marketing-Platform,gke-114e881,2026-06,4016.7,0.0,0,8033.28,GKE,GPU node pool
Production-Main,cmon-0049683,2026-06,0.0,0.0,23517618,188.14,Cloud Monitoring,Metrics and alerting
Data-Science,bq-09d9422,2026-06,0.0,1627.6,0,651.04,BigQuery,BI reporting views
Production-Main,cmon-112d573,2026-06,0.0,0.0,22304386,178.43,Cloud Monitoring,Metrics and alerting
Staging-Env,bq-094e546,2026-06,0.0,1879.3,0,751.73,BigQuery,BI reporting views
Analytics-Platform,bq-0855409,2026-06,0.0,2481.4,0,992.54,BigQuery,BI reporting views
Edge-Network,csql-0f1b746,2026-06,751.0,208.6,0,902.09,Cloud SQL,PostgreSQL replica
IoT-Platform,df-035f202,2026-06,497.4,0.0,0,1210.44,Dataflow,Batch pipeline
Analytics-Platform,cdns-00b5600,2026-06,0.0,0.0,24081045,36.12,Cloud DNS,DNS zones
IoT-Platform,gke-0ff2384,2026-06,2633.1,0.0,0,5266.22,GKE,ML training cluster
Staging-Env,vai-113c698,2026-06,450.5,0.0,0,2252.82,Vertex AI,Training pipelines
Finance-Systems,mem-0229681,2026-06,451.3,0.0,0,324.92,Memorystore,Redis staging cache
Finance-Systems,cr-069b523,2026-06,312.4,0.0,2603682,270.79,Cloud Run,Webhook handler
Analytics-Platform,cdns-0738745,2026-06,0.0,0.0,22240516,33.36,Cloud DNS,DNS zones
Edge-Network,df-0e6f587,2026-06,654.6,0.0,0,1592.64,Dataflow,Streaming pipeline
Internal-Tools,gke-044b696,2026-06,608.8,0.0,0,1826.36,GKE,Production API cluster
Data-Science,cr-0125601,2026-06,277.0,0.0,2307945,240.03,Cloud Run,Webhook handler
Analytics-Platform,ps-0e4f411,2026-06,0.0,0.0,38823559,485.3,Pub/Sub,Log forwarding
Staging-Env,fs-0818568,2026-06,846.8,58.8,35281256,485.12,Firestore,User profiles DB
Analytics-Platform,cr-0795973,2026-06,220.7,0.0,919604,191.28,Cloud Run,Image processor
Marketing-Platform,gcf-0d8a232,2026-06,0.0,0.0,7034323,105.52,Cloud Functions,Auth handlers
Marketing-Platform,gke-01f0606,2026-06,529.5,0.0,0,1588.42,GKE,Production API cluster
Analytics-Platform,csql-00a6170,2026-06,837.4,232.6,0,1345.43,Cloud SQL,PostgreSQL primary
IoT-Platform,csp-035a467,2026-06,898.1,124.7,62367051,5463.35,Cloud Spanner,Global transaction DB
Marketing-Platform,gcf-1164171,2026-06,0.0,0.0,1939957,29.1,Cloud Functions,Scheduled tasks
Partner-Integration,vai-03b6866,2026-06,636.5,0.0,0,3182.75,Vertex AI,Training pipelines
Marketing-Platform,gke-0840185,2026-06,4019.6,0.0,0,8039.17,GKE,GPU node pool
Data-Science,ca-012f338,2026-06,0.0,0.0,126913708,475.93,Cloud Armor,WAF policies
Production-Main,vai-0ab6883,2026-06,773.3,0.0,8591662,1675.38,Vertex AI,Model serving endpoints
Marketing-Platform,csp-0893632,2026-06,985.2,136.9,68420754,5993.65,Cloud Spanner,Global transaction DB
Staging-Env,gcs-049f340,2026-06,0.0,13858.2,4619426,415.75,Cloud Storage,Data lake bucket
Marketing-Platform,mem-0d11525,2026-06,492.5,0.0,0,354.59,Memorystore,Redis staging cache
Data-Science,csp-06e0923,2026-06,650.8,90.4,45197192,3959.28,Cloud Spanner,Global transaction DB
Production-Main,vai-0a19252,2026-06,753.9,0.0,8376341,1633.39,Vertex AI,Model serving endpoints
IoT-Platform,gke-0811879,2026-06,459.3,0.0,0,1377.86,GKE,Batch processing cluster
Finance-Systems,gcs-0eac954,2026-06,0.0,11328.9,3776301,339.86,Cloud Storage,Data lake bucket
IoT-Platform,gke-1010325,2026-06,434.4,0.0,0,1303.18,GKE,Batch processing cluster
Partner-Integration,gke-03bf793,2026-06,739.2,0.0,0,2217.65,GKE,Production API cluster
Edge-Network,gcf-053e433,2026-06,0.0,0.0,27531731,412.98,Cloud Functions,Pub/Sub processors
Partner-Integration,gcs-1123684,2026-06,0.0,19332.4,48329,193.32,Cloud Storage,Archive bucket
Internal-Tools,gke-1001633,2026-06,559.3,0.0,0,1678.13,GKE,Production API cluster
Production-Main,cdns-004c833,2026-06,0.0,0.0,16859628,25.29,Cloud DNS,DNS zones
Analytics-Platform,csql-080c279,2026-06,728.4,202.3,0,875.09,Cloud SQL,PostgreSQL replica
Internal-Tools,cr-0dff606,2026-06,778.6,0.0,16222394,1168.01,Cloud Run,API gateway service
Staging-Env,gcf-104c819,2026-06,0.0,0.0,14492434,217.39,Cloud Functions,Data triggers
IoT-Platform,bq-0358745,2026-06,0.0,12816.8,0,5126.74,BigQuery,ML training datasets
Partner-Integration,vai-0d58936,2026-06,703.4,0.0,0,3517.06,Vertex AI,Training pipelines
Security-Ops,bq-0ea7997,2026-06,0.0,1800.2,0,720.1,BigQuery,BI reporting views
Staging-Env,vai-0fb5320,2026-06,605.3,0.0,0,3026.8,Vertex AI,Training pipelines
Finance-Systems,csql-0234326,2026-06,689.2,191.5,0,828.05,Cloud SQL,PostgreSQL replica
Production-Secondary,ps-04ae119,2026-06,0.0,0.0,13590453,169.88,Pub/Sub,Data pipeline
Data-Science,cr-0126386,2026-06,542.9,0.0,2261913,705.72,Cloud Run,ETL pipeline service
Security-Ops,gke-0885864,2026-06,3741.5,0.0,0,7482.99,GKE,GPU node pool
Analytics-Platform,fs-04c6485,2026-06,900.5,62.5,37520254,515.91,Firestore,User profiles DB
Analytics-Platform,csp-0b45210,2026-06,745.1,103.5,51739192,4532.35,Cloud Spanner,Global transaction DB
Edge-Network,ps-0656496,2026-06,0.0,0.0,42187644,527.35,Pub/Sub,Log forwarding
Security-Ops,ps-0ed2729,2026-06,0.0,0.0,30194398,377.42,Pub/Sub,Event streaming
Edge-Network,bq-0c3f361,2026-06,0.0,6537.0,0,2614.79,BigQuery,Analytics data warehouse
IoT-Platform,csql-107e386,2026-06,852.7,236.8,0,1024.4,Cloud SQL,PostgreSQL replica
Data-Science,gcf-0fcd366,2026-06,0.0,0.0,11942148,179.14,Cloud Functions,Data triggers
Customer-Portal,gcf-066a392,2026-06,0.0,0.0,13528298,202.93,Cloud Functions,Data triggers
Security-Ops,ca-0f36993,2026-06,0.0,0.0,91944455,344.79,Cloud Armor,WAF policies
Security-Ops,cdns-0ebc188,2026-06,0.0,0.0,23980620,35.96,Cloud DNS,DNS zones
Internal-Tools,gke-02d1750,2026-06,597.6,0.0,0,1792.86,GKE,Production API cluster
Production-Secondary,df-008a884,2026-06,825.4,0.0,0,2008.43,Dataflow,Streaming pipeline
Production-Main,gcs-0052261,2026-06,0.0,479.3,7669351,88.68,Cloud Storage,Temp processing bucket
Edge-Network,gcf-0ddd914,2026-06,0.0,0.0,6716981,100.76,Cloud Functions,Auth handlers
Edge-Network,gcf-0ac9744,2026-06,0.0,0.0,25443490,381.66,Cloud Functions,Pub/Sub processors
Finance-Systems,gcf-0c5d229,2026-06,0.0,0.0,11363387,170.44,Cloud Functions,Data triggers
IoT-Platform,cr-07c2911,2026-06,502.2,0.0,4184791,435.22,Cloud Run,Webhook handler
Data-Science,gcs-06b9860,2026-06,0.0,10981.3,274535,252.56,Cloud Storage,Backup bucket
Internal-Tools,gcs-0e2f639,2026-06,0.0,420.3,6725022,77.76,Cloud Storage,Temp processing bucket
IoT-Platform,cr-0353556,2026-06,428.4,0.0,1784974,556.91,Cloud Run,ETL pipeline service
Partner-Integration,df-0ade476,2026-06,1037.5,0.0,0,2524.26,Dataflow,Streaming pipeline
Analytics-Platform,mem-1058605,2026-06,466.6,0.0,0,335.95,Memorystore,Redis production cache
Customer-Portal,clog-0de0960,2026-06,0.0,631.3,0,157.84,Cloud Logging,Application logs
Data-Science,ps-0123564,2026-06,0.0,0.0,19874120,248.43,Pub/Sub,Event streaming
Marketing-Platform,fs-01f4370,2026-06,571.5,15.9,39687723,416.72,Firestore,Session store
Data-Science,clog-06dc217,2026-06,0.0,249.7,0,62.41,Cloud Logging,Audit logs
IoT-Platform,csql-034c176,2026-06,966.4,268.4,0,1552.66,Cloud SQL,PostgreSQL primary
Production-Secondary,mem-0096498,2026-06,374.4,0.0,0,269.55,Memorystore,Redis staging cache
Shared-Services,gcs-01a7453,2026-06,0.0,3755.9,3755892,272.3,Cloud Storage,Media assets bucket
Analytics-Platform,csql-0946366,2026-06,522.7,363.0,0,1030.88,Cloud SQL,MySQL analytics
Marketing-Platform,gcf-0202117,2026-06,0.0,0.0,2064849,30.97,Cloud Functions,Scheduled tasks
Analytics-Platform,gke-057b474,2026-06,5327.2,0.0,0,10654.53,GKE,GPU node pool
Analytics-Platform,cr-0428733,2026-06,559.4,0.0,2330902,727.25,Cloud Run,ETL pipeline service
Partner-Integration,cmon-03bb762,2026-06,0.0,0.0,40141824,321.13,Cloud Monitoring,Metrics and alerting
Customer-Portal,gcs-097b639,2026-06,0.0,20034.8,50086,200.35,Cloud Storage,Archive bucket
IoT-Platform,csql-07df484,2026-06,1073.6,298.2,0,1724.95,Cloud SQL,PostgreSQL primary
Marketing-Platform,clog-01fc511,2026-06,0.0,560.9,0,140.22,Cloud Logging,Application logs
Security-Ops,bq-0166748,2026-06,0.0,9041.6,0,3616.63,BigQuery,ML training datasets
Analytics-Platform,gke-0717726,2026-06,589.5,0.0,0,1768.36,GKE,Batch processing cluster
Partner-Integration,gke-03c0738,2026-06,4598.4,0.0,0,9196.82,GKE,GPU node pool
Analytics-Platform,fs-10c4798,2026-06,1107.2,30.8,76886934,807.31,Firestore,Session store
IoT-Platform,bq-0bb6584,2026-06,0.0,3607.3,0,1442.92,BigQuery,BI reporting views
Analytics-Platform,bq-0bb4634,2026-06,0.0,14513.2,0,5805.25,BigQuery,ML training datasets
Finance-Systems,gcs-1168650,2026-06,0.0,11910.6,3970204,357.32,Cloud Storage,Data lake bucket
Staging-Env,cdns-064f880,2026-06,0.0,0.0,19925589,29.89,Cloud DNS,DNS zones
Analytics-Platform,gcs-0f70340,2026-06,0.0,2487.1,2487052,180.3,Cloud Storage,Media assets bucket
Staging-Env,gcs-0b01292,2026-06,0.0,16169.2,40422,161.7,Cloud Storage,Archive bucket
Staging-Env,gcs-07ed975,2026-06,0.0,15812.8,5270953,474.39,Cloud Storage,Data lake bucket
Shared-Services,gcs-06e7706,2026-06,0.0,3585.1,3585062,259.91,Cloud Storage,Media assets bucket
Finance-Systems,gcs-0bb7444,2026-06,0.0,3386.6,3386719,245.54,Cloud Storage,Media assets bucket
Edge-Network,fs-0544510,2026-06,581.5,16.1,40377835,423.97,Firestore,Session store
Customer-Portal,gcf-0715545,2026-06,0.0,0.0,14071471,211.07,Cloud Functions,Data triggers
Staging-Env,vai-0838396,2026-06,527.8,0.0,0,2638.98,Vertex AI,Training pipelines
Data-Science,gcf-0932830,2026-06,0.0,0.0,8148412,122.22,Cloud Functions,Auth handlers
Security-Ops,csql-0168938,2026-06,681.0,189.2,0,818.09,Cloud SQL,PostgreSQL replica
Partner-Integration,df-077b363,2026-06,1058.9,0.0,0,2576.43,Dataflow,Streaming pipeline
Data-Science,gcf-08b4980,2026-06,0.0,0.0,9922524,148.83,Cloud Functions,Auth handlers
Customer-Portal,ps-108d962,2026-06,0.0,0.0,53162142,664.53,Pub/Sub,Log forwarding
IoT-Platform,csql-105d913,2026-06,917.1,254.7,0,1473.44,Cloud SQL,PostgreSQL primary
Marketing-Platform,gke-0e46732,2026-06,2664.0,0.0,0,5328.11,GKE,ML training cluster
Data-Science,clog-0131653,2026-06,0.0,278.3,0,69.56,Cloud Logging,Audit logs
Analytics-Platform,gcs-00a2348,2026-06,0.0,10251.2,256280,235.78,Cloud Storage,Backup bucket
Data-Science,gcf-0e0a728,2026-06,0.0,0.0,9712158,145.68,Cloud Functions,Auth handlers
Data-Science,gcs-0dbd892,2026-06,0.0,11628.5,290714,267.44,Cloud Storage,Backup bucket
Analytics-Platform,cr-00b8695,2026-06,658.3,0.0,13715163,987.49,Cloud Run,API gateway service
Customer-Portal,clog-0c48906,2026-06,0.0,548.7,0,137.19,Cloud Logging,Application logs
Production-Main,csql-004a734,2026-06,803.6,558.1,0,1584.95,Cloud SQL,MySQL analytics
Analytics-Platform,gcs-0423920,2026-06,0.0,11159.4,3719772,334.78,Cloud Storage,Data lake bucket
Partner-Integration,vai-0ec3418,2026-06,562.5,0.0,0,2812.58,Vertex AI,Training pipelines
Edge-Network,bq-0743744,2026-06,0.0,4841.9,0,1936.76,BigQuery,Log analytics
Edge-Network,gcf-030c226,2026-06,0.0,0.0,6384073,95.76,Cloud Functions,Auth handlers
Internal-Tools,cr-02e0943,2026-06,596.4,0.0,2485158,775.37,Cloud Run,ETL pipeline service
IoT-Platform,fs-0936943,2026-06,989.0,68.7,41207829,566.61,Firestore,User profiles DB
Finance-Systems,csql-1161612,2026-06,719.4,199.8,0,1155.86,Cloud SQL,PostgreSQL primary
Analytics-Platform,cr-0fca228,2026-06,688.2,0.0,14338489,1032.37,Cloud Run,API gateway service
Data-Science,mem-0d94995,2026-06,909.6,0.0,0,654.88,Memorystore,Redis production cache
Marketing-Platform,cdns-01fd830,2026-06,0.0,0.0,14544795,21.82,Cloud DNS,DNS zones
Finance-Systems,cr-0231576,2026-06,840.6,0.0,17511754,1260.85,Cloud Run,API gateway service
Internal-Tools,gke-02d3277,2026-06,648.7,0.0,0,1946.14,GKE,Batch processing cluster
Analytics-Platform,mem-0bc6853,2026-06,365.4,0.0,0,263.09,Memorystore,Redis staging cache
Edge-Network,vai-0305406,2026-06,661.9,0.0,7354768,1434.18,Vertex AI,Model serving endpoints
Production-Secondary,fs-03fe898,2026-06,1132.9,78.6,47203594,649.05,Firestore,User profiles DB
Staging-Env,bq-0cb3759,2026-06,0.0,8727.3,0,3490.92,BigQuery,ML training datasets
Finance-Systems,gcs-022c243,2026-06,0.0,414.7,6634774,76.71,Cloud Storage,Temp processing bucket
IoT-Platform,fs-06ab458,2026-06,787.4,21.9,54678441,574.13,Firestore,Session store
IoT-Platform,cr-0fe5621,2026-06,479.9,0.0,3999308,415.93,Cloud Run,Webhook handler
Marketing-Platform,ca-0d87226,2026-06,0.0,0.0,67703743,253.88,Cloud Armor,WAF policies
Security-Ops,ps-0e6d862,2026-06,0.0,0.0,34813186,435.16,Pub/Sub,Event streaming
Internal-Tools,gke-06b8573,2026-06,681.1,0.0,0,2043.29,GKE,Production API cluster
Marketing-Platform,vai-0acd729,2026-06,688.3,0.0,0,3441.4,Vertex AI,Training pipelines
Production-Secondary,ps-0670812,2026-06,0.0,0.0,15375596,192.19,Pub/Sub,Data pipeline
IoT-Platform,bq-0a5e886,2026-06,0.0,2527.6,0,1011.05,BigQuery,BI reporting views
Production-Main,clog-08cc138,2026-06,0.0,282.7,0,70.67,Cloud Logging,Audit logs
Partner-Integration,mem-0b49465,2026-06,236.7,0.0,0,170.41,Memorystore,Redis staging cache
Data-Science,clog-092e252,2026-06,0.0,257.2,0,64.29,Cloud Logging,Audit logs
Marketing-Platform,ps-01f8386,2026-06,0.0,0.0,18526243,231.58,Pub/Sub,Data pipeline
Staging-Env,csp-00ff406,2026-06,587.8,81.6,40822767,3576.07,Cloud Spanner,Global transaction DB
Analytics-Platform,vai-0e19502,2026-06,196.2,0.0,0,981.29,Vertex AI,AutoML jobs
Internal-Tools,gke-0cab252,2026-06,644.3,0.0,0,1932.88,GKE,Production API cluster
Internal-Tools,clog-0d2a461,2026-06,0.0,544.1,0,136.03,Cloud Logging,Application logs
Internal-Tools,cr-08e3742,2026-06,988.4,0.0,20591738,1482.6,Cloud Run,API gateway service
Staging-Env,vai-04fe557,2026-06,203.3,0.0,0,1016.38,Vertex AI,AutoML jobs
IoT-Platform,mem-0362959,2026-06,349.9,0.0,0,251.92,Memorystore,Redis staging cache
Partner-Integration,ps-0eee659,2026-06,0.0,0.0,37941437,474.27,Pub/Sub,Event streaming
Staging-Env,gcs-0956604,2026-06,0.0,17847.2,44617,178.47,Cloud Storage,Archive bucket
Internal-Tools,gcs-098f275,2026-06,0.0,373.0,5969964,69.03,Cloud Storage,Temp processing bucket
Production-Main,gcs-0054726,2026-06,0.0,17887.2,5962389,536.62,Cloud Storage,Data lake bucket
Staging-Env,bq-00fb170,2026-06,0.0,8701.6,0,3480.62,BigQuery,ML training datasets
Data-Science,bq-011e164,2026-06,0.0,7267.1,0,2906.85,BigQuery,Analytics data warehouse
Internal-Tools,gcs-0bfc844,2026-06,0.0,2383.1,1191529,369.37,Cloud Storage,Model artifacts
Analytics-Platform,cr-0eab693,2026-06,432.4,0.0,1801912,562.2,Cloud Run,ETL pipeline service
Analytics-Platform,mem-05f3682,2026-06,633.3,0.0,0,455.98,Memorystore,Redis production cache
Staging-Env,bq-0662637,2026-06,0.0,1533.1,0,613.19,BigQuery,BI reporting views
Data-Science,cr-0726598,2026-06,578.9,0.0,2412108,752.58,Cloud Run,ETL pipeline service
Data-Science,clog-0a7e301,2026-06,0.0,502.9,0,125.74,Cloud Logging,Application logs
Data-Science,cr-117a251,2026-06,341.5,0.0,1423256,296.04,Cloud Run,Image processor
Analytics-Platform,cmon-048b548,2026-06,0.0,0.0,20186755,161.49,Cloud Monitoring,Metrics and alerting
Marketing-Platform,cr-01f7175,2026-06,521.9,0.0,2174512,678.45,Cloud Run,ETL pipeline service
Internal-Tools,gke-0723395,2026-06,664.2,0.0,0,1992.56,GKE,Production API cluster
Production-Main,gcs-0cc1765,2026-06,0.0,23990.9,59976,239.91,Cloud Storage,Archive bucket
Staging-Env,gcf-0c8e538,2026-06,0.0,0.0,27346642,410.21,Cloud Functions,Pub/Sub processors
Security-Ops,mem-0163703,2026-06,626.6,0.0,0,451.17,Memorystore,Redis production cache
Customer-Portal,gcf-0429675,2026-06,0.0,0.0,13964990,209.48,Cloud Functions,Data triggers
IoT-Platform,csql-057c410,2026-06,896.8,249.1,0,1440.78,Cloud SQL,PostgreSQL primary
Staging-Env,gcs-08f2137,2026-06,0.0,15666.5,39165,156.67,Cloud Storage,Archive bucket
Customer-Portal,fs-0821122,2026-06,803.1,55.9,33463611,460.12,Firestore,User profiles DB
Analytics-Platform,clog-0a78329,2026-06,0.0,473.0,0,118.27,Cloud Logging,Application logs
Analytics-Platform,bq-08d4406,2026-06,0.0,2130.6,0,852.23,BigQuery,BI reporting views
Finance-Systems,clog-023a470,2026-06,0.0,213.9,0,53.49,Cloud Logging,Audit logs
Security-Ops,bq-0b46741,2026-06,0.0,7413.4,0,2965.35,BigQuery,Analytics data warehouse
Marketing-Platform,cr-10aa944,2026-06,453.8,0.0,1890708,589.9,Cloud Run,ETL pipeline service
Production-Main,cmon-0a6d976,2026-06,0.0,0.0,27032034,216.25,Cloud Monitoring,Metrics and alerting
Analytics-Platform,bq-04ee997,2026-06,0.0,15436.5,0,6174.6,BigQuery,ML training datasets
Data-Science,csql-0443816,2026-06,714.0,495.9,0,1408.21,Cloud SQL,MySQL analytics
Analytics-Platform,cr-00ba535,2026-06,514.4,0.0,2143290,668.71,Cloud Run,ETL pipeline service
Data-Science,clog-0f9e217,2026-06,0.0,434.9,0,108.75,Cloud Logging,Application logs
Shared-Services,gcs-0d20611,2026-06,0.0,530.8,8492070,98.19,Cloud Storage,Temp processing bucket
Production-Secondary,vai-105f825,2026-06,225.8,0.0,0,1128.84,Vertex AI,AutoML jobs
Partner-Integration,vai-1186733,2026-06,620.1,0.0,0,3100.28,Vertex AI,Training pipelines
Analytics-Platform,bq-09ec448,2026-06,0.0,2010.6,0,804.23,BigQuery,BI reporting views
Staging-Env,gcs-08f9516,2026-06,0.0,17926.8,44816,179.27,Cloud Storage,Archive bucket
Customer-Portal,mem-0277393,2026-06,387.0,0.0,0,278.64,Memorystore,Redis staging cache
Marketing-Platform,ps-0c52845,2026-06,0.0,0.0,46136830,576.71,Pub/Sub,Log forwarding
Staging-Env,cr-0448765,2026-06,717.2,0.0,2988137,932.3,Cloud Run,ETL pipeline service
Marketing-Platform,cdns-0edd593,2026-06,0.0,0.0,14331976,21.51,Cloud DNS,DNS zones
Security-Ops,bq-1170876,2026-06,0.0,1797.2,0,718.88,BigQuery,BI reporting views
Analytics-Platform,clog-06d5147,2026-06,0.0,403.0,0,100.76,Cloud Logging,Application logs
IoT-Platform,csql-09b6525,2026-06,945.1,262.5,0,1518.42,Cloud SQL,PostgreSQL primary
Marketing-Platform,mem-0c1f707,2026-06,563.6,0.0,0,405.77,Memorystore,Redis production cache
IoT-Platform,bq-0356304,2026-06,0.0,6766.6,0,2706.62,BigQuery,Analytics data warehouse
Production-Secondary,ca-0099778,2026-06,0.0,0.0,111432494,417.87,Cloud Armor,WAF policies
Edge-Network,ps-02fd764,2026-06,0.0,0.0,46606246,582.58,Pub/Sub,Log forwarding
Security-Ops,ca-0b40128,2026-06,0.0,0.0,96038424,360.14,Cloud Armor,WAF policies
IoT-Platform,csql-0938911,2026-06,770.2,213.9,0,1237.47,Cloud SQL,PostgreSQL primary
Shared-Services,gcs-1094454,2026-06,0.0,7455.7,186389,171.48,Cloud Storage,Backup bucket
Staging-Env,gcs-085c168,2026-06,0.0,11501.6,3833879,345.05,Cloud Storage,Data lake bucket
Finance-Systems,clog-0ec6304,2026-06,0.0,225.7,0,56.43,Cloud Logging,Audit logs
Production-Secondary,vai-0094955,2026-06,622.8,0.0,0,3113.79,Vertex AI,Training pipelines
Marketing-Platform,cdns-041b779,2026-06,0.0,0.0,14465946,21.7,Cloud DNS,DNS zones
Customer-Portal,bq-0615458,2026-06,0.0,977.8,0,391.13,BigQuery,Data export queries
Data-Science,mem-0129294,2026-06,352.3,0.0,0,253.68,Memorystore,Redis staging cache
Production-Main,cdns-06c9194,2026-06,0.0,0.0,18264660,27.4,Cloud DNS,DNS zones
Data-Science,gke-012b441,2026-06,1588.5,0.0,0,3176.95,GKE,ML training cluster
Production-Secondary,clog-0091888,2026-06,0.0,497.1,0,124.26,Cloud Logging,Application logs
Analytics-Platform,gcs-0c3d467,2026-06,0.0,2391.9,2391839,173.4,Cloud Storage,Media assets bucket
Staging-Env,cdns-1139865,2026-06,0.0,0.0,15753791,23.63,Cloud DNS,DNS zones
Security-Ops,gcs-0161732,2026-06,0.0,6562.5,164062,150.94,Cloud Storage,Backup bucket
Analytics-Platform,csql-0e53229,2026-06,736.9,204.7,0,885.3,Cloud SQL,PostgreSQL replica
Production-Main,ca-07a3445,2026-06,0.0,0.0,110422465,414.08,Cloud Armor,WAF policies
Partner-Integration,gcs-06f1329,2026-06,0.0,17610.2,44024,176.1,Cloud Storage,Archive bucket
Production-Secondary,vai-112f326,2026-06,661.9,0.0,0,3309.03,Vertex AI,Training pipelines
Staging-Env,gcs-043e773,2026-06,0.0,11613.2,3871090,348.4,Cloud Storage,Data lake bucket
Shared-Services,clog-0ca9614,2026-06,0.0,278.1,0,69.53,Cloud Logging,Audit logs
Staging-Env,fs-0414599,2026-06,601.3,16.7,41759536,438.47,Firestore,Session store
Finance-Systems,cr-0f69206,2026-06,645.3,0.0,2688660,838.86,Cloud Run,ETL pipeline service
Finance-Systems,cr-0983776,2026-06,274.4,0.0,2286931,237.85,Cloud Run,Webhook handler
Analytics-Platform,clog-10d3731,2026-06,0.0,416.4,0,104.12,Cloud Logging,Application logs
Data-Science,gke-012d310,2026-06,600.4,0.0,0,1801.27,GKE,Batch processing cluster
Security-Ops,clog-06f4781,2026-06,0.0,538.1,0,134.52,Cloud Logging,Application logs
Analytics-Platform,mem-0be0769,2026-06,390.1,0.0,0,280.85,Memorystore,Redis staging cache
Analytics-Platform,ps-00b0784,2026-06,0.0,0.0,43955790,549.45,Pub/Sub,Log forwarding
Data-Science,cmon-0119114,2026-06,0.0,0.0,37604321,300.83,Cloud Monitoring,Metrics and alerting
Marketing-Platform,mem-0bec716,2026-06,641.6,0.0,0,461.96,Memorystore,Redis production cache
Analytics-Platform,clog-00b2916,2026-06,0.0,424.2,0,106.06,Cloud Logging,Application logs
IoT-Platform,cr-07ba478,2026-06,614.4,0.0,12800667,921.65,Cloud Run,API gateway service
Staging-Env,gcf-07b5689,2026-06,0.0,0.0,6878291,103.18,Cloud Functions,Auth handlers
Marketing-Platform,csp-059d134,2026-06,1066.4,148.2,74055728,6487.28,Cloud Spanner,Global transaction DB
Marketing-Platform,gcf-0b09565,2026-06,0.0,0.0,2070736,31.07,Cloud Functions,Scheduled tasks
Edge-Network,vai-0cfa846,2026-06,675.7,0.0,7508463,1464.15,Vertex AI,Model serving endpoints
Marketing-Platform,gke-10ee847,2026-06,4305.7,0.0,0,8611.49,GKE,GPU node pool
Data-Science,bq-011d724,2026-06,0.0,1859.2,0,743.68,BigQuery,BI reporting views
Analytics-Platform,vai-108c424,2026-06,228.9,0.0,0,1144.68,Vertex AI,AutoML jobs
IoT-Platform,csp-0ba0507,2026-06,1014.0,140.8,70412716,6168.15,Cloud Spanner,Global transaction DB
Security-Ops,ca-0176613,2026-06,0.0,0.0,112350408,421.31,Cloud Armor,WAF policies
Staging-Env,gke-0c35243,2026-06,717.6,0.0,0,2152.68,GKE,Production API cluster
Marketing-Platform,mem-0fe3237,2026-06,559.7,0.0,0,402.98,Memorystore,Redis production cache
Data-Science,gcf-08ad127,2026-06,0.0,0.0,10410958,156.16,Cloud Functions,Auth handlers
Finance-Systems,gcf-08be587,2026-06,0.0,0.0,14947360,224.2,Cloud Functions,Data triggers
Marketing-Platform,cmon-01fe252,2026-06,0.0,0.0,31905986,255.25,Cloud Monitoring,Metrics and alerting
Edge-Network,csql-10c6860,2026-06,683.5,189.9,0,821.14,Cloud SQL,PostgreSQL replica
Edge-Network,gke-0737724,2026-06,654.2,0.0,0,1962.67,GKE,Production API cluster
Security-Ops,bq-0164326,2026-06,0.0,1833.1,0,733.24,BigQuery,Data export queries
Edge-Network,gke-0422340,2026-06,749.0,0.0,0,2246.98,GKE,Production API cluster
Edge-Network,gke-09da268,2026-06,961.1,0.0,0,2883.32,GKE,Production API cluster
Shared-Services,clog-10eb198,2026-06,0.0,252.7,0,63.17,Cloud Logging,Audit logs
Marketing-Platform,mem-0206894,2026-06,449.3,0.0,0,323.49,Memorystore,Redis staging cache
Shared-Services,gcs-0cc2493,2026-06,0.0,3123.4,3123365,226.44,Cloud Storage,Media assets bucket
Security-Ops,cdns-0449810,2026-06,0.0,0.0,24590930,36.88,Cloud DNS,DNS zones
Staging-Env,gke-0f11337,2026-06,3090.3,0.0,0,6180.61,GKE,ML training cluster
IoT-Platform,cr-0e01602,2026-06,414.4,0.0,1726498,538.67,Cloud Run,ETL pipeline service
Finance-Systems,cr-0232515,2026-06,329.3,0.0,2744293,285.41,Cloud Run,Webhook handler
Customer-Portal,gcs-0a82442,2026-06,0.0,21821.2,54551,218.21,Cloud Storage,Archive bucket
Finance-Systems,gcs-040c806,2026-06,0.0,456.5,7302978,84.44,Cloud Storage,Temp processing bucket
Production-Secondary,csql-10b0577,2026-06,539.0,149.7,0,865.92,Cloud SQL,PostgreSQL primary
Production-Main,mem-0046643,2026-06,483.7,0.0,0,348.25,Memorystore,Redis staging cache
Data-Science,gke-04d4364,2026-06,3259.6,0.0,0,6519.09,GKE,GPU node pool
Marketing-Platform,gke-0dd4328,2026-06,2111.9,0.0,0,4223.85,GKE,ML training cluster
Security-Ops,ps-0760142,2026-06,0.0,0.0,31282661,391.03,Pub/Sub,Event streaming
Staging-Env,gke-0ace497,2026-06,2647.8,0.0,0,5295.5,GKE,ML training cluster
Marketing-Platform,cr-01f6471,2026-06,787.2,0.0,16399077,1180.73,Cloud Run,API gateway service
Analytics-Platform,bq-00a9545,2026-06,0.0,10158.5,0,4063.39,BigQuery,Analytics data warehouse
Analytics-Platform,mem-00bc838,2026-06,620.2,0.0,0,446.54,Memorystore,Redis production cache
Marketing-Platform,vai-083e756,2026-06,395.7,0.0,0,1978.45,Vertex AI,Training pipelines
Marketing-Platform,gcf-0204526,2026-06,0.0,0.0,6213785,93.21,Cloud Functions,Auth handlers
Analytics-Platform,cmon-00b1971,2026-06,0.0,0.0,21602699,172.82,Cloud Monitoring,Metrics and alerting
Partner-Integration,mem-0f6b597,2026-06,268.7,0.0,0,193.44,Memorystore,Redis staging cache
Security-Ops,cdns-0b9e686,2026-06,0.0,0.0,21683109,32.52,Cloud DNS,DNS zones
Internal-Tools,cr-0d98506,2026-06,327.5,0.0,1364539,283.82,Cloud Run,Image processor
IoT-Platform,mem-0361916,2026-06,794.1,0.0,0,571.79,Memorystore,Redis production cache
Finance-Systems,cr-0605192,2026-06,640.0,0.0,2666835,832.05,Cloud Run,ETL pipeline service
Staging-Env,gke-0ed9571,2026-06,798.3,0.0,0,2394.8,GKE,Production API cluster
Staging-Env,gke-08b2777,2026-06,574.0,0.0,0,1722.11,GKE,Production API cluster
Internal-Tools,gcf-0e8d178,2026-06,0.0,0.0,11467752,172.02,Cloud Functions,Data triggers
Shared-Services,gcs-01aa874,2026-06,0.0,22146.6,55366,221.47,Cloud Storage,Archive bucket
Edge-Network,bq-02ff101,2026-06,0.0,5962.9,0,2385.18,BigQuery,Log analytics
Edge-Network,vai-089b961,2026-06,732.7,0.0,8141964,1587.68,Vertex AI,Model serving endpoints
Analytics-Platform,gcs-0c9b859,2026-06,0.0,2786.4,2786337,202.0,Cloud Storage,Media assets bucket
IoT-Platform,gke-0e04484,2026-06,3287.5,0.0,0,6575.09,GKE,GPU node pool
Internal-Tools,gcs-02dc330,2026-06,0.0,361.4,5783092,66.87,Cloud Storage,Temp processing bucket
IoT-Platform,df-0360346,2026-06,628.9,0.0,0,1530.37,Dataflow,Streaming pipeline
Staging-Env,vai-00f3704,2026-06,189.2,0.0,0,946.05,Vertex AI,AutoML jobs
Marketing-Platform,gke-0edf790,2026-06,2589.7,0.0,0,5179.41,GKE,ML training cluster
Marketing-Platform,df-0207274,2026-06,798.1,0.0,0,1942.03,Dataflow,Streaming pipeline
Production-Secondary,df-0089960,2026-06,441.4,0.0,0,1074.19,Dataflow,Batch pipeline
Analytics-Platform,clog-069f805,2026-06,0.0,175.3,0,43.82,Cloud Logging,Audit logs
Data-Science,mem-0d3b973,2026-06,317.5,0.0,0,228.67,Memorystore,Redis staging cache
Marketing-Platform,gke-0961704,2026-06,3764.7,0.0,0,7529.32,GKE,GPU node pool
Partner-Integration,vai-09ae701,2026-06,638.0,0.0,0,3190.04,Vertex AI,Training pipelines
Shared-Services,gcs-01ac446,2026-06,0.0,1893.2,946609,293.45,Cloud Storage,Model artifacts
Marketing-Platform,ca-01ef502,2026-06,0.0,0.0,71622340,268.58,Cloud Armor,WAF policies
Data-Science,ps-0f30230,2026-06,0.0,0.0,31358712,391.99,Pub/Sub,Log forwarding
Data-Science,fs-0127555,2026-06,613.5,17.0,42604438,447.35,Firestore,Session store
Edge-Network,gcs-0cd2232,2026-06,0.0,18385.1,6128356,551.55,Cloud Storage,Data lake bucket
IoT-Platform,cr-0729907,2026-06,474.7,0.0,1977832,617.08,Cloud Run,ETL pipeline service
Internal-Tools,gcf-096c889,2026-06,0.0,0.0,2133837,32.0,Cloud Functions,Scheduled tasks
Internal-Tools,ps-0c20760,2026-06,0.0,0.0,47330571,591.63,Pub/Sub,Log forwarding
Customer-Portal,ps-0eaa382,2026-06,0.0,0.0,39471715,493.4,Pub/Sub,Log forwarding
Marketing-Platform,vai-049d843,2026-06,514.0,0.0,0,2569.84,Vertex AI,Training pipelines
IoT-Platform,cr-0d2c716,2026-06,493.1,0.0,2054235,640.92,Cloud Run,ETL pipeline service
Customer-Portal,vai-0ee8223,2026-06,213.3,0.0,0,1066.61,Vertex AI,AutoML jobs
Edge-Network,ps-02fc480,2026-06,0.0,0.0,21881812,273.52,Pub/Sub,Event streaming
IoT-Platform,csql-06b1505,2026-06,851.9,236.6,0,1368.72,Cloud SQL,PostgreSQL primary
Security-Ops,vai-05da671,2026-06,251.1,0.0,0,1255.52,Vertex AI,AutoML jobs
Staging-Env,vai-10e1569,2026-06,553.6,0.0,0,2767.99,Vertex AI,Training pipelines
Data-Science,csp-0805807,2026-06,554.6,77.0,38514469,3373.87,Cloud Spanner,Global transaction DB
Staging-Env,bq-109e582,2026-06,0.0,6314.2,0,2525.67,BigQuery,Log analytics
Data-Science,gke-0cd6991,2026-06,3086.0,0.0,0,6171.88,GKE,GPU node pool
Customer-Portal,cr-1095673,2026-06,517.9,0.0,2157522,673.15,Cloud Run,ETL pipeline service
Security-Ops,bq-0c67516,2026-06,0.0,2079.2,0,831.67,BigQuery,Data export queries
Staging-Env,cdns-0b0c213,2026-06,0.0,0.0,18005823,27.01,Cloud DNS,DNS zones
Internal-Tools,gke-10e2100,2026-06,579.6,0.0,0,1738.82,GKE,Production API cluster
IoT-Platform,gke-0dce191,2026-06,739.5,0.0,0,2218.68,GKE,Production API cluster
Edge-Network,gke-066d574,2026-06,839.7,0.0,0,2519.1,GKE,Production API cluster
Internal-Tools,mem-0e40840,2026-06,657.3,0.0,0,473.27,Memorystore,Redis production cache
Data-Science,gcf-058c752,2026-06,0.0,0.0,9759264,146.39,Cloud Functions,Auth handlers
Internal-Tools,gcf-05f0371,2026-06,0.0,0.0,9862859,147.94,Cloud Functions,Auth handlers
Security-Ops,bq-074c856,2026-06,0.0,8907.7,0,3563.07,BigQuery,Analytics data warehouse
Partner-Integration,cdns-03b4991,2026-06,0.0,0.0,16486171,24.73,Cloud DNS,DNS zones
Internal-Tools,ps-0d1d253,2026-06,0.0,0.0,20745173,259.32,Pub/Sub,Data pipeline
Production-Secondary,ps-0d00639,2026-06,0.0,0.0,13531602,169.14,Pub/Sub,Data pipeline
Internal-Tools,gcs-085a603,2026-06,0.0,439.7,7036007,81.36,Cloud Storage,Temp processing bucket
Staging-Env,ps-0941340,2026-06,0.0,0.0,12570035,157.12,Pub/Sub,Data pipeline
Data-Science,gcf-10cd207,2026-06,0.0,0.0,19461208,291.92,Cloud Functions,Pub/Sub processors
Analytics-Platform,csp-00b4295,2026-06,764.4,106.2,53081953,4649.98,Cloud Spanner,Global transaction DB
Staging-Env,gcf-0773719,2026-06,0.0,0.0,12673213,190.1,Cloud Functions,Data triggers
Customer-Portal,bq-0e8c121,2026-06,0.0,1033.2,0,413.27,BigQuery,Data export queries
Production-Secondary,fs-1006849,2026-06,1038.4,72.1,43264171,594.88,Firestore,User profiles DB
Production-Secondary,clog-0f4a330,2026-06,0.0,496.6,0,124.13,Cloud Logging,Application logs
Staging-Env,gcs-0103697,2026-06,0.0,2096.7,1048367,324.99,Cloud Storage,Model artifacts
Staging-Env,fs-07ac747,2026-06,516.3,14.4,35857588,376.5,Firestore,Session store
Staging-Env,gcs-1174757,2026-06,0.0,16899.8,42247,169.01,Cloud Storage,Archive bucket
Finance-Systems,csql-0f2e549,2026-06,751.6,208.8,0,902.97,Cloud SQL,PostgreSQL replica
Marketing-Platform,clog-0b5d855,2026-06,0.0,528.7,0,132.18,Cloud Logging,Application logs
Internal-Tools,cr-0ca3732,2026-06,418.1,0.0,3484533,362.39,Cloud Run,Webhook handler
Finance-Systems,cr-0f68426,2026-06,639.3,0.0,2663710,831.08,Cloud Run,ETL pipeline service
Security-Ops,df-04d5515,2026-06,381.7,0.0,0,928.91,Dataflow,Batch pipeline
Production-Secondary,csp-008f517,2026-06,536.4,74.5,37248009,3262.93,Cloud Spanner,Global transaction DB
Finance-Systems,cr-04c2369,2026-06,625.9,0.0,2607957,813.68,Cloud Run,ETL pipeline service
Finance-Systems,gcs-1075162,2026-06,0.0,10754.6,3584882,322.63,Cloud Storage,Data lake bucket
Analytics-Platform,clog-0dc5460,2026-06,0.0,170.6,0,42.64,Cloud Logging,Audit logs
IoT-Platform,fs-06c5998,2026-06,798.7,22.2,55462971,582.36,Firestore,Session store
Customer-Portal,ps-08bf500,2026-06,0.0,0.0,47775286,597.2,Pub/Sub,Log forwarding
Staging-Env,gke-0463966,2026-06,588.2,0.0,0,1764.51,GKE,Production API cluster
Analytics-Platform,gcs-03f9608,2026-06,0.0,1570.4,785211,243.41,Cloud Storage,Model artifacts
Data-Science,gcf-0cf2936,2026-06,0.0,0.0,9754621,146.32,Cloud Functions,Auth handlers
Analytics-Platform,cr-08c3475,2026-06,584.9,0.0,12185365,877.34,Cloud Run,API gateway service
Finance-Systems,cr-0b2a572,2026-06,637.4,0.0,2655662,828.56,Cloud Run,ETL pipeline service
Internal-Tools,ps-02e5404,2026-06,0.0,0.0,49037673,612.97,Pub/Sub,Log forwarding
Security-Ops,cdns-10ba243,2026-06,0.0,0.0,25238622,37.85,Cloud DNS,DNS zones
Customer-Portal,clog-082d219,2026-06,0.0,521.7,0,130.44,Cloud Logging,Application logs
Partner-Integration,gcs-0ac7974,2026-06,0.0,15694.1,39233,156.94,Cloud Storage,Archive bucket
Analytics-Platform,csql-0c47529,2026-06,604.4,419.7,0,1192.08,Cloud SQL,MySQL analytics
Data-Science,fs-0490914,2026-06,576.3,16.0,40023331,420.25,Firestore,Session store
Data-Science,csql-0648221,2026-06,810.1,562.6,0,1597.73,Cloud SQL,MySQL analytics
Shared-Services,gcs-042a567,2026-06,0.0,3930.1,3930085,284.93,Cloud Storage,Media assets bucket
Security-Ops,bq-053b223,2026-06,0.0,7829.9,0,3131.96,BigQuery,Analytics data warehouse
Marketing-Platform,gke-0f28289,2026-06,1840.7,0.0,0,3681.46,GKE,ML training cluster
IoT-Platform,csp-0c02813,2026-06,948.0,131.6,65829690,5766.68,Cloud Spanner,Global transaction DB
Customer-Portal,gcf-026f655,2026-06,0.0,0.0,12501857,187.53,Cloud Functions,Data triggers
IoT-Platform,gcs-065a787,2026-06,0.0,11529.6,3843199,345.89,Cloud Storage,Data lake bucket
Analytics-Platform,gcs-0597249,2026-06,0.0,2010.0,1005009,311.55,Cloud Storage,Model artifacts
Analytics-Platform,gcs-00a4800,2026-06,0.0,1822.2,911107,282.44,Cloud Storage,Model artifacts
Staging-Env,gcs-06a3232,2026-06,0.0,12631.9,4210652,378.96,Cloud Storage,Data lake bucket
Security-Ops,mem-07e0582,2026-06,569.8,0.0,0,410.25,Memorystore,Redis production cache
Production-Main,cdns-0ac8252,2026-06,0.0,0.0,15667967,23.5,Cloud DNS,DNS zones
Marketing-Platform,cdns-051c997,2026-06,0.0,0.0,16447965,24.67,Cloud DNS,DNS zones
Finance-Systems,gcf-0802515,2026-06,0.0,0.0,2736481,41.04,Cloud Functions,Scheduled tasks
Finance-Systems,csql-0233402,2026-06,825.9,573.5,0,1628.88,Cloud SQL,MySQL analytics
Finance-Systems,gcf-0e59594,2026-06,0.0,0.0,13998582,209.97,Cloud Functions,Data triggers
Analytics-Platform,vai-00ad706,2026-06,613.4,0.0,0,3067.23,Vertex AI,Training pipelines
Edge-Network,bq-0fd3223,2026-06,0.0,4138.1,0,1655.26,BigQuery,Log analytics
Security-Ops,gke-0bdc440,2026-06,2658.4,0.0,0,5316.8,GKE,ML training cluster
IoT-Platform,cdns-0350687,2026-06,0.0,0.0,14708927,22.06,Cloud DNS,DNS zones
Security-Ops,vai-016e746,2026-06,246.8,0.0,0,1233.89,Vertex AI,AutoML jobs
Staging-Env,clog-00fe878,2026-06,0.0,277.0,0,69.24,Cloud Logging,Audit logs
Finance-Systems,cr-08b8136,2026-06,629.0,0.0,2620877,817.71,Cloud Run,ETL pipeline service
Finance-Systems,gcf-0668150,2026-06,0.0,0.0,13821698,207.32,Cloud Functions,Data triggers
Production-Secondary,ps-07e1546,2026-06,0.0,0.0,13526881,169.09,Pub/Sub,Data pipeline
Data-Science,gcs-069a980,2026-06,0.0,475.0,7600680,87.88,Cloud Storage,Temp processing bucket
Staging-Env,gcs-0a2c640,2026-06,0.0,10828.3,3609442,324.85,Cloud Storage,Data lake bucket
Staging-Env,fs-0c85106,2026-06,845.4,58.7,35225818,484.35,Firestore,User profiles DB
Security-Ops,bq-10ec881,2026-06,0.0,1847.5,0,738.98,BigQuery,Data export queries
Partner-Integration,ps-03c2959,2026-06,0.0,0.0,34413495,430.17,Pub/Sub,Event streaming
Customer-Portal,gcf-026c850,2026-06,0.0,0.0,20451605,306.77,Cloud Functions,Pub/Sub processors
Data-Science,gcf-0116331,2026-06,0.0,0.0,1597059,23.96,Cloud Functions,Scheduled tasks
Marketing-Platform,mem-082f478,2026-06,441.3,0.0,0,317.75,Memorystore,Redis staging cache
Marketing-Platform,vai-052f464,2026-06,357.2,0.0,0,1786.05,Vertex AI,AutoML jobs
Staging-Env,vai-0486756,2026-06,507.7,0.0,0,2538.4,Vertex AI,Training pipelines
Production-Secondary,csql-008d254,2026-06,544.6,151.3,0,875.01,Cloud SQL,PostgreSQL primary
Internal-Tools,gcf-02d9518,2026-06,0.0,0.0,2314297,34.71,Cloud Functions,Scheduled tasks
Data-Science,cr-06f2731,2026-06,601.7,0.0,2506943,782.17,Cloud Run,ETL pipeline service
Staging-Env,fs-07a2116,2026-06,1166.6,81.0,48608807,668.37,Firestore,User profiles DB
Internal-Tools,cr-108f960,2026-06,1051.1,0.0,21897342,1576.6,Cloud Run,API gateway service
Production-Main,gcs-09ac843,2026-06,0.0,24952.1,62379,249.52,Cloud Storage,Archive bucket
Security-Ops,bq-0d35102,2026-06,0.0,7301.7,0,2920.65,BigQuery,Analytics data warehouse
Production-Secondary,fs-0460277,2026-06,904.6,62.8,37689083,518.22,Firestore,User profiles DB
Staging-Env,bq-08e2660,2026-06,0.0,1512.6,0,605.03,BigQuery,BI reporting views
IoT-Platform,bq-0acc903,2026-06,0.0,2982.1,0,1192.84,BigQuery,BI reporting views
Marketing-Platform,cdns-0b8a679,2026-06,0.0,0.0,14042240,21.07,Cloud DNS,DNS zones
Data-Science,gcf-0ecd801,2026-06,0.0,0.0,9766158,146.5,Cloud Functions,Auth handlers
Security-Ops,vai-0604556,2026-06,288.6,0.0,0,1442.86,Vertex AI,AutoML jobs
Security-Ops,vai-03f8402,2026-06,261.9,0.0,0,1309.2,Vertex AI,AutoML jobs
Staging-Env,gcf-00f8446,2026-06,0.0,0.0,2756885,41.35,Cloud Functions,Scheduled tasks
Staging-Env,vai-04ba249,2026-06,532.0,0.0,0,2659.8,Vertex AI,Training pipelines
Production-Main,cmon-0b33281,2026-06,0.0,0.0,24272452,194.18,Cloud Monitoring,Metrics and alerting
Edge-Network,gcs-1041858,2026-06,0.0,16350.9,5450302,490.53,Cloud Storage,Data lake bucket
Finance-Systems,gcs-0bce903,2026-06,0.0,11887.8,3962595,356.63,Cloud Storage,Data lake bucket
Marketing-Platform,vai-051e486,2026-06,620.0,0.0,6889268,1343.41,Vertex AI,Model serving endpoints
Analytics-Platform,bq-0a72102,2026-06,0.0,2873.3,0,1149.29,BigQuery,BI reporting views
Customer-Portal,gcf-03f2528,2026-06,0.0,0.0,21683157,325.24,Cloud Functions,Pub/Sub processors
Staging-Env,cmon-00f1584,2026-06,0.0,0.0,27681702,221.45,Cloud Monitoring,Metrics and alerting
Staging-Env,cdns-0ede162,2026-06,0.0,0.0,17094589,25.64,Cloud DNS,DNS zones
Internal-Tools,cr-0df5466,2026-06,705.9,0.0,2941521,917.75,Cloud Run,ETL pipeline service
Data-Science,gke-1160915,2026-06,4398.4,0.0,0,8796.62,GKE,GPU node pool
Marketing-Platform,clog-0441451,2026-06,0.0,522.8,0,130.7,Cloud Logging,Application logs
Analytics-Platform,csql-0cc5770,2026-06,523.7,363.6,0,1032.72,Cloud SQL,MySQL analytics
Data-Science,csp-0f46712,2026-06,651.9,90.6,45276537,3966.23,Cloud Spanner,Global transaction DB
Shared-Services,gcs-09d5972,2026-06,0.0,551.6,8825859,102.05,Cloud Storage,Temp processing bucket
Production-Main,clog-004f676,2026-06,0.0,510.4,0,127.6,Cloud Logging,Application logs
Marketing-Platform,gcf-0a40516,2026-06,0.0,0.0,1943815,29.15,Cloud Functions,Scheduled tasks
IoT-Platform,fs-0928954,2026-06,1155.0,32.1,80208703,842.2,Firestore,Session store
IoT-Platform,csql-10ca290,2026-06,785.5,218.1,0,943.66,Cloud SQL,PostgreSQL replica
Security-Ops,fs-054c237,2026-06,542.7,37.7,22613646,310.93,Firestore,User profiles DB
Production-Secondary,csql-117d833,2026-06,521.2,361.8,0,1027.79,Cloud SQL,MySQL analytics
Internal-Tools,gcs-0ff0142,2026-06,0.0,3734.6,3734590,270.76,Cloud Storage,Media assets bucket
Partner-Integration,bq-03bc722,2026-06,0.0,1285.0,0,513.98,BigQuery,Data export queries
Production-Main,gcf-0048169,2026-06,0.0,0.0,14959298,224.39,Cloud Functions,Pub/Sub processors
Production-Secondary,ps-0f67350,2026-06,0.0,0.0,15094797,188.68,Pub/Sub,Data pipeline
Edge-Network,gcf-05e9391,2026-06,0.0,0.0,23627193,354.42,Cloud Functions,Pub/Sub processors
Edge-Network,bq-0482941,2026-06,0.0,5216.8,0,2086.73,BigQuery,Log analytics
Staging-Env,gcs-0db0711,2026-06,0.0,19449.2,48621,194.49,Cloud Storage,Archive bucket
IoT-Platform,cr-1142323,2026-06,671.6,0.0,13992094,1007.43,Cloud Run,API gateway service
Data-Science,gcf-07e8576,2026-06,0.0,0.0,9201489,138.02,Cloud Functions,Auth handlers
Data-Science,ps-0d84890,2026-06,0.0,0.0,17961352,224.52,Pub/Sub,Event streaming
Marketing-Platform,vai-0f66664,2026-06,463.7,0.0,5152234,1004.69,Vertex AI,Model serving endpoints
Staging-Env,df-0112294,2026-06,614.4,0.0,0,1494.99,Dataflow,Streaming pipeline
Staging-Env,vai-00f4202,2026-06,671.3,0.0,7459170,1454.54,Vertex AI,Model serving endpoints
Edge-Network,gke-0ac4487,2026-06,2209.6,0.0,0,4419.19,GKE,ML training cluster
Analytics-Platform,cr-0ca8929,2026-06,234.4,0.0,976562,203.13,Cloud Run,Image processor
Analytics-Platform,fs-06ec873,2026-06,1130.9,31.4,78537079,824.63,Firestore,Session store
Edge-Network,gcf-030a980,2026-06,0.0,0.0,2361192,35.42,Cloud Functions,Scheduled tasks
Marketing-Platform,df-1035631,2026-06,835.2,0.0,0,2032.29,Dataflow,Streaming pipeline
Internal-Tools,gke-0abc203,2026-06,659.1,0.0,0,1977.28,GKE,Production API cluster
Data-Science,mem-0646678,2026-06,368.8,0.0,0,265.57,Memorystore,Redis staging cache
Customer-Portal,bq-0cb0413,2026-06,0.0,950.6,0,380.25,BigQuery,Data export queries
Internal-Tools,mem-0c8f375,2026-06,411.8,0.0,0,296.43,Memorystore,Redis staging cache
Internal-Tools,gcs-0455204,2026-06,0.0,20459.3,6819748,613.77,Cloud Storage,Data lake bucket
Security-Ops,ps-0b98182,2026-06,0.0,0.0,33590734,419.88,Pub/Sub,Event streaming
Production-Main,bq-0043693,2026-06,0.0,2756.2,0,1102.48,BigQuery,BI reporting views
Staging-Env,gke-0b91792,2026-06,2762.0,0.0,0,5524.1,GKE,ML training cluster
Staging-Env,vai-0d82386,2026-06,478.0,0.0,0,2389.68,Vertex AI,Training pipelines
Finance-Systems,csql-0511461,2026-06,665.9,185.0,0,1070.03,Cloud SQL,PostgreSQL primary
Internal-Tools,cr-062b119,2026-06,556.5,0.0,4637781,482.33,Cloud Run,Webhook handler
Analytics-Platform,gcs-076b169,2026-06,0.0,7853.4,196334,180.63,Cloud Storage,Backup bucket
Internal-Tools,gke-0762542,2026-06,2672.7,0.0,0,5345.56,GKE,ML training cluster
Analytics-Platform,mem-0770708,2026-06,537.8,0.0,0,387.18,Memorystore,Redis production cache
Production-Main,gcs-0abd240,2026-06,0.0,30535.6,76338,305.36,Cloud Storage,Archive bucket
Staging-Env,ps-0aaa443,2026-06,0.0,0.0,12819287,160.24,Pub/Sub,Data pipeline
Edge-Network,gcf-030b202,2026-06,0.0,0.0,10224855,153.37,Cloud Functions,Data triggers
Finance-Systems,csql-05ba713,2026-06,917.0,636.8,0,1808.54,Cloud SQL,MySQL analytics
Production-Main,gcs-0736576,2026-06,0.0,18332.9,6110977,549.99,Cloud Storage,Data lake bucket
Finance-Systems,gcs-051a174,2026-06,0.0,402.6,6440784,74.47,Cloud Storage,Temp processing bucket
Staging-Env,cdns-010d688,2026-06,0.0,0.0,22006917,33.01,Cloud DNS,DNS zones
Security-Ops,fs-0169362,2026-06,555.8,38.6,23158895,318.43,Firestore,User profiles DB
Security-Ops,ps-10f7545,2026-06,0.0,0.0,25612696,320.15,Pub/Sub,Event streaming
Marketing-Platform,gcf-09ea653,2026-06,0.0,0.0,6251943,93.78,Cloud Functions,Auth handlers
Staging-Env,gcf-00f7900,2026-06,0.0,0.0,6019038,90.29,Cloud Functions,Auth handlers
IoT-Platform,csql-0e1c599,2026-06,906.1,251.7,0,1088.52,Cloud SQL,PostgreSQL replica
Finance-Systems,gcs-07e7387,2026-06,0.0,395.9,6334032,73.23,Cloud Storage,Temp processing bucket
Staging-Env,mem-0101350,2026-06,360.5,0.0,0,259.58,Memorystore,Redis staging cache
Staging-Env,bq-00fc800,2026-06,0.0,1728.7,0,691.47,BigQuery,BI reporting views
Analytics-Platform,clog-0d05888,2026-06,0.0,156.8,0,39.18,Cloud Logging,Audit logs
Analytics-Platform,gcs-1032121,2026-06,0.0,2626.6,2626574,190.42,Cloud Storage,Media assets bucket
Customer-Portal,clog-0fa8308,2026-06,0.0,455.6,0,113.9,Cloud Logging,Application logs
Edge-Network,csql-0f64979,2026-06,717.1,199.2,0,861.49,Cloud SQL,PostgreSQL replica
Edge-Network,ps-0491111,2026-06,0.0,0.0,24884379,311.05,Pub/Sub,Event streaming
Finance-Systems,cr-0d01927,2026-06,351.7,0.0,2930985,304.83,Cloud Run,Webhook handler
Customer-Portal,cr-0d92397,2026-06,566.5,0.0,2360182,736.38,Cloud Run,ETL pipeline service
IoT-Platform,bq-0650720,2026-06,0.0,3308.6,0,1323.47,BigQuery,BI reporting views
Edge-Network,df-02fe412,2026-06,703.8,0.0,0,1712.47,Dataflow,Streaming pipeline
Marketing-Platform,clog-01fb303,2026-06,0.0,245.7,0,61.42,Cloud Logging,Audit logs
Edge-Network,gke-0307108,2026-06,771.4,0.0,0,2314.13,GKE,Production API cluster
Production-Secondary,mem-0dbc292,2026-06,562.7,0.0,0,405.15,Memorystore,Redis production cache
Staging-Env,bq-00fa654,2026-06,0.0,8853.3,0,3541.32,BigQuery,Analytics data warehouse
Analytics-Platform,gcs-0978625,2026-06,0.0,2129.3,2129234,154.36,Cloud Storage,Media assets bucket
Marketing-Platform,gcf-0c68192,2026-06,0.0,0.0,1627253,24.41,Cloud Functions,Scheduled tasks
Marketing-Platform,gke-0c63614,2026-06,2244.0,0.0,0,4488.05,GKE,ML training cluster
Internal-Tools,gcf-0e65257,2026-06,0.0,0.0,1959814,29.39,Cloud Functions,Scheduled tasks
Internal-Tools,vai-0ba7212,2026-06,913.3,0.0,10147885,1978.84,Vertex AI,Model serving endpoints
Partner-Integration,gcs-03ba985,2026-06,0.0,2118.6,1059296,328.38,Cloud Storage,Model artifacts
Internal-Tools,gcf-0a2a982,2026-06,0.0,0.0,1842557,27.63,Cloud Functions,Scheduled tasks
Security-Ops,clog-0177930,2026-06,0.0,507.7,0,126.92,Cloud Logging,Application logs
Finance-Systems,gcf-0238323,2026-06,0.0,0.0,23297322,349.46,Cloud Functions,Pub/Sub processors
Marketing-Platform,gke-01f3108,2026-06,3888.1,0.0,0,7776.21,GKE,GPU node pool
Marketing-Platform,mem-0de1859,2026-06,495.3,0.0,0,356.61,Memorystore,Redis staging cache
Shared-Services,cmon-01b1417,2026-06,0.0,0.0,27627512,221.02,Cloud Monitoring,Metrics and alerting
IoT-Platform,gke-0e3c961,2026-06,493.4,0.0,0,1480.02,GKE,Batch processing cluster
Customer-Portal,ps-027f109,2026-06,0.0,0.0,11089206,138.62,Pub/Sub,Data pipeline
Analytics-Platform,bq-0bdf860,2026-06,0.0,11325.8,0,4530.34,BigQuery,Analytics data warehouse
Security-Ops,bq-0165272,2026-06,0.0,7931.8,0,3172.7,BigQuery,Analytics data warehouse
Customer-Portal,mem-0276381,2026-06,770.8,0.0,0,555.0,Memorystore,Redis production cache
Data-Science,clog-0130248,2026-06,0.0,447.0,0,111.76,Cloud Logging,Application logs
Marketing-Platform,vai-0824781,2026-06,454.8,0.0,0,2273.75,Vertex AI,Training pipelines
Production-Main,vai-0732821,2026-06,717.9,0.0,7976205,1555.36,Vertex AI,Model serving endpoints
Marketing-Platform,clog-058a522,2026-06,0.0,571.2,0,142.81,Cloud Logging,Application logs
Analytics-Platform,cmon-0d1b282,2026-06,0.0,0.0,22279984,178.24,Cloud Monitoring,Metrics and alerting
Data-Science,vai-055e755,2026-06,410.2,0.0,0,2050.96,Vertex AI,Training pipelines
Production-Secondary,vai-0093499,2026-06,654.5,0.0,7272230,1418.09,Vertex AI,Model serving endpoints
Analytics-Platform,gcs-00a5223,2026-06,0.0,22405.8,56014,224.06,Cloud Storage,Archive bucket
Internal-Tools,cr-0cfb121,2026-06,319.8,0.0,1332306,277.12,Cloud Run,Image processor
Marketing-Platform,gcf-07d5924,2026-06,0.0,0.0,1962202,29.43,Cloud Functions,Scheduled tasks
Finance-Systems,cr-0853952,2026-06,517.5,0.0,2156059,672.69,Cloud Run,ETL pipeline service
Customer-Portal,ps-0836856,2026-06,0.0,0.0,9440111,118.01,Pub/Sub,Data pipeline
Marketing-Platform,cmon-09f3686,2026-06,0.0,0.0,31415305,251.32,Cloud Monitoring,Metrics and alerting
Internal-Tools,cr-0e27539,2026-06,651.7,0.0,2715562,847.26,Cloud Run,ETL pipeline service
Staging-Env,vai-04cd524,2026-06,526.7,0.0,0,2633.57,Vertex AI,Training pipelines
Data-Science,csql-011a788,2026-06,733.2,509.2,0,1446.06,Cloud SQL,MySQL analytics
Edge-Network,gcf-0cd5507,2026-06,0.0,0.0,10963238,164.45,Cloud Functions,Data triggers
Analytics-Platform,vai-0728925,2026-06,546.6,0.0,0,2733.41,Vertex AI,Training pipelines
Production-Secondary,clog-1027901,2026-06,0.0,523.8,0,130.94,Cloud Logging,Application logs
Finance-Systems,gcs-022b197,2026-06,0.0,2941.7,2941749,213.28,Cloud Storage,Media assets bucket
Analytics-Platform,gcs-00a1807,2026-06,0.0,11298.0,3765987,338.94,Cloud Storage,Data lake bucket
Data-Science,mem-068e783,2026-06,389.7,0.0,0,280.61,Memorystore,Redis staging cache
Edge-Network,cmon-0f20795,2026-06,0.0,0.0,26567154,212.54,Cloud Monitoring,Metrics and alerting
Internal-Tools,cr-10e6257,2026-06,326.8,0.0,1361614,283.21,Cloud Run,Image processor
Analytics-Platform,cr-1118381,2026-06,674.0,0.0,14042114,1011.03,Cloud Run,API gateway service
Analytics-Platform,csql-0955826,2026-06,745.7,207.1,0,895.86,Cloud SQL,PostgreSQL replica
Staging-Env,cr-010e679,2026-06,321.2,0.0,2676408,278.35,Cloud Run,Webhook handler
Edge-Network,gcf-04eb923,2026-06,0.0,0.0,6097781,91.47,Cloud Functions,Auth handlers
Data-Science,gcs-05b5140,2026-06,0.0,495.7,7931605,91.71,Cloud Storage,Temp processing bucket
Security-Ops,df-0170417,2026-06,379.8,0.0,0,924.3,Dataflow,Batch pipeline
Security-Ops,bq-0f8d684,2026-06,0.0,6584.6,0,2633.83,BigQuery,Analytics data warehouse
Analytics-Platform,gcs-0da7529,2026-06,0.0,10165.1,254125,233.8,Cloud Storage,Backup bucket
Production-Main,cmon-0cb1336,2026-06,0.0,0.0,25243179,201.95,Cloud Monitoring,Metrics and alerting
Finance-Systems,gcf-0ad1638,2026-06,0.0,0.0,13765049,206.46,Cloud Functions,Data triggers
Data-Science,mem-07c9408,2026-06,383.5,0.0,0,276.16,Memorystore,Redis staging cache
IoT-Platform,bq-0b87482,2026-06,0.0,3775.6,0,1510.27,BigQuery,BI reporting views
Marketing-Platform,gke-0f74407,2026-06,4540.5,0.0,0,9080.94,GKE,GPU node pool
Staging-Env,gke-114f799,2026-06,835.7,0.0,0,2507.01,GKE,Production API cluster
IoT-Platform,gcs-034d761,2026-06,0.0,12576.4,4192126,377.29,Cloud Storage,Data lake bucket
IoT-Platform,csql-0c56201,2026-06,706.2,196.1,0,848.38,Cloud SQL,PostgreSQL replica
Customer-Portal,cdns-0281439,2026-06,0.0,0.0,23028701,34.54,Cloud DNS,DNS zones
IoT-Platform,csql-08d3614,2026-06,758.3,210.6,0,910.95,Cloud SQL,PostgreSQL replica
IoT-Platform,bq-0d52533,2026-06,0.0,3397.3,0,1358.91,BigQuery,BI reporting views
Shared-Services,vai-09fa696,2026-06,283.0,0.0,0,1414.94,Vertex AI,AutoML jobs
Staging-Env,gke-0a6f794,2026-06,533.8,0.0,0,1601.39,GKE,Production API cluster
Production-Secondary,mem-0786845,2026-06,535.4,0.0,0,385.47,Memorystore,Redis production cache
Analytics-Platform,fs-0cbc199,2026-06,992.5,27.6,68929034,723.75,Firestore,Session store
Staging-Env,fs-0688519,2026-06,1060.6,73.7,44191673,607.63,Firestore,User profiles DB
Analytics-Platform,cr-0769806,2026-06,532.1,0.0,2217205,691.78,Cloud Run,ETL pipeline service
Customer-Portal,gcs-1099477,2026-06,0.0,19164.1,47908,191.64,Cloud Storage,Archive bucket
Edge-Network,csql-0d03946,2026-06,749.3,208.1,0,900.12,Cloud SQL,PostgreSQL replica
Internal-Tools,gke-0da5170,2026-06,522.9,0.0,0,1568.89,GKE,Production API cluster
Marketing-Platform,vai-087a180,2026-06,533.5,0.0,0,2667.7,Vertex AI,Training pipelines
Customer-Portal,mem-06af663,2026-06,724.6,0.0,0,521.75,Memorystore,Redis production cache
Staging-Env,fs-067e266,2026-06,1184.6,82.3,49359457,678.69,Firestore,User profiles DB
IoT-Platform,cr-0354135,2026-06,474.6,0.0,3955189,411.34,Cloud Run,Webhook handler
Marketing-Platform,vai-0200731,2026-06,585.9,0.0,6510011,1269.45,Vertex AI,Model serving endpoints
Analytics-Platform,vai-00ae972,2026-06,213.1,0.0,0,1065.45,Vertex AI,AutoML jobs
Security-Ops,bq-0e31926,2026-06,0.0,7447.7,0,2979.1,BigQuery,ML training datasets
Shared-Services,gcs-0eef797,2026-06,0.0,4309.4,4309361,312.43,Cloud Storage,Media assets bucket
Finance-Systems,csql-0637740,2026-06,753.7,209.4,0,905.53,Cloud SQL,PostgreSQL replica
Production-Secondary,mem-0895141,2026-06,585.9,0.0,0,421.82,Memorystore,Redis production cache
Security-Ops,bq-07aa733,2026-06,0.0,6700.2,0,2680.08,BigQuery,Analytics data warehouse
IoT-Platform,bq-0630303,2026-06,0.0,2798.6,0,1119.46,BigQuery,BI reporting views
Edge-Network,gke-110f445,2026-06,2350.0,0.0,0,4699.93,GKE,ML training cluster
Customer-Portal,bq-0fcc698,2026-06,0.0,1004.6,0,401.82,BigQuery,Data export queries
Production-Main,gcs-0a61796,2026-06,0.0,2837.3,1418675,439.79,Cloud Storage,Model artifacts
Production-Main,gcs-0051350,2026-06,0.0,2633.2,1316604,408.15,Cloud Storage,Model artifacts
Data-Science,gke-012e883,2026-06,538.6,0.0,0,1615.74,GKE,Production API cluster
Production-Secondary,clog-0090952,2026-06,0.0,148.7,0,37.18,Cloud Logging,Audit logs
Customer-Portal,ca-0d0d656,2026-06,0.0,0.0,116714530,437.68,Cloud Armor,WAF policies
Staging-Env,ca-00ef814,2026-06,0.0,0.0,130872117,490.77,Cloud Armor,WAF policies
Partner-Integration,bq-03bd412,2026-06,0.0,10740.3,0,4296.1,BigQuery,Analytics data warehouse
Security-Ops,bq-0c31657,2026-06,0.0,6513.9,0,2605.53,BigQuery,Analytics data warehouse
Analytics-Platform,ca-009d584,2026-06,0.0,0.0,86698145,325.12,Cloud Armor,WAF policies
Analytics-Platform,gcs-0dc7280,2026-06,0.0,2274.1,2274036,164.86,Cloud Storage,Media assets bucket
Production-Main,gcf-0047290,2026-06,0.0,0.0,9072936,136.09,Cloud Functions,Data triggers
Marketing-Platform,clog-10bf457,2026-06,0.0,541.2,0,135.3,Cloud Logging,Application logs
Staging-Env,gcs-068f405,2026-06,0.0,15263.5,5087855,457.91,Cloud Storage,Data lake bucket
Staging-Env,gke-010a534,2026-06,654.8,0.0,0,1964.32,GKE,Production API cluster
Edge-Network,bq-0e8a566,2026-06,0.0,5662.6,0,2265.08,BigQuery,Log analytics
Production-Secondary,csql-0514662,2026-06,758.0,210.5,0,910.58,Cloud SQL,PostgreSQL replica
Internal-Tools,gcs-049a971,2026-06,0.0,450.9,7215330,83.43,Cloud Storage,Temp processing bucket
Staging-Env,vai-0e58387,2026-06,481.1,0.0,0,2405.89,Vertex AI,Training pipelines
Edge-Network,gke-070c760,2026-06,2308.7,0.0,0,4617.47,GKE,ML training cluster
Marketing-Platform,cr-0816644,2026-06,780.2,0.0,16252291,1170.16,Cloud Run,API gateway service
Security-Ops,bq-04ab183,2026-06,0.0,1627.7,0,651.09,BigQuery,BI reporting views
Customer-Portal,csp-0273566,2026-06,614.2,85.3,42655188,3736.59,Cloud Spanner,Global transaction DB
Internal-Tools,gke-117b326,2026-06,3852.7,0.0,0,7705.44,GKE,GPU node pool
Security-Ops,vai-0a4e225,2026-06,636.0,0.0,7066643,1378.0,Vertex AI,Model serving endpoints
Marketing-Platform,cmon-10a4978,2026-06,0.0,0.0,30127896,241.03,Cloud Monitoring,Metrics and alerting
Security-Ops,bq-0403972,2026-06,0.0,8822.1,0,3528.81,BigQuery,Analytics data warehouse
Staging-Env,gcs-0eb2738,2026-06,0.0,20308.6,50769,203.09,Cloud Storage,Archive bucket
Customer-Portal,fs-0271522,2026-06,889.2,61.8,37051115,509.45,Firestore,User profiles DB
Partner-Integration,gke-10ce108,2026-06,778.3,0.0,0,2334.88,GKE,Production API cluster
IoT-Platform,gke-035d930,2026-06,3112.6,0.0,0,6225.23,GKE,GPU node pool
Analytics-Platform,cr-1158908,2026-06,551.9,0.0,2299513,717.45,Cloud Run,ETL pipeline service
Analytics-Platform,csql-00a8530,2026-06,510.4,354.4,0,1006.58,Cloud SQL,MySQL analytics
Edge-Network,csql-06f9688,2026-06,835.4,232.1,0,1003.54,Cloud SQL,PostgreSQL replica
Data-Science,gcs-0114363,2026-06,0.0,10250.6,256266,235.76,Cloud Storage,Backup bucket
IoT-Platform,bq-0cde410,2026-06,0.0,3804.0,0,1521.63,BigQuery,BI reporting views
Production-Secondary,ps-009b435,2026-06,0.0,0.0,22052735,275.66,Pub/Sub,Event streaming
Production-Main,ca-07a9600,2026-06,0.0,0.0,124211258,465.79,Cloud Armor,WAF policies
Production-Secondary,csql-0780305,2026-06,619.1,429.8,0,1220.83,Cloud SQL,MySQL analytics
Production-Secondary,vai-0092460,2026-06,248.1,0.0,0,1240.66,Vertex AI,AutoML jobs
Security-Ops,mem-0162208,2026-06,362.1,0.0,0,260.68,Memorystore,Redis staging cache
Analytics-Platform,vai-0f1e752,2026-06,183.9,0.0,0,919.35,Vertex AI,AutoML jobs
Customer-Portal,bq-0495859,2026-06,0.0,991.1,0,396.44,BigQuery,Data export queries
Finance-Systems,gcs-0894469,2026-06,0.0,414.2,6626446,76.61,Cloud Storage,Temp processing bucket
Partner-Integration,df-0897714,2026-06,915.9,0.0,0,2228.58,Dataflow,Streaming pipeline
Staging-Env,cr-0110150,2026-06,879.3,0.0,18319022,1318.97,Cloud Run,API gateway service
Analytics-Platform,gke-07d1585,2026-06,5876.6,0.0,0,11753.38,GKE,GPU node pool
Internal-Tools,clog-0a33159,2026-06,0.0,223.7,0,55.93,Cloud Logging,Audit logs
Marketing-Platform,ps-0eb7413,2026-06,0.0,0.0,44258000,553.23,Pub/Sub,Log forwarding
Edge-Network,gcf-1145460,2026-06,0.0,0.0,11127917,166.92,Cloud Functions,Data triggers
Analytics-Platform,bq-00ab376,2026-06,0.0,16510.0,0,6603.99,BigQuery,ML training datasets
Internal-Tools,gcs-0653898,2026-06,0.0,8527.0,213175,196.13,Cloud Storage,Backup bucket
Staging-Env,fs-07cf154,2026-06,974.8,67.7,40617882,558.49,Firestore,User profiles DB
Edge-Network,gke-0308268,2026-06,2434.8,0.0,0,4869.61,GKE,ML training cluster
Security-Ops,gke-0c59907,2026-06,2800.2,0.0,0,5600.42,GKE,ML training cluster
Shared-Services,gcs-068c251,2026-06,0.0,492.8,7884318,91.16,Cloud Storage,Temp processing bucket
Marketing-Platform,gcf-0a04526,2026-06,0.0,0.0,2098604,31.48,Cloud Functions,Scheduled tasks
Finance-Systems,gcf-0421328,2026-06,0.0,0.0,12803228,192.04,Cloud Functions,Data triggers
Marketing-Platform,vai-0994295,2026-06,521.8,0.0,5797387,1130.49,Vertex AI,Model serving endpoints
Internal-Tools,gke-0f44955,2026-06,689.0,0.0,0,2067.09,GKE,Batch processing cluster
Customer-Portal,gke-027e488,2026-06,1653.4,0.0,0,3306.75,GKE,ML training cluster
Analytics-Platform,gke-0c27957,2026-06,5107.8,0.0,0,10215.8,GKE,GPU node pool
Internal-Tools,fs-02d5561,2026-06,662.5,46.0,27606180,379.58,Firestore,User profiles DB
Data-Science,mem-054a856,2026-06,1081.3,0.0,0,778.51,Memorystore,Redis production cache
Security-Ops,bq-0cc3233,2026-06,0.0,8853.1,0,3541.23,BigQuery,Analytics data warehouse
Analytics-Platform,cr-00b9666,2026-06,230.0,0.0,958314,199.33,Cloud Run,Image processor
Marketing-Platform,cr-0c41360,2026-06,517.9,0.0,2157891,673.27,Cloud Run,ETL pipeline service
IoT-Platform,fs-034e949,2026-06,960.2,66.7,40006637,550.09,Firestore,User profiles DB
Finance-Systems,gcs-07ec274,2026-06,0.0,457.3,7315623,84.59,Cloud Storage,Temp processing bucket
Security-Ops,df-0b6c552,2026-06,311.3,0.0,0,757.58,Dataflow,Batch pipeline
Data-Science,mem-012a968,2026-06,992.0,0.0,0,714.22,Memorystore,Redis production cache
IoT-Platform,bq-0b66868,2026-06,0.0,2764.7,0,1105.9,BigQuery,BI reporting views
Analytics-Platform,gke-00b7195,2026-06,5421.8,0.0,0,10843.66,GKE,GPU node pool
Staging-Env,cr-0e13304,2026-06,668.5,0.0,2785242,869.0,Cloud Run,ETL pipeline service
Internal-Tools,gcs-02da914,2026-06,0.0,3287.3,3287335,238.33,Cloud Storage,Media assets bucket
Staging-Env,ca-0862572,2026-06,0.0,0.0,116978881,438.67,Cloud Armor,WAF policies
Partner-Integration,mem-0822632,2026-06,284.9,0.0,0,205.15,Memorystore,Redis staging cache
Edge-Network,gke-0bd1995,2026-06,2538.6,0.0,0,5077.17,GKE,ML training cluster
IoT-Platform,bq-107d256,2026-06,0.0,3168.0,0,1267.19,BigQuery,BI reporting views
Partner-Integration,df-0628108,2026-06,979.5,0.0,0,2383.3,Dataflow,Streaming pipeline
Production-Main,cmon-1020557,2026-06,0.0,0.0,23670559,189.36,Cloud Monitoring,Metrics and alerting
Finance-Systems,cr-0fa9949,2026-06,335.3,0.0,2794494,290.63,Cloud Run,Webhook handler
Marketing-Platform,vai-0f53537,2026-06,573.5,0.0,6372751,1242.68,Vertex AI,Model serving endpoints
Security-Ops,vai-016d169,2026-06,386.7,0.0,0,1933.61,Vertex AI,Training pipelines
Edge-Network,gcs-0302936,2026-06,0.0,17803.8,5934589,534.11,Cloud Storage,Data lake bucket
Security-Ops,bq-0b2e575,2026-06,0.0,8229.9,0,3291.97,BigQuery,Analytics data warehouse
Customer-Portal,bq-0af1701,2026-06,0.0,971.6,0,388.66,BigQuery,Data export queries
Shared-Services,gcs-0eea952,2026-06,0.0,6895.6,172388,158.6,Cloud Storage,Backup bucket
Marketing-Platform,ps-0df1128,2026-06,0.0,0.0,47428036,592.85,Pub/Sub,Log forwarding
Customer-Portal,clog-0c8b599,2026-06,0.0,137.1,0,34.29,Cloud Logging,Audit logs
Analytics-Platform,gcs-08fa192,2026-06,0.0,2409.8,2409850,174.71,Cloud Storage,Media assets bucket
Shared-Services,gcs-01ab145,2026-06,0.0,13991.4,4663815,419.74,Cloud Storage,Data lake bucket
Analytics-Platform,bq-0608863,2026-06,0.0,10084.9,0,4033.96,BigQuery,Analytics data warehouse
Security-Ops,gcs-0e02175,2026-06,0.0,5196.1,129900,119.51,Cloud Storage,Backup bucket
Finance-Systems,gcf-1131750,2026-06,0.0,0.0,12112537,181.68,Cloud Functions,Data triggers
Staging-Env,gcs-0c37460,2026-06,0.0,12919.0,4306346,387.57,Cloud Storage,Data lake bucket
Marketing-Platform,cr-0e17356,2026-06,591.3,0.0,2463778,768.71,Cloud Run,ETL pipeline service
Finance-Systems,cmon-022a754,2026-06,0.0,0.0,33830044,270.64,Cloud Monitoring,Metrics and alerting
Customer-Portal,bq-0a4a962,2026-06,0.0,1124.2,0,449.71,BigQuery,Data export queries
Marketing-Platform,gcf-1078297,2026-06,0.0,0.0,2150762,32.27,Cloud Functions,Scheduled tasks
Security-Ops,gke-0174910,2026-06,522.3,0.0,0,1566.75,GKE,Batch processing cluster
Staging-Env,bq-0ffd650,2026-06,0.0,5915.4,0,2366.15,BigQuery,Log analytics
Marketing-Platform,gcf-0a8d204,2026-06,0.0,0.0,2055691,30.84,Cloud Functions,Scheduled tasks
Staging-Env,ps-00f0976,2026-06,0.0,0.0,14521193,181.51,Pub/Sub,Data pipeline
Marketing-Platform,ps-0d0f145,2026-06,0.0,0.0,15865177,198.32,Pub/Sub,Data pipeline
Analytics-Platform,bq-00aa634,2026-06,0.0,4116.5,0,1646.59,BigQuery,Log analytics
Edge-Network,csql-0303589,2026-06,853.8,237.2,0,1025.74,Cloud SQL,PostgreSQL replica
Edge-Network,gcf-0d2e351,2026-06,0.0,0.0,12423640,186.36,Cloud Functions,Data triggers
Analytics-Platform,gcs-0569506,2026-06,0.0,2113.1,2113071,153.19,Cloud Storage,Media assets bucket
Staging-Env,fs-010c209,2026-06,934.1,64.9,38920044,535.15,Firestore,User profiles DB
Marketing-Platform,vai-0a89162,2026-06,284.2,0.0,0,1420.63,Vertex AI,AutoML jobs
Customer-Portal,gcs-027b506,2026-06,0.0,17742.5,44356,177.43,Cloud Storage,Archive bucket
IoT-Platform,bq-07f6141,2026-06,0.0,1973.3,0,789.3,BigQuery,Data export queries
Internal-Tools,cr-02e2142,2026-06,306.2,0.0,1275827,265.37,Cloud Run,Image processor
Partner-Integration,gke-0e1d533,2026-06,724.5,0.0,0,2173.65,GKE,Production API cluster
Customer-Portal,bq-0f5a146,2026-06,0.0,960.9,0,384.38,BigQuery,Data export queries
Analytics-Platform,gcf-009e362,2026-06,0.0,0.0,8204190,123.06,Cloud Functions,Auth handlers
Analytics-Platform,cr-0d62306,2026-06,432.0,0.0,1800226,561.68,Cloud Run,ETL pipeline service
Internal-Tools,gcf-02d7493,2026-06,0.0,0.0,10039079,150.59,Cloud Functions,Data triggers
Internal-Tools,gke-02d4601,2026-06,2351.0,0.0,0,4702.06,GKE,ML training cluster
Customer-Portal,cr-0279346,2026-06,512.2,0.0,2134139,665.85,Cloud Run,ETL pipeline service
Data-Science,vai-0d5f388,2026-06,352.1,0.0,0,1760.57,Vertex AI,Training pipelines
Internal-Tools,clog-02e8220,2026-06,0.0,503.7,0,125.92,Cloud Logging,Application logs
Edge-Network,cdns-0304848,2026-06,0.0,0.0,19362978,29.04,Cloud DNS,DNS zones
Data-Science,bq-011c674,2026-06,0.0,3587.6,0,1435.03,BigQuery,Log analytics
Staging-Env,gcf-08e9473,2026-06,0.0,0.0,14565190,218.48,Cloud Functions,Data triggers
Staging-Env,bq-00f9877,2026-06,0.0,5693.8,0,2277.52,BigQuery,Log analytics
Production-Main,gcs-0053656,2026-06,0.0,8053.8,201345,185.24,Cloud Storage,Backup bucket
Staging-Env,cdns-041f176,2026-06,0.0,0.0,26876955,40.31,Cloud DNS,DNS zones
Production-Main,gcf-0861266,2026-06,0.0,0.0,10012747,150.19,Cloud Functions,Data triggers
Analytics-Platform,fs-073a652,2026-06,945.5,65.6,39395274,541.69,Firestore,User profiles DB
Customer-Portal,cr-056f855,2026-06,470.6,0.0,1960861,611.79,Cloud Run,ETL pipeline service
Marketing-Platform,vai-1033821,2026-06,452.1,0.0,5023642,979.61,Vertex AI,Model serving endpoints
IoT-Platform,cr-0d33810,2026-06,500.3,0.0,4169492,433.63,Cloud Run,Webhook handler
Production-Secondary,clog-06e2446,2026-06,0.0,469.0,0,117.23,Cloud Logging,Application logs
Internal-Tools,fs-02d6986,2026-06,816.2,22.7,56679349,595.13,Firestore,Session store
Data-Science,gcf-057e580,2026-06,0.0,0.0,9928921,148.93,Cloud Functions,Auth handlers
Customer-Portal,bq-0797763,2026-06,0.0,1056.0,0,422.4,BigQuery,Data export queries
Analytics-Platform,gcs-0ce0329,2026-06,0.0,2315.8,2315805,167.89,Cloud Storage,Media assets bucket
Edge-Network,gke-0b37321,2026-06,2210.4,0.0,0,4420.89,GKE,ML training cluster
Security-Ops,cdns-092f274,2026-06,0.0,0.0,27937335,41.9,Cloud DNS,DNS zones
Marketing-Platform,vai-054f681,2026-06,595.3,0.0,0,2976.53,Vertex AI,Training pipelines
Internal-Tools,ps-02e6133,2026-06,0.0,0.0,19685503,246.07,Pub/Sub,Data pipeline
Internal-Tools,gcs-02de679,2026-06,0.0,18697.8,6232590,560.93,Cloud Storage,Data lake bucket
Marketing-Platform,cmon-0baf450,2026-06,0.0,0.0,29769199,238.16,Cloud Monitoring,Metrics and alerting
Staging-Env,gcs-0104572,2026-06,0.0,16003.6,40009,160.04,Cloud Storage,Archive bucket
Data-Science,ps-0122650,2026-06,0.0,0.0,30721375,384.02,Pub/Sub,Log forwarding
Staging-Env,gcs-05bb643,2026-06,0.0,10351.2,3450413,310.54,Cloud Storage,Data lake bucket
Staging-Env,gcf-09c0254,2026-06,0.0,0.0,13549229,203.24,Cloud Functions,Data triggers
Staging-Env,cdns-0683103,2026-06,0.0,0.0,25046736,37.57,Cloud DNS,DNS zones
Partner-Integration,df-03b8762,2026-06,936.0,0.0,0,2277.56,Dataflow,Streaming pipeline
Customer-Portal,fs-0acb600,2026-06,915.9,63.8,38165760,524.77,Firestore,User profiles DB
Internal-Tools,gcs-089d790,2026-06,0.0,15964.9,5321608,478.94,Cloud Storage,Data lake bucket
Analytics-Platform,gke-0c3a292,2026-06,4994.2,0.0,0,9988.42,GKE,GPU node pool
IoT-Platform,cr-07da555,2026-06,437.0,0.0,1820772,568.08,Cloud Run,ETL pipeline service
Analytics-Platform,gcs-0b6a812,2026-06,0.0,1712.4,856221,265.42,Cloud Storage,Model artifacts
Analytics-Platform,clog-0ba4541,2026-06,0.0,443.0,0,110.76,Cloud Logging,Application logs
Shared-Services,gcs-046a617,2026-06,0.0,3421.0,3420954,248.02,Cloud Storage,Media assets bucket
Analytics-Platform,bq-0b80564,2026-06,0.0,16741.1,0,6696.47,BigQuery,ML training datasets
Staging-Env,fs-010b493,2026-06,604.4,16.8,41972594,440.71,Firestore,Session store
Finance-Systems,csql-0ae9870,2026-06,792.3,220.1,0,951.86,Cloud SQL,PostgreSQL replica
Staging-Env,gcs-0105570,2026-06,0.0,573.3,9172265,106.05,Cloud Storage,Temp processing bucket
Marketing-Platform,ca-0a67990,2026-06,0.0,0.0,60061078,225.22,Cloud Armor,WAF policies
Marketing-Platform,gcf-0dcb547,2026-06,0.0,0.0,2171971,32.58,Cloud Functions,Scheduled tasks
Staging-Env,gcs-0108793,2026-06,0.0,10646.8,266169,244.88,Cloud Storage,Backup bucket
Production-Main,csql-0f51153,2026-06,816.3,566.9,0,1609.91,Cloud SQL,MySQL analytics
IoT-Platform,bq-0f8e380,2026-06,0.0,2850.6,0,1140.28,BigQuery,BI reporting views
Staging-Env,cr-0ddc370,2026-06,798.9,0.0,3328432,1038.47,Cloud Run,ETL pipeline service
Finance-Systems,clog-1076168,2026-06,0.0,217.8,0,54.48,Cloud Logging,Audit logs
IoT-Platform,mem-044e635,2026-06,867.5,0.0,0,624.68,Memorystore,Redis production cache
Finance-Systems,gcf-0a51450,2026-06,0.0,0.0,9755896,146.33,Cloud Functions,Auth handlers
Partner-Integration,gke-0b7b939,2026-06,700.7,0.0,0,2101.98,GKE,Production API cluster
Shared-Services,vai-01ad930,2026-06,822.4,0.0,9137720,1781.86,Vertex AI,Model serving endpoints
Data-Science,mem-0504714,2026-06,349.3,0.0,0,251.52,Memorystore,Redis staging cache
Internal-Tools,ps-0890488,2026-06,0.0,0.0,33430622,417.89,Pub/Sub,Event streaming
Analytics-Platform,vai-079c548,2026-06,684.3,0.0,0,3421.69,Vertex AI,Training pipelines
Analytics-Platform,cr-0943616,2026-06,438.1,0.0,1825243,569.48,Cloud Run,ETL pipeline service
IoT-Platform,cr-10a0129,2026-06,369.0,0.0,1537680,479.75,Cloud Run,ETL pipeline service
Security-Ops,gcs-0cba289,2026-06,0.0,6066.0,151649,139.52,Cloud Storage,Backup bucket
IoT-Platform,cr-03f3623,2026-06,764.0,0.0,15916495,1145.99,Cloud Run,API gateway service
Marketing-Platform,vai-0ff7365,2026-06,581.7,0.0,0,2908.45,Vertex AI,Training pipelines
Production-Main,cmon-0b17682,2026-06,0.0,0.0,23467034,187.73,Cloud Monitoring,Metrics and alerting
Partner-Integration,ps-03c1778,2026-06,0.0,0.0,10577149,132.21,Pub/Sub,Data pipeline
Production-Secondary,clog-05d5179,2026-06,0.0,163.6,0,40.91,Cloud Logging,Audit logs
Analytics-Platform,ps-06e6283,2026-06,0.0,0.0,42986113,537.33,Pub/Sub,Log forwarding
IoT-Platform,cdns-0437748,2026-06,0.0,0.0,12707779,19.06,Cloud DNS,DNS zones
IoT-Platform,cr-05d2913,2026-06,469.8,0.0,1957416,610.71,Cloud Run,ETL pipeline service
Production-Main,vai-0664562,2026-06,556.3,0.0,0,2781.56,Vertex AI,Training pipelines
Production-Main,gcs-0055926,2026-06,0.0,27773.9,69434,277.74,Cloud Storage,Archive bucket
Internal-Tools,cr-04bf565,2026-06,857.2,0.0,17859629,1285.89,Cloud Run,API gateway service
Staging-Env,vai-1137133,2026-06,467.6,0.0,0,2337.93,Vertex AI,Training pipelines
Finance-Systems,cr-0a5d466,2026-06,702.9,0.0,2928825,913.79,Cloud Run,ETL pipeline service
Customer-Portal,gcs-027a462,2026-06,0.0,438.3,7013541,81.09,Cloud Storage,Temp processing bucket
Analytics-Platform,ca-0eaf212,2026-06,0.0,0.0,77106885,289.15,Cloud Armor,WAF policies
Data-Science,gcf-0fd1891,2026-06,0.0,0.0,9567606,143.51,Cloud Functions,Auth handlers
Finance-Systems,gcs-091f304,2026-06,0.0,7040.3,176007,161.93,Cloud Storage,Backup bucket
Marketing-Platform,gke-1060979,2026-06,4560.2,0.0,0,9120.25,GKE,GPU node pool
Shared-Services,gcs-01a8772,2026-06,0.0,6950.3,173757,159.86,Cloud Storage,Backup bucket
Data-Science,clog-0f98724,2026-06,0.0,468.4,0,117.11,Cloud Logging,Application logs
Production-Secondary,ps-1166581,2026-06,0.0,0.0,15021685,187.77,Pub/Sub,Data pipeline
Staging-Env,fs-0571274,2026-06,941.6,65.4,39232287,539.44,Firestore,User profiles DB
Analytics-Platform,vai-0679493,2026-06,214.6,0.0,0,1073.06,Vertex AI,AutoML jobs
Marketing-Platform,cr-0f6f935,2026-06,757.1,0.0,15771271,1135.53,Cloud Run,API gateway service
Data-Science,mem-0991932,2026-06,360.8,0.0,0,259.82,Memorystore,Redis staging cache
Customer-Portal,gcf-0dee262,2026-06,0.0,0.0,15378266,230.68,Cloud Functions,Data triggers
Analytics-Platform,clog-0b21991,2026-06,0.0,391.1,0,97.78,Cloud Logging,Application logs
Internal-Tools,gcf-02d8617,2026-06,0.0,0.0,10997442,164.96,Cloud Functions,Auth handlers
Production-Main,gcs-08f7185,2026-06,0.0,2281.9,1140966,353.7,Cloud Storage,Model artifacts
IoT-Platform,csql-0f63852,2026-06,796.3,221.2,0,956.64,Cloud SQL,PostgreSQL replica
Security-Ops,bq-0819283,2026-06,0.0,6932.8,0,2773.1,BigQuery,Analytics data warehouse
Edge-Network,gcf-0309730,2026-06,0.0,0.0,26878517,403.18,Cloud Functions,Pub/Sub processors
Staging-Env,gke-05c8132,2026-06,2657.6,0.0,0,5315.28,GKE,ML training cluster
Shared-Services,gcs-0701705,2026-06,0.0,24232.2,60580,242.33,Cloud Storage,Archive bucket
Finance-Systems,gcs-0564899,2026-06,0.0,3283.8,3283896,238.09,Cloud Storage,Media assets bucket
Marketing-Platform,cdns-059c553,2026-06,0.0,0.0,14042117,21.07,Cloud DNS,DNS zones
Finance-Systems,gcs-0b51970,2026-06,0.0,450.4,7205451,83.3,Cloud Storage,Temp processing bucket
Analytics-Platform,clog-0c1a111,2026-06,0.0,413.1,0,103.29,Cloud Logging,Application logs
Edge-Network,fs-02fa805,2026-06,606.0,16.8,42081137,441.85,Firestore,Session store
Data-Science,vai-067f829,2026-06,333.8,0.0,0,1668.99,Vertex AI,Training pipelines
Security-Ops,gke-0172619,2026-06,2441.9,0.0,0,4883.79,GKE,ML training cluster
Analytics-Platform,cr-0b8d600,2026-06,591.0,0.0,12313274,886.56,Cloud Run,API gateway service
Analytics-Platform,vai-0e80203,2026-06,207.6,0.0,0,1038.26,Vertex AI,AutoML jobs
Analytics-Platform,cr-0ce1398,2026-06,519.6,0.0,2164872,675.44,Cloud Run,ETL pipeline service
Analytics-Platform,vai-089c476,2026-06,774.4,0.0,0,3872.41,Vertex AI,Training pipelines
Production-Secondary,fs-09dc756,2026-06,972.2,27.0,67513152,708.89,Firestore,Session store
Security-Ops,cdns-016c878,2026-06,0.0,0.0,24562241,36.84,Cloud DNS,DNS zones
Edge-Network,ps-0db4850,2026-06,0.0,0.0,47585438,594.82,Pub/Sub,Log forwarding
Analytics-Platform,cr-0593605,2026-06,589.3,0.0,12277883,884.01,Cloud Run,API gateway service
IoT-Platform,bq-0359656,2026-06,0.0,2791.7,0,1116.69,BigQuery,BI reporting views
Analytics-Platform,fs-0531779,2026-06,1042.4,29.0,72392155,760.11,Firestore,Session store
Production-Secondary,df-0f1d560,2026-06,702.6,0.0,0,1709.66,Dataflow,Streaming pipeline
Shared-Services,gcs-05a3592,2026-06,0.0,3484.6,3484580,252.63,Cloud Storage,Media assets bucket
Staging-Env,bq-0cd4810,2026-06,0.0,6196.7,0,2478.66,BigQuery,Log analytics
Marketing-Platform,cr-1081890,2026-06,491.5,0.0,2047942,638.97,Cloud Run,ETL pipeline service
Internal-Tools,ps-02e4769,2026-06,0.0,0.0,30379802,379.75,Pub/Sub,Event streaming
Finance-Systems,cr-0c71114,2026-06,565.6,0.0,2356654,735.27,Cloud Run,ETL pipeline service
Production-Secondary,mem-0f3c369,2026-06,492.6,0.0,0,354.63,Memorystore,Redis production cache
Analytics-Platform,fs-0ce2384,2026-06,1031.7,28.7,71645431,752.27,Firestore,Session store
Production-Secondary,fs-0098646,2026-06,998.3,69.3,41595161,571.93,Firestore,User profiles DB
Shared-Services,gcs-0dd0869,2026-06,0.0,6942.8,173569,159.69,Cloud Storage,Backup bucket
Analytics-Platform,gcs-00a3891,2026-06,0.0,2314.0,2313992,167.76,Cloud Storage,Media assets bucket
Staging-Env,vai-0b7e256,2026-06,541.7,0.0,0,2708.77,Vertex AI,Training pipelines
Internal-Tools,cr-1040486,2026-06,675.5,0.0,2814499,878.13,Cloud Run,ETL pipeline service
Staging-Env,fs-0ac3233,2026-06,535.2,14.9,37168746,390.27,Firestore,Session store
Finance-Systems,csql-0948424,2026-06,582.5,161.8,0,699.78,Cloud SQL,PostgreSQL replica
Staging-Env,gcs-0c39939,2026-06,0.0,14224.1,35559,142.25,Cloud Storage,Archive bucket
Analytics-Platform,bq-00ac651,2026-06,0.0,2262.3,0,904.91,BigQuery,BI reporting views
Data-Science,gcs-0ded742,2026-06,0.0,11068.2,276707,254.56,Cloud Storage,Backup bucket
Security-Ops,gcs-09b4232,2026-06,0.0,6891.4,172284,158.5,Cloud Storage,Backup bucket
Production-Main,vai-1173315,2026-06,788.0,0.0,8755214,1707.27,Vertex AI,Model serving endpoints
Internal-Tools,gcf-0b56804,2026-06,0.0,0.0,1987225,29.8,Cloud Functions,Scheduled tasks
Shared-Services,gcs-01a9890,2026-06,0.0,569.9,9118238,105.43,Cloud Storage,Temp processing bucket
IoT-Platform,bq-0440809,2026-06,0.0,3193.3,0,1277.33,BigQuery,BI reporting views
Internal-Tools,gke-0975533,2026-06,620.3,0.0,0,1860.91,GKE,Production API cluster
Data-Science,gke-07eb913,2026-06,2924.0,0.0,0,5847.86,GKE,GPU node pool
Shared-Services,clog-07c4377,2026-06,0.0,234.2,0,58.55,Cloud Logging,Audit logs
IoT-Platform,gke-0ce5101,2026-06,671.6,0.0,0,2014.84,GKE,Production API cluster
Security-Ops,fs-0b68310,2026-06,517.1,35.9,21546700,296.26,Firestore,User profiles DB
Customer-Portal,gcf-1092282,2026-06,0.0,0.0,16079939,241.21,Cloud Functions,Data triggers
Edge-Network,ps-05b4841,2026-06,0.0,0.0,40702536,508.78,Pub/Sub,Log forwarding
Partner-Integration,gcs-0aab436,2026-06,0.0,14374.1,35933,143.74,Cloud Storage,Archive bucket
IoT-Platform,mem-0a3e700,2026-06,881.6,0.0,0,634.81,Memorystore,Redis production cache
Marketing-Platform,gke-0d7a344,2026-06,2367.1,0.0,0,4734.27,GKE,ML training cluster
Security-Ops,bq-0e95411,2026-06,0.0,1825.9,0,730.35,BigQuery,Data export queries
Shared-Services,vai-01ae833,2026-06,381.3,0.0,0,1906.55,Vertex AI,Training pipelines
Marketing-Platform,cdns-0dd7912,2026-06,0.0,0.0,13892956,20.84,Cloud DNS,DNS zones
Security-Ops,ps-016a878,2026-06,0.0,0.0,28041982,350.52,Pub/Sub,Event streaming
Shared-Services,clog-01a6144,2026-06,0.0,262.3,0,65.57,Cloud Logging,Audit logs
Data-Science,gcs-04a8439,2026-06,0.0,564.7,9034623,104.46,Cloud Storage,Temp processing bucket
Marketing-Platform,vai-0c22165,2026-06,515.5,0.0,5727718,1116.9,Vertex AI,Model serving endpoints
Finance-Systems,gcf-0dd9858,2026-06,0.0,0.0,10352473,155.28,Cloud Functions,Auth handlers
Partner-Integration,df-0b5b821,2026-06,937.0,0.0,0,2279.9,Dataflow,Streaming pipeline
Analytics-Platform,gcs-06d0310,2026-06,0.0,2425.5,2425416,175.83,Cloud Storage,Media assets bucket
Customer-Portal,ps-0a07220,2026-06,0.0,0.0,10468908,130.87,Pub/Sub,Data pipeline
Edge-Network,ps-0d68507,2026-06,0.0,0.0,43775733,547.19,Pub/Sub,Log forwarding
Analytics-Platform,csql-00a7449,2026-06,759.0,210.8,0,911.86,Cloud SQL,PostgreSQL replica
Customer-Portal,ps-045a155,2026-06,0.0,0.0,54342895,679.29,Pub/Sub,Log forwarding
Finance-Systems,gcf-0b85483,2026-06,0.0,0.0,2925600,43.88,Cloud Functions,Scheduled tasks
Internal-Tools,mem-0ee0154,2026-06,498.5,0.0,0,358.91,Memorystore,Redis staging cache
Customer-Portal,clog-0275664,2026-06,0.0,140.9,0,35.23,Cloud Logging,Audit logs
Edge-Network,ps-0be2328,2026-06,0.0,0.0,43355246,541.94,Pub/Sub,Log forwarding
Marketing-Platform,vai-01ff426,2026-06,324.5,0.0,0,1622.35,Vertex AI,AutoML jobs
Internal-Tools,gcs-0703657,2026-06,0.0,443.0,7088227,81.96,Cloud Storage,Temp processing bucket
Partner-Integration,mem-03b7150,2026-06,258.9,0.0,0,186.42,Memorystore,Redis staging cache
Internal-Tools,gcs-0993189,2026-06,0.0,460.0,7362200,85.13,Cloud Storage,Temp processing bucket
Finance-Systems,cmon-0863154,2026-06,0.0,0.0,32382647,259.06,Cloud Monitoring,Metrics and alerting
Security-Ops,vai-04fa668,2026-06,237.2,0.0,0,1185.85,Vertex AI,AutoML jobs
Internal-Tools,ps-0c2b811,2026-06,0.0,0.0,33679079,420.99,Pub/Sub,Event streaming
Security-Ops,ca-112a285,2026-06,0.0,0.0,115876724,434.53,Cloud Armor,WAF policies
Marketing-Platform,ps-0f37394,2026-06,0.0,0.0,42559970,532.0,Pub/Sub,Log forwarding
Marketing-Platform,ps-01f9738,2026-06,0.0,0.0,51108716,638.86,Pub/Sub,Log forwarding
Security-Ops,bq-0e48207,2026-06,0.0,6229.2,0,2491.66,BigQuery,Analytics data warehouse
Data-Science,clog-0f1f300,2026-06,0.0,261.6,0,65.38,Cloud Logging,Audit logs
Data-Science,bq-0120409,2026-06,0.0,16038.9,0,6415.54,BigQuery,ML training datasets
Security-Ops,cmon-0976930,2026-06,0.0,0.0,23466412,187.73,Cloud Monitoring,Metrics and alerting
Staging-Env,cdns-0641241,2026-06,0.0,0.0,20070906,30.11,Cloud DNS,DNS zones
IoT-Platform,fs-06b4788,2026-06,749.1,20.8,52020032,546.22,Firestore,Session store
Staging-Env,vai-00f2137,2026-06,502.4,0.0,0,2512.15,Vertex AI,Training pipelines
Staging-Env,df-0111460,2026-06,405.0,0.0,0,985.45,Dataflow,Batch pipeline
Analytics-Platform,clog-0f3d446,2026-06,0.0,360.8,0,90.21,Cloud Logging,Application logs
IoT-Platform,bq-0357916,2026-06,0.0,1724.8,0,689.91,BigQuery,Data export queries
Staging-Env,gcs-04fc822,2026-06,0.0,13211.1,4403730,396.34,Cloud Storage,Data lake bucket
Analytics-Platform,fs-0b55279,2026-06,943.9,26.3,65548902,688.26,Firestore,Session store
Customer-Portal,ps-0405218,2026-06,0.0,0.0,46621106,582.77,Pub/Sub,Log forwarding
Staging-Env,df-0f02823,2026-06,571.3,0.0,0,1390.16,Dataflow,Streaming pipeline
Finance-Systems,gcf-0526817,2026-06,0.0,0.0,12940165,194.09,Cloud Functions,Data triggers
Customer-Portal,gcs-1062875,2026-06,0.0,422.0,6751976,78.07,Cloud Storage,Temp processing bucket
Data-Science,cmon-0e6a268,2026-06,0.0,0.0,35098050,280.78,Cloud Monitoring,Metrics and alerting
Security-Ops,bq-06c8903,2026-06,0.0,7989.8,0,3195.91,BigQuery,ML training datasets
Customer-Portal,gcf-026e659,2026-06,0.0,0.0,1595941,23.94,Cloud Functions,Scheduled tasks
Security-Ops,bq-0b75354,2026-06,0.0,7214.2,0,2885.69,BigQuery,ML training datasets
Finance-Systems,gcs-0ee3791,2026-06,0.0,9694.9,3231643,290.85,Cloud Storage,Data lake bucket
Internal-Tools,cr-0a26381,2026-06,679.1,0.0,2829881,882.92,Cloud Run,ETL pipeline service
Partner-Integration,gke-118b595,2026-06,774.1,0.0,0,2322.31,GKE,Production API cluster
Staging-Env,gcf-05fd332,2026-06,0.0,0.0,29098813,436.49,Cloud Functions,Pub/Sub processors
Marketing-Platform,gcf-1167527,2026-06,0.0,0.0,1501890,22.53,Cloud Functions,Scheduled tasks
Marketing-Platform,gke-0f27659,2026-06,2182.1,0.0,0,4364.22,GKE,ML training cluster
Analytics-Platform,fs-0b19394,2026-06,1060.7,29.5,73660431,773.43,Firestore,Session store
Finance-Systems,gcf-08a1204,2026-06,0.0,0.0,14630421,219.45,Cloud Functions,Data triggers
Production-Secondary,mem-0ccd673,2026-06,703.1,0.0,0,506.22,Memorystore,Redis production cache
Data-Science,gke-0dc2614,2026-06,3647.5,0.0,0,7294.84,GKE,GPU node pool
Customer-Portal,gcf-026d273,2026-06,0.0,0.0,10051862,150.78,Cloud Functions,Auth handlers
Production-Main,clog-099d699,2026-06,0.0,309.7,0,77.4,Cloud Logging,Audit logs
Marketing-Platform,gke-05a9143,2026-06,2059.6,0.0,0,4119.21,GKE,ML training cluster
Customer-Portal,mem-0be9967,2026-06,346.7,0.0,0,249.57,Memorystore,Redis staging cache
Production-Main,bq-0044162,2026-06,0.0,14580.2,0,5832.08,BigQuery,ML training datasets
Internal-Tools,mem-082c959,2026-06,465.1,0.0,0,334.86,Memorystore,Redis staging cache
Marketing-Platform,fs-0e2b804,2026-06,487.4,13.6,33849258,355.42,Firestore,Session store
Analytics-Platform,bq-0d1e739,2026-06,0.0,2386.4,0,954.56,BigQuery,BI reporting views
Security-Ops,ps-065c549,2026-06,0.0,0.0,31635028,395.43,Pub/Sub,Event streaming
Internal-Tools,mem-02eb311,2026-06,608.1,0.0,0,437.86,Memorystore,Redis production cache
Data-Science,gcf-102b155,2026-06,0.0,0.0,9277623,139.17,Cloud Functions,Auth handlers
Staging-Env,gcs-06fa515,2026-06,0.0,16041.8,40104,160.42,Cloud Storage,Archive bucket
Internal-Tools,mem-0d47243,2026-06,602.6,0.0,0,433.89,Memorystore,Redis production cache
Staging-Env,fs-111a954,2026-06,1097.3,76.2,45720809,628.65,Firestore,User profiles DB
Marketing-Platform,mem-0205771,2026-06,637.8,0.0,0,459.24,Memorystore,Redis production cache
Internal-Tools,fs-1014977,2026-06,926.6,25.8,64345221,675.62,Firestore,Session store
Analytics-Platform,gke-118c166,2026-06,4363.4,0.0,0,8727.05,GKE,GPU node pool
Staging-Env,mem-0102679,2026-06,771.7,0.0,0,555.63,Memorystore,Redis production cache
Edge-Network,csql-0c36420,2026-06,780.4,216.8,0,937.43,Cloud SQL,PostgreSQL replica
Staging-Env,cr-0c5a970,2026-06,598.5,0.0,2493784,778.06,Cloud Run,ETL pipeline service
Staging-Env,fs-0ce9401,2026-06,1187.3,82.5,49472610,680.24,Firestore,User profiles DB
Edge-Network,cmon-02fb997,2026-06,0.0,0.0,24338526,194.71,Cloud Monitoring,Metrics and alerting
Internal-Tools,clog-0565633,2026-06,0.0,280.1,0,70.03,Cloud Logging,Audit logs
Production-Main,ca-083b242,2026-06,0.0,0.0,139123110,521.71,Cloud Armor,WAF policies
Security-Ops,csql-0709515,2026-06,641.8,178.3,0,770.98,Cloud SQL,PostgreSQL replica
Staging-Env,bq-0740271,2026-06,0.0,1438.6,0,575.41,BigQuery,BI reporting views
Staging-Env,bq-073b727,2026-06,0.0,1569.7,0,627.84,BigQuery,BI reporting views
Edge-Network,clog-0301555,2026-06,0.0,531.8,0,132.95,Cloud Logging,Application logs
Production-Secondary,cmon-008b179,2026-06,0.0,0.0,26766546,214.13,Cloud Monitoring,Metrics and alerting
Internal-Tools,mem-02ea903,2026-06,407.3,0.0,0,293.23,Memorystore,Redis staging cache
Internal-Tools,gcs-0a1c146,2026-06,0.0,8115.1,202878,186.66,Cloud Storage,Backup bucket
Production-Secondary,csql-008c653,2026-06,673.3,187.0,0,808.86,Cloud SQL,PostgreSQL replica
Marketing-Platform,mem-0ef4659,2026-06,473.3,0.0,0,340.79,Memorystore,Redis staging cache
Analytics-Platform,cr-0a94901,2026-06,590.9,0.0,2461620,768.02,Cloud Run,ETL pipeline service
Edge-Network,bq-06c0962,2026-06,0.0,7493.9,0,2997.55,BigQuery,Analytics data warehouse
Internal-Tools,ps-053f365,2026-06,0.0,0.0,31407654,392.6,Pub/Sub,Event streaming
Production-Secondary,df-0e23359,2026-06,938.8,0.0,0,2284.45,Dataflow,Streaming pipeline
Security-Ops,ps-0845974,2026-06,0.0,0.0,28293855,353.67,Pub/Sub,Event streaming
Finance-Systems,gcs-0764373,2026-06,0.0,10048.3,3349437,301.45,Cloud Storage,Data lake bucket
Edge-Network,csql-101e324,2026-06,673.1,187.0,0,808.62,Cloud SQL,PostgreSQL replica
Shared-Services,vai-01af568,2026-06,298.4,0.0,0,1492.0,Vertex AI,AutoML jobs
Marketing-Platform,gcf-0203789,2026-06,0.0,0.0,19157009,287.36,Cloud Functions,Pub/Sub processors
Staging-Env,gke-0da1584,2026-06,2888.5,0.0,0,5777.01,GKE,ML training cluster
Staging-Env,gcf-0d4c132,2026-06,0.0,0.0,16122962,241.85,Cloud Functions,Data triggers
IoT-Platform,gke-0bfa929,2026-06,2969.9,0.0,0,5939.91,GKE,ML training cluster
Data-Science,vai-07e2724,2026-06,337.9,0.0,0,1689.65,Vertex AI,Training pipelines
Staging-Env,vai-07a5769,2026-06,458.9,0.0,0,2294.86,Vertex AI,Training pipelines
Staging-Env,gcs-09d1780,2026-06,0.0,12103.8,4034617,363.12,Cloud Storage,Data lake bucket
Marketing-Platform,gcf-0a80128,2026-06,0.0,0.0,2177487,32.66,Cloud Functions,Scheduled tasks
Staging-Env,cdns-070b939,2026-06,0.0,0.0,25771128,38.66,Cloud DNS,DNS zones
IoT-Platform,csql-0e5e176,2026-06,844.1,234.5,0,1014.14,Cloud SQL,PostgreSQL replica
Staging-Env,ps-0db2431,2026-06,0.0,0.0,13009404,162.61,Pub/Sub,Data pipeline
Analytics-Platform,cr-0fbb528,2026-06,496.6,0.0,2069043,645.55,Cloud Run,ETL pipeline service
Production-Main,cmon-050f770,2026-06,0.0,0.0,22528043,180.22,Cloud Monitoring,Metrics and alerting
Analytics-Platform,bq-056e499,2026-06,0.0,2367.4,0,946.94,BigQuery,BI reporting views
Internal-Tools,gcs-0c10220,2026-06,0.0,11061.0,276524,254.41,Cloud Storage,Backup bucket
Data-Science,gcf-0118506,2026-06,0.0,0.0,14065012,210.98,Cloud Functions,Data triggers
IoT-Platform,cr-1013303,2026-06,448.6,0.0,3738472,388.8,Cloud Run,Webhook handler
Finance-Systems,csql-0a9c161,2026-06,899.5,624.6,0,1774.03,Cloud SQL,MySQL analytics
Analytics-Platform,fs-0cea740,2026-06,1194.2,33.2,82930888,870.77,Firestore,Session store
Customer-Portal,gcf-0687702,2026-06,0.0,0.0,19978069,299.66,Cloud Functions,Pub/Sub processors
Staging-Env,gcf-00f5519,2026-06,0.0,0.0,14468528,217.03,Cloud Functions,Data triggers
Edge-Network,ps-107f204,2026-06,0.0,0.0,37807823,472.6,Pub/Sub,Log forwarding
Analytics-Platform,cr-0596438,2026-06,640.8,0.0,13351306,961.3,Cloud Run,API gateway service
Security-Ops,bq-050a549,2026-06,0.0,9422.1,0,3768.84,BigQuery,ML training datasets
Production-Main,gcf-06b6593,2026-06,0.0,0.0,15612954,234.19,Cloud Functions,Pub/Sub processors
Marketing-Platform,cr-01f5683,2026-06,235.3,0.0,980407,203.92,Cloud Run,Image processor
Production-Main,ca-004b678,2026-06,0.0,0.0,116016121,435.06,Cloud Armor,WAF policies
Analytics-Platform,gke-05ac611,2026-06,5013.1,0.0,0,10026.23,GKE,GPU node pool
Security-Ops,gke-0173694,2026-06,4186.7,0.0,0,8373.35,GKE,GPU node pool
Shared-Services,vai-0756962,2026-06,305.4,0.0,0,1526.8,Vertex AI,AutoML jobs
Production-Secondary,ca-0d70255,2026-06,0.0,0.0,104416237,391.56,Cloud Armor,WAF policies
Production-Main,cmon-0c29871,2026-06,0.0,0.0,23983544,191.86,Cloud Monitoring,Metrics and alerting
Internal-Tools,gke-10b2192,2026-06,4113.8,0.0,0,8227.66,GKE,GPU node pool
Production-Main,gcs-0e9f520,2026-06,0.0,15997.8,5332582,479.94,Cloud Storage,Data lake bucket
Marketing-Platform,ca-0f4b589,2026-06,0.0,0.0,57362972,215.1,Cloud Armor,WAF policies
Shared-Services,vai-1038265,2026-06,286.2,0.0,0,1430.7,Vertex AI,AutoML jobs
Internal-Tools,clog-02e7189,2026-06,0.0,260.7,0,65.18,Cloud Logging,Audit logs
Finance-Systems,gcs-0a23868,2026-06,0.0,7086.2,177155,162.99,Cloud Storage,Backup bucket
Finance-Systems,cr-0536882,2026-06,328.4,0.0,2736723,284.62,Cloud Run,Webhook handler
IoT-Platform,bq-03fd605,2026-06,0.0,1763.2,0,705.26,BigQuery,Data export queries
Production-Main,vai-0c2d231,2026-06,666.0,0.0,7399362,1442.88,Vertex AI,Model serving endpoints
Edge-Network,gcf-0cc6556,2026-06,0.0,0.0,5795961,86.94,Cloud Functions,Auth handlers
Internal-Tools,cr-0c2c557,2026-06,427.2,0.0,3560422,370.28,Cloud Run,Webhook handler
Staging-Env,gke-0774882,2026-06,630.4,0.0,0,1891.22,GKE,Production API cluster
IoT-Platform,mem-0539653,2026-06,347.6,0.0,0,250.28,Memorystore,Redis staging cache
Data-Science,mem-075d545,2026-06,355.5,0.0,0,256.0,Memorystore,Redis staging cache
Finance-Systems,gcf-0237921,2026-06,0.0,0.0,2460290,36.9,Cloud Functions,Scheduled tasks
Internal-Tools,gcs-0413983,2026-06,0.0,19322.4,6440805,579.67,Cloud Storage,Data lake bucket
Edge-Network,gcf-05cf952,2026-06,0.0,0.0,27460744,411.92,Cloud Functions,Pub/Sub processors
Staging-Env,gcs-0698537,2026-06,0.0,13283.8,4427960,398.52,Cloud Storage,Data lake bucket
IoT-Platform,gke-04e2720,2026-06,468.7,0.0,0,1406.04,GKE,Batch processing cluster
Analytics-Platform,clog-0a73765,2026-06,0.0,420.0,0,105.02,Cloud Logging,Application logs
Security-Ops,mem-0721292,2026-06,621.9,0.0,0,447.77,Memorystore,Redis production cache
Production-Main,mem-0045614,2026-06,798.4,0.0,0,574.87,Memorystore,Redis production cache
Production-Secondary,gcs-009a238,2026-06,0.0,17248.9,5749623,517.47,Cloud Storage,Data lake bucket
Shared-Services,gcs-0cd8493,2026-06,0.0,26054.9,65136,260.56,Cloud Storage,Archive bucket
Analytics-Platform,df-00af561,2026-06,644.6,0.0,0,1568.48,Dataflow,Streaming pipeline
Analytics-Platform,gcs-05d0754,2026-06,0.0,2291.8,2291818,166.15,Cloud Storage,Media assets bucket
Edge-Network,csql-0a92538,2026-06,865.7,240.5,0,1039.99,Cloud SQL,PostgreSQL replica
Data-Science,gcs-08dc643,2026-06,0.0,546.5,8743615,101.1,Cloud Storage,Temp processing bucket
Edge-Network,csql-0dca965,2026-06,805.7,223.9,0,967.88,Cloud SQL,PostgreSQL replica
IoT-Platform,csql-0fbe637,2026-06,937.3,260.3,0,1505.82,Cloud SQL,PostgreSQL primary
Partner-Integration,cdns-1022426,2026-06,0.0,0.0,14884676,22.33,Cloud DNS,DNS zones
Staging-Env,gcs-0106109,2026-06,0.0,13180.9,4393643,395.43,Cloud Storage,Data lake bucket
IoT-Platform,fs-0dac648,2026-06,745.0,20.7,51733275,543.21,Firestore,Session store
Security-Ops,bq-0849554,2026-06,0.0,8270.4,0,3308.16,BigQuery,ML training datasets
Analytics-Platform,vai-0aa8578,2026-06,724.3,0.0,0,3621.63,Vertex AI,Training pipelines
Finance-Systems,gcf-0749730,2026-06,0.0,0.0,13698754,205.48,Cloud Functions,Data triggers
Finance-Systems,gcs-022d354,2026-06,0.0,8273.7,206843,190.3,Cloud Storage,Backup bucket
Analytics-Platform,clog-00b3386,2026-06,0.0,176.2,0,44.04,Cloud Logging,Audit logs
Production-Secondary,mem-0953822,2026-06,496.9,0.0,0,357.74,Memorystore,Redis production cache
Security-Ops,df-0857910,2026-06,328.9,0.0,0,800.41,Dataflow,Batch pipeline
Security-Ops,csql-07d8129,2026-06,611.1,169.8,0,734.17,Cloud SQL,PostgreSQL replica
Marketing-Platform,cr-0666505,2026-06,524.8,0.0,2186712,682.26,Cloud Run,ETL pipeline service
Staging-Env,fs-0990514,2026-06,1152.7,80.0,48027878,660.38,Firestore,User profiles DB
IoT-Platform,bq-044c961,2026-06,0.0,7120.3,0,2848.1,BigQuery,Analytics data warehouse
Data-Science,mem-0e05561,2026-06,363.3,0.0,0,261.6,Memorystore,Redis staging cache
Analytics-Platform,gcs-08d5306,2026-06,0.0,2614.6,2614570,189.55,Cloud Storage,Media assets bucket
Analytics-Platform,bq-08f6597,2026-06,0.0,2577.1,0,1030.82,BigQuery,BI reporting views
Internal-Tools,gcs-07fe763,2026-06,0.0,17552.3,5850763,526.57,Cloud Storage,Data lake bucket
Staging-Env,vai-0c7b152,2026-06,504.6,0.0,0,2522.83,Vertex AI,Training pipelines
Data-Science,gcf-0f09760,2026-06,0.0,0.0,11717302,175.76,Cloud Functions,Auth handlers
Finance-Systems,cr-0f59927,2026-06,335.6,0.0,2796986,290.89,Cloud Run,Webhook handler
Analytics-Platform,cr-0a6a717,2026-06,522.3,0.0,2175969,678.9,Cloud Run,ETL pipeline service
Production-Main,vai-07c7834,2026-06,723.8,0.0,8042150,1568.22,Vertex AI,Model serving endpoints
Customer-Portal,ps-0661860,2026-06,0.0,0.0,46165606,577.07,Pub/Sub,Log forwarding
Edge-Network,ps-0dae809,2026-06,0.0,0.0,37953310,474.42,Pub/Sub,Log forwarding
IoT-Platform,cr-096e898,2026-06,426.6,0.0,3555249,369.75,Cloud Run,Webhook handler
Analytics-Platform,fs-009f267,2026-06,896.0,62.2,37333629,513.34,Firestore,User profiles DB
Marketing-Platform,vai-0b50204,2026-06,521.7,0.0,5796649,1130.35,Vertex AI,Model serving endpoints
Security-Ops,gke-0d9c385,2026-06,2639.4,0.0,0,5278.87,GKE,ML training cluster
Partner-Integration,gcs-09db877,2026-06,0.0,15293.4,38232,152.93,Cloud Storage,Archive bucket
Analytics-Platform,bq-0aad103,2026-06,0.0,2259.5,0,903.81,BigQuery,BI reporting views
Production-Main,cmon-0869801,2026-06,0.0,0.0,24736840,197.89,Cloud Monitoring,Metrics and alerting
Production-Secondary,csql-0a6b702,2026-06,617.6,428.8,0,1217.91,Cloud SQL,MySQL analytics
Production-Main,vai-0507510,2026-06,750.9,0.0,8342822,1626.85,Vertex AI,Model serving endpoints
Analytics-Platform,ca-0cad296,2026-06,0.0,0.0,80816412,303.06,Cloud Armor,WAF policies
Edge-Network,csql-0624779,2026-06,875.1,243.1,0,1051.28,Cloud SQL,PostgreSQL replica
Analytics-Platform,cr-04f2770,2026-06,476.7,0.0,1986297,619.73,Cloud Run,ETL pipeline service
Security-Ops,df-099a532,2026-06,320.7,0.0,0,780.43,Dataflow,Batch pipeline
IoT-Platform,csql-034b365,2026-06,797.5,221.5,0,958.1,Cloud SQL,PostgreSQL replica
Partner-Integration,bq-0a3d119,2026-06,0.0,12073.4,0,4829.33,BigQuery,Analytics data warehouse
Data-Science,ps-100e742,2026-06,0.0,0.0,22552252,281.91,Pub/Sub,Event streaming
Finance-Systems,csql-09d4523,2026-06,670.0,186.2,0,1076.57,Cloud SQL,PostgreSQL primary
Data-Science,gcs-06d2218,2026-06,0.0,550.0,8799664,101.75,Cloud Storage,Temp processing bucket
Security-Ops,df-076a110,2026-06,358.5,0.0,0,872.52,Dataflow,Batch pipeline
Partner-Integration,df-0e2e494,2026-06,953.3,0.0,0,2319.68,Dataflow,Streaming pipeline
Edge-Network,csp-0306871,2026-06,893.8,124.1,62071116,5437.43,Cloud Spanner,Global transaction DB
Marketing-Platform,vai-0538638,2026-06,456.7,0.0,0,2283.24,Vertex AI,Training pipelines
Finance-Systems,cr-0f0e694,2026-06,603.8,0.0,2515504,784.83,Cloud Run,ETL pipeline service
Edge-Network,gke-0f9a884,2026-06,2086.9,0.0,0,4173.92,GKE,ML training cluster
Production-Main,vai-115d400,2026-06,526.7,0.0,0,2633.63,Vertex AI,Training pipelines
Data-Science,mem-09e1108,2026-06,392.2,0.0,0,282.4,Memorystore,Redis staging cache
Production-Main,gcs-08cf702,2026-06,0.0,8527.3,213181,196.13,Cloud Storage,Backup bucket
Marketing-Platform,gke-1107964,2026-06,2320.9,0.0,0,4641.82,GKE,ML training cluster
Staging-Env,fs-0874807,2026-06,492.8,13.7,34224740,359.36,Firestore,Session store
Edge-Network,gcs-0996314,2026-06,0.0,19721.3,6573765,591.64,Cloud Storage,Data lake bucket
Finance-Systems,gcs-0f77491,2026-06,0.0,391.3,6259646,72.38,Cloud Storage,Temp processing bucket
Analytics-Platform,gcs-103b639,2026-06,0.0,1961.7,980839,304.06,Cloud Storage,Model artifacts
Edge-Network,bq-08a9565,2026-06,0.0,5355.0,0,2142.01,BigQuery,Log analytics
Analytics-Platform,mem-0e2a421,2026-06,565.9,0.0,0,407.42,Memorystore,Redis production cache
Production-Main,vai-004e568,2026-06,552.9,0.0,0,2764.44,Vertex AI,Training pipelines
Internal-Tools,gcs-0651710,2026-06,0.0,421.5,6745696,78.0,Cloud Storage,Temp processing bucket
Partner-Integration,gcs-03b9519,2026-06,0.0,17767.2,44417,177.67,Cloud Storage,Archive bucket
Edge-Network,csql-0a34427,2026-06,863.7,239.9,0,1037.6,Cloud SQL,PostgreSQL replica
Edge-Network,bq-0f45454,2026-06,0.0,7140.0,0,2855.99,BigQuery,Analytics data warehouse
Production-Secondary,clog-06a5604,2026-06,0.0,170.1,0,42.53,Cloud Logging,Audit logs
Marketing-Platform,gke-01f2581,2026-06,555.8,0.0,0,1667.49,GKE,Batch processing cluster
Security-Ops,ps-043d277,2026-06,0.0,0.0,29655666,370.69,Pub/Sub,Event streaming
Staging-Env,cr-0881110,2026-06,589.4,0.0,2455717,766.18,Cloud Run,ETL pipeline service
Analytics-Platform,mem-05ad446,2026-06,338.2,0.0,0,243.46,Memorystore,Redis staging cache
Production-Secondary,csql-0831452,2026-06,651.4,452.3,0,1284.65,Cloud SQL,MySQL analytics
Internal-Tools,vai-07d4545,2026-06,853.8,0.0,9486105,1849.79,Vertex AI,Model serving endpoints
Customer-Portal,vai-111c139,2026-06,196.1,0.0,0,980.59,Vertex AI,AutoML jobs
Security-Ops,bq-08af736,2026-06,0.0,7014.2,0,2805.68,BigQuery,Analytics data warehouse
Staging-Env,gke-0a8b163,2026-06,710.3,0.0,0,2130.88,GKE,Production API cluster
