Account_Name,Resource_ID,Cloud_Provider,Billing_Period,Compute_Hours,Storage_GB_Used,API_Requests,Total_Charge,Service_Name,Description
Mobile-Backend,ebs-0ab8278,AWS,2026-04,0.0,3065.3,0,135.58,EBS,st1 volumes archive
Internal-Tools,gcs-10b6998,GCP,2026-04,0.0,2140.3,1076324,317.9,Cloud Storage,Model artifacts
Customer-Portal,gcf-0b90135,GCP,2026-04,0.0,0.0,18477242,266.21,Cloud Functions,Pub/Sub processors
Data-Science,cf-0140766,AWS,2026-04,0.0,0.0,98700604,475.96,CloudFront,CDN web distribution
Security-Ops,ebs-0bcb202,AWS,2026-04,0.0,4355.3,0,185.73,EBS,st1 volumes archive
Marketing-Platform,vai-0ae7409,GCP,2026-04,569.1,0.0,0,2874.0,Vertex AI,Training pipelines
Data-Science,csp-096a716,GCP,2026-04,529.5,74.6,35732289,3076.03,Cloud Spanner,Global transaction DB
Marketing-Platform,rs-0483517,AWS,2026-04,585.2,1593.3,0,2853.68,Redshift,Data warehouse cluster
Production-Main,sns-114a513,AWS,2026-04,0.0,0.0,6054401,2.95,SNS,Alert notifications
Security-Ops,s3-017f436,AWS,2026-04,0.0,15638.4,3200881,527.64,S3,Data lake raw zone
DevOps-Central,ado-00e2292,AZURE,2026-04,0.0,89.4,0,21.6,Azure DevOps,Artifacts storage
DevOps-Central,redis-0b8c869,AZURE,2026-04,868.8,0.0,0,991.67,Azure Cache for Redis,Premium P1 cache
Internal-Tools,rds-0f84794,AWS,2026-04,895.5,1258.4,0,3831.42,RDS,db.r5.2xlarge Aurora cluster
DevOps-Central,kin-09fd183,AWS,2026-04,884.2,0.0,23617662,340.48,Kinesis,Firehose delivery
Staging-Env,vai-094d369,GCP,2026-04,523.3,0.0,0,2509.64,Vertex AI,Training pipelines
Internal-Tools,sqs-1090601,AWS,2026-04,0.0,0.0,55913489,26.83,SQS,Order processing queue
Shared-Services,fd-0ecb547,AZURE,2026-04,0.0,0.0,74265705,539.19,Front Door,Global load balancer
Mobile-Backend,ebs-0ed8926,AWS,2026-04,0.0,2634.5,0,112.39,EBS,st1 volumes archive
Partner-Integration,rds-09ee347,AWS,2026-04,746.8,539.0,0,1472.53,RDS,db.r5.large PostgreSQL replica
DevOps-Central,sm-00d1740,AWS,2026-04,0.0,0.0,1109659,4.33,Secrets Manager,Application secrets
Production-Secondary,ecs-0b92760,AWS,2026-04,447.0,0.0,0,809.98,ECS,Fargate API cluster
Production-Main,eh-0bee571,AZURE,2026-04,558.3,0.0,23353376,252.49,Event Hubs,Standard throughput units
Production-Secondary,nat-0083744,AWS,2026-04,647.9,0.0,0,145.95,NAT Gateway,Staging VPC NAT
Partner-Integration,gcs-0f81901,GCP,2026-04,0.0,17721.9,44640,172.82,Cloud Storage,Archive bucket
DR-Recovery,cosmos-04b4890,AZURE,2026-04,813.0,59.4,17233946,534.29,Cosmos DB,Config store
Data-Science,gcf-0117841,GCP,2026-04,0.0,0.0,9490493,137.86,Cloud Functions,Auth handlers
Marketing-Platform,i-01e6426,AWS,2026-04,859.9,0.0,0,61.21,EC2,t3.micro bastion host
DevOps-Central,azmon-0b5a859,AZURE,2026-04,0.0,290.6,38217094,397.03,Azure Monitor,Logs and metrics
Staging-Env,df-080d892,GCP,2026-04,552.2,0.0,0,1325.43,Dataflow,Streaming pipeline
Data-Science,cosmos-0de3347,AZURE,2026-04,735.4,202.0,40270107,1615.08,Cosmos DB,User data store
Customer-Portal,eh-067c886,AZURE,2026-04,0.0,568.2,0,132.84,Event Hubs,Capture to storage
Security-Ops,ecs-0ca2184,AWS,2026-04,440.9,0.0,0,797.78,ECS,Fargate API cluster
Production-Secondary,sqs-0086923,AWS,2026-04,0.0,0.0,23130342,11.13,SQS,Event notification queue
Internal-Tools,gcs-0a02698,GCP,2026-04,0.0,432.6,6927676,75.48,Cloud Storage,Temp processing bucket
Finance-Systems,eks-061d810,AWS,2026-04,752.2,0.0,0,2238.19,EKS,Production K8s cluster
Production-Main,kin-045b307,AWS,2026-04,663.4,0.0,17913407,268.84,Kinesis,Firehose delivery
Shared-Services,nat-0d7f916,AWS,2026-04,587.0,0.0,0,263.39,NAT Gateway,Production VPC NAT
Finance-Systems,aks-0bf9833,AZURE,2026-04,227.5,0.0,0,329.27,AKS,Dev K8s cluster
Customer-Portal,ebs-0b9a537,AWS,2026-04,0.0,479.5,0,291.14,EBS,io2 volumes database
Production-Main,cmon-0696406,GCP,2026-04,0.0,0.0,19196911,144.58,Cloud Monitoring,Metrics and alerting
DevOps-Central,ec-0ce8236,AWS,2026-04,671.7,0.0,0,459.06,ElastiCache,Redis production cluster
Partner-Integration,sm-0856857,AWS,2026-04,0.0,0.0,1233747,5.07,Secrets Manager,Application secrets
Security-Ops,vm-0f8c889,AZURE,2026-04,649.3,0.0,0,385.39,Virtual Machines,D2s v3 utility server
Compliance-Audit,elb-0aeb454,AWS,2026-04,394.1,0.0,28061077,169.9,ELB,Network load balancer
Mobile-Backend,ebs-0898961,AWS,2026-04,0.0,3881.1,0,164.58,EBS,st1 volumes archive
Marketing-Platform,gke-110b932,GCP,2026-04,3389.0,0.0,0,6419.17,GKE,GPU node pool
Security-Ops,lam-017a794,AWS,2026-04,0.0,0.0,3393308,24.17,Lambda,Image resizer
Partner-Integration,rds-1042178,AWS,2026-04,811.0,598.8,0,1603.75,RDS,db.r5.large PostgreSQL replica
Customer-Portal,blob-0442236,AZURE,2026-04,0.0,4916.3,0,482.4,Blob Storage,Security audit logs
Customer-Portal,csql-027c570,GCP,2026-04,895.2,248.5,0,1050.58,Cloud SQL,PostgreSQL replica
IoT-Platform,bq-0d7b721,GCP,2026-04,0.0,1826.6,0,705.97,BigQuery,Data export queries
Analytics-Platform,aks-059f313,AZURE,2026-04,1191.3,0.0,0,1765.82,AKS,Staging K8s cluster
Customer-Portal,clog-0274116,GCP,2026-04,0.0,530.2,0,124.87,Cloud Logging,Application logs
Edge-Network,df-098c180,GCP,2026-04,595.1,0.0,0,1346.28,Dataflow,Streaming pipeline
Data-Science,gcf-0cd0636,GCP,2026-04,0.0,0.0,18812591,274.6,Cloud Functions,Pub/Sub processors
Security-Ops,sm-08a6920,AWS,2026-04,0.0,0.0,1071563,4.28,Secrets Manager,Application secrets
Customer-Portal,blob-0c4e917,AZURE,2026-04,0.0,4514.1,0,430.83,Blob Storage,Security audit logs
Production-Main,eh-0026187,AZURE,2026-04,0.0,626.5,0,147.09,Event Hubs,Capture to storage
Compliance-Audit,sns-0c1d686,AWS,2026-04,0.0,0.0,10831743,5.1,SNS,Alert notifications
IoT-Platform,mem-0d64683,GCP,2026-04,666.6,0.0,0,487.1,Memorystore,Redis production cache
Customer-Portal,appi-0257485,AZURE,2026-04,0.0,0.0,36320548,441.95,Application Insights,APM telemetry
DevOps-Central,vm-0814453,AZURE,2026-04,587.7,0.0,0,168.73,Virtual Machines,B2s development VM
Edge-Network,ecs-031f111,AWS,2026-04,253.0,0.0,0,458.63,ECS,Fargate worker cluster
ML-Training,i-0dad813,AWS,2026-04,564.8,0.0,0,1889.22,EC2,r5.2xlarge database server
Production-Secondary,redis-0801574,AZURE,2026-04,954.6,0.0,0,472.65,Azure Cache for Redis,Standard C2 cache
Marketing-Platform,sm-0a3a425,AWS,2026-04,0.0,0.0,783350,3.1,Secrets Manager,Application secrets
Compliance-Audit,kin-083d194,AWS,2026-04,608.0,0.0,24663485,360.2,Kinesis,Data stream ingestion
Finance-Systems,gcf-1015168,GCP,2026-04,0.0,0.0,7290464,106.74,Cloud Functions,Auth handlers
Partner-Integration,eks-03c5402,AWS,2026-04,667.0,0.0,0,2000.34,EKS,Production K8s cluster
Edge-Network,lam-0e35921,AWS,2026-04,0.0,0.0,17458745,121.45,Lambda,Data transformer
Finance-Systems,ado-0e52241,AZURE,2026-04,479.6,0.0,0,240.2,Azure DevOps,Pipelines hosted
Marketing-Platform,sm-0d30645,AWS,2026-04,0.0,0.0,982253,3.82,Secrets Manager,Application secrets
Marketing-Platform,sm-0e7c136,AWS,2026-04,0.0,0.0,708964,2.76,Secrets Manager,Application secrets
Finance-Systems,sentinel-07b4432,AZURE,2026-04,0.0,0.0,97357096,2444.69,Microsoft Sentinel,SIEM detection
Partner-Integration,elb-0bd4274,AWS,2026-04,565.9,0.0,7673599,106.91,ELB,Classic load balancer
Marketing-Platform,gke-0c87458,GCP,2026-04,1666.2,0.0,0,3193.74,GKE,ML training cluster
Internal-Tools,rs-02b6574,AWS,2026-04,0.0,0.0,4239139,214.57,Redshift,Spectrum queries
Production-Secondary,sentinel-0502751,AZURE,2026-04,0.0,0.0,57660802,1390.05,Microsoft Sentinel,SIEM detection
Data-Science,rs-0146862,AWS,2026-04,648.1,1862.6,0,3208.24,Redshift,Data warehouse cluster
ML-Training,lam-055d746,AWS,2026-04,0.0,0.0,9632717,64.37,Lambda,Notification dispatcher
Customer-Portal,func-0958195,AZURE,2026-04,0.0,0.0,2293985,33.24,Azure Functions,Webhook processor
Finance-Systems,kv-0563504,AZURE,2026-04,0.0,0.0,2658587,7.57,Key Vault,Secrets management
Finance-Systems,gcf-0517299,GCP,2026-04,0.0,0.0,7710839,114.15,Cloud Functions,Auth handlers
Partner-Integration,azmon-0cc4223,AZURE,2026-04,0.0,184.6,23802340,250.41,Azure Monitor,Logs and metrics
Data-Science,blob-0d32531,AZURE,2026-04,0.0,2328.8,5942967,281.12,Blob Storage,Build artifacts
Production-Secondary,blob-04dd841,AZURE,2026-04,0.0,10860.9,25709,84.29,Blob Storage,Archive tier
Security-Ops,lam-09fe233,AWS,2026-04,0.0,0.0,22402654,153.37,Lambda,Data transformer
Staging-Env,fs-0f41779,GCP,2026-04,1114.8,78.1,44158034,620.13,Firestore,User profiles DB
Customer-Portal,redis-0260701,AZURE,2026-04,802.9,0.0,0,405.49,Azure Cache for Redis,Standard C2 cache
Compliance-Audit,i-1029425,AWS,2026-04,524.5,0.0,0,455.88,EC2,m5.large monitoring server
Finance-Systems,gcf-0b69780,GCP,2026-04,0.0,0.0,11774900,166.36,Cloud Functions,Data triggers
Security-Ops,ps-0ff9385,GCP,2026-04,0.0,0.0,26740981,317.34,Pub/Sub,Event streaming
Edge-Network,vpn-0c9e800,AWS,2026-04,438.6,0.0,0,109.04,VPN Gateway,Client VPN endpoint
Production-Main,r53-0c16894,AWS,2026-04,0.0,0.0,14427930,20.92,Route 53,Health checks
Edge-Network,i-06ce887,AWS,2026-04,681.5,0.0,0,2282.84,EC2,r5.2xlarge database server
Production-Main,i-0d80610,AWS,2026-04,401.6,0.0,0,1136.69,EC2,c5.2xlarge HPC node
ML-Training,i-0b25477,AWS,2026-04,505.7,0.0,0,1741.63,EC2,r5.2xlarge database server
Partner-Integration,rds-03c8753,AWS,2026-04,388.8,106.5,0,442.33,RDS,db.t3.medium MySQL staging
Marketing-Platform,r53-01dd837,AWS,2026-04,0.0,0.0,52260013,76.92,Route 53,DNS hosting
Production-Secondary,sqldb-04d6752,AZURE,2026-04,467.3,173.2,0,795.08,SQL Database,Standard S3 production
Edge-Network,ps-0791593,GCP,2026-04,0.0,0.0,40781728,499.39,Pub/Sub,Log forwarding
Marketing-Platform,i-01e7981,AWS,2026-04,530.6,0.0,0,1493.45,EC2,c5.2xlarge HPC node
Finance-Systems,sb-093d809,AZURE,2026-04,0.0,0.0,22552523,55.88,Service Bus,Standard messaging
Security-Ops,ps-0eca484,GCP,2026-04,0.0,0.0,28058601,355.03,Pub/Sub,Event streaming
Data-Science,clog-0f05447,GCP,2026-04,0.0,495.7,0,118.44,Cloud Logging,Application logs
QA-Testing,ec-1136274,AWS,2026-04,750.4,0.0,0,523.39,ElastiCache,Redis production cluster
Security-Ops,ses-09f7782,AWS,2026-04,0.0,0.0,2265292,2.58,SES,Transactional email
Finance-Systems,gcs-0589860,GCP,2026-04,0.0,360.2,5488262,62.29,Cloud Storage,Temp processing bucket
Edge-Network,cmon-040a287,GCP,2026-04,0.0,0.0,24248841,186.65,Cloud Monitoring,Metrics and alerting
Security-Ops,s3-08db379,AWS,2026-04,0.0,46.7,23423298,145.07,S3,Static website hosting
Partner-Integration,sb-03ab945,AZURE,2026-04,652.7,0.0,9393713,477.25,Service Bus,Premium messaging
Partner-Integration,ses-03cb400,AWS,2026-04,0.0,0.0,1907535,2.36,SES,Transactional email
ML-Training,lam-0c34400,AWS,2026-04,0.0,0.0,8959673,61.48,Lambda,Notification dispatcher
Edge-Network,bq-0476620,GCP,2026-04,0.0,5600.7,0,2149.48,BigQuery,Log analytics
DevOps-Central,appi-00d4852,AZURE,2026-04,0.0,0.0,58999132,739.97,Application Insights,APM telemetry
Security-Ops,eh-08a0504,AZURE,2026-04,0.0,373.1,0,86.58,Event Hubs,Capture to storage
Internal-Tools,elb-08c2704,AWS,2026-04,902.4,0.0,12846104,178.77,ELB,Classic load balancer
Compliance-Audit,ecs-0d1c714,AWS,2026-04,424.4,0.0,0,788.62,ECS,Fargate worker cluster
DevOps-Central,azmon-061e582,AZURE,2026-04,0.0,293.0,38985651,406.43,Azure Monitor,Logs and metrics
Finance-Systems,gcs-0852873,GCP,2026-04,0.0,9671.3,3122468,287.63,Cloud Storage,Data lake bucket
DR-Recovery,appi-07b6956,AZURE,2026-04,0.0,0.0,17614673,210.7,Application Insights,Custom metrics
Shared-Services,ado-078c824,AZURE,2026-04,0.0,78.2,0,18.42,Azure DevOps,Artifacts storage
Production-Main,i-1108283,AWS,2026-04,287.3,0.0,0,839.29,EC2,c5.2xlarge HPC node
Compliance-Audit,s3-0c95132,AWS,2026-04,0.0,676.8,1336955,57.59,S3,Artifact storage
Edge-Network,ebs-09ad548,AWS,2026-04,0.0,691.4,0,82.94,EBS,gp3 volumes production
Staging-Env,bq-0f5b837,GCP,2026-04,0.0,4855.1,0,1829.25,BigQuery,Log analytics
Production-Main,i-000d373,AWS,2026-04,353.7,0.0,0,1026.59,EC2,c5.2xlarge HPC node
Compliance-Audit,s3-0667496,AWS,2026-04,0.0,11213.2,2146263,377.76,S3,Data lake raw zone
Finance-Systems,blob-1044860,AZURE,2026-04,0.0,7811.7,75876,226.1,Blob Storage,Backup storage
Finance-Systems,csql-0eba390,GCP,2026-04,575.6,171.1,0,680.43,Cloud SQL,PostgreSQL replica
Data-Science,gcf-0b1b828,GCP,2026-04,0.0,0.0,9339471,139.07,Cloud Functions,Auth handlers
Mobile-Backend,ec-032e628,AWS,2026-04,557.9,0.0,0,396.55,ElastiCache,Redis production cluster
Partner-Integration,r53-060c599,AWS,2026-04,0.0,0.0,58226008,86.18,Route 53,DNS hosting
Internal-Tools,s3-0e43727,AWS,2026-04,0.0,3538.9,5552060,240.77,S3,Media content bucket
Finance-Systems,ado-0451264,AZURE,2026-04,473.2,0.0,0,229.05,Azure DevOps,Pipelines hosted
Production-Main,vai-0775922,GCP,2026-04,663.6,0.0,7298584,1410.61,Vertex AI,Model serving endpoints
Security-Ops,ecs-0499787,AWS,2026-04,405.1,0.0,0,713.94,ECS,Fargate worker cluster
Finance-Systems,gcf-0239796,GCP,2026-04,0.0,0.0,13426802,194.52,Cloud Functions,Data triggers
Finance-Systems,cr-086d481,GCP,2026-04,529.5,0.0,2196641,643.95,Cloud Run,ETL pipeline service
IoT-Platform,fs-064b410,GCP,2026-04,953.4,26.9,62808687,680.35,Firestore,Session store
Shared-Services,sb-0621661,AZURE,2026-04,512.5,0.0,7406623,389.58,Service Bus,Premium messaging
Analytics-Platform,vai-0b7a724,GCP,2026-04,193.6,0.0,0,936.93,Vertex AI,AutoML jobs
Production-Main,csql-109c812,GCP,2026-04,701.2,511.9,0,1392.9,Cloud SQL,MySQL analytics
Production-Secondary,ps-1180924,GCP,2026-04,0.0,0.0,11891105,139.29,Pub/Sub,Data pipeline
Customer-Portal,func-081c995,AZURE,2026-04,0.0,0.0,2551868,38.75,Azure Functions,Webhook processor
Partner-Integration,vai-03b5957,GCP,2026-04,202.7,0.0,0,1007.97,Vertex AI,AutoML jobs
Marketing-Platform,vai-0c18574,GCP,2026-04,228.7,0.0,0,1086.54,Vertex AI,AutoML jobs
Analytics-Platform,clog-0e12229,GCP,2026-04,0.0,422.1,0,101.8,Cloud Logging,Application logs
Production-Secondary,s3-0075793,AWS,2026-04,0.0,62.0,31303053,191.52,S3,Static website hosting
Security-Ops,sqs-0195828,AWS,2026-04,0.0,0.0,36019828,18.25,SQS,Event notification queue
Security-Ops,ebs-08c0486,AWS,2026-04,0.0,663.9,0,401.24,EBS,io2 volumes database
Production-Main,cf-0a4b960,AWS,2026-04,0.0,0.0,53887201,268.56,CloudFront,CDN API distribution
QA-Testing,elb-03e9138,AWS,2026-04,729.5,0.0,53622493,323.56,ELB,Network load balancer
Marketing-Platform,sm-10db510,AWS,2026-04,0.0,0.0,1112240,4.15,Secrets Manager,Application secrets
Marketing-Platform,gke-1057959,GCP,2026-04,1926.0,0.0,0,3826.25,GKE,ML training cluster
Customer-Portal,vm-0dcd189,AZURE,2026-04,437.1,0.0,0,766.0,Virtual Machines,E4s v3 SIEM collector
DevOps-Central,cosmos-00ee239,AZURE,2026-04,689.0,48.6,14143789,449.09,Cosmos DB,Config store
Staging-Env,fs-109d158,GCP,2026-04,698.8,50.9,28618530,399.37,Firestore,User profiles DB
Finance-Systems,aks-0554673,AZURE,2026-04,249.8,0.0,0,372.52,AKS,Dev K8s cluster
Data-Science,ses-0e41871,AWS,2026-04,0.0,0.0,1994933,2.33,SES,Transactional email
Internal-Tools,eh-097f635,AZURE,2026-04,0.0,496.8,0,120.45,Event Hubs,Capture to storage
Production-Main,rds-0005467,AWS,2026-04,632.8,441.1,0,1541.83,RDS,db.r5.xlarge PostgreSQL primary
DR-Recovery,appi-0d8e996,AZURE,2026-04,0.0,0.0,47490960,562.48,Application Insights,APM telemetry
Shared-Services,gcs-06aa524,GCP,2026-04,0.0,6908.4,168267,154.85,Cloud Storage,Backup bucket
Finance-Systems,redis-0211914,AZURE,2026-04,703.2,0.0,0,838.56,Azure Cache for Redis,Premium P1 cache
QA-Testing,ebs-0cff760,AWS,2026-04,0.0,1056.1,0,127.16,EBS,gp3 volumes production
Production-Secondary,elb-0fed620,AWS,2026-04,533.4,0.0,36411924,218.77,ELB,Network load balancer
Production-Secondary,csql-008e810,GCP,2026-04,562.8,393.0,0,1096.72,Cloud SQL,MySQL analytics
Customer-Portal,eh-075a870,AZURE,2026-04,639.7,0.0,27183885,295.88,Event Hubs,Standard throughput units
Production-Main,blob-086a814,AZURE,2026-04,0.0,2230.5,5858327,275.52,Blob Storage,Build artifacts
ML-Training,ebs-0b54889,AWS,2026-04,0.0,4216.0,0,181.64,EBS,st1 volumes archive
Finance-Systems,gcf-0ebd850,GCP,2026-04,0.0,0.0,10602172,153.74,Cloud Functions,Data triggers
Analytics-Platform,aks-09f1619,AZURE,2026-04,1150.7,0.0,0,1685.25,AKS,Staging K8s cluster
Partner-Integration,sm-03d6254,AWS,2026-04,0.0,0.0,1146009,4.54,Secrets Manager,Application secrets
Analytics-Platform,ado-0968389,AZURE,2026-04,0.0,111.4,0,26.51,Azure DevOps,Artifacts storage
Finance-Systems,cr-0fbf375,GCP,2026-04,467.2,0.0,1938030,577.14,Cloud Run,ETL pipeline service
Customer-Portal,vm-0d19441,AZURE,2026-04,473.7,0.0,0,289.28,Virtual Machines,D2s v3 utility server
Security-Ops,s3-09e0838,AWS,2026-04,0.0,51.3,25182276,160.58,S3,Static website hosting
Edge-Network,ebs-0907384,AWS,2026-04,0.0,387.8,0,228.13,EBS,io2 volumes database
ML-Training,sqs-0365439,AWS,2026-04,0.0,0.0,462910,0.22,SQS,Dead letter queue
Partner-Integration,eks-03c4771,AWS,2026-04,382.5,0.0,0,1151.89,EKS,Staging K8s cluster
Compliance-Audit,ses-0ad0283,AWS,2026-04,0.0,0.0,1633577,1.94,SES,Transactional email
Shared-Services,vm-0594419,AZURE,2026-04,753.9,0.0,0,2631.88,Virtual Machines,E8s v3 memory-optimized
Internal-Tools,gcs-0985887,GCP,2026-04,0.0,18431.9,6052565,511.44,Cloud Storage,Data lake bucket
Mobile-Backend,sqldb-0e7e331,AZURE,2026-04,683.9,481.0,0,2676.76,SQL Database,Premium P1 analytics
Production-Secondary,app-05e2432,AZURE,2026-04,1024.4,0.0,0,621.24,App Service,Web app P1v3
Shared-Services,rds-0c30227,AWS,2026-04,429.8,314.9,0,828.44,RDS,db.r5.large PostgreSQL replica
Production-Main,blob-09bc732,AZURE,2026-04,0.0,5534.8,2026577,277.06,Blob Storage,Data lake storage
Customer-Portal,ses-0bde451,AWS,2026-04,0.0,0.0,620744,0.75,SES,Marketing email
Compliance-Audit,rds-055c490,AWS,2026-04,1021.8,710.4,0,1966.53,RDS,db.r5.large PostgreSQL replica
Data-Science,kin-0141333,AWS,2026-04,658.6,0.0,18692656,263.7,Kinesis,Firehose delivery
Analytics-Platform,bq-0a93447,GCP,2026-04,0.0,1949.0,0,734.64,BigQuery,BI reporting views
Analytics-Platform,clog-0d3f486,GCP,2026-04,0.0,381.4,0,92.32,Cloud Logging,Application logs
Staging-Env,bq-00fd332,GCP,2026-04,0.0,1835.2,0,702.2,BigQuery,Data export queries
Marketing-Platform,gke-01f1963,GCP,2026-04,2212.4,0.0,0,4277.79,GKE,ML training cluster
Mobile-Backend,kv-0d0a877,AZURE,2026-04,0.0,0.0,1463627,4.26,Key Vault,Secrets management
Production-Secondary,blob-04c0764,AZURE,2026-04,0.0,2069.5,5082478,324.35,Blob Storage,Media content
Security-Ops,sqs-0acf483,AWS,2026-04,0.0,0.0,40783317,19.98,SQS,Event notification queue
Marketing-Platform,sm-0c60824,AWS,2026-04,0.0,0.0,864647,3.46,Secrets Manager,Application secrets
Customer-Portal,vm-0ea1350,AZURE,2026-04,559.7,0.0,0,324.6,Virtual Machines,D2s v3 utility server
Edge-Network,eks-0c0a109,AWS,2026-04,531.4,0.0,0,1620.37,EKS,Production K8s cluster
Shared-Services,aks-01c1897,AZURE,2026-04,971.0,0.0,0,1414.06,AKS,Staging K8s cluster
Production-Secondary,vai-078b500,GCP,2026-04,210.5,0.0,0,1045.45,Vertex AI,AutoML jobs
ML-Training,i-0b05946,AWS,2026-04,526.5,0.0,0,1731.55,EC2,r5.2xlarge database server
Marketing-Platform,vai-0675764,GCP,2026-04,506.0,0.0,5681770,1062.2,Vertex AI,Model serving endpoints
Finance-Systems,app-0d8b965,AZURE,2026-04,757.8,0.0,0,114.95,App Service,Web app B1
Production-Main,cf-05be618,AWS,2026-04,0.0,0.0,47516430,229.35,CloudFront,CDN API distribution
Production-Secondary,ecs-0073512,AWS,2026-04,435.9,0.0,0,768.75,ECS,Fargate API cluster
Data-Science,gcs-0a7b183,GCP,2026-04,0.0,8357.3,208497,188.3,Cloud Storage,Backup bucket
Compliance-Audit,elb-0d8f759,AWS,2026-04,347.8,0.0,23538893,146.65,ELB,Network load balancer
Security-Ops,ecs-1053185,AWS,2026-04,429.9,0.0,0,760.62,ECS,Fargate worker cluster
Internal-Tools,rds-02c5855,AWS,2026-04,626.1,452.9,0,1556.36,RDS,db.r5.xlarge PostgreSQL primary
Marketing-Platform,r53-0b06291,AWS,2026-04,0.0,0.0,47729926,71.29,Route 53,DNS hosting
Edge-Network,csql-04c4474,GCP,2026-04,783.9,229.5,0,942.87,Cloud SQL,PostgreSQL replica
Data-Science,blob-06c1498,AZURE,2026-04,0.0,8969.5,88528,253.02,Blob Storage,Backup storage
Analytics-Platform,bq-0616922,GCP,2026-04,0.0,15668.3,0,5829.8,BigQuery,ML training datasets
Internal-Tools,gcs-08ae795,GCP,2026-04,0.0,1907.6,906565,278.59,Cloud Storage,Model artifacts
Analytics-Platform,eh-0c1e810,AZURE,2026-04,433.1,0.0,18191384,195.96,Event Hubs,Standard throughput units
QA-Testing,lam-1169721,AWS,2026-04,0.0,0.0,74934486,523.18,Lambda,Auth token validator
Shared-Services,func-0456674,AZURE,2026-04,0.0,0.0,414523,6.02,Azure Functions,Timer triggers
Data-Science,cr-0124770,GCP,2026-04,277.1,0.0,1149751,238.86,Cloud Run,Image processor
Analytics-Platform,gcs-067a623,GCP,2026-04,0.0,2342.4,2220311,159.27,Cloud Storage,Media assets bucket
Finance-Systems,cosmos-0527195,AZURE,2026-04,449.6,126.1,24935284,980.62,Cosmos DB,User data store
Partner-Integration,app-03b2567,AZURE,2026-04,555.4,0.0,0,344.01,App Service,Web app P1v3
Compliance-Audit,elb-0385602,AWS,2026-04,686.6,0.0,28558791,203.94,ELB,Application load balancer
Finance-Systems,s3-0570229,AWS,2026-04,0.0,2247.1,1075459,81.0,S3,Analytics export bucket
DevOps-Central,aks-0f83666,AZURE,2026-04,368.5,0.0,0,535.78,AKS,Dev K8s cluster
QA-Testing,lam-0622244,AWS,2026-04,0.0,0.0,29728743,197.56,Lambda,API gateway handler
Production-Secondary,sentinel-118d311,AZURE,2026-04,0.0,0.0,57150949,1450.03,Microsoft Sentinel,SIEM detection
Customer-Portal,df-027d947,GCP,2026-04,607.9,0.0,0,1423.34,Dataflow,Streaming pipeline
Production-Main,kv-0426522,AZURE,2026-04,0.0,0.0,2019072,6.01,Key Vault,Secrets management
QA-Testing,lam-07f0573,AWS,2026-04,0.0,0.0,4468887,30.18,Lambda,Image resizer
Marketing-Platform,sm-01d7826,AWS,2026-04,0.0,0.0,827534,3.32,Secrets Manager,Application secrets
Edge-Network,ec-0e4b931,AWS,2026-04,703.2,0.0,0,514.44,ElastiCache,Redis production cluster
Marketing-Platform,rds-0d51613,AWS,2026-04,436.3,120.8,0,503.73,RDS,db.t3.medium MySQL staging
ML-Training,kin-0a76630,AWS,2026-04,665.6,0.0,27283791,391.69,Kinesis,Data stream ingestion
Security-Ops,eks-0191572,AWS,2026-04,464.6,0.0,0,1297.47,EKS,Staging K8s cluster
Shared-Services,vpn-0199240,AWS,2026-04,804.3,0.0,0,203.98,VPN Gateway,Client VPN endpoint
Mobile-Backend,sqldb-1045702,AZURE,2026-04,682.7,489.0,0,2722.05,SQL Database,Premium P1 analytics
Shared-Services,kv-0d17212,AZURE,2026-04,0.0,0.0,377066,1.07,Key Vault,Certificate store
Finance-Systems,s3-0555363,AWS,2026-04,0.0,60.9,31226716,195.37,S3,Static website hosting
Compliance-Audit,s3-0f76493,AWS,2026-04,0.0,764.2,1494469,63.45,S3,Artifact storage
Partner-Integration,vai-0eb9357,GCP,2026-04,546.6,0.0,0,2623.64,Vertex AI,Training pipelines
Internal-Tools,lam-100a745,AWS,2026-04,0.0,0.0,993333,7.56,Lambda,Cron job runner
Marketing-Platform,ddb-0bef403,AWS,2026-04,535.7,7.5,3694618,64.38,DynamoDB,Config store table
Data-Science,gcs-043a104,GCP,2026-04,0.0,555.9,8995240,100.4,Cloud Storage,Temp processing bucket
Finance-Systems,vm-05c1838,AZURE,2026-04,665.4,0.0,0,1652.31,Virtual Machines,D8s v3 application server
Analytics-Platform,kv-05a4469,AZURE,2026-04,0.0,0.0,1330779,4.04,Key Vault,Secrets management
Security-Ops,ebs-0a88692,AWS,2026-04,0.0,4001.7,0,171.15,EBS,st1 volumes archive
Internal-Tools,cr-02e1655,GCP,2026-04,437.3,0.0,3850825,380.53,Cloud Run,Webhook handler
Marketing-Platform,vpn-04ea593,AWS,2026-04,721.2,0.0,0,179.6,VPN Gateway,Client VPN endpoint
IoT-Platform,mem-1148803,GCP,2026-04,741.9,0.0,0,535.11,Memorystore,Redis production cache
Partner-Integration,vai-1105921,GCP,2026-04,212.3,0.0,0,1042.28,Vertex AI,AutoML jobs
Finance-Systems,clog-0eff840,GCP,2026-04,0.0,190.7,0,46.15,Cloud Logging,Audit logs
Analytics-Platform,gcs-0b65524,GCP,2026-04,0.0,9319.2,235500,213.04,Cloud Storage,Backup bucket
Security-Ops,cmon-0fde210,GCP,2026-04,0.0,0.0,22184202,170.51,Cloud Monitoring,Metrics and alerting
Production-Main,s3-057d934,AWS,2026-04,0.0,8269.4,502104,198.2,S3,Log archive bucket
Internal-Tools,aks-08d9511,AZURE,2026-04,1427.6,0.0,0,2180.71,AKS,Staging K8s cluster
Compliance-Audit,rs-10fb531,AWS,2026-04,0.0,0.0,4474270,213.25,Redshift,Spectrum queries
Security-Ops,bq-0e63979,GCP,2026-04,0.0,1479.1,0,558.95,BigQuery,BI reporting views
Internal-Tools,cf-0a39494,AWS,2026-04,0.0,0.0,129957388,633.26,CloudFront,CDN media distribution
Analytics-Platform,bq-0c50327,GCP,2026-04,0.0,10726.2,0,4046.77,BigQuery,Analytics data warehouse
Production-Secondary,csql-0951252,GCP,2026-04,504.7,349.9,0,952.76,Cloud SQL,MySQL analytics
Production-Secondary,eh-0d77234,AZURE,2026-04,528.4,0.0,22123806,239.09,Event Hubs,Standard throughput units
Production-Secondary,blob-0cd7269,AZURE,2026-04,0.0,7181.4,2676346,358.05,Blob Storage,Data lake storage
Analytics-Platform,gke-00b6558,GCP,2026-04,507.9,0.0,0,1496.74,GKE,Batch processing cluster
Internal-Tools,cr-0d34819,GCP,2026-04,313.9,0.0,1329324,261.84,Cloud Run,Image processor
Compliance-Audit,ecs-06db379,AWS,2026-04,428.6,0.0,0,776.91,ECS,Fargate worker cluster
Internal-Tools,ebs-02a9257,AWS,2026-04,0.0,398.0,0,236.76,EBS,io2 volumes database
Partner-Integration,sqldb-0efb498,AZURE,2026-04,760.2,269.9,0,1255.21,SQL Database,Standard S3 production
Production-Secondary,csql-10cf442,GCP,2026-04,656.1,193.0,0,783.63,Cloud SQL,PostgreSQL replica
DevOps-Central,aks-0f5d284,AZURE,2026-04,1626.1,0.0,0,2359.67,AKS,Staging K8s cluster
Compliance-Audit,vpn-0a64605,AWS,2026-04,700.6,0.0,0,166.61,VPN Gateway,Client VPN endpoint
Staging-Env,gcf-07b9875,GCP,2026-04,0.0,0.0,5175152,74.04,Cloud Functions,Auth handlers
Edge-Network,csql-05ea238,GCP,2026-04,685.8,194.6,0,809.96,Cloud SQL,PostgreSQL replica
Data-Science,gcf-0d9b819,GCP,2026-04,0.0,0.0,8354062,124.49,Cloud Functions,Auth handlers
ML-Training,rs-0788768,AWS,2026-04,0.0,0.0,3934820,196.52,Redshift,Spectrum queries
Internal-Tools,cr-03f4389,GCP,2026-04,552.1,0.0,2249865,716.76,Cloud Run,ETL pipeline service
IoT-Platform,gke-035b126,GCP,2026-04,372.8,0.0,0,1133.56,GKE,Batch processing cluster
Internal-Tools,cosmos-02a3540,AZURE,2026-04,656.0,183.9,37488688,1418.67,Cosmos DB,User data store
Finance-Systems,elb-0e1e935,AWS,2026-04,740.7,0.0,30539478,212.12,ELB,Application load balancer
Internal-Tools,vm-029e595,AZURE,2026-04,632.8,0.0,0,388.49,Virtual Machines,D2s v3 utility server
Finance-Systems,cr-0b1c943,GCP,2026-04,543.2,0.0,2261802,693.35,Cloud Run,ETL pipeline service
Staging-Env,gcs-072b621,GCP,2026-04,0.0,11220.7,3536150,320.44,Cloud Storage,Data lake bucket
Production-Secondary,app-05df445,AZURE,2026-04,871.7,0.0,0,517.54,App Service,Web app P1v3
Production-Secondary,blob-005d230,AZURE,2026-04,0.0,2261.3,5673668,278.83,Blob Storage,Build artifacts
Finance-Systems,gcf-06da891,GCP,2026-04,0.0,0.0,8753466,125.35,Cloud Functions,Auth handlers
Customer-Portal,elb-0287653,AWS,2026-04,616.4,0.0,8503759,122.65,ELB,Classic load balancer
ML-Training,i-0bdb603,AWS,2026-04,707.8,0.0,0,2352.54,EC2,r5.2xlarge database server
QA-Testing,r53-085b883,AWS,2026-04,0.0,0.0,8501173,12.7,Route 53,Health checks
Customer-Portal,i-0ae1467,AWS,2026-04,609.3,0.0,0,2012.2,EC2,r5.2xlarge database server
Production-Secondary,i-007b774,AWS,2026-04,785.0,0.0,0,673.43,EC2,m5.large monitoring server
Production-Secondary,ec-0bb0589,AWS,2026-04,854.3,0.0,0,294.95,ElastiCache,Redis staging cluster
Production-Secondary,aks-0b9c491,AZURE,2026-04,288.9,0.0,0,425.81,AKS,Dev K8s cluster
Marketing-Platform,rs-0f0b689,AWS,2026-04,0.0,0.0,6870727,328.85,Redshift,Spectrum queries
Production-Main,lam-000a777,AWS,2026-04,0.0,0.0,5406571,36.77,Lambda,Notification dispatcher
Production-Secondary,mem-0c26642,GCP,2026-04,587.7,0.0,0,405.47,Memorystore,Redis production cache
QA-Testing,ses-0411794,AWS,2026-04,0.0,0.0,2047583,2.51,SES,Transactional email
Partner-Integration,sqldb-0e96563,AZURE,2026-04,1052.2,382.4,0,1717.41,SQL Database,Standard S3 production
IoT-Platform,gke-035e159,GCP,2026-04,2386.1,0.0,0,4747.79,GKE,ML training cluster
Compliance-Audit,sns-0987286,AWS,2026-04,0.0,0.0,14400870,6.83,SNS,Event fanout topic
Customer-Portal,ps-096d972,GCP,2026-04,0.0,0.0,37503460,449.28,Pub/Sub,Log forwarding
Edge-Network,bq-0300179,GCP,2026-04,0.0,6640.5,0,2541.44,BigQuery,Analytics data warehouse
Customer-Portal,vpn-09b8118,AWS,2026-04,936.0,0.0,0,234.75,VPN Gateway,Client VPN endpoint
Partner-Integration,appi-07a4515,AZURE,2026-04,0.0,0.0,66558742,820.71,Application Insights,APM telemetry
Internal-Tools,nat-0ba5290,AWS,2026-04,454.8,0.0,0,103.11,NAT Gateway,Dev VPC NAT
Staging-Env,gcs-1188613,GCP,2026-04,0.0,12654.1,4087350,365.41,Cloud Storage,Data lake bucket
Shared-Services,vm-08aa601,AZURE,2026-04,323.3,0.0,0,2848.12,Virtual Machines,NC6s v3 GPU VM
Internal-Tools,ec-0a9a592,AWS,2026-04,472.1,0.0,0,340.17,ElastiCache,Redis production cluster
Analytics-Platform,bq-0d5b922,GCP,2026-04,0.0,14162.0,0,5246.8,BigQuery,ML training datasets
Partner-Integration,elb-0b31940,AWS,2026-04,396.4,0.0,16802784,116.22,ELB,Application load balancer
Security-Ops,ps-093e830,GCP,2026-04,0.0,0.0,30238560,362.17,Pub/Sub,Event streaming
Marketing-Platform,ddb-07e5376,AWS,2026-04,572.4,8.0,3936744,68.47,DynamoDB,Config store table
Customer-Portal,i-06d9393,AWS,2026-04,540.8,0.0,0,749.6,EC2,c5.xlarge compute worker
Security-Ops,r53-018f903,AWS,2026-04,0.0,0.0,61213765,92.28,Route 53,DNS hosting
Production-Main,gcf-0741711,GCP,2026-04,0.0,0.0,14049971,210.86,Cloud Functions,Pub/Sub processors
Finance-Systems,gcs-0d31493,GCP,2026-04,0.0,423.5,6560676,75.42,Cloud Storage,Temp processing bucket
Compliance-Audit,rs-0bf0566,AWS,2026-04,521.9,1488.9,0,2613.87,Redshift,Data warehouse cluster
DR-Recovery,appi-048f749,AZURE,2026-04,0.0,0.0,18365793,230.74,Application Insights,Custom metrics
Production-Main,vm-048d646,AZURE,2026-04,767.8,0.0,0,1770.31,Virtual Machines,D8s v3 application server
Shared-Services,sb-1037505,AZURE,2026-04,601.8,0.0,8286970,449.4,Service Bus,Premium messaging
Production-Main,s3-062a775,AWS,2026-04,0.0,9722.6,608264,230.57,S3,Log archive bucket
DevOps-Central,vm-0691282,AZURE,2026-04,654.6,0.0,0,192.46,Virtual Machines,B2s development VM
Production-Main,i-0724237,AWS,2026-04,379.1,0.0,0,1056.82,EC2,c5.2xlarge HPC node
Marketing-Platform,i-06c6949,AWS,2026-04,808.5,0.0,0,59.07,EC2,t3.micro bastion host
DevOps-Central,sb-0e4e903,AZURE,2026-04,646.6,0.0,9505090,497.73,Service Bus,Premium messaging
Production-Main,gcs-0601678,GCP,2026-04,0.0,15387.8,4959688,448.84,Cloud Storage,Data lake bucket
Internal-Tools,eh-06f5432,AZURE,2026-04,0.0,463.1,0,110.76,Event Hubs,Capture to storage
Finance-Systems,redis-1119805,AZURE,2026-04,712.1,0.0,0,335.41,Azure Cache for Redis,Standard C2 cache
IoT-Platform,bq-0ca5217,GCP,2026-04,0.0,1513.1,0,590.76,BigQuery,Data export queries
Finance-Systems,s3-0240452,AWS,2026-04,0.0,6828.9,65845,145.52,S3,Backup storage bucket
Data-Science,bq-0cfe536,GCP,2026-04,0.0,2948.7,0,1138.88,BigQuery,Log analytics
Edge-Network,ps-0df6327,GCP,2026-04,0.0,0.0,18561030,219.62,Pub/Sub,Event streaming
Marketing-Platform,vai-081a178,GCP,2026-04,517.2,0.0,0,2628.51,Vertex AI,Training pipelines
Internal-Tools,rds-02c4542,AWS,2026-04,369.2,107.6,0,430.48,RDS,db.t3.medium MySQL staging
Finance-Systems,blob-0d4a811,AZURE,2026-04,0.0,9255.0,91228,261.36,Blob Storage,Backup storage
Compliance-Audit,kin-0386537,AWS,2026-04,629.2,0.0,25573822,363.43,Kinesis,Data stream ingestion
Staging-Env,vai-08eb520,GCP,2026-04,523.3,0.0,0,2607.26,Vertex AI,Training pipelines
Edge-Network,s3-097d920,AWS,2026-04,0.0,799.4,1557886,68.52,S3,Artifact storage
Compliance-Audit,i-0a57109,AWS,2026-04,601.4,0.0,0,495.16,EC2,m5.large monitoring server
Security-Ops,ebs-0186597,AWS,2026-04,0.0,617.6,0,374.75,EBS,io2 volumes database
Data-Science,i-0f5f350,AWS,2026-04,601.9,0.0,0,1032.38,EC2,r5.xlarge cache server
Marketing-Platform,gke-0472798,GCP,2026-04,3992.6,0.0,0,7803.51,GKE,GPU node pool
Staging-Env,df-0e86737,GCP,2026-04,624.4,0.0,0,1500.39,Dataflow,Streaming pipeline
Data-Science,bq-0c86405,GCP,2026-04,0.0,1492.2,0,558.09,BigQuery,BI reporting views
Internal-Tools,gcs-02db399,GCP,2026-04,0.0,22419.7,56491,217.67,Cloud Storage,Archive bucket
Compliance-Audit,s3-1109492,AWS,2026-04,0.0,839.7,1648017,68.1,S3,Artifact storage
Production-Main,ecs-001f111,AWS,2026-04,279.2,0.0,0,509.16,ECS,Fargate batch cluster
IoT-Platform,bq-0ece462,GCP,2026-04,0.0,2468.8,0,938.53,BigQuery,BI reporting views
DevOps-Central,appi-0fd7806,AZURE,2026-04,0.0,0.0,16386969,204.74,Application Insights,Custom metrics
Production-Secondary,sentinel-0e21747,AZURE,2026-04,0.0,0.0,68832594,1646.91,Microsoft Sentinel,SIEM detection
Finance-Systems,gcf-068b670,GCP,2026-04,0.0,0.0,14138310,203.2,Cloud Functions,Data triggers
Partner-Integration,sb-03aa861,AZURE,2026-04,0.0,0.0,14236376,35.53,Service Bus,Standard messaging
Internal-Tools,gcs-0a11938,GCP,2026-04,0.0,342.5,5451685,60.81,Cloud Storage,Temp processing bucket
Production-Secondary,elb-106c801,AWS,2026-04,575.7,0.0,23192580,168.29,ELB,Application load balancer
Finance-Systems,elb-10f0785,AWS,2026-04,621.7,0.0,24848918,178.56,ELB,Application load balancer
Marketing-Platform,ca-0c19747,GCP,2026-04,0.0,0.0,52663923,192.85,Cloud Armor,WAF policies
Analytics-Platform,cr-0a15445,GCP,2026-04,450.9,0.0,1879552,568.93,Cloud Run,ETL pipeline service
Staging-Env,gcs-085e743,GCP,2026-04,0.0,16258.7,40665,155.92,Cloud Storage,Archive bucket
Analytics-Platform,bq-0ad8962,GCP,2026-04,0.0,9630.2,0,3668.64,BigQuery,Analytics data warehouse
DR-Recovery,sb-02f7507,AZURE,2026-04,791.1,0.0,11411690,592.83,Service Bus,Premium messaging
Compliance-Audit,rds-0425609,AWS,2026-04,870.3,604.4,0,1661.4,RDS,db.r5.large PostgreSQL replica
ML-Training,ebs-0ad9186,AWS,2026-04,0.0,3456.6,0,150.98,EBS,st1 volumes archive
Analytics-Platform,ado-00c7802,AZURE,2026-04,0.0,103.2,0,24.44,Azure DevOps,Artifacts storage
Security-Ops,s3-0180786,AWS,2026-04,0.0,11775.4,117302,256.23,S3,Backup storage bucket
Shared-Services,r53-0b2b508,AWS,2026-04,0.0,0.0,7914865,11.15,Route 53,Health checks
Finance-Systems,azmon-0218730,AZURE,2026-04,0.0,218.5,27982096,294.94,Azure Monitor,Logs and metrics
Internal-Tools,eks-03f1737,AWS,2026-04,445.3,0.0,0,1302.34,EKS,Staging K8s cluster
Marketing-Platform,r53-0c76143,AWS,2026-04,0.0,0.0,59080340,89.78,Route 53,DNS hosting
Production-Secondary,csql-090a778,GCP,2026-04,631.0,439.3,0,1164.62,Cloud SQL,MySQL analytics
Edge-Network,s3-0c0b689,AWS,2026-04,0.0,62.3,29209280,187.92,S3,Static website hosting
Marketing-Platform,ec-08b3367,AWS,2026-04,586.4,0.0,0,418.93,ElastiCache,Redis production cluster
Staging-Env,gke-0109701,GCP,2026-04,2560.5,0.0,0,5118.93,GKE,ML training cluster
IoT-Platform,bq-069d685,GCP,2026-04,0.0,2595.5,0,989.56,BigQuery,BI reporting views
Customer-Portal,ps-0280184,GCP,2026-04,0.0,0.0,41933241,528.71,Pub/Sub,Log forwarding
Internal-Tools,ec-02b5631,AWS,2026-04,678.2,0.0,0,240.57,ElastiCache,Redis staging cluster
Mobile-Backend,sqs-0caf152,AWS,2026-04,0.0,0.0,281124,0.14,SQS,Dead letter queue
Mobile-Backend,aks-0338186,AZURE,2026-04,880.8,0.0,0,3927.34,AKS,Production K8s cluster
Internal-Tools,ec-0a32433,AWS,2026-04,582.6,0.0,0,212.58,ElastiCache,Redis staging cluster
Data-Science,gke-0f9c745,GCP,2026-04,2334.7,0.0,0,4546.65,GKE,GPU node pool
Production-Secondary,sentinel-075c368,AZURE,2026-04,0.0,0.0,69499419,1670.57,Microsoft Sentinel,SIEM detection
Shared-Services,s3-0fd6134,AWS,2026-04,0.0,13569.1,2563670,446.26,S3,Data lake raw zone
Production-Secondary,sqs-1120122,AWS,2026-04,0.0,0.0,25318442,12.52,SQS,Event notification queue
Internal-Tools,vai-02e9702,GCP,2026-04,825.0,0.0,9238981,1722.18,Vertex AI,Model serving endpoints
Customer-Portal,vpn-051d688,AWS,2026-04,909.8,0.0,0,235.06,VPN Gateway,Client VPN endpoint
Compliance-Audit,s3-04b9679,AWS,2026-04,0.0,2451.7,14780473,589.21,S3,Production asset storage
Marketing-Platform,ec-0e10130,AWS,2026-04,786.3,0.0,0,537.47,ElastiCache,Redis production cluster
Partner-Integration,gcs-1012851,GCP,2026-04,0.0,19545.6,48546,189.08,Cloud Storage,Archive bucket
Customer-Portal,azmon-0250396,AZURE,2026-04,0.0,222.0,29154588,300.13,Azure Monitor,Logs and metrics
Internal-Tools,ebs-0742903,AWS,2026-04,0.0,1222.1,0,145.05,EBS,gp3 volumes production
Edge-Network,gke-05bf119,GCP,2026-04,2408.0,0.0,0,4612.38,GKE,ML training cluster
Security-Ops,s3-058b286,AWS,2026-04,0.0,6014.2,9454920,426.28,S3,Media content bucket
IoT-Platform,cr-05db884,GCP,2026-04,669.7,0.0,13364010,970.75,Cloud Run,API gateway service
Marketing-Platform,ddb-0f52812,AWS,2026-04,670.1,46.3,71456346,498.92,DynamoDB,Session store table
Customer-Portal,vpn-044d967,AWS,2026-04,884.4,0.0,0,212.89,VPN Gateway,Client VPN endpoint
ML-Training,i-036c430,AWS,2026-04,623.0,0.0,0,2057.89,EC2,r5.2xlarge database server
Internal-Tools,sqs-0758153,AWS,2026-04,0.0,0.0,46762076,23.58,SQS,Order processing queue
Customer-Portal,vpn-080b733,AWS,2026-04,750.9,0.0,0,189.06,VPN Gateway,Client VPN endpoint
Marketing-Platform,nat-01df371,AWS,2026-04,816.5,0.0,0,363.37,NAT Gateway,Production VPC NAT
Staging-Env,cdns-03f7306,GCP,2026-04,0.0,0.0,21217277,31.7,Cloud DNS,DNS zones
Mobile-Backend,acr-07fd235,AZURE,2026-04,0.0,207.8,425926,136.09,Container Registry,Docker image registry
Production-Main,blob-0590204,AZURE,2026-04,0.0,2364.4,6303993,295.94,Blob Storage,Build artifacts
Production-Main,kv-0024951,AZURE,2026-04,0.0,0.0,2415256,7.09,Key Vault,Secrets management
Edge-Network,i-0607444,AWS,2026-04,486.1,0.0,0,1606.2,EC2,m5.2xlarge batch processor
Shared-Services,s3-0d6d893,AWS,2026-04,0.0,14995.0,2920321,490.14,S3,Data lake raw zone
Production-Main,i-068a660,AWS,2026-04,341.7,0.0,0,965.21,EC2,c5.2xlarge HPC node
Shared-Services,ec-019b105,AWS,2026-04,671.2,0.0,0,232.18,ElastiCache,Redis staging cluster
Internal-Tools,s3-02bf969,AWS,2026-04,0.0,35.3,17250940,113.85,S3,Static website hosting
IoT-Platform,cdns-0ca6353,GCP,2026-04,0.0,0.0,13469252,18.85,Cloud DNS,DNS zones
Customer-Portal,elb-0285346,AWS,2026-04,541.9,0.0,35936998,224.04,ELB,Network load balancer
Partner-Integration,redis-0b29754,AZURE,2026-04,474.2,0.0,0,541.22,Azure Cache for Redis,Premium P1 cache
Partner-Integration,ado-0439616,AZURE,2026-04,568.0,0.0,0,286.69,Azure DevOps,Pipelines hosted
ML-Training,lam-084f704,AWS,2026-04,0.0,0.0,7921951,55.32,Lambda,Notification dispatcher
Production-Main,vm-003d976,AZURE,2026-04,809.4,0.0,0,1493.14,Virtual Machines,E4s v3 SIEM collector
Analytics-Platform,aks-09e9857,AZURE,2026-04,477.5,0.0,0,719.43,AKS,Dev K8s cluster
Analytics-Platform,gcs-1154713,GCP,2026-04,0.0,9094.7,225305,206.89,Cloud Storage,Backup bucket
Production-Secondary,app-0466740,AZURE,2026-04,906.2,0.0,0,534.49,App Service,Web app P1v3
Edge-Network,s3-0a66300,AWS,2026-04,0.0,10610.9,105849,239.01,S3,Backup storage bucket
Production-Secondary,r53-0a8a968,AWS,2026-04,0.0,0.0,8788061,12.76,Route 53,Health checks
Production-Secondary,fs-0c72951,GCP,2026-04,793.1,22.4,56773360,555.53,Firestore,Session store
ML-Training,lam-0373133,AWS,2026-04,0.0,0.0,9819037,66.36,Lambda,Notification dispatcher
Data-Science,ses-04ff620,AWS,2026-04,0.0,0.0,315136,0.35,SES,Marketing email
Shared-Services,ado-0fb4902,AZURE,2026-04,0.0,87.7,0,21.67,Azure DevOps,Artifacts storage
Data-Science,rs-0410704,AWS,2026-04,574.0,1658.8,0,2860.62,Redshift,Data warehouse cluster
DevOps-Central,redis-04b6472,AZURE,2026-04,684.1,0.0,0,814.16,Azure Cache for Redis,Premium P1 cache
Finance-Systems,eks-08fb841,AWS,2026-04,965.7,0.0,0,2864.71,EKS,Production K8s cluster
Production-Secondary,i-10c1954,AWS,2026-04,908.4,0.0,0,784.93,EC2,t3.large application server
Compliance-Audit,s3-05e1422,AWS,2026-04,0.0,13014.3,2547064,436.23,S3,Data lake raw zone
Customer-Portal,i-0913746,AWS,2026-04,564.5,0.0,0,38.67,EC2,t3.micro bastion host
Customer-Portal,bq-0e0f473,GCP,2026-04,0.0,898.8,0,345.51,BigQuery,Data export queries
Production-Secondary,elb-0082886,AWS,2026-04,709.9,0.0,10330466,144.94,ELB,Classic load balancer
Staging-Env,gcs-046f674,GCP,2026-04,0.0,10472.6,3542920,300.23,Cloud Storage,Data lake bucket
Customer-Portal,ses-0dde104,AWS,2026-04,0.0,0.0,537612,0.65,SES,Marketing email
Production-Main,eh-0b35787,AZURE,2026-04,0.0,583.5,0,145.23,Event Hubs,Capture to storage
Security-Ops,vm-1185620,AZURE,2026-04,513.8,0.0,0,1908.65,Virtual Machines,E8s v3 memory-optimized
Staging-Env,bq-09f5742,GCP,2026-04,0.0,1743.9,0,663.19,BigQuery,BI reporting views
Production-Main,i-0c92467,AWS,2026-04,587.5,0.0,0,1940.85,EC2,m5.2xlarge batch processor
IoT-Platform,cr-086e266,GCP,2026-04,425.8,0.0,3737763,364.84,Cloud Run,Webhook handler
Data-Science,vai-0128802,GCP,2026-04,328.6,0.0,0,1605.93,Vertex AI,Training pipelines
DevOps-Central,r53-00d2330,AWS,2026-04,0.0,0.0,6813521,10.15,Route 53,Health checks
Shared-Services,r53-0558765,AWS,2026-04,0.0,0.0,64387886,95.3,Route 53,DNS hosting
QA-Testing,elb-03e8828,AWS,2026-04,508.7,0.0,7207068,101.86,ELB,Classic load balancer
ML-Training,ebs-0ba3526,AWS,2026-04,0.0,4192.5,0,183.7,EBS,st1 volumes archive
Compliance-Audit,s3-06e9419,AWS,2026-04,0.0,2881.3,16085996,676.05,S3,Production asset storage
Customer-Portal,ca-0278283,GCP,2026-04,0.0,0.0,116572446,422.6,Cloud Armor,WAF policies
Partner-Integration,eh-03b1952,AZURE,2026-04,539.6,0.0,23240605,241.6,Event Hubs,Standard throughput units
Analytics-Platform,kv-0e9a441,AZURE,2026-04,0.0,0.0,1271339,3.66,Key Vault,Secrets management
Customer-Portal,gcs-0b71914,GCP,2026-04,0.0,18853.5,45707,178.1,Cloud Storage,Archive bucket
DR-Recovery,sqldb-0cf9280,AZURE,2026-04,901.6,646.7,0,3748.45,SQL Database,Premium P1 analytics
Production-Secondary,r53-0f0d232,AWS,2026-04,0.0,0.0,8647790,13.12,Route 53,Health checks
Internal-Tools,gke-0e78642,GCP,2026-04,605.6,0.0,0,1742.92,GKE,Batch processing cluster
Edge-Network,gke-0b84982,GCP,2026-04,1843.6,0.0,0,3655.86,GKE,ML training cluster
Production-Secondary,sqldb-1181399,AZURE,2026-04,360.0,127.3,0,601.14,SQL Database,Standard S3 production
Customer-Portal,bq-0270967,GCP,2026-04,0.0,981.3,0,383.94,BigQuery,Data export queries
Production-Secondary,ec-0079721,AWS,2026-04,829.1,0.0,0,287.74,ElastiCache,Redis staging cluster
Edge-Network,sns-048c776,AWS,2026-04,0.0,0.0,10856160,5.25,SNS,Alert notifications
Production-Main,r53-0470454,AWS,2026-04,0.0,0.0,10874670,16.43,Route 53,Health checks
Marketing-Platform,ps-0ef1751,GCP,2026-04,0.0,0.0,16039570,199.21,Pub/Sub,Data pipeline
Customer-Portal,app-0d4f996,AZURE,2026-04,681.3,0.0,0,807.04,App Service,API app P2v3
Production-Main,vm-088a832,AZURE,2026-04,683.9,0.0,0,2498.95,Virtual Machines,E8s v3 memory-optimized
Edge-Network,vpn-0800570,AWS,2026-04,521.8,0.0,0,127.5,VPN Gateway,Client VPN endpoint
Staging-Env,fs-0546802,GCP,2026-04,939.3,69.5,38908260,535.56,Firestore,User profiles DB
Compliance-Audit,kin-0bc3292,AWS,2026-04,575.4,0.0,23980553,357.1,Kinesis,Data stream ingestion
Internal-Tools,gke-0f18163,GCP,2026-04,705.0,0.0,0,2047.93,GKE,Production API cluster
Analytics-Platform,gke-0af9529,GCP,2026-04,4319.7,0.0,0,8420.63,GKE,GPU node pool
Marketing-Platform,gke-090f342,GCP,2026-04,3495.8,0.0,0,6934.09,GKE,GPU node pool
Production-Main,cmon-0931564,GCP,2026-04,0.0,0.0,21617019,167.82,Cloud Monitoring,Metrics and alerting
Marketing-Platform,ddb-0a45101,AWS,2026-04,438.9,31.2,48681970,332.3,DynamoDB,Session store table
Data-Science,i-0465430,AWS,2026-04,543.5,0.0,0,467.28,EC2,m5.large monitoring server
Finance-Systems,s3-0241654,AWS,2026-04,0.0,5493.7,8405818,379.74,S3,Media content bucket
Data-Science,ses-0692725,AWS,2026-04,0.0,0.0,2081638,2.51,SES,Transactional email
Security-Ops,sqldb-015d279,AZURE,2026-04,810.7,55.9,0,158.17,SQL Database,Basic dev database
QA-Testing,lam-0888169,AWS,2026-04,0.0,0.0,3959046,27.48,Lambda,Image resizer
DevOps-Central,sb-1051676,AZURE,2026-04,652.1,0.0,9134709,480.64,Service Bus,Premium messaging
Finance-Systems,elb-1128805,AWS,2026-04,764.4,0.0,53191699,326.13,ELB,Network load balancer
Internal-Tools,ddb-02b0773,AWS,2026-04,825.4,57.8,87773065,599.75,DynamoDB,Session store table
IoT-Platform,cr-0b18689,GCP,2026-04,393.9,0.0,1598512,486.77,Cloud Run,ETL pipeline service
Customer-Portal,vm-0832652,AZURE,2026-04,779.4,0.0,0,237.94,Virtual Machines,B2s development VM
Security-Ops,cr-0175685,GCP,2026-04,289.9,0.0,1194745,248.72,Cloud Run,Image processor
ML-Training,rs-1144262,AWS,2026-04,0.0,0.0,4032297,192.22,Redshift,Spectrum queries
Finance-Systems,blob-0ec5692,AZURE,2026-04,0.0,2119.3,5030832,318.97,Blob Storage,Media content
IoT-Platform,gcs-0b0f310,GCP,2026-04,0.0,10214.6,3324986,294.08,Cloud Storage,Data lake bucket
Compliance-Audit,rds-0ac6147,AWS,2026-04,484.6,338.8,0,1207.68,RDS,db.r5.xlarge PostgreSQL primary
Production-Main,vm-0639386,AZURE,2026-04,959.2,0.0,0,1346.76,Virtual Machines,F4s v2 compute node
Finance-Systems,csql-077d497,GCP,2026-04,593.9,168.6,0,681.47,Cloud SQL,PostgreSQL replica
IoT-Platform,gke-0763978,GCP,2026-04,479.9,0.0,0,1378.07,GKE,Batch processing cluster
IoT-Platform,bq-04e5220,GCP,2026-04,0.0,2933.4,0,1124.44,BigQuery,BI reporting views
Production-Secondary,ps-096f870,GCP,2026-04,0.0,0.0,13165236,156.58,Pub/Sub,Data pipeline
Marketing-Platform,ec-01d6411,AWS,2026-04,685.4,0.0,0,476.27,ElastiCache,Redis production cluster
Compliance-Audit,rds-05e8100,AWS,2026-04,975.1,273.5,0,842.24,RDS,db.t3.large development DB
QA-Testing,lam-093f853,AWS,2026-04,0.0,0.0,30413123,214.75,Lambda,API gateway handler
Production-Secondary,vai-0599285,GCP,2026-04,227.7,0.0,0,1100.67,Vertex AI,AutoML jobs
Finance-Systems,s3-0ad4697,AWS,2026-04,0.0,9220.8,557740,217.43,S3,Log archive bucket
Mobile-Backend,vm-1113710,AZURE,2026-04,649.8,0.0,0,902.06,Virtual Machines,F4s v2 compute node
Production-Secondary,sqldb-112c524,AZURE,2026-04,447.3,166.0,0,750.79,SQL Database,Standard S3 production
Mobile-Backend,vm-0345320,AZURE,2026-04,721.5,0.0,0,426.2,Virtual Machines,D2s v3 utility server
IoT-Platform,cr-080a213,GCP,2026-04,472.1,0.0,2010429,605.53,Cloud Run,ETL pipeline service
Compliance-Audit,rs-0b4f885,AWS,2026-04,0.0,0.0,4263223,217.53,Redshift,Spectrum queries
Analytics-Platform,vai-060a544,GCP,2026-04,180.3,0.0,0,924.01,Vertex AI,AutoML jobs
Compliance-Audit,ses-0b60255,AWS,2026-04,0.0,0.0,1568672,1.76,SES,Transactional email
ML-Training,rds-0f5e458,AWS,2026-04,500.8,567.7,0,1155.45,RDS,db.m5.xlarge analytics DB
DevOps-Central,blob-0817476,AZURE,2026-04,0.0,7765.7,2785708,399.8,Blob Storage,Data lake storage
Finance-Systems,cosmos-0aff500,AZURE,2026-04,544.2,158.3,30826513,1188.47,Cosmos DB,User data store
Data-Science,gcf-0115177,GCP,2026-04,0.0,0.0,19018718,275.44,Cloud Functions,Pub/Sub processors
Marketing-Platform,sm-0bf6746,AWS,2026-04,0.0,0.0,1021453,3.84,Secrets Manager,Application secrets
IoT-Platform,gke-0c09866,GCP,2026-04,353.8,0.0,0,1019.6,GKE,Batch processing cluster
Analytics-Platform,vai-09f9353,GCP,2026-04,185.7,0.0,0,915.41,Vertex AI,AutoML jobs
Security-Ops,cdns-0c4d441,GCP,2026-04,0.0,0.0,20969480,30.81,Cloud DNS,DNS zones
Customer-Portal,elb-078d589,AWS,2026-04,645.3,0.0,27513100,194.23,ELB,Application load balancer
QA-Testing,lam-0ca7303,AWS,2026-04,0.0,0.0,4476175,30.29,Lambda,Image resizer
DevOps-Central,appi-0b7d877,AZURE,2026-04,0.0,0.0,15000309,188.62,Application Insights,Custom metrics
DevOps-Central,appi-1005985,AZURE,2026-04,0.0,0.0,62158717,751.58,Application Insights,APM telemetry
Internal-Tools,gcs-02dd272,GCP,2026-04,0.0,1957.8,945860,297.83,Cloud Storage,Model artifacts
Edge-Network,vpn-08cb273,AWS,2026-04,511.5,0.0,0,124.18,VPN Gateway,Client VPN endpoint
ML-Training,i-088d971,AWS,2026-04,689.8,0.0,0,2341.61,EC2,r5.2xlarge database server
Edge-Network,vai-10c7891,GCP,2026-04,589.0,0.0,6425595,1207.64,Vertex AI,Model serving endpoints
Customer-Portal,vpn-098e105,AWS,2026-04,1016.0,0.0,0,250.4,VPN Gateway,Client VPN endpoint
Data-Science,gcs-0113379,GCP,2026-04,0.0,502.0,7748668,87.02,Cloud Storage,Temp processing bucket
Data-Science,gcf-07e4298,GCP,2026-04,0.0,0.0,9333091,136.59,Cloud Functions,Auth handlers
Shared-Services,cosmos-0b23168,AZURE,2026-04,594.5,82.4,19880137,762.97,Cosmos DB,Event store
Compliance-Audit,elb-0e88274,AWS,2026-04,531.1,0.0,36817295,227.46,ELB,Network load balancer
DR-Recovery,cosmos-08fe192,AZURE,2026-04,771.4,217.2,42697331,1667.15,Cosmos DB,User data store
Data-Science,i-10b4120,AWS,2026-04,425.0,0.0,0,1380.94,EC2,m5.2xlarge batch processor
Shared-Services,s3-019d844,AWS,2026-04,0.0,15198.4,2996574,491.25,S3,Data lake raw zone
Staging-Env,ps-1034885,GCP,2026-04,0.0,0.0,12970274,159.28,Pub/Sub,Data pipeline
Partner-Integration,ddb-1080701,AWS,2026-04,1021.0,146.3,217542065,1551.66,DynamoDB,Cache table
Compliance-Audit,vpn-0dcf521,AWS,2026-04,596.7,0.0,0,144.57,VPN Gateway,Client VPN endpoint
Partner-Integration,rds-0a86894,AWS,2026-04,906.5,650.5,0,1787.51,RDS,db.r5.large PostgreSQL replica
Staging-Env,bq-0438561,GCP,2026-04,0.0,1687.4,0,647.72,BigQuery,BI reporting views
Data-Science,csql-011b368,GCP,2026-04,814.5,223.8,0,1223.86,Cloud SQL,PostgreSQL primary
IoT-Platform,cr-0351276,GCP,2026-04,254.6,0.0,1037275,217.77,Cloud Run,Image processor
QA-Testing,elb-06d7691,AWS,2026-04,743.9,0.0,30999886,219.02,ELB,Application load balancer
Production-Main,clog-0050175,GCP,2026-04,0.0,253.3,0,61.54,Cloud Logging,Audit logs
Partner-Integration,vai-1112432,GCP,2026-04,533.6,0.0,0,2631.73,Vertex AI,Training pipelines
Analytics-Platform,mem-00bb357,GCP,2026-04,285.2,0.0,0,202.09,Memorystore,Redis staging cache
Production-Secondary,i-007e938,AWS,2026-04,617.3,0.0,0,2062.03,EC2,r5.2xlarge database server
ML-Training,ebs-0eb6707,AWS,2026-04,0.0,630.8,0,77.38,EBS,gp3 volumes production
Shared-Services,cosmos-0921628,AZURE,2026-04,468.6,65.1,16319115,578.71,Cosmos DB,Event store
Finance-Systems,csql-05a8505,GCP,2026-04,582.4,163.6,0,897.15,Cloud SQL,PostgreSQL primary
Production-Main,cdns-0891333,GCP,2026-04,0.0,0.0,15112047,21.88,Cloud DNS,DNS zones
DR-Recovery,cosmos-0ee2607,AZURE,2026-04,818.4,239.6,46531861,1794.47,Cosmos DB,User data store
Data-Science,blob-07d6144,AZURE,2026-04,0.0,9956.8,99834,283.14,Blob Storage,Backup storage
Partner-Integration,rs-03c7685,AWS,2026-04,712.1,2064.8,0,3528.47,Redshift,Data warehouse cluster
Partner-Integration,azmon-0695468,AZURE,2026-04,0.0,266.7,35302136,363.99,Azure Monitor,Logs and metrics
Shared-Services,rds-0f49206,AWS,2026-04,560.4,393.4,0,1082.79,RDS,db.r5.large PostgreSQL replica
Analytics-Platform,bq-07cd619,GCP,2026-04,0.0,17786.2,0,6873.24,BigQuery,ML training datasets
DevOps-Central,appi-09ca610,AZURE,2026-04,0.0,0.0,53646442,657.58,Application Insights,APM telemetry
Data-Science,aks-014f990,AZURE,2026-04,447.7,0.0,0,1978.84,AKS,Production K8s cluster
Data-Science,aks-102c324,AZURE,2026-04,244.6,0.0,0,366.43,AKS,Dev K8s cluster
Production-Main,kin-001a241,AWS,2026-04,602.8,0.0,16677399,241.94,Kinesis,Firehose delivery
Production-Main,s3-0017758,AWS,2026-04,0.0,13248.0,2685376,458.41,S3,Data lake raw zone
Internal-Tools,ec-0706217,AWS,2026-04,505.3,0.0,0,352.08,ElastiCache,Redis production cluster
Compliance-Audit,vpn-0388274,AWS,2026-04,460.2,0.0,0,225.78,VPN Gateway,Site-to-site VPN
Partner-Integration,gke-06ef417,GCP,2026-04,570.5,0.0,0,1736.51,GKE,Production API cluster
DevOps-Central,vm-0fd0689,AZURE,2026-04,641.9,0.0,0,194.19,Virtual Machines,B2s development VM
Production-Main,kv-0a38604,AZURE,2026-04,0.0,0.0,2420222,7.07,Key Vault,Secrets management
Compliance-Audit,rds-10d0202,AWS,2026-04,485.9,351.9,0,1266.23,RDS,db.r5.xlarge PostgreSQL primary
Analytics-Platform,cr-090d817,GCP,2026-04,452.2,0.0,1829601,565.79,Cloud Run,ETL pipeline service
Internal-Tools,redis-044a879,AZURE,2026-04,564.4,0.0,0,283.11,Azure Cache for Redis,Standard C2 cache
IoT-Platform,bq-067b487,GCP,2026-04,0.0,3330.2,0,1291.42,BigQuery,BI reporting views
Finance-Systems,sb-0ea2541,AZURE,2026-04,0.0,0.0,24496746,60.74,Service Bus,Standard messaging
Data-Science,bq-011f575,GCP,2026-04,0.0,1577.7,0,612.92,BigQuery,Data export queries
Production-Secondary,ps-009c434,GCP,2026-04,0.0,0.0,11349305,142.08,Pub/Sub,Data pipeline
Internal-Tools,aks-09b3389,AZURE,2026-04,1551.3,0.0,0,2248.81,AKS,Staging K8s cluster
Internal-Tools,s3-07a6794,AWS,2026-04,0.0,3692.1,5788265,259.82,S3,Media content bucket
Customer-Portal,azmon-0faa173,AZURE,2026-04,0.0,207.8,27131175,276.38,Azure Monitor,Logs and metrics
Data-Science,i-0cfd292,AWS,2026-04,755.2,0.0,0,665.21,EC2,t3.large application server
Marketing-Platform,ps-0bf5968,GCP,2026-04,0.0,0.0,43275140,518.03,Pub/Sub,Log forwarding
Production-Secondary,sqldb-006d367,AZURE,2026-04,507.7,35.3,0,104.56,SQL Database,Basic dev database
Production-Main,cmon-0871829,GCP,2026-04,0.0,0.0,25149853,195.25,Cloud Monitoring,Metrics and alerting
Edge-Network,s3-0719478,AWS,2026-04,0.0,46.8,22293182,142.45,S3,Static website hosting
Shared-Services,eh-01b3861,AZURE,2026-04,836.9,0.0,35562432,389.4,Event Hubs,Standard throughput units
Analytics-Platform,csql-0e94250,GCP,2026-04,579.2,167.2,0,707.29,Cloud SQL,PostgreSQL replica
Edge-Network,sns-04ef293,AWS,2026-04,0.0,0.0,10021814,5.03,SNS,Alert notifications
ML-Training,kin-1087550,AWS,2026-04,736.4,0.0,30138744,429.06,Kinesis,Data stream ingestion
Data-Science,ddb-0144483,AWS,2026-04,749.0,52.5,86331804,589.93,DynamoDB,Session store table
QA-Testing,lam-09f6339,AWS,2026-04,0.0,0.0,4390192,30.43,Lambda,Image resizer
Analytics-Platform,fs-0559899,GCP,2026-04,926.0,26.7,67353094,685.58,Firestore,Session store
Data-Science,mem-0e29480,GCP,2026-04,283.0,0.0,0,205.98,Memorystore,Redis staging cache
Internal-Tools,elb-0947447,AWS,2026-04,904.0,0.0,12184095,181.06,ELB,Classic load balancer
Finance-Systems,gcf-0236582,GCP,2026-04,0.0,0.0,8438205,123.4,Cloud Functions,Auth handlers
Customer-Portal,sqldb-0262859,AZURE,2026-04,881.5,315.0,0,1459.56,SQL Database,Standard S3 production
Shared-Services,gcs-04f9594,GCP,2026-04,0.0,3357.6,3293785,237.14,Cloud Storage,Media assets bucket
Customer-Portal,ses-06a2688,AWS,2026-04,0.0,0.0,507561,0.61,SES,Marketing email
Production-Secondary,s3-0077408,AWS,2026-04,0.0,5268.4,8118915,361.91,S3,Media content bucket
Internal-Tools,s3-02bc563,AWS,2026-04,0.0,3385.5,1637778,117.23,S3,Analytics export bucket
Finance-Systems,aks-0215831,AZURE,2026-04,1169.3,0.0,0,1675.61,AKS,Staging K8s cluster
Shared-Services,vai-0a1b338,GCP,2026-04,241.9,0.0,0,1197.18,Vertex AI,AutoML jobs
Analytics-Platform,ado-0ed0672,AZURE,2026-04,0.0,98.6,0,23.39,Azure DevOps,Artifacts storage
Production-Secondary,csql-0b38645,GCP,2026-04,544.9,156.7,0,850.57,Cloud SQL,PostgreSQL primary
QA-Testing,lam-0bd8325,AWS,2026-04,0.0,0.0,32884614,212.53,Lambda,API gateway handler
Edge-Network,fs-104b516,GCP,2026-04,500.8,14.2,35847522,349.42,Firestore,Session store
Finance-Systems,gcs-0e36381,GCP,2026-04,0.0,362.3,5686975,64.57,Cloud Storage,Temp processing bucket
Internal-Tools,s3-0827332,AWS,2026-04,0.0,39.8,18773213,122.06,S3,Static website hosting
DR-Recovery,appi-0da9194,AZURE,2026-04,0.0,0.0,20496119,240.38,Application Insights,Custom metrics
Edge-Network,s3-031b847,AWS,2026-04,0.0,55.3,26982904,168.83,S3,Static website hosting
Mobile-Backend,ebs-04fd975,AWS,2026-04,0.0,3723.0,0,160.6,EBS,st1 volumes archive
Security-Ops,csp-016b743,GCP,2026-04,858.3,125.9,62750371,5224.66,Cloud Spanner,Global transaction DB
IoT-Platform,bq-0fc4346,GCP,2026-04,0.0,2348.1,0,874.56,BigQuery,BI reporting views
QA-Testing,lam-03e0492,AWS,2026-04,0.0,0.0,14409815,97.21,Lambda,Event processor
Production-Main,aks-0bc0816,AZURE,2026-04,1196.2,0.0,0,1729.05,AKS,Staging K8s cluster
Mobile-Backend,fd-06fe344,AZURE,2026-04,0.0,0.0,39599391,279.48,Front Door,Global load balancer
Customer-Portal,cosmos-04b5613,AZURE,2026-04,605.8,42.7,12540455,405.87,Cosmos DB,Config store
Finance-Systems,elb-098a560,AWS,2026-04,697.2,0.0,28260843,196.78,ELB,Application load balancer
DevOps-Central,ec-00cb370,AWS,2026-04,739.5,0.0,0,530.63,ElastiCache,Redis production cluster
Security-Ops,lam-0179437,AWS,2026-04,0.0,0.0,25650821,170.71,Lambda,Data transformer
ML-Training,lam-117f789,AWS,2026-04,0.0,0.0,12658667,86.24,Lambda,Notification dispatcher
Edge-Network,vpn-0a60326,AWS,2026-04,494.5,0.0,0,242.38,VPN Gateway,Site-to-site VPN
Marketing-Platform,ec-0bd0408,AWS,2026-04,634.8,0.0,0,454.88,ElastiCache,Redis production cluster
Production-Secondary,df-0523907,GCP,2026-04,735.3,0.0,0,1694.98,Dataflow,Streaming pipeline
Marketing-Platform,csp-01fa503,GCP,2026-04,919.4,126.6,64179959,5387.86,Cloud Spanner,Global transaction DB
Production-Main,lam-10c9218,AWS,2026-04,0.0,0.0,4151289,28.42,Lambda,Notification dispatcher
Edge-Network,ps-06fd572,GCP,2026-04,0.0,0.0,35760768,444.93,Pub/Sub,Log forwarding
Internal-Tools,ec-0992806,AWS,2026-04,438.5,0.0,0,308.23,ElastiCache,Redis production cluster
Production-Main,i-0bac739,AWS,2026-04,334.0,0.0,0,922.65,EC2,c5.2xlarge HPC node
Edge-Network,csql-106f438,GCP,2026-04,670.4,188.3,0,796.5,Cloud SQL,PostgreSQL replica
IoT-Platform,cdns-0808182,GCP,2026-04,0.0,0.0,14534850,20.68,Cloud DNS,DNS zones
Partner-Integration,elb-0700448,AWS,2026-04,442.8,0.0,18236945,129.31,ELB,Application load balancer
Shared-Services,s3-019c253,AWS,2026-04,0.0,1944.6,11137443,472.07,S3,Production asset storage
Customer-Portal,ps-0982535,GCP,2026-04,0.0,0.0,7422339,93.17,Pub/Sub,Data pipeline
Finance-Systems,sb-0abe213,AZURE,2026-04,0.0,0.0,23240545,58.98,Service Bus,Standard messaging
Shared-Services,vm-01ba554,AZURE,2026-04,363.3,0.0,0,3216.38,Virtual Machines,NC6s v3 GPU VM
Production-Secondary,app-0909121,AZURE,2026-04,1132.1,0.0,0,654.35,App Service,Web app P1v3
Finance-Systems,s3-0dbf295,AWS,2026-04,0.0,4713.3,7369115,322.84,S3,Media content bucket
Internal-Tools,ec-08ee362,AWS,2026-04,456.0,0.0,0,335.54,ElastiCache,Redis production cluster
Security-Ops,bq-0167622,GCP,2026-04,0.0,1452.4,0,551.67,BigQuery,BI reporting views
ML-Training,lam-089f792,AWS,2026-04,0.0,0.0,41864302,286.76,Lambda,API gateway handler
Analytics-Platform,ado-00c6175,AZURE,2026-04,419.8,0.0,0,209.7,Azure DevOps,Pipelines hosted
Edge-Network,csql-093b762,GCP,2026-04,707.5,200.9,0,822.91,Cloud SQL,PostgreSQL replica
Finance-Systems,blob-0ae8718,AZURE,2026-04,0.0,6809.6,64781,193.22,Blob Storage,Backup storage
Edge-Network,rds-0f71882,AWS,2026-04,471.2,333.3,0,1192.08,RDS,db.r5.xlarge PostgreSQL primary
Security-Ops,vm-015e672,AZURE,2026-04,563.6,0.0,0,330.35,Virtual Machines,D2s v3 utility server
Production-Secondary,mem-0095546,GCP,2026-04,538.9,0.0,0,384.97,Memorystore,Redis production cache
Data-Science,gke-0e32687,GCP,2026-04,3451.3,0.0,0,6821.74,GKE,GPU node pool
Security-Ops,bq-0c2f971,GCP,2026-04,0.0,1465.6,0,556.41,BigQuery,BI reporting views
Data-Science,gcf-09ab546,GCP,2026-04,0.0,0.0,8508987,125.45,Cloud Functions,Auth handlers
Internal-Tools,gcs-0489208,GCP,2026-04,0.0,383.3,5789194,66.24,Cloud Storage,Temp processing bucket
Data-Science,fd-078a255,AZURE,2026-04,0.0,0.0,32632428,243.98,Front Door,Global load balancer
Partner-Integration,gcs-1007922,GCP,2026-04,0.0,2257.1,1083867,323.93,Cloud Storage,Model artifacts
Internal-Tools,elb-02b9187,AWS,2026-04,868.0,0.0,58834745,375.81,ELB,Network load balancer
Customer-Portal,cosmos-0835427,AZURE,2026-04,800.8,55.0,16141153,522.49,Cosmos DB,Config store
Production-Secondary,blob-0fbd152,AZURE,2026-04,0.0,13628.4,34136,102.04,Blob Storage,Archive tier
Customer-Portal,blob-0839846,AZURE,2026-04,0.0,5533.6,0,532.85,Blob Storage,Security audit logs
Production-Main,aks-0aa2773,AZURE,2026-04,534.5,0.0,0,2375.83,AKS,Production K8s cluster
Internal-Tools,cr-046e870,GCP,2026-04,258.6,0.0,1049945,221.99,Cloud Run,Image processor
Partner-Integration,vai-0cf6544,GCP,2026-04,212.0,0.0,0,1047.74,Vertex AI,AutoML jobs
Production-Main,aks-0eb0801,AZURE,2026-04,422.1,0.0,0,647.71,AKS,Dev K8s cluster
Marketing-Platform,sm-0b6e297,AWS,2026-04,0.0,0.0,779647,3.08,Secrets Manager,Application secrets
Production-Secondary,elb-0937293,AWS,2026-04,651.6,0.0,27259130,195.26,ELB,Application load balancer
Customer-Portal,ado-0910502,AZURE,2026-04,0.0,97.8,0,23.14,Azure DevOps,Artifacts storage
Shared-Services,ado-07b2307,AZURE,2026-04,447.7,0.0,0,220.6,Azure DevOps,Pipelines hosted
Production-Main,cosmos-0ceb324,AZURE,2026-04,867.8,245.5,46015350,1883.49,Cosmos DB,User data store
Shared-Services,rds-0c77272,AWS,2026-04,525.0,147.3,0,468.82,RDS,db.t3.large development DB
Compliance-Audit,vpn-0689714,AWS,2026-04,402.4,0.0,0,203.18,VPN Gateway,Site-to-site VPN
DR-Recovery,appi-1178561,AZURE,2026-04,0.0,0.0,15287407,186.57,Application Insights,Custom metrics
Internal-Tools,blob-0298842,AZURE,2026-04,0.0,3389.9,9245744,430.14,Blob Storage,Build artifacts
Analytics-Platform,kv-09a4625,AZURE,2026-04,0.0,0.0,511700,1.46,Key Vault,Certificate store
Production-Secondary,redis-1191966,AZURE,2026-04,908.8,0.0,0,452.66,Azure Cache for Redis,Standard C2 cache
Compliance-Audit,i-042e877,AWS,2026-04,547.9,0.0,0,934.87,EC2,r5.xlarge cache server
Production-Secondary,sentinel-0a95436,AZURE,2026-04,0.0,0.0,64489971,1542.19,Microsoft Sentinel,SIEM detection
Shared-Services,nat-04f3423,AWS,2026-04,611.8,0.0,0,263.32,NAT Gateway,Production VPC NAT
IoT-Platform,cr-0352291,GCP,2026-04,628.3,0.0,12582033,916.92,Cloud Run,API gateway service
Finance-Systems,rds-0766891,AWS,2026-04,552.0,768.4,0,2405.38,RDS,db.r5.2xlarge Aurora cluster
Production-Main,cf-0003320,AWS,2026-04,0.0,0.0,96822687,468.07,CloudFront,CDN media distribution
Customer-Portal,mem-0970602,GCP,2026-04,301.9,0.0,0,217.32,Memorystore,Redis staging cache
Production-Secondary,acr-0834611,AZURE,2026-04,0.0,195.2,391719,127.59,Container Registry,Docker image registry
Production-Secondary,blob-1149645,AZURE,2026-04,0.0,2340.7,5828651,365.8,Blob Storage,Media content
Customer-Portal,i-0bd7434,AWS,2026-04,567.9,0.0,0,39.79,EC2,t3.micro bastion host
DevOps-Central,blob-0fb6133,AZURE,2026-04,0.0,4526.0,0,432.19,Blob Storage,Security audit logs
Analytics-Platform,gcs-0561333,GCP,2026-04,0.0,8503.1,209351,187.64,Cloud Storage,Backup bucket
Marketing-Platform,lam-063a502,AWS,2026-04,0.0,0.0,17273454,120.33,Lambda,Data transformer
Shared-Services,func-106b269,AZURE,2026-04,0.0,0.0,7992272,117.97,Azure Functions,API handlers
Mobile-Backend,kin-056c185,AWS,2026-04,618.4,0.0,26928319,375.21,Kinesis,Data stream ingestion
Production-Main,i-04f1220,AWS,2026-04,604.6,0.0,0,2006.82,EC2,m5.2xlarge batch processor
DevOps-Central,vm-0a85632,AZURE,2026-04,575.9,0.0,0,5252.08,Virtual Machines,NC6s v3 GPU VM
Mobile-Backend,fd-0587882,AZURE,2026-04,0.0,0.0,36780901,272.48,Front Door,Global load balancer
Production-Secondary,sqldb-0dda483,AZURE,2026-04,403.3,141.6,0,658.87,SQL Database,Standard S3 production
Shared-Services,fd-01b4291,AZURE,2026-04,0.0,0.0,49983167,372.98,Front Door,Global load balancer
Security-Ops,gke-1088434,GCP,2026-04,2531.8,0.0,0,4923.52,GKE,ML training cluster
Security-Ops,vpn-0d67108,AWS,2026-04,573.5,0.0,0,140.01,VPN Gateway,Client VPN endpoint
Staging-Env,gcs-0107576,GCP,2026-04,0.0,3648.0,3603687,250.15,Cloud Storage,Media assets bucket
Analytics-Platform,fs-05fa889,GCP,2026-04,963.9,27.1,65962149,683.12,Firestore,Session store
Internal-Tools,sentinel-02a1505,AZURE,2026-04,0.0,0.0,31269635,761.0,Microsoft Sentinel,Log analytics
Edge-Network,s3-0ea4486,AWS,2026-04,0.0,13372.0,127974,291.17,S3,Backup storage bucket
Security-Ops,df-0f86836,GCP,2026-04,308.1,0.0,0,762.73,Dataflow,Batch pipeline
Analytics-Platform,gcs-0d7e884,GCP,2026-04,0.0,1826.6,1758696,125.25,Cloud Storage,Media assets bucket
Production-Secondary,kv-0065440,AZURE,2026-04,0.0,0.0,2187817,6.49,Key Vault,Secrets management
Security-Ops,bq-0e89270,GCP,2026-04,0.0,9139.7,0,3499.45,BigQuery,ML training datasets
DR-Recovery,cosmos-0867713,AZURE,2026-04,806.6,241.1,46297388,1822.37,Cosmos DB,User data store
Shared-Services,vm-05d6199,AZURE,2026-04,394.0,0.0,0,3658.64,Virtual Machines,NC6s v3 GPU VM
Internal-Tools,aks-0296711,AZURE,2026-04,683.8,0.0,0,3081.23,AKS,Production K8s cluster
Internal-Tools,ebs-05fb936,AWS,2026-04,0.0,1243.8,0,146.26,EBS,gp3 volumes production
Production-Secondary,acr-1133427,AZURE,2026-04,0.0,194.1,381171,123.56,Container Registry,Docker image registry
Production-Secondary,blob-087f580,AZURE,2026-04,0.0,6437.8,2429199,333.29,Blob Storage,Data lake storage
Compliance-Audit,s3-0b6b490,AWS,2026-04,0.0,3706.4,1776299,132.8,S3,Analytics export bucket
Data-Science,gcs-0645888,GCP,2026-04,0.0,9260.9,221203,202.19,Cloud Storage,Backup bucket
Edge-Network,s3-06ff262,AWS,2026-04,0.0,906.6,1807763,77.49,S3,Artifact storage
Finance-Systems,gcs-022e492,GCP,2026-04,0.0,9632.8,3274925,282.45,Cloud Storage,Data lake bucket
Shared-Services,kv-0957987,AZURE,2026-04,0.0,0.0,397348,1.21,Key Vault,Certificate store
Finance-Systems,s3-0a14417,AWS,2026-04,0.0,6171.8,61848,139.35,S3,Backup storage bucket
Customer-Portal,mem-0ef3274,GCP,2026-04,336.4,0.0,0,228.31,Memorystore,Redis staging cache
Production-Main,vm-0b41296,AZURE,2026-04,412.2,0.0,0,3796.96,Virtual Machines,NC6s v3 GPU VM
Compliance-Audit,ecs-0387740,AWS,2026-04,413.6,0.0,0,738.46,ECS,Fargate worker cluster
QA-Testing,lam-10dd814,AWS,2026-04,0.0,0.0,2816881,19.35,Lambda,Webhook processor
Marketing-Platform,ddb-0bfd934,AWS,2026-04,588.5,41.8,65965528,446.9,DynamoDB,Session store table
Partner-Integration,redis-06f8389,AZURE,2026-04,745.7,0.0,0,898.07,Azure Cache for Redis,Premium P1 cache
Shared-Services,rds-04e1616,AWS,2026-04,580.9,172.3,0,527.22,RDS,db.t3.large development DB
Mobile-Backend,ebs-10e8663,AWS,2026-04,0.0,2614.6,0,114.77,EBS,st1 volumes archive
Production-Main,cmon-0427100,GCP,2026-04,0.0,0.0,21999798,167.14,Cloud Monitoring,Metrics and alerting
Marketing-Platform,cdns-0d26589,GCP,2026-04,0.0,0.0,13955029,20.23,Cloud DNS,DNS zones
DR-Recovery,sqldb-0803479,AZURE,2026-04,940.8,650.4,0,3620.71,SQL Database,Premium P1 analytics
Production-Main,ecs-0bb3908,AWS,2026-04,339.5,0.0,0,591.53,ECS,Fargate worker cluster
Internal-Tools,ses-02a7914,AWS,2026-04,0.0,0.0,584308,0.67,SES,Marketing email
Production-Secondary,acr-07ad940,AZURE,2026-04,0.0,230.6,433364,145.87,Container Registry,Docker image registry
Compliance-Audit,s3-038f677,AWS,2026-04,0.0,3621.3,1768780,127.16,S3,Analytics export bucket
Customer-Portal,i-028f489,AWS,2026-04,723.1,0.0,0,617.74,EC2,t3.large application server
IoT-Platform,fs-034f225,GCP,2026-04,825.1,22.9,57470070,590.88,Firestore,Session store
Analytics-Platform,eh-0806403,AZURE,2026-04,577.6,0.0,22979441,253.32,Event Hubs,Standard throughput units
Edge-Network,sns-0bbd511,AWS,2026-04,0.0,0.0,11990170,6.1,SNS,Alert notifications
Finance-Systems,ps-022f437,GCP,2026-04,0.0,0.0,43045298,551.16,Pub/Sub,Log forwarding
Finance-Systems,acr-0224993,AZURE,2026-04,0.0,309.3,595855,192.53,Container Registry,Docker image registry
Finance-Systems,s3-09d3333,AWS,2026-04,0.0,8713.5,544641,210.99,S3,Log archive bucket
Production-Main,vai-004d787,GCP,2026-04,648.9,0.0,7145363,1366.93,Vertex AI,Model serving endpoints
Production-Main,aks-0f57337,AZURE,2026-04,369.0,0.0,0,543.46,AKS,Dev K8s cluster
Shared-Services,vm-01b8556,AZURE,2026-04,580.8,0.0,0,1379.69,Virtual Machines,D8s v3 application server
Shared-Services,sb-08e5943,AZURE,2026-04,433.9,0.0,5942107,324.47,Service Bus,Premium messaging
Data-Science,blob-04b8243,AZURE,2026-04,0.0,9674.3,91995,268.67,Blob Storage,Backup storage
Customer-Portal,func-0e55523,AZURE,2026-04,0.0,0.0,2624338,37.55,Azure Functions,Webhook processor
Compliance-Audit,i-0e90994,AWS,2026-04,627.6,0.0,0,532.07,EC2,m5.large monitoring server
DevOps-Central,azmon-00e3878,AZURE,2026-04,0.0,315.5,40119969,429.27,Azure Monitor,Logs and metrics
ML-Training,rds-1056958,AWS,2026-04,562.7,629.0,0,1264.04,RDS,db.m5.xlarge analytics DB
Internal-Tools,cr-02e3551,GCP,2026-04,787.5,0.0,16398085,1196.06,Cloud Run,API gateway service
Marketing-Platform,ec-07ee977,AWS,2026-04,611.4,0.0,0,418.99,ElastiCache,Redis production cluster
QA-Testing,elb-1159984,AWS,2026-04,588.2,0.0,8490522,116.49,ELB,Classic load balancer
DevOps-Central,aks-041e972,AZURE,2026-04,349.9,0.0,0,528.03,AKS,Dev K8s cluster
Production-Main,blob-0c25669,AZURE,2026-04,0.0,2348.3,6030721,284.81,Blob Storage,Build artifacts
Data-Science,gcf-0aa7783,GCP,2026-04,0.0,0.0,12312702,180.7,Cloud Functions,Data triggers
Production-Secondary,eh-0450304,AZURE,2026-04,622.2,0.0,25055276,277.67,Event Hubs,Standard throughput units
Edge-Network,elb-0512305,AWS,2026-04,748.4,0.0,10142834,144.49,ELB,Classic load balancer
DevOps-Central,app-00ea379,AZURE,2026-04,673.3,0.0,0,406.04,App Service,Web app P1v3
Marketing-Platform,ddb-0fdb347,AWS,2026-04,491.4,35.8,57321300,382.66,DynamoDB,Session store table
Analytics-Platform,cr-091c564,GCP,2026-04,550.3,0.0,11839761,834.51,Cloud Run,API gateway service
Edge-Network,ps-0583674,GCP,2026-04,0.0,0.0,37373797,466.61,Pub/Sub,Log forwarding
Staging-Env,cr-010f896,GCP,2026-04,565.2,0.0,2371595,722.44,Cloud Run,ETL pipeline service
Internal-Tools,blob-1187759,AZURE,2026-04,0.0,12772.8,127240,360.43,Blob Storage,Backup storage
Production-Secondary,elb-05c2651,AWS,2026-04,602.2,0.0,23831791,172.24,ELB,Application load balancer
Production-Main,blob-1077331,AZURE,2026-04,0.0,2887.0,7347472,353.23,Blob Storage,Build artifacts
ML-Training,lam-0fbc967,AWS,2026-04,0.0,0.0,47285356,319.63,Lambda,API gateway handler
Compliance-Audit,i-0c4f200,AWS,2026-04,793.1,0.0,0,57.71,EC2,t3.micro bastion host
Production-Main,lam-1143684,AWS,2026-04,0.0,0.0,34745014,245.76,Lambda,Data transformer
Shared-Services,ado-0b61138,AZURE,2026-04,0.0,73.4,0,17.36,Azure DevOps,Artifacts storage
Marketing-Platform,gke-1179708,GCP,2026-04,3710.0,0.0,0,7084.56,GKE,GPU node pool
Internal-Tools,lam-0d49445,AWS,2026-04,0.0,0.0,19472944,131.53,Lambda,Data transformer
Security-Ops,bq-0ac0928,GCP,2026-04,0.0,7692.0,0,2948.46,BigQuery,Analytics data warehouse
Marketing-Platform,ec-09a2710,AWS,2026-04,662.6,0.0,0,448.13,ElastiCache,Redis production cluster
Production-Secondary,elb-0ab7130,AWS,2026-04,524.9,0.0,21977739,149.19,ELB,Application load balancer
Customer-Portal,vm-025b762,AZURE,2026-04,545.7,0.0,0,323.15,Virtual Machines,D2s v3 utility server
Shared-Services,rds-01a1956,AWS,2026-04,497.0,348.6,0,951.45,RDS,db.r5.large PostgreSQL replica
Production-Secondary,app-0fb2316,AZURE,2026-04,702.9,0.0,0,439.63,App Service,Web app P1v3
Staging-Env,gcf-0792467,GCP,2026-04,0.0,0.0,2464981,37.23,Cloud Functions,Scheduled tasks
Production-Secondary,elb-08b6221,AWS,2026-04,638.5,0.0,27871180,196.35,ELB,Application load balancer
Internal-Tools,ec-04d3686,AWS,2026-04,431.7,0.0,0,304.65,ElastiCache,Redis production cluster
Marketing-Platform,eks-01d3629,AWS,2026-04,340.2,0.0,0,994.63,EKS,Staging K8s cluster
Shared-Services,func-0509892,AZURE,2026-04,0.0,0.0,7636605,114.18,Azure Functions,API handlers
Production-Secondary,eh-0ed1531,AZURE,2026-04,645.0,0.0,27418177,289.18,Event Hubs,Standard throughput units
Finance-Systems,cr-0230163,GCP,2026-04,501.2,0.0,2166533,643.49,Cloud Run,ETL pipeline service
Production-Secondary,mem-049c168,GCP,2026-04,520.7,0.0,0,369.77,Memorystore,Redis production cache
Production-Secondary,sb-0550807,AZURE,2026-04,0.0,0.0,19922658,50.35,Service Bus,Standard messaging
Mobile-Backend,sqs-05af649,AWS,2026-04,0.0,0.0,307295,0.15,SQS,Dead letter queue
Compliance-Audit,rds-0513820,AWS,2026-04,534.8,372.5,0,1362.34,RDS,db.r5.xlarge PostgreSQL primary
Customer-Portal,ses-117c830,AWS,2026-04,0.0,0.0,615367,0.75,SES,Marketing email
ML-Training,sns-0366281,AWS,2026-04,0.0,0.0,8347448,4.06,SNS,Alert notifications
Marketing-Platform,rds-0420438,AWS,2026-04,378.2,107.9,0,438.54,RDS,db.t3.medium MySQL staging
Customer-Portal,vai-0272824,GCP,2026-04,191.8,0.0,0,920.77,Vertex AI,AutoML jobs
Compliance-Audit,s3-0477403,AWS,2026-04,0.0,687.6,1288973,56.48,S3,Artifact storage
Production-Secondary,fs-0de5948,GCP,2026-04,924.6,25.5,61781164,655.4,Firestore,Session store
Finance-Systems,func-021d261,AZURE,2026-04,0.0,0.0,3714679,54.34,Azure Functions,Webhook processor
IoT-Platform,cmon-0355663,GCP,2026-04,0.0,0.0,29075272,221.62,Cloud Monitoring,Metrics and alerting
Compliance-Audit,elb-0d71740,AWS,2026-04,390.9,0.0,26790933,169.29,ELB,Network load balancer
Internal-Tools,gcf-0f0c894,GCP,2026-04,0.0,0.0,1990258,30.15,Cloud Functions,Scheduled tasks
Customer-Portal,fs-04aa211,GCP,2026-04,782.2,55.8,32447689,448.89,Firestore,User profiles DB
QA-Testing,ses-06cb257,AWS,2026-04,0.0,0.0,2182623,2.57,SES,Transactional email
Analytics-Platform,gke-0ec0794,GCP,2026-04,4185.4,0.0,0,8126.78,GKE,GPU node pool
Compliance-Audit,rds-0393803,AWS,2026-04,893.9,637.5,0,1723.14,RDS,db.r5.large PostgreSQL replica
Partner-Integration,vai-1089220,GCP,2026-04,564.6,0.0,0,2771.62,Vertex AI,Training pipelines
Compliance-Audit,i-07a7252,AWS,2026-04,751.1,0.0,0,628.27,EC2,m5.large monitoring server
Marketing-Platform,vai-0787119,GCP,2026-04,567.7,0.0,0,2732.34,Vertex AI,Training pipelines
Finance-Systems,appi-0ada402,AZURE,2026-04,0.0,0.0,14583135,185.1,Application Insights,Custom metrics
DevOps-Central,ddb-00ce395,AWS,2026-04,454.8,66.7,97620162,717.7,DynamoDB,Cache table
Marketing-Platform,vai-0201406,GCP,2026-04,513.7,0.0,0,2579.91,Vertex AI,Training pipelines
Production-Secondary,blob-08d0486,AZURE,2026-04,0.0,11414.2,108707,324.69,Blob Storage,Backup storage
Production-Secondary,blob-1102786,AZURE,2026-04,0.0,13411.3,31789,100.88,Blob Storage,Archive tier
Marketing-Platform,gke-0da0927,GCP,2026-04,1987.1,0.0,0,3809.43,GKE,ML training cluster
Finance-Systems,func-0b2d239,AZURE,2026-04,0.0,0.0,4436394,64.88,Azure Functions,API handlers
Shared-Services,func-0fb3832,AZURE,2026-04,0.0,0.0,2905078,43.83,Azure Functions,Webhook processor
Security-Ops,vpn-017d779,AWS,2026-04,500.6,0.0,0,121.37,VPN Gateway,Client VPN endpoint
Security-Ops,ecs-0658518,AWS,2026-04,143.8,0.0,0,261.1,ECS,Fargate batch cluster
Data-Science,blob-0ff1848,AZURE,2026-04,0.0,2379.4,6173636,296.95,Blob Storage,Build artifacts
ML-Training,i-0dc9655,AWS,2026-04,577.7,0.0,0,1937.79,EC2,r5.2xlarge database server
Security-Ops,cmon-0171477,GCP,2026-04,0.0,0.0,20256786,150.36,Cloud Monitoring,Metrics and alerting
Customer-Portal,elb-0286969,AWS,2026-04,690.2,0.0,30466841,214.94,ELB,Application load balancer
Production-Main,lam-0009821,AWS,2026-04,0.0,0.0,29630831,199.7,Lambda,Data transformer
Security-Ops,ps-0a1e824,GCP,2026-04,0.0,0.0,28504903,346.51,Pub/Sub,Event streaming
Partner-Integration,rs-03c6136,AWS,2026-04,0.0,0.0,4415595,218.44,Redshift,Spectrum queries
Marketing-Platform,gcf-0c54457,GCP,2026-04,0.0,0.0,1602685,22.67,Cloud Functions,Scheduled tasks
Security-Ops,ecs-101c745,AWS,2026-04,447.0,0.0,0,774.33,ECS,Fargate worker cluster
Finance-Systems,gcf-0afd438,GCP,2026-04,0.0,0.0,11836891,178.3,Cloud Functions,Data triggers
Production-Main,blob-0f7c723,AZURE,2026-04,0.0,2667.3,6927887,332.1,Blob Storage,Build artifacts
Marketing-Platform,r53-0d41208,AWS,2026-04,0.0,0.0,41524841,61.95,Route 53,DNS hosting
Internal-Tools,lam-0b1d283,AWS,2026-04,0.0,0.0,7933694,53.37,Lambda,Notification dispatcher
Shared-Services,eh-04b1664,AZURE,2026-04,976.2,0.0,39323502,429.52,Event Hubs,Standard throughput units
Edge-Network,s3-101a960,AWS,2026-04,0.0,11682.4,115135,256.54,S3,Backup storage bucket
Analytics-Platform,gcs-101b784,GCP,2026-04,0.0,8053.6,196999,178.23,Cloud Storage,Backup bucket
Marketing-Platform,ca-0a37345,GCP,2026-04,0.0,0.0,54855150,207.58,Cloud Armor,WAF policies
Staging-Env,gke-10ef646,GCP,2026-04,569.7,0.0,0,1684.62,GKE,Production API cluster
Customer-Portal,blob-0671523,AZURE,2026-04,0.0,4454.8,0,430.38,Blob Storage,Security audit logs
IoT-Platform,cr-0ea8795,GCP,2026-04,405.3,0.0,3291483,330.6,Cloud Run,Webhook handler
Analytics-Platform,aks-06ee815,AZURE,2026-04,466.2,0.0,0,674.88,AKS,Dev K8s cluster
Production-Secondary,blob-005f915,AZURE,2026-04,0.0,2414.7,5822634,371.81,Blob Storage,Media content
Analytics-Platform,gcs-0807814,GCP,2026-04,0.0,2410.9,2380308,162.94,Cloud Storage,Media assets bucket
Staging-Env,csql-0100157,GCP,2026-04,610.4,169.8,0,924.38,Cloud SQL,PostgreSQL primary
Customer-Portal,vpn-0f7d948,AWS,2026-04,1237.1,0.0,0,308.73,VPN Gateway,Client VPN endpoint
Mobile-Backend,azmon-0a21733,AZURE,2026-04,0.0,237.1,31542053,333.01,Azure Monitor,Logs and metrics
Finance-Systems,blob-083a215,AZURE,2026-04,0.0,6317.0,61898,177.1,Blob Storage,Backup storage
Customer-Portal,app-09dd159,AZURE,2026-04,671.8,0.0,0,393.74,App Service,Web app P1v3
IoT-Platform,bq-1193133,GCP,2026-04,0.0,3176.0,0,1234.33,BigQuery,BI reporting views
Production-Main,lam-08ec165,AWS,2026-04,0.0,0.0,29936570,208.0,Lambda,Data transformer
Marketing-Platform,vai-0f10130,GCP,2026-04,426.6,0.0,4765580,927.59,Vertex AI,Model serving endpoints
Staging-Env,bq-0f21859,GCP,2026-04,0.0,1283.4,0,472.01,BigQuery,BI reporting views
Analytics-Platform,ado-0761752,AZURE,2026-04,0.0,116.3,0,27.8,Azure DevOps,Artifacts storage
Shared-Services,ca-01b0910,GCP,2026-04,0.0,0.0,75332836,279.16,Cloud Armor,WAF policies
IoT-Platform,csql-108b463,GCP,2026-04,696.2,195.2,0,792.61,Cloud SQL,PostgreSQL replica
DevOps-Central,appi-056d259,AZURE,2026-04,0.0,0.0,56328591,680.85,Application Insights,APM telemetry
Compliance-Audit,kin-0fd9497,AWS,2026-04,670.4,0.0,27430877,397.67,Kinesis,Data stream ingestion
ML-Training,rs-1151520,AWS,2026-04,562.8,1569.7,0,2728.05,Redshift,Data warehouse cluster
DevOps-Central,vm-10f1723,AZURE,2026-04,613.5,0.0,0,1127.01,Virtual Machines,E4s v3 SIEM collector
Analytics-Platform,gcs-1084193,GCP,2026-04,0.0,8395.4,208229,183.99,Cloud Storage,Backup bucket
IoT-Platform,gke-035c324,GCP,2026-04,616.9,0.0,0,1759.82,GKE,Production API cluster
Data-Science,nat-0602814,AWS,2026-04,441.5,0.0,0,101.21,NAT Gateway,Staging VPC NAT
Staging-Env,ps-0e3b104,GCP,2026-04,0.0,0.0,11737740,144.64,Pub/Sub,Data pipeline
DevOps-Central,appi-0804101,AZURE,2026-04,0.0,0.0,68548923,820.31,Application Insights,APM telemetry
Edge-Network,elb-060d300,AWS,2026-04,772.5,0.0,11193810,159.49,ELB,Classic load balancer
Partner-Integration,appi-07e3482,AZURE,2026-04,0.0,0.0,44045582,539.08,Application Insights,APM telemetry
Production-Main,eh-0bb2869,AZURE,2026-04,0.0,546.8,0,131.21,Event Hubs,Capture to storage
Analytics-Platform,aks-00bf283,AZURE,2026-04,545.3,0.0,0,2491.46,AKS,Production K8s cluster
Marketing-Platform,rs-0db7790,AWS,2026-04,0.0,0.0,6340089,309.02,Redshift,Spectrum queries
Mobile-Backend,sqldb-0883304,AZURE,2026-04,779.7,563.1,0,3104.35,SQL Database,Premium P1 analytics
DevOps-Central,kin-0bc2586,AWS,2026-04,889.3,0.0,23198787,339.64,Kinesis,Firehose delivery
Finance-Systems,s3-109f584,AWS,2026-04,0.0,11543.0,2157443,386.35,S3,Data lake raw zone
Analytics-Platform,vai-070f100,GCP,2026-04,193.2,0.0,0,967.67,Vertex AI,AutoML jobs
QA-Testing,lam-0cce559,AWS,2026-04,0.0,0.0,4093348,27.68,Lambda,Image resizer
Internal-Tools,aks-06b0216,AZURE,2026-04,1609.2,0.0,0,2265.78,AKS,Staging K8s cluster
Partner-Integration,gke-03be323,GCP,2026-04,449.3,0.0,0,1297.25,GKE,Batch processing cluster
Internal-Tools,aks-0f22641,AZURE,2026-04,1424.2,0.0,0,2072.92,AKS,Staging K8s cluster
Analytics-Platform,fs-00a0210,GCP,2026-04,877.0,25.3,61877470,631.32,Firestore,Session store
Marketing-Platform,ddb-0c73535,AWS,2026-04,469.9,6.4,3233704,53.12,DynamoDB,Config store table
Production-Main,aks-0022100,AZURE,2026-04,432.3,0.0,0,651.52,AKS,Dev K8s cluster
Analytics-Platform,csql-082e688,GCP,2026-04,529.6,369.8,0,1013.03,Cloud SQL,MySQL analytics
Edge-Network,gke-0b47654,GCP,2026-04,2237.1,0.0,0,4373.98,GKE,ML training cluster
Customer-Portal,vpn-0d53194,AWS,2026-04,806.9,0.0,0,202.84,VPN Gateway,Client VPN endpoint
Staging-Env,bq-0493686,GCP,2026-04,0.0,1351.1,0,522.87,BigQuery,BI reporting views
Data-Science,rds-0135326,AWS,2026-04,653.3,758.9,0,1491.03,RDS,db.m5.xlarge analytics DB
Finance-Systems,gcs-0c6f627,GCP,2026-04,0.0,9731.6,3191001,277.38,Cloud Storage,Data lake bucket
Shared-Services,appi-0dfe368,AZURE,2026-04,0.0,0.0,36377839,430.48,Application Insights,APM telemetry
Finance-Systems,csql-0235236,GCP,2026-04,558.2,157.0,0,887.16,Cloud SQL,PostgreSQL primary
Internal-Tools,sqs-02af753,AWS,2026-04,0.0,0.0,49364572,23.32,SQS,Order processing queue
Production-Secondary,i-0f80736,AWS,2026-04,1146.5,0.0,0,943.81,EC2,t3.large application server
Customer-Portal,bq-0ca4291,GCP,2026-04,0.0,1086.7,0,408.16,BigQuery,Data export queries
Production-Secondary,i-007d734,AWS,2026-04,571.4,0.0,0,1922.35,EC2,m5.2xlarge batch processor
Customer-Portal,elb-04a4272,AWS,2026-04,694.5,0.0,10186010,138.89,ELB,Classic load balancer
Data-Science,cmon-0b0e986,GCP,2026-04,0.0,0.0,33083712,261.09,Cloud Monitoring,Metrics and alerting
Internal-Tools,ec-0940670,AWS,2026-04,434.5,0.0,0,311.34,ElastiCache,Redis production cluster
Internal-Tools,gcs-02df884,GCP,2026-04,0.0,8872.6,222589,200.58,Cloud Storage,Backup bucket
Mobile-Backend,vm-09bb165,AZURE,2026-04,638.4,0.0,0,866.32,Virtual Machines,F4s v2 compute node
Customer-Portal,fd-0251891,AZURE,2026-04,0.0,0.0,60096970,434.75,Front Door,Global load balancer
Data-Science,cosmos-09e8442,AZURE,2026-04,556.6,156.7,30662223,1228.2,Cosmos DB,User data store
Customer-Portal,blob-0eb1253,AZURE,2026-04,0.0,4991.2,0,465.67,Blob Storage,Security audit logs
DevOps-Central,sqldb-0a8e401,AZURE,2026-04,586.1,205.5,0,935.83,SQL Database,Standard S3 production
Edge-Network,ebs-0314161,AWS,2026-04,0.0,153.3,0,19.13,EBS,gp3 volumes staging
Data-Science,csp-0121138,GCP,2026-04,523.0,74.4,36883781,3118.99,Cloud Spanner,Global transaction DB
Finance-Systems,aks-102f898,AZURE,2026-04,245.0,0.0,0,362.81,AKS,Dev K8s cluster
Finance-Systems,s3-0d74264,AWS,2026-04,0.0,7177.1,71288,157.48,S3,Backup storage bucket
Partner-Integration,azmon-0a59651,AZURE,2026-04,0.0,216.7,28363037,300.96,Azure Monitor,Logs and metrics
Compliance-Audit,i-1059858,AWS,2026-04,759.5,0.0,0,643.98,EC2,m5.large monitoring server
Analytics-Platform,kv-10e4289,AZURE,2026-04,0.0,0.0,484641,1.38,Key Vault,Certificate store
Shared-Services,func-09a1968,AZURE,2026-04,0.0,0.0,9937553,142.19,Azure Functions,API handlers
Production-Secondary,fs-0097230,GCP,2026-04,843.4,24.1,58979243,604.63,Firestore,Session store
Staging-Env,gke-0d96647,GCP,2026-04,557.4,0.0,0,1618.08,GKE,Production API cluster
Customer-Portal,blob-0259159,AZURE,2026-04,0.0,2281.0,5502171,362.38,Blob Storage,Media content
Production-Main,vm-003c553,AZURE,2026-04,872.4,0.0,0,1193.17,Virtual Machines,F4s v2 compute node
Shared-Services,sb-05c7144,AZURE,2026-04,514.7,0.0,7046883,374.46,Service Bus,Premium messaging
Production-Main,eh-0025680,AZURE,2026-04,547.7,0.0,23496499,255.18,Event Hubs,Standard throughput units
Partner-Integration,rds-056b126,AWS,2026-04,805.6,592.4,0,1556.49,RDS,db.r5.large PostgreSQL replica
Compliance-Audit,rs-0ab9836,AWS,2026-04,588.6,1641.0,0,2973.7,Redshift,Data warehouse cluster
Marketing-Platform,gcf-0e5d976,GCP,2026-04,0.0,0.0,1986595,27.79,Cloud Functions,Scheduled tasks
Finance-Systems,s3-0591832,AWS,2026-04,0.0,5110.1,7728155,362.3,S3,Media content bucket
Staging-Env,gcf-00f6258,GCP,2026-04,0.0,0.0,23282202,352.49,Cloud Functions,Pub/Sub processors
DevOps-Central,sb-00d7881,AZURE,2026-04,719.1,0.0,10097353,542.76,Service Bus,Premium messaging
Analytics-Platform,eh-0c57869,AZURE,2026-04,0.0,342.2,0,82.98,Event Hubs,Capture to storage
Partner-Integration,sb-05dd537,AZURE,2026-04,678.7,0.0,9477188,506.35,Service Bus,Premium messaging
Data-Science,i-013c432,AWS,2026-04,522.9,0.0,0,1812.65,EC2,m5.2xlarge batch processor
ML-Training,rs-0363157,AWS,2026-04,465.5,1351.7,0,2375.82,Redshift,Data warehouse cluster
Shared-Services,sb-0dc4566,AZURE,2026-04,511.3,0.0,6980675,362.17,Service Bus,Premium messaging
DevOps-Central,aks-0cf1749,AZURE,2026-04,407.1,0.0,0,578.89,AKS,Dev K8s cluster
Analytics-Platform,eh-0479891,AZURE,2026-04,0.0,342.3,0,80.43,Event Hubs,Capture to storage
Edge-Network,ebs-0f39725,AWS,2026-04,0.0,120.4,0,14.73,EBS,gp3 volumes staging
Finance-Systems,rds-0f26468,AWS,2026-04,761.1,835.4,0,1706.11,RDS,db.m5.xlarge analytics DB
Partner-Integration,appi-064d380,AZURE,2026-04,0.0,0.0,61187460,781.66,Application Insights,APM telemetry
Internal-Tools,gke-02d2760,GCP,2026-04,4321.5,0.0,0,8098.0,GKE,GPU node pool
Production-Secondary,csql-070a801,GCP,2026-04,569.5,415.9,0,1108.28,Cloud SQL,MySQL analytics
Data-Science,gke-012c228,GCP,2026-04,3425.1,0.0,0,6598.06,GKE,GPU node pool
ML-Training,rs-1068403,AWS,2026-04,456.9,1341.2,0,2346.28,Redshift,Data warehouse cluster
IoT-Platform,cr-0c2a220,GCP,2026-04,294.2,0.0,1174893,249.13,Cloud Run,Image processor
Security-Ops,vai-016f381,GCP,2026-04,599.3,0.0,6624829,1232.28,Vertex AI,Model serving endpoints
Compliance-Audit,s3-0864751,AWS,2026-04,0.0,11959.0,2296742,407.98,S3,Data lake raw zone
Security-Ops,ps-098b992,GCP,2026-04,0.0,0.0,25094740,303.7,Pub/Sub,Event streaming
Staging-Env,gcs-0876450,GCP,2026-04,0.0,17508.3,42190,168.09,Cloud Storage,Archive bucket
Internal-Tools,lam-02c7649,AWS,2026-04,0.0,0.0,1129819,8.2,Lambda,Cron job runner
Internal-Tools,s3-102e326,AWS,2026-04,0.0,3963.8,6032236,278.57,S3,Media content bucket
Internal-Tools,ses-02a8789,AWS,2026-04,0.0,0.0,2200397,2.64,SES,Transactional email
Data-Science,kv-015a390,AZURE,2026-04,0.0,0.0,445150,1.33,Key Vault,Certificate store
Mobile-Backend,azmon-0bba725,AZURE,2026-04,0.0,293.8,38387615,399.71,Azure Monitor,Logs and metrics
Finance-Systems,aks-0922802,AZURE,2026-04,294.8,0.0,0,413.11,AKS,Dev K8s cluster
Marketing-Platform,rds-0dec903,AWS,2026-04,631.2,435.6,0,1205.6,RDS,db.r5.large PostgreSQL replica
Mobile-Backend,fd-095e352,AZURE,2026-04,0.0,0.0,50008156,364.11,Front Door,Global load balancer
Partner-Integration,rs-0af6242,AWS,2026-04,591.5,1701.5,0,2922.4,Redshift,Data warehouse cluster
DevOps-Central,sentinel-00e5745,AZURE,2026-04,0.0,0.0,35171083,846.36,Microsoft Sentinel,Log analytics
Edge-Network,sns-065d432,AWS,2026-04,0.0,0.0,10306291,5.02,SNS,Alert notifications
Analytics-Platform,eh-04e3729,AZURE,2026-04,504.6,0.0,21019826,224.52,Event Hubs,Standard throughput units
Partner-Integration,elb-0534422,AWS,2026-04,440.9,0.0,17884801,130.68,ELB,Application load balancer
DevOps-Central,redis-0fc2470,AZURE,2026-04,701.7,0.0,0,830.6,Azure Cache for Redis,Premium P1 cache
Customer-Portal,vm-05b7601,AZURE,2026-04,546.7,0.0,0,335.54,Virtual Machines,D2s v3 utility server
Compliance-Audit,sns-07bc236,AWS,2026-04,0.0,0.0,16448434,7.92,SNS,Event fanout topic
Customer-Portal,i-0292184,AWS,2026-04,768.5,0.0,0,653.39,EC2,m5.large monitoring server
DevOps-Central,sentinel-0905483,AZURE,2026-04,0.0,0.0,36066937,873.35,Microsoft Sentinel,Log analytics
DevOps-Central,kv-0c74453,AZURE,2026-04,0.0,0.0,2347618,7.21,Key Vault,Secrets management
Production-Secondary,cosmos-0ad3510,AZURE,2026-04,504.2,68.6,16788442,618.21,Cosmos DB,Event store
Finance-Systems,eks-0458148,AWS,2026-04,979.1,0.0,0,2843.68,EKS,Production K8s cluster
Marketing-Platform,ddb-01d9664,AWS,2026-04,549.7,38.5,60598618,410.59,DynamoDB,Session store table
Production-Main,redis-0042268,AZURE,2026-04,855.8,0.0,0,1014.57,Azure Cache for Redis,Premium P1 cache
Compliance-Audit,elb-0755271,AWS,2026-04,745.2,0.0,30469355,225.82,ELB,Application load balancer
Compliance-Audit,vpn-113e883,AWS,2026-04,573.3,0.0,0,141.63,VPN Gateway,Client VPN endpoint
Customer-Portal,s3-09c9825,AWS,2026-04,0.0,20065.5,3908102,667.88,S3,Data lake raw zone
Marketing-Platform,gke-114e881,GCP,2026-04,3605.8,0.0,0,7214.85,GKE,GPU node pool
Production-Main,cmon-0049683,GCP,2026-04,0.0,0.0,21079012,167.13,Cloud Monitoring,Metrics and alerting
Edge-Network,sns-10c8578,AWS,2026-04,0.0,0.0,9266111,4.43,SNS,Alert notifications
Marketing-Platform,ddb-0f33123,AWS,2026-04,560.2,38.9,61042536,425.77,DynamoDB,Session store table
Production-Main,r53-0407779,AWS,2026-04,0.0,0.0,57781432,86.75,Route 53,DNS hosting
Security-Ops,ses-0c0f585,AWS,2026-04,0.0,0.0,2032052,2.37,SES,Transactional email
Data-Science,bq-09d9422,GCP,2026-04,0.0,1469.7,0,580.44,BigQuery,BI reporting views
Partner-Integration,appi-0ef7381,AZURE,2026-04,0.0,0.0,42896241,536.72,Application Insights,APM telemetry
Production-Secondary,sqldb-006e371,AZURE,2026-04,534.8,386.4,0,2110.35,SQL Database,Premium P1 analytics
Data-Science,aks-10ae750,AZURE,2026-04,238.8,0.0,0,352.39,AKS,Dev K8s cluster
DR-Recovery,sb-0ba9867,AZURE,2026-04,0.0,0.0,13837162,34.6,Service Bus,Standard messaging
Marketing-Platform,ddb-050e790,AWS,2026-04,599.5,8.5,4038338,72.35,DynamoDB,Config store table
QA-Testing,elb-03e7273,AWS,2026-04,728.7,0.0,29754774,216.48,ELB,Application load balancer
Shared-Services,vm-0c90772,AZURE,2026-04,814.5,0.0,0,1006.01,Virtual Machines,D4s v3 CI runner
Partner-Integration,rds-0f16278,AWS,2026-04,722.2,504.5,0,1411.68,RDS,db.r5.large PostgreSQL replica
Finance-Systems,sb-0610431,AZURE,2026-04,0.0,0.0,23247647,55.75,Service Bus,Standard messaging
Partner-Integration,redis-03b0238,AZURE,2026-04,661.2,0.0,0,810.52,Azure Cache for Redis,Premium P1 cache
Mobile-Backend,sqldb-0349366,AZURE,2026-04,761.3,540.5,0,2983.7,SQL Database,Premium P1 analytics
Mobile-Backend,vm-0986858,AZURE,2026-04,637.9,0.0,0,884.47,Virtual Machines,F4s v2 compute node
Production-Main,s3-0eb8776,AWS,2026-04,0.0,1672.7,10043980,400.91,S3,Production asset storage
Production-Main,app-0028269,AZURE,2026-04,883.1,0.0,0,527.39,App Service,Web app P1v3
Production-Main,r53-0a71797,AWS,2026-04,0.0,0.0,12597296,18.95,Route 53,Health checks
DevOps-Central,appi-060e853,AZURE,2026-04,0.0,0.0,55833602,673.92,Application Insights,APM telemetry
Production-Main,cmon-112d573,GCP,2026-04,0.0,0.0,19560147,160.31,Cloud Monitoring,Metrics and alerting
Marketing-Platform,nat-052d993,AWS,2026-04,782.7,0.0,0,182.44,NAT Gateway,Dev VPC NAT
Data-Science,sb-0152320,AZURE,2026-04,0.0,0.0,21935492,53.32,Service Bus,Standard messaging
Partner-Integration,elb-108e748,AWS,2026-04,728.0,0.0,10107052,142.19,ELB,Classic load balancer
Staging-Env,bq-094e546,GCP,2026-04,0.0,1743.7,0,659.66,BigQuery,BI reporting views
Production-Main,cf-10fc798,AWS,2026-04,0.0,0.0,42572135,209.2,CloudFront,CDN API distribution
Customer-Portal,elb-054e407,AWS,2026-04,751.7,0.0,32893509,232.04,ELB,Application load balancer
Customer-Portal,cosmos-0aa0416,AZURE,2026-04,533.8,73.8,18907147,676.11,Cosmos DB,Event store
Analytics-Platform,aks-0f9f800,AZURE,2026-04,929.4,0.0,0,1377.17,AKS,Staging K8s cluster
Internal-Tools,ebs-02aa908,AWS,2026-04,0.0,221.5,0,26.01,EBS,gp3 volumes staging
Data-Science,i-0c45831,AWS,2026-04,661.8,0.0,0,1166.33,EC2,m5.xlarge web server
Finance-Systems,sentinel-108a486,AZURE,2026-04,0.0,0.0,98913133,2459.17,Microsoft Sentinel,SIEM detection
Finance-Systems,appi-0fce421,AZURE,2026-04,0.0,0.0,48146431,594.91,Application Insights,APM telemetry
Production-Main,aks-0828395,AZURE,2026-04,1128.8,0.0,0,1607.8,AKS,Staging K8s cluster
Analytics-Platform,bq-0855409,GCP,2026-04,0.0,2292.0,0,861.42,BigQuery,BI reporting views
Edge-Network,csql-0f1b746,GCP,2026-04,685.1,189.5,0,789.83,Cloud SQL,PostgreSQL replica
Security-Ops,sqs-0a29511,AWS,2026-04,0.0,0.0,42198490,20.45,SQS,Event notification queue
IoT-Platform,df-035f202,GCP,2026-04,435.8,0.0,0,1044.01,Dataflow,Batch pipeline
Partner-Integration,eks-093a354,AWS,2026-04,395.8,0.0,0,1205.61,EKS,Staging K8s cluster
Customer-Portal,s3-0b03411,AWS,2026-04,0.0,17644.4,3403772,587.12,S3,Data lake raw zone
Mobile-Backend,acr-0c2e265,AZURE,2026-04,0.0,154.0,303859,98.74,Container Registry,Docker image registry
Analytics-Platform,cdns-00b5600,GCP,2026-04,0.0,0.0,21833765,31.93,Cloud DNS,DNS zones
Production-Main,i-04c9242,AWS,2026-04,362.2,0.0,0,1041.79,EC2,c5.2xlarge HPC node
IoT-Platform,gke-0ff2384,GCP,2026-04,2388.3,0.0,0,4707.06,GKE,ML training cluster
Compliance-Audit,s3-0e75150,AWS,2026-04,0.0,12196.0,2333034,410.45,S3,Data lake raw zone
Production-Main,s3-0bb9469,AWS,2026-04,0.0,9464.6,574935,231.69,S3,Log archive bucket
Customer-Portal,blob-0df2180,AZURE,2026-04,0.0,2597.0,6270142,400.03,Blob Storage,Media content
Security-Ops,ecs-0b43950,AWS,2026-04,171.9,0.0,0,309.38,ECS,Fargate batch cluster
Staging-Env,vai-113c698,GCP,2026-04,395.7,0.0,0,1975.11,Vertex AI,Training pipelines
Mobile-Backend,kin-032c685,AWS,2026-04,810.9,0.0,23215398,326.71,Kinesis,Firehose delivery
Production-Secondary,eh-0eec514,AZURE,2026-04,590.7,0.0,25186475,263.26,Event Hubs,Standard throughput units
Marketing-Platform,rds-0ee5106,AWS,2026-04,609.6,170.5,0,539.83,RDS,db.t3.large development DB
Partner-Integration,ado-0c66978,AZURE,2026-04,0.0,79.3,0,18.85,Azure DevOps,Artifacts storage
Partner-Integration,redis-0765770,AZURE,2026-04,535.8,0.0,0,630.49,Azure Cache for Redis,Premium P1 cache
Partner-Integration,cf-0cd9510,AWS,2026-04,0.0,0.0,37200269,182.23,CloudFront,CDN API distribution
DevOps-Central,kin-0fc6673,AWS,2026-04,565.4,0.0,22860169,330.89,Kinesis,Data stream ingestion
Finance-Systems,mem-0229681,GCP,2026-04,411.2,0.0,0,285.86,Memorystore,Redis staging cache
Internal-Tools,aks-0672283,AZURE,2026-04,710.4,0.0,0,3044.55,AKS,Production K8s cluster
Production-Main,lam-0008470,AWS,2026-04,0.0,0.0,51965402,363.05,Lambda,API gateway handler
Finance-Systems,cr-069b523,GCP,2026-04,286.1,0.0,2310833,233.21,Cloud Run,Webhook handler
Mobile-Backend,ebs-032f576,AWS,2026-04,0.0,3447.5,0,146.64,EBS,st1 volumes archive
Partner-Integration,sqldb-0979792,AZURE,2026-04,937.2,337.1,0,1514.56,SQL Database,Standard S3 production
Production-Main,blob-1073292,AZURE,2026-04,0.0,2444.6,6199186,306.98,Blob Storage,Build artifacts
Customer-Portal,i-0d4e952,AWS,2026-04,427.9,0.0,0,29.46,EC2,t3.micro bastion host
Analytics-Platform,kv-1126150,AZURE,2026-04,0.0,0.0,538620,1.62,Key Vault,Certificate store
Analytics-Platform,cdns-0738745,GCP,2026-04,0.0,0.0,19404775,29.79,Cloud DNS,DNS zones
Production-Main,app-0623118,AZURE,2026-04,487.3,0.0,0,583.62,App Service,API app P2v3
Edge-Network,df-0e6f587,GCP,2026-04,573.5,0.0,0,1432.72,Dataflow,Streaming pipeline
Internal-Tools,gke-044b696,GCP,2026-04,557.1,0.0,0,1631.31,GKE,Production API cluster
Finance-Systems,sentinel-0552744,AZURE,2026-04,0.0,0.0,100894079,2364.89,Microsoft Sentinel,SIEM detection
Mobile-Backend,vm-0959284,AZURE,2026-04,558.3,0.0,0,167.38,Virtual Machines,B2s development VM
Partner-Integration,sqldb-09c3873,AZURE,2026-04,994.3,362.1,0,1657.03,SQL Database,Standard S3 production
Production-Main,kv-0bab992,AZURE,2026-04,0.0,0.0,2345224,7.09,Key Vault,Secrets management
DevOps-Central,sentinel-0c65933,AZURE,2026-04,0.0,0.0,115944043,2857.47,Microsoft Sentinel,SIEM detection
Shared-Services,ado-0a55808,AZURE,2026-04,443.4,0.0,0,212.27,Azure DevOps,Pipelines hosted
Shared-Services,fd-0f31203,AZURE,2026-04,0.0,0.0,64708092,488.28,Front Door,Global load balancer
Data-Science,cr-0125601,GCP,2026-04,244.4,0.0,2036568,207.76,Cloud Run,Webhook handler
Analytics-Platform,ps-0e4f411,GCP,2026-04,0.0,0.0,34593690,418.51,Pub/Sub,Log forwarding
Staging-Env,fs-0818568,GCP,2026-04,764.1,53.7,32185086,422.66,Firestore,User profiles DB
ML-Training,ebs-0841189,AWS,2026-04,0.0,608.1,0,363.66,EBS,io2 volumes database
Shared-Services,ado-0734847,AZURE,2026-04,425.6,0.0,0,204.81,Azure DevOps,Pipelines hosted
Compliance-Audit,ec-04b0887,AWS,2026-04,565.6,0.0,0,412.58,ElastiCache,Redis production cluster
Shared-Services,ec-0b20815,AWS,2026-04,645.7,0.0,0,227.69,ElastiCache,Redis staging cluster
Production-Secondary,aks-0c9d452,AZURE,2026-04,260.2,0.0,0,376.53,AKS,Dev K8s cluster
DR-Recovery,kv-0f82870,AZURE,2026-04,0.0,0.0,2974072,9.09,Key Vault,Secrets management
Finance-Systems,blob-0f7e871,AZURE,2026-04,0.0,7097.9,71186,209.34,Blob Storage,Backup storage
Data-Science,i-0fa7215,AWS,2026-04,638.6,0.0,0,539.85,EC2,m5.large monitoring server
DR-Recovery,sqldb-02f6848,AZURE,2026-04,785.4,279.9,0,1296.25,SQL Database,Standard S3 production
ML-Training,ebs-0f7f128,AWS,2026-04,0.0,593.2,0,352.15,EBS,io2 volumes database
Production-Main,vm-003e151,AZURE,2026-04,709.5,0.0,0,208.68,Virtual Machines,B2s development VM
Analytics-Platform,cr-0795973,GCP,2026-04,193.2,0.0,828505,171.23,Cloud Run,Image processor
Marketing-Platform,gcf-0d8a232,GCP,2026-04,0.0,0.0,6515050,91.92,Cloud Functions,Auth handlers
Finance-Systems,appi-1002402,AZURE,2026-04,0.0,0.0,51568960,608.28,Application Insights,APM telemetry
ML-Training,ec-0375244,AWS,2026-04,849.4,0.0,0,613.6,ElastiCache,Redis production cluster
Compliance-Audit,s3-0bed504,AWS,2026-04,0.0,12021.9,2364377,403.4,S3,Data lake raw zone
Production-Secondary,acr-1141721,AZURE,2026-04,0.0,174.2,335031,108.93,Container Registry,Docker image registry
DevOps-Central,appi-0cb4375,AZURE,2026-04,0.0,0.0,12843681,153.51,Application Insights,Custom metrics
Production-Main,r53-0c3e737,AWS,2026-04,0.0,0.0,9803593,14.26,Route 53,Health checks
Customer-Portal,cosmos-0447788,AZURE,2026-04,717.4,52.4,15016430,476.09,Cosmos DB,Config store
Finance-Systems,elb-1055185,AWS,2026-04,449.2,0.0,6205746,88.74,ELB,Classic load balancer
Production-Secondary,s3-08f4922,AWS,2026-04,0.0,4863.2,7324678,334.51,S3,Media content bucket
Marketing-Platform,gke-01f0606,GCP,2026-04,485.6,0.0,0,1372.37,GKE,Production API cluster
Analytics-Platform,csql-00a6170,GCP,2026-04,734.8,217.3,0,1181.8,Cloud SQL,PostgreSQL primary
Production-Secondary,i-0fb0145,AWS,2026-04,768.7,0.0,0,672.6,EC2,t3.large application server
Partner-Integration,ado-092b573,AZURE,2026-04,604.4,0.0,0,307.76,Azure DevOps,Pipelines hosted
IoT-Platform,csp-035a467,GCP,2026-04,788.5,115.5,54854231,4848.96,Cloud Spanner,Global transaction DB
Marketing-Platform,gcf-1164171,GCP,2026-04,0.0,0.0,1719657,26.11,Cloud Functions,Scheduled tasks
Edge-Network,cf-088b275,AWS,2026-04,0.0,0.0,163796136,820.06,CloudFront,CDN media distribution
Shared-Services,ado-1140484,AZURE,2026-04,0.0,104.1,0,24.31,Azure DevOps,Artifacts storage
ML-Training,rs-1153734,AWS,2026-04,0.0,0.0,3491519,169.28,Redshift,Spectrum queries
DevOps-Central,kin-00c9161,AWS,2026-04,721.0,0.0,19414425,279.66,Kinesis,Firehose delivery
Data-Science,i-0139251,AWS,2026-04,607.8,0.0,0,1023.99,EC2,m5.xlarge web server
Partner-Integration,vai-03b6866,GCP,2026-04,572.0,0.0,0,2737.3,Vertex AI,Training pipelines
Shared-Services,fd-0560173,AZURE,2026-04,0.0,0.0,56330562,413.76,Front Door,Global load balancer
Marketing-Platform,gke-0840185,GCP,2026-04,3499.3,0.0,0,7132.35,GKE,GPU node pool
DevOps-Central,redis-09e7408,AZURE,2026-04,705.3,0.0,0,828.87,Azure Cache for Redis,Premium P1 cache
Data-Science,ca-012f338,GCP,2026-04,0.0,0.0,113630771,428.11,Cloud Armor,WAF policies
DevOps-Central,blob-00da581,AZURE,2026-04,0.0,9955.3,3692503,506.88,Blob Storage,Data lake storage
Compliance-Audit,rds-0be3189,AWS,2026-04,725.5,524.8,0,1457.39,RDS,db.r5.large PostgreSQL replica
Marketing-Platform,i-0a0a518,AWS,2026-04,849.1,0.0,0,63.19,EC2,t3.micro bastion host
DevOps-Central,ebs-04a0171,AWS,2026-04,0.0,377.6,0,226.07,EBS,io2 volumes database
DevOps-Central,redis-1190753,AZURE,2026-04,639.3,0.0,0,724.04,Azure Cache for Redis,Premium P1 cache
Production-Main,vai-0ab6883,GCP,2026-04,697.4,0.0,7479114,1450.4,Vertex AI,Model serving endpoints
Edge-Network,s3-06d1496,AWS,2026-04,0.0,49.2,24483443,154.37,S3,Static website hosting
Compliance-Audit,ses-0412488,AWS,2026-04,0.0,0.0,1225734,1.48,SES,Transactional email
Marketing-Platform,lam-0815639,AWS,2026-04,0.0,0.0,14943068,100.61,Lambda,Data transformer
Edge-Network,vpn-0ce6719,AWS,2026-04,448.0,0.0,0,232.11,VPN Gateway,Site-to-site VPN
QA-Testing,lam-03dd851,AWS,2026-04,0.0,0.0,28945999,189.94,Lambda,API gateway handler
Marketing-Platform,csp-0893632,GCP,2026-04,879.8,128.5,60817170,5295.89,Cloud Spanner,Global transaction DB
Security-Ops,s3-087b902,AWS,2026-04,0.0,5229.0,313889,124.2,S3,Log archive bucket
Marketing-Platform,lam-01cf664,AWS,2026-04,0.0,0.0,3431648,23.39,Lambda,Webhook processor
Staging-Env,gcs-049f340,GCP,2026-04,0.0,12904.2,4210276,367.65,Cloud Storage,Data lake bucket
DevOps-Central,kv-0e1b913,AZURE,2026-04,0.0,0.0,265375,0.8,Key Vault,Certificate store
DR-Recovery,kv-0613428,AZURE,2026-04,0.0,0.0,2363340,6.86,Key Vault,Secrets management
Shared-Services,rds-07e6132,AWS,2026-04,570.4,157.9,0,495.54,RDS,db.t3.large development DB
Marketing-Platform,mem-0d11525,GCP,2026-04,455.0,0.0,0,305.72,Memorystore,Redis staging cache
Data-Science,csp-06e0923,GCP,2026-04,585.5,81.8,40676340,3556.17,Cloud Spanner,Global transaction DB
Internal-Tools,ado-02a5507,AZURE,2026-04,0.0,84.7,0,20.33,Azure DevOps,Artifacts storage
Finance-Systems,redis-0210457,AZURE,2026-04,616.8,0.0,0,302.55,Azure Cache for Redis,Standard C2 cache
Production-Main,lam-04f0908,AWS,2026-04,0.0,0.0,16038869,114.75,Lambda,Event processor
Production-Main,vai-0a19252,GCP,2026-04,681.6,0.0,7471065,1460.96,Vertex AI,Model serving endpoints
IoT-Platform,gke-0811879,GCP,2026-04,420.6,0.0,0,1222.6,GKE,Batch processing cluster
Internal-Tools,elb-0796570,AWS,2026-04,445.8,0.0,17660490,132.58,ELB,Application load balancer
Finance-Systems,gcs-0eac954,GCP,2026-04,0.0,10314.8,3294405,293.2,Cloud Storage,Data lake bucket
IoT-Platform,gke-1010325,GCP,2026-04,398.5,0.0,0,1123.89,GKE,Batch processing cluster
DevOps-Central,vm-071c986,AZURE,2026-04,635.0,0.0,0,1498.56,Virtual Machines,D8s v3 application server
Production-Main,eh-0cf0769,AZURE,2026-04,598.1,0.0,25397793,268.33,Event Hubs,Standard throughput units
Partner-Integration,gke-03bf793,GCP,2026-04,666.9,0.0,0,1914.49,GKE,Production API cluster
Edge-Network,gcf-053e433,GCP,2026-04,0.0,0.0,24410955,365.34,Cloud Functions,Pub/Sub processors
Partner-Integration,gcs-1123684,GCP,2026-04,0.0,17794.5,42635,168.65,Cloud Storage,Archive bucket
Shared-Services,cosmos-0e93637,AZURE,2026-04,605.6,85.3,21164723,779.93,Cosmos DB,Event store
Internal-Tools,gke-1001633,GCP,2026-04,509.4,0.0,0,1499.21,GKE,Production API cluster
Production-Main,cdns-004c833,GCP,2026-04,0.0,0.0,15374641,21.82,Cloud DNS,DNS zones
Analytics-Platform,csql-080c279,GCP,2026-04,670.7,182.5,0,778.13,Cloud SQL,PostgreSQL replica
Finance-Systems,func-0826413,AZURE,2026-04,0.0,0.0,5646664,81.62,Azure Functions,API handlers
Partner-Integration,sm-04dc286,AWS,2026-04,0.0,0.0,1286812,4.99,Secrets Manager,Application secrets
ML-Training,sqs-0fc9335,AWS,2026-04,0.0,0.0,529815,0.25,SQS,Dead letter queue
Shared-Services,ado-0b78468,AZURE,2026-04,375.9,0.0,0,190.58,Azure DevOps,Pipelines hosted
Mobile-Backend,acr-0b12701,AZURE,2026-04,0.0,192.7,365288,121.71,Container Registry,Docker image registry
Internal-Tools,cr-0dff606,GCP,2026-04,701.8,0.0,14875598,1049.01,Cloud Run,API gateway service
Staging-Env,gcf-104c819,GCP,2026-04,0.0,0.0,12753599,193.22,Cloud Functions,Data triggers
Finance-Systems,sentinel-05e7563,AZURE,2026-04,0.0,0.0,95971582,2263.76,Microsoft Sentinel,SIEM detection
IoT-Platform,bq-0358745,GCP,2026-04,0.0,11989.6,0,4464.11,BigQuery,ML training datasets
Partner-Integration,vai-0d58936,GCP,2026-04,613.2,0.0,0,3133.2,Vertex AI,Training pipelines
Security-Ops,bq-0ea7997,GCP,2026-04,0.0,1639.8,0,642.53,BigQuery,BI reporting views
Customer-Portal,app-06c7409,AZURE,2026-04,657.5,0.0,0,756.07,App Service,API app P2v3
Staging-Env,vai-0fb5320,GCP,2026-04,529.4,0.0,0,2672.86,Vertex AI,Training pipelines
Customer-Portal,blob-0d44180,AZURE,2026-04,0.0,2218.3,5458097,346.19,Blob Storage,Media content
Compliance-Audit,s3-085f937,AWS,2026-04,0.0,13321.4,2578633,449.92,S3,Data lake raw zone
Internal-Tools,nat-1021535,AWS,2026-04,488.4,0.0,0,106.46,NAT Gateway,Dev VPC NAT
Production-Main,vm-109b381,AZURE,2026-04,831.7,0.0,0,1188.04,Virtual Machines,F4s v2 compute node
Finance-Systems,csql-0234326,GCP,2026-04,601.4,179.0,0,728.98,Cloud SQL,PostgreSQL replica
Marketing-Platform,ddb-0a83584,AWS,2026-04,494.1,35.1,53714202,373.71,DynamoDB,Session store table
Analytics-Platform,aks-00be403,AZURE,2026-04,425.5,0.0,0,621.55,AKS,Dev K8s cluster
Production-Secondary,ado-06e5155,AZURE,2026-04,0.0,108.3,0,25.48,Azure DevOps,Artifacts storage
Production-Secondary,ps-04ae119,GCP,2026-04,0.0,0.0,12165659,151.13,Pub/Sub,Data pipeline
Data-Science,cr-0126386,GCP,2026-04,485.9,0.0,2065618,616.0,Cloud Run,ETL pipeline service
Finance-Systems,kv-0223506,AZURE,2026-04,0.0,0.0,2445621,7.31,Key Vault,Secrets management
Compliance-Audit,elb-0384685,AWS,2026-04,476.2,0.0,33949488,200.56,ELB,Network load balancer
Security-Ops,gke-0885864,GCP,2026-04,3435.7,0.0,0,6489.05,GKE,GPU node pool
QA-Testing,elb-0d43130,AWS,2026-04,802.7,0.0,31530072,236.14,ELB,Application load balancer
Data-Science,i-013a381,AWS,2026-04,476.4,0.0,0,817.96,EC2,r5.xlarge cache server
Marketing-Platform,lam-0906533,AWS,2026-04,0.0,0.0,925225,6.97,Lambda,Cron job runner
Internal-Tools,rds-0757370,AWS,2026-04,468.2,542.6,0,1107.04,RDS,db.m5.xlarge analytics DB
Data-Science,blob-0d06742,AZURE,2026-04,0.0,2059.3,5462489,259.01,Blob Storage,Build artifacts
Analytics-Platform,fs-04c6485,GCP,2026-04,815.4,57.5,34381939,453.26,Firestore,User profiles DB
Compliance-Audit,s3-0fec630,AWS,2026-04,0.0,2780.0,1359706,96.65,S3,Analytics export bucket
Analytics-Platform,csp-0b45210,GCP,2026-04,648.5,94.8,45736403,3942.26,Cloud Spanner,Global transaction DB
Edge-Network,ps-0656496,GCP,2026-04,0.0,0.0,38828429,460.83,Pub/Sub,Log forwarding
Mobile-Backend,vm-0caa975,AZURE,2026-04,684.6,0.0,0,804.21,Virtual Machines,D4s v3 CI runner
Customer-Portal,i-0f9b989,AWS,2026-04,487.4,0.0,0,33.64,EC2,t3.micro bastion host
Finance-Systems,eh-0ee6804,AZURE,2026-04,563.9,0.0,22534332,251.74,Event Hubs,Standard throughput units
Marketing-Platform,rs-0872178,AWS,2026-04,489.1,1413.0,0,2470.79,Redshift,Data warehouse cluster
Internal-Tools,rds-09b5720,AWS,2026-04,595.1,412.7,0,1418.08,RDS,db.r5.xlarge PostgreSQL primary
Security-Ops,ps-0ed2729,GCP,2026-04,0.0,0.0,27938165,325.99,Pub/Sub,Event streaming
Partner-Integration,rs-0ac2999,AWS,2026-04,855.1,2446.0,0,4309.56,Redshift,Data warehouse cluster
Edge-Network,bq-0c3f361,GCP,2026-04,0.0,6138.1,0,2287.68,BigQuery,Analytics data warehouse
Partner-Integration,blob-03ae877,AZURE,2026-04,0.0,3304.4,8559982,410.35,Blob Storage,Build artifacts
Internal-Tools,ebs-02ac590,AWS,2026-04,0.0,1258.3,0,155.52,EBS,gp3 volumes production
IoT-Platform,csql-107e386,GCP,2026-04,764.1,222.3,0,904.25,Cloud SQL,PostgreSQL replica
Compliance-Audit,rds-0396180,AWS,2026-04,658.9,754.4,0,1509.47,RDS,db.m5.xlarge analytics DB
Finance-Systems,redis-0b0d589,AZURE,2026-04,612.1,0.0,0,303.45,Azure Cache for Redis,Standard C2 cache
Customer-Portal,cosmos-0eb5141,AZURE,2026-04,476.2,33.9,9758365,322.56,Cosmos DB,Config store
Data-Science,gcf-0fcd366,GCP,2026-04,0.0,0.0,10948516,155.51,Cloud Functions,Data triggers
Security-Ops,s3-0efa390,AWS,2026-04,0.0,4400.2,267015,107.23,S3,Log archive bucket
Compliance-Audit,s3-0b30830,AWS,2026-04,0.0,3178.0,1564566,114.28,S3,Analytics export bucket
DR-Recovery,sqldb-088f209,AZURE,2026-04,756.7,271.6,0,1289.34,SQL Database,Standard S3 production
Partner-Integration,azmon-05c4257,AZURE,2026-04,0.0,238.7,30936887,325.4,Azure Monitor,Logs and metrics
Customer-Portal,gcf-066a392,GCP,2026-04,0.0,0.0,12440395,180.09,Cloud Functions,Data triggers
Partner-Integration,sqldb-0cdc909,AZURE,2026-04,964.8,358.4,0,1643.08,SQL Database,Standard S3 production
QA-Testing,elb-0e25643,AWS,2026-04,694.1,0.0,9743847,139.98,ELB,Classic load balancer
Security-Ops,ca-0f36993,GCP,2026-04,0.0,0.0,82824262,301.43,Cloud Armor,WAF policies
Security-Ops,s3-06cc595,AWS,2026-04,0.0,4942.2,315346,120.39,S3,Log archive bucket
Production-Secondary,ecs-0598501,AWS,2026-04,315.9,0.0,0,555.14,ECS,Fargate worker cluster
Customer-Portal,elb-111f752,AWS,2026-04,510.0,0.0,34254163,212.08,ELB,Network load balancer
Shared-Services,app-0c91462,AZURE,2026-04,852.9,0.0,0,496.41,App Service,Web app P1v3
Security-Ops,ecs-018c343,AWS,2026-04,490.5,0.0,0,889.79,ECS,Fargate API cluster
Security-Ops,cdns-0ebc188,GCP,2026-04,0.0,0.0,22276893,32.12,Cloud DNS,DNS zones
Internal-Tools,gke-02d1750,GCP,2026-04,549.4,0.0,0,1551.23,GKE,Production API cluster
Production-Secondary,df-008a884,GCP,2026-04,749.3,0.0,0,1757.15,Dataflow,Streaming pipeline
DevOps-Central,ddb-0681556,AWS,2026-04,898.1,12.5,6332046,106.83,DynamoDB,Config store table
Production-Main,gcs-0052261,GCP,2026-04,0.0,432.6,7087628,76.34,Cloud Storage,Temp processing bucket
Production-Main,s3-0e4d988,AWS,2026-04,0.0,1908.8,11695168,462.75,S3,Production asset storage
Compliance-Audit,elb-0e81808,AWS,2026-04,503.8,0.0,34305080,219.12,ELB,Network load balancer
Security-Ops,ec-08b0776,AWS,2026-04,551.9,0.0,0,198.33,ElastiCache,Redis staging cluster
Edge-Network,gcf-0ddd914,GCP,2026-04,0.0,0.0,6174928,88.97,Cloud Functions,Auth handlers
Customer-Portal,blob-025a526,AZURE,2026-04,0.0,4928.0,0,478.92,Blob Storage,Security audit logs
Shared-Services,rds-1103155,AWS,2026-04,470.0,134.7,0,427.62,RDS,db.t3.large development DB
ML-Training,rds-0377190,AWS,2026-04,522.0,382.4,0,1311.99,RDS,db.r5.xlarge PostgreSQL primary
Partner-Integration,azmon-0704778,AZURE,2026-04,0.0,236.2,30122404,311.61,Azure Monitor,Logs and metrics
Shared-Services,cosmos-04a6756,AZURE,2026-04,545.7,78.1,18501564,692.33,Cosmos DB,Event store
Edge-Network,gcf-0ac9744,GCP,2026-04,0.0,0.0,22345342,332.5,Cloud Functions,Pub/Sub processors
Production-Secondary,eh-006c756,AZURE,2026-04,595.1,0.0,24217066,255.3,Event Hubs,Standard throughput units
Finance-Systems,gcf-0c5d229,GCP,2026-04,0.0,0.0,10433067,150.88,Cloud Functions,Data triggers
IoT-Platform,cr-07c2911,GCP,2026-04,466.7,0.0,3837097,388.13,Cloud Run,Webhook handler
Internal-Tools,ec-1024595,AWS,2026-04,543.9,0.0,0,379.35,ElastiCache,Redis production cluster
Data-Science,gcs-06b9860,GCP,2026-04,0.0,10284.1,247120,222.1,Cloud Storage,Backup bucket
Compliance-Audit,i-0779383,AWS,2026-04,729.4,0.0,0,628.36,EC2,m5.large monitoring server
Internal-Tools,gcs-0e2f639,GCP,2026-04,0.0,382.0,6212211,67.87,Cloud Storage,Temp processing bucket
IoT-Platform,cr-0353556,GCP,2026-04,374.2,0.0,1659118,496.29,Cloud Run,ETL pipeline service
Partner-Integration,df-0ade476,GCP,2026-04,950.4,0.0,0,2224.32,Dataflow,Streaming pipeline
Security-Ops,ecs-0752257,AWS,2026-04,566.2,0.0,0,1001.57,ECS,Fargate API cluster
Production-Main,lam-0ef8919,AWS,2026-04,0.0,0.0,27802380,184.91,Lambda,Data transformer
Production-Secondary,blob-0a2b284,AZURE,2026-04,0.0,2360.5,5852995,358.09,Blob Storage,Media content
Production-Secondary,app-0915380,AZURE,2026-04,670.7,0.0,0,94.6,App Service,Web app B1
Data-Science,cosmos-0759587,AZURE,2026-04,662.4,46.6,13359612,423.22,Cosmos DB,Config store
Compliance-Audit,rds-0a2d193,AWS,2026-04,527.2,360.7,0,1314.83,RDS,db.r5.xlarge PostgreSQL primary
Analytics-Platform,mem-1058605,GCP,2026-04,428.5,0.0,0,296.88,Memorystore,Redis production cache
QA-Testing,elb-05f6806,AWS,2026-04,813.4,0.0,31943610,236.88,ELB,Application load balancer
Compliance-Audit,elb-0383198,AWS,2026-04,606.1,0.0,8208283,117.42,ELB,Classic load balancer
Marketing-Platform,rs-01d1175,AWS,2026-04,0.0,0.0,5624142,281.6,Redshift,Spectrum queries
Customer-Portal,clog-0de0960,GCP,2026-04,0.0,590.4,0,141.98,Cloud Logging,Application logs
Data-Science,ps-0123564,GCP,2026-04,0.0,0.0,17659013,218.54,Pub/Sub,Event streaming
Marketing-Platform,fs-01f4370,GCP,2026-04,500.3,14.5,35049360,366.55,Firestore,Session store
Customer-Portal,cosmos-0c5f842,AZURE,2026-04,609.9,45.6,12882687,418.2,Cosmos DB,Config store
Security-Ops,sqldb-1117748,AZURE,2026-04,814.4,58.0,0,160.41,SQL Database,Basic dev database
Compliance-Audit,kin-0f65409,AWS,2026-04,599.7,0.0,24478175,366.59,Kinesis,Data stream ingestion
Partner-Integration,azmon-0a12660,AZURE,2026-04,0.0,175.7,22932006,234.89,Azure Monitor,Logs and metrics
Compliance-Audit,rds-0c5c625,AWS,2026-04,735.7,520.3,0,1412.22,RDS,db.r5.large PostgreSQL replica
Data-Science,clog-06dc217,GCP,2026-04,0.0,234.1,0,54.61,Cloud Logging,Audit logs
DevOps-Central,appi-0de6691,AZURE,2026-04,0.0,0.0,14449401,180.57,Application Insights,Custom metrics
Production-Main,aks-0020880,AZURE,2026-04,1020.5,0.0,0,1520.1,AKS,Staging K8s cluster
Shared-Services,ecs-0196614,AWS,2026-04,246.0,0.0,0,419.63,ECS,Fargate worker cluster
QA-Testing,ec-03e5292,AWS,2026-04,635.5,0.0,0,439.81,ElastiCache,Redis production cluster
Customer-Portal,ebs-0284870,AWS,2026-04,0.0,503.8,0,307.57,EBS,io2 volumes database
Production-Main,fd-100f700,AZURE,2026-04,0.0,0.0,49743813,367.81,Front Door,Global load balancer
Partner-Integration,redis-0b16352,AZURE,2026-04,632.7,0.0,0,313.71,Azure Cache for Redis,Standard C2 cache
Partner-Integration,elb-0a1a739,AWS,2026-04,386.4,0.0,15659743,112.5,ELB,Application load balancer
Marketing-Platform,ddb-10b7797,AWS,2026-04,546.4,7.5,3804889,63.56,DynamoDB,Config store table
Edge-Network,sqs-030f172,AWS,2026-04,0.0,0.0,31885860,15.44,SQS,Event notification queue
IoT-Platform,csql-034c176,GCP,2026-04,898.4,251.9,0,1359.61,Cloud SQL,PostgreSQL primary
DevOps-Central,app-00ec349,AZURE,2026-04,904.3,0.0,0,130.74,App Service,Web app B1
Compliance-Audit,i-09bd329,AWS,2026-04,604.4,0.0,0,506.21,EC2,m5.large monitoring server
Customer-Portal,vpn-0620659,AWS,2026-04,786.8,0.0,0,191.68,VPN Gateway,Client VPN endpoint
Production-Secondary,mem-0096498,GCP,2026-04,328.9,0.0,0,241.91,Memorystore,Redis staging cache
Shared-Services,gcs-01a7453,GCP,2026-04,0.0,3416.1,3489008,242.3,Cloud Storage,Media assets bucket
Data-Science,i-0b26616,AWS,2026-04,662.2,0.0,0,1078.19,EC2,m5.xlarge web server
DevOps-Central,vm-0fba688,AZURE,2026-04,708.0,0.0,0,203.82,Virtual Machines,B2s development VM
Security-Ops,ecs-07b7146,AWS,2026-04,135.8,0.0,0,237.73,ECS,Fargate batch cluster
DevOps-Central,ddb-0c8d504,AWS,2026-04,784.5,11.1,5374901,94.48,DynamoDB,Config store table
Analytics-Platform,csql-0946366,GCP,2026-04,458.1,326.7,0,897.14,Cloud SQL,MySQL analytics
Mobile-Backend,vm-0342261,AZURE,2026-04,515.8,0.0,0,150.3,Virtual Machines,B2s development VM
Customer-Portal,acr-0430482,AZURE,2026-04,0.0,258.4,496874,163.82,Container Registry,Docker image registry
Marketing-Platform,gcf-0202117,GCP,2026-04,0.0,0.0,1864066,27.1,Cloud Functions,Scheduled tasks
Analytics-Platform,gke-057b474,GCP,2026-04,4787.9,0.0,0,9206.12,GKE,GPU node pool
Security-Ops,sqs-100d671,AWS,2026-04,0.0,0.0,37884602,18.64,SQS,Event notification queue
Edge-Network,s3-0e77512,AWS,2026-04,0.0,978.2,1887225,83.8,S3,Artifact storage
Analytics-Platform,cr-0428733,GCP,2026-04,496.6,0.0,2072458,650.04,Cloud Run,ETL pipeline service
Partner-Integration,cmon-03bb762,GCP,2026-04,0.0,0.0,35102099,288.4,Cloud Monitoring,Metrics and alerting
Partner-Integration,sqldb-0a6e846,AZURE,2026-04,699.7,505.8,0,2755.66,SQL Database,Premium P1 analytics
Security-Ops,vpn-0b04791,AWS,2026-04,454.0,0.0,0,109.83,VPN Gateway,Client VPN endpoint
DevOps-Central,kin-05ca757,AWS,2026-04,631.5,0.0,26347216,366.38,Kinesis,Data stream ingestion
Customer-Portal,gcs-097b639,GCP,2026-04,0.0,18056.2,46407,176.17,Cloud Storage,Archive bucket
Production-Secondary,cosmos-068d137,AZURE,2026-04,699.2,190.6,36855112,1481.05,Cosmos DB,User data store
QA-Testing,r53-03eb769,AWS,2026-04,0.0,0.0,51270054,75.75,Route 53,DNS hosting
Production-Secondary,redis-043b543,AZURE,2026-04,872.0,0.0,0,429.76,Azure Cache for Redis,Standard C2 cache
Mobile-Backend,vm-0f2d973,AZURE,2026-04,728.5,0.0,0,2668.97,Virtual Machines,E8s v3 memory-optimized
Production-Secondary,aks-0ef2938,AZURE,2026-04,1148.9,0.0,0,1698.02,AKS,Staging K8s cluster
IoT-Platform,csql-07df484,GCP,2026-04,970.9,278.4,0,1486.88,Cloud SQL,PostgreSQL primary
DevOps-Central,ec-08c9419,AWS,2026-04,694.3,0.0,0,485.61,ElastiCache,Redis production cluster
ML-Training,rs-0cb9386,AWS,2026-04,0.0,0.0,3582937,177.02,Redshift,Spectrum queries
QA-Testing,elb-0fcb895,AWS,2026-04,752.9,0.0,30537091,223.44,ELB,Application load balancer
Production-Secondary,aks-0056966,AZURE,2026-04,277.5,0.0,0,407.2,AKS,Dev K8s cluster
Partner-Integration,sb-0892421,AZURE,2026-04,562.0,0.0,8213949,425.8,Service Bus,Premium messaging
Internal-Tools,ses-06ea830,AWS,2026-04,0.0,0.0,2460216,2.89,SES,Transactional email
Marketing-Platform,clog-01fc511,GCP,2026-04,0.0,519.6,0,123.33,Cloud Logging,Application logs
Customer-Portal,vpn-0c49718,AWS,2026-04,955.5,0.0,0,231.72,VPN Gateway,Client VPN endpoint
Security-Ops,bq-0166748,GCP,2026-04,0.0,8457.7,0,3137.05,BigQuery,ML training datasets
Compliance-Audit,i-0711499,AWS,2026-04,635.3,0.0,0,2148.21,EC2,m5.2xlarge batch processor
ML-Training,i-05c0894,AWS,2026-04,799.5,0.0,0,671.72,EC2,m5.large monitoring server
ML-Training,ebs-0505369,AWS,2026-04,0.0,499.3,0,297.75,EBS,io2 volumes database
Internal-Tools,blob-06fc172,AZURE,2026-04,0.0,5578.7,0,517.31,Blob Storage,Security audit logs
Production-Secondary,i-064a426,AWS,2026-04,393.7,0.0,0,691.58,EC2,r5.xlarge cache server
DR-Recovery,redis-02f0691,AZURE,2026-04,677.5,0.0,0,798.03,Azure Cache for Redis,Premium P1 cache
ML-Training,rds-0d21371,AWS,2026-04,495.2,560.5,0,1147.17,RDS,db.m5.xlarge analytics DB
Analytics-Platform,gke-0717726,GCP,2026-04,541.8,0.0,0,1580.26,GKE,Batch processing cluster
Shared-Services,app-0bad270,AZURE,2026-04,986.0,0.0,0,1165.88,App Service,API app P2v3
DevOps-Central,appi-102a552,AZURE,2026-04,0.0,0.0,15052966,187.37,Application Insights,Custom metrics
Partner-Integration,gke-03c0738,GCP,2026-04,4132.0,0.0,0,8233.6,GKE,GPU node pool
Analytics-Platform,fs-10c4798,GCP,2026-04,1023.2,28.6,69207935,696.84,Firestore,Session store
IoT-Platform,bq-0bb6584,GCP,2026-04,0.0,3362.1,0,1292.88,BigQuery,BI reporting views
Analytics-Platform,bq-0bb4634,GCP,2026-04,0.0,13422.0,0,5149.85,BigQuery,ML training datasets
Edge-Network,i-0326979,AWS,2026-04,486.9,0.0,0,399.02,EC2,t3.large application server
Finance-Systems,gcs-1168650,GCP,2026-04,0.0,11188.5,3685659,309.77,Cloud Storage,Data lake bucket
Production-Secondary,elb-07db529,AWS,2026-04,482.9,0.0,34214694,212.77,ELB,Network load balancer
Marketing-Platform,ddb-0401403,AWS,2026-04,533.3,38.9,60016088,418.22,DynamoDB,Session store table
Staging-Env,cdns-064f880,GCP,2026-04,0.0,0.0,17643574,26.7,Cloud DNS,DNS zones
Analytics-Platform,gcs-0f70340,GCP,2026-04,0.0,2329.3,2173734,161.63,Cloud Storage,Media assets bucket
Finance-Systems,rds-0f07880,AWS,2026-04,760.7,539.5,0,1474.56,RDS,db.r5.large PostgreSQL replica
Staging-Env,gcs-0b01292,GCP,2026-04,0.0,14848.6,37285,140.85,Cloud Storage,Archive bucket
Internal-Tools,blob-029a273,AZURE,2026-04,0.0,10177.6,99182,294.28,Blob Storage,Backup storage
Production-Main,i-0011267,AWS,2026-04,779.9,0.0,0,55.78,EC2,t3.micro bastion host
Staging-Env,gcs-07ed975,GCP,2026-04,0.0,14603.4,4825571,410.79,Cloud Storage,Data lake bucket
Shared-Services,gcs-06e7706,GCP,2026-04,0.0,3359.2,3240039,233.29,Cloud Storage,Media assets bucket
ML-Training,i-0ea3191,AWS,2026-04,720.3,0.0,0,607.96,EC2,m5.large monitoring server
Data-Science,i-0138182,AWS,2026-04,321.3,0.0,0,921.98,EC2,c5.2xlarge HPC node
Compliance-Audit,i-0f48232,AWS,2026-04,572.6,0.0,0,487.08,EC2,m5.large monitoring server
Finance-Systems,gcs-0bb7444,GCP,2026-04,0.0,3130.4,2954058,215.93,Cloud Storage,Media assets bucket
DevOps-Central,blob-05b0338,AZURE,2026-04,0.0,7587.0,75934,218.88,Blob Storage,Backup storage
Marketing-Platform,rds-0ff5598,AWS,2026-04,347.5,103.6,0,417.59,RDS,db.t3.medium MySQL staging
Internal-Tools,blob-05f5277,AZURE,2026-04,0.0,3696.8,9914771,461.42,Blob Storage,Build artifacts
Customer-Portal,vpn-0445666,AWS,2026-04,940.5,0.0,0,231.44,VPN Gateway,Client VPN endpoint
Production-Main,r53-08e7973,AWS,2026-04,0.0,0.0,14034273,19.72,Route 53,Health checks
Edge-Network,fs-0544510,GCP,2026-04,515.7,14.8,36815337,369.75,Firestore,Session store
Customer-Portal,gcf-0715545,GCP,2026-04,0.0,0.0,12975781,182.35,Cloud Functions,Data triggers
Staging-Env,vai-0838396,GCP,2026-04,490.0,0.0,0,2283.71,Vertex AI,Training pipelines
DR-Recovery,appi-0733593,AZURE,2026-04,0.0,0.0,51054943,609.16,Application Insights,APM telemetry
Internal-Tools,s3-04d2237,AWS,2026-04,0.0,4045.5,6416708,280.53,S3,Media content bucket
ML-Training,r53-0977544,AWS,2026-04,0.0,0.0,11844946,17.45,Route 53,Health checks
Production-Secondary,appi-099b256,AZURE,2026-04,0.0,0.0,37770720,461.03,Application Insights,APM telemetry
Marketing-Platform,rds-01e3515,AWS,2026-04,839.9,590.1,0,2083.95,RDS,db.r5.xlarge PostgreSQL primary
Data-Science,cosmos-0157534,AZURE,2026-04,639.7,46.1,13643595,433.67,Cosmos DB,Config store
Shared-Services,s3-05c9296,AWS,2026-04,0.0,13399.3,2647465,434.52,S3,Data lake raw zone
ML-Training,lam-0f1c278,AWS,2026-04,0.0,0.0,9100730,62.24,Lambda,Notification dispatcher
ML-Training,kin-0462370,AWS,2026-04,750.2,0.0,30061227,443.03,Kinesis,Data stream ingestion
Data-Science,gcf-0932830,GCP,2026-04,0.0,0.0,7537948,107.34,Cloud Functions,Auth handlers
Security-Ops,csql-0168938,GCP,2026-04,603.7,176.5,0,726.62,Cloud SQL,PostgreSQL replica
Edge-Network,i-0494187,AWS,2026-04,543.9,0.0,0,1827.42,EC2,m5.2xlarge batch processor
Production-Secondary,sentinel-006a297,AZURE,2026-04,0.0,0.0,62472566,1549.49,Microsoft Sentinel,SIEM detection
Compliance-Audit,s3-0dd2695,AWS,2026-04,0.0,637.4,1215564,52.83,S3,Artifact storage
Partner-Integration,df-077b363,GCP,2026-04,958.5,0.0,0,2305.44,Dataflow,Streaming pipeline
Marketing-Platform,ddb-01da740,AWS,2026-04,565.1,8.3,4081150,68.22,DynamoDB,Config store table
Data-Science,gcf-08b4980,GCP,2026-04,0.0,0.0,8802312,132.09,Cloud Functions,Auth handlers
Compliance-Audit,rds-10cb700,AWS,2026-04,681.9,496.9,0,1743.67,RDS,db.r5.xlarge PostgreSQL primary
Customer-Portal,ps-108d962,GCP,2026-04,0.0,0.0,48985015,597.14,Pub/Sub,Log forwarding
DevOps-Central,kv-0b6f244,AZURE,2026-04,0.0,0.0,361861,1.06,Key Vault,Certificate store
IoT-Platform,csql-105d913,GCP,2026-04,820.4,229.4,0,1283.02,Cloud SQL,PostgreSQL primary
Marketing-Platform,vpn-01d5989,AWS,2026-04,661.4,0.0,0,163.11,VPN Gateway,Client VPN endpoint
Production-Main,aks-07bf182,AZURE,2026-04,1196.9,0.0,0,1670.48,AKS,Staging K8s cluster
Internal-Tools,rds-10b1574,AWS,2026-04,726.5,501.2,0,1405.78,RDS,db.r5.large PostgreSQL replica
Compliance-Audit,r53-037c367,AWS,2026-04,0.0,0.0,6557199,9.32,Route 53,Health checks
Marketing-Platform,gke-0e46732,GCP,2026-04,2472.2,0.0,0,4647.28,GKE,ML training cluster
Customer-Portal,ebs-0bbe242,AWS,2026-04,0.0,536.2,0,323.66,EBS,io2 volumes database
Data-Science,clog-0131653,GCP,2026-04,0.0,254.4,0,60.87,Cloud Logging,Audit logs
Compliance-Audit,i-039f632,AWS,2026-04,630.2,0.0,0,2116.83,EC2,m5.2xlarge batch processor
Customer-Portal,app-0950773,AZURE,2026-04,736.2,0.0,0,864.15,App Service,API app P2v3
Customer-Portal,eh-0f06905,AZURE,2026-04,685.8,0.0,29378285,312.83,Event Hubs,Standard throughput units
Analytics-Platform,gcs-00a2348,GCP,2026-04,0.0,9571.9,228718,209.02,Cloud Storage,Backup bucket
Data-Science,gcf-0e0a728,GCP,2026-04,0.0,0.0,8804488,129.06,Cloud Functions,Auth handlers
Production-Secondary,acr-0066906,AZURE,2026-04,0.0,200.5,387439,127.58,Container Registry,Docker image registry
Data-Science,gcs-0dbd892,GCP,2026-04,0.0,10763.6,267948,240.57,Cloud Storage,Backup bucket
Production-Main,vm-0572465,AZURE,2026-04,562.8,0.0,0,326.56,Virtual Machines,D2s v3 utility server
Shared-Services,cosmos-10bd365,AZURE,2026-04,672.2,95.2,24072365,882.78,Cosmos DB,Event store
Finance-Systems,rds-0a10412,AWS,2026-04,499.3,703.8,0,2165.0,RDS,db.r5.2xlarge Aurora cluster
Analytics-Platform,cr-00b8695,GCP,2026-04,598.8,0.0,12492392,872.94,Cloud Run,API gateway service
Data-Science,i-1124730,AWS,2026-04,357.4,0.0,0,1013.29,EC2,c5.2xlarge HPC node
Partner-Integration,elb-0f47182,AWS,2026-04,559.3,0.0,7852174,114.94,ELB,Classic load balancer
Compliance-Audit,rds-0fa1834,AWS,2026-04,446.5,330.1,0,1152.04,RDS,db.r5.xlarge PostgreSQL primary
Customer-Portal,clog-0c48906,GCP,2026-04,0.0,498.0,0,121.12,Cloud Logging,Application logs
Production-Main,csql-004a734,GCP,2026-04,709.9,514.2,0,1409.12,Cloud SQL,MySQL analytics
Security-Ops,eks-0190684,AWS,2026-04,781.9,0.0,0,2262.01,EKS,Production K8s cluster
Customer-Portal,i-043f493,AWS,2026-04,576.2,0.0,0,1967.2,EC2,r5.2xlarge database server
Internal-Tools,redis-0ed3348,AZURE,2026-04,550.1,0.0,0,270.8,Azure Cache for Redis,Standard C2 cache
Analytics-Platform,gcs-0423920,GCP,2026-04,0.0,10124.3,3257985,299.65,Cloud Storage,Data lake bucket
Mobile-Backend,sqs-0528940,AWS,2026-04,0.0,0.0,328679,0.16,SQS,Dead letter queue
Security-Ops,s3-06c2985,AWS,2026-04,0.0,16516.2,3127401,554.34,S3,Data lake raw zone
Internal-Tools,vm-07f3327,AZURE,2026-04,625.0,0.0,0,378.94,Virtual Machines,D2s v3 utility server
Data-Science,cosmos-0159320,AZURE,2026-04,635.2,184.1,35179097,1389.17,Cosmos DB,User data store
Finance-Systems,func-107c756,AZURE,2026-04,0.0,0.0,5710466,85.82,Azure Functions,API handlers
Production-Main,cf-06b3438,AWS,2026-04,0.0,0.0,76157519,373.4,CloudFront,CDN media distribution
Finance-Systems,aks-0214143,AZURE,2026-04,259.5,0.0,0,387.45,AKS,Dev K8s cluster
Partner-Integration,vai-0ec3418,GCP,2026-04,509.1,0.0,0,2516.29,Vertex AI,Training pipelines
Finance-Systems,app-0227237,AZURE,2026-04,832.5,0.0,0,1040.06,App Service,API app P2v3
Finance-Systems,ado-0925803,AZURE,2026-04,398.0,0.0,0,198.01,Azure DevOps,Pipelines hosted
Compliance-Audit,s3-0a22154,AWS,2026-04,0.0,642.3,1246468,54.94,S3,Artifact storage
Finance-Systems,blob-020a462,AZURE,2026-04,0.0,8777.7,82521,243.03,Blob Storage,Backup storage
Analytics-Platform,kv-05dc790,AZURE,2026-04,0.0,0.0,1465034,4.26,Key Vault,Secrets management
Mobile-Backend,kin-0d78738,AWS,2026-04,603.8,0.0,24423705,350.75,Kinesis,Data stream ingestion
Shared-Services,r53-0b00500,AWS,2026-04,0.0,0.0,7527632,10.79,Route 53,Health checks
Compliance-Audit,s3-0390870,AWS,2026-04,0.0,683.3,1349350,57.95,S3,Artifact storage
Production-Main,i-06fb209,AWS,2026-04,362.7,0.0,0,1004.28,EC2,c5.2xlarge HPC node
Edge-Network,bq-0743744,GCP,2026-04,0.0,4410.7,0,1665.98,BigQuery,Log analytics
DevOps-Central,ddb-10b3290,AWS,2026-04,863.9,12.7,6131160,106.23,DynamoDB,Config store table
Edge-Network,gcf-030c226,GCP,2026-04,0.0,0.0,5587867,85.28,Cloud Functions,Auth handlers
Internal-Tools,cr-02e0943,GCP,2026-04,541.5,0.0,2222237,685.88,Cloud Run,ETL pipeline service
Data-Science,blob-0d8d618,AZURE,2026-04,0.0,2157.3,5139514,344.16,Blob Storage,Media content
Shared-Services,fd-0492244,AZURE,2026-04,0.0,0.0,58565637,427.24,Front Door,Global load balancer
Mobile-Backend,sb-10ff514,AZURE,2026-04,681.6,0.0,9793173,501.54,Service Bus,Premium messaging
IoT-Platform,fs-0936943,GCP,2026-04,900.6,63.6,36466018,491.6,Firestore,User profiles DB
Marketing-Platform,nat-094a230,AWS,2026-04,458.2,0.0,0,104.18,NAT Gateway,Staging VPC NAT
Shared-Services,fd-1046720,AZURE,2026-04,0.0,0.0,59338284,431.17,Front Door,Global load balancer
Finance-Systems,csql-1161612,GCP,2026-04,633.1,186.4,0,1021.26,Cloud SQL,PostgreSQL primary
ML-Training,rds-104f691,AWS,2026-04,514.9,374.3,0,1299.83,RDS,db.r5.xlarge PostgreSQL primary
Finance-Systems,s3-0843623,AWS,2026-04,0.0,1243.2,2512777,105.24,S3,Artifact storage
Customer-Portal,sentinel-110d988,AZURE,2026-04,0.0,0.0,82493843,2083.78,Microsoft Sentinel,SIEM detection
Compliance-Audit,s3-08ab237,AWS,2026-04,0.0,627.3,1209326,53.79,S3,Artifact storage
Analytics-Platform,cr-0fca228,GCP,2026-04,636.6,0.0,12821527,926.99,Cloud Run,API gateway service
Partner-Integration,rds-0d50949,AWS,2026-04,854.9,588.1,0,1609.44,RDS,db.r5.large PostgreSQL replica
Production-Main,lam-0c7c274,AWS,2026-04,0.0,0.0,30782182,211.67,Lambda,Data transformer
Data-Science,mem-0d94995,GCP,2026-04,811.4,0.0,0,567.62,Memorystore,Redis production cache
Marketing-Platform,cdns-01fd830,GCP,2026-04,0.0,0.0,12686578,19.33,Cloud DNS,DNS zones
Finance-Systems,cr-0231576,GCP,2026-04,744.2,0.0,15797073,1128.54,Cloud Run,API gateway service
Mobile-Backend,kv-033d920,AZURE,2026-04,0.0,0.0,427888,1.19,Key Vault,Certificate store
Internal-Tools,gke-02d3277,GCP,2026-04,589.8,0.0,0,1725.21,GKE,Batch processing cluster
Customer-Portal,s3-0283422,AWS,2026-04,0.0,18785.6,3625142,610.14,S3,Data lake raw zone
Shared-Services,azmon-01be752,AZURE,2026-04,0.0,208.2,27044794,279.91,Azure Monitor,Logs and metrics
Production-Main,i-07c0191,AWS,2026-04,315.7,0.0,0,869.86,EC2,c5.2xlarge HPC node
Analytics-Platform,mem-0bc6853,GCP,2026-04,324.5,0.0,0,232.89,Memorystore,Redis staging cache
Data-Science,cosmos-0158552,AZURE,2026-04,681.2,94.7,23563954,864.28,Cosmos DB,Event store
Edge-Network,vai-0305406,GCP,2026-04,608.8,0.0,6444945,1241.26,Vertex AI,Model serving endpoints
DevOps-Central,app-0b0a111,AZURE,2026-04,601.1,0.0,0,741.02,App Service,API app P2v3
Production-Secondary,app-0ca1591,AZURE,2026-04,505.6,0.0,0,75.86,App Service,Web app B1
DevOps-Central,sentinel-1183697,AZURE,2026-04,0.0,0.0,38262249,941.33,Microsoft Sentinel,Log analytics
Compliance-Audit,ses-0f78329,AWS,2026-04,0.0,0.0,1511129,1.76,SES,Transactional email
DevOps-Central,blob-096b361,AZURE,2026-04,0.0,3974.7,0,371.74,Blob Storage,Security audit logs
Production-Secondary,kv-0a1f915,AZURE,2026-04,0.0,0.0,2166690,6.5,Key Vault,Secrets management
Compliance-Audit,vpn-0389183,AWS,2026-04,728.6,0.0,0,184.14,VPN Gateway,Client VPN endpoint
Mobile-Backend,sqs-0def195,AWS,2026-04,0.0,0.0,300929,0.15,SQS,Dead letter queue
Finance-Systems,blob-04ec237,AZURE,2026-04,0.0,6446.5,64292,179.46,Blob Storage,Backup storage
Production-Secondary,ec-040f964,AWS,2026-04,675.6,0.0,0,477.5,ElastiCache,Redis production cluster
Production-Secondary,fs-03fe898,GCP,2026-04,991.7,72.3,43116414,562.06,Firestore,User profiles DB
Shared-Services,app-0707433,AZURE,2026-04,915.3,0.0,0,543.38,App Service,Web app P1v3
Partner-Integration,azmon-0b82239,AZURE,2026-04,0.0,205.8,25927262,269.74,Azure Monitor,Logs and metrics
Shared-Services,rds-0643416,AWS,2026-04,636.9,183.2,0,576.71,RDS,db.t3.large development DB
DevOps-Central,blob-0431268,AZURE,2026-04,0.0,4505.2,0,425.79,Blob Storage,Security audit logs
Staging-Env,bq-0cb3759,GCP,2026-04,0.0,7963.7,0,3114.12,BigQuery,ML training datasets
Production-Main,cf-0a1d761,AWS,2026-04,0.0,0.0,57238403,290.71,CloudFront,CDN API distribution
Customer-Portal,vpn-0562398,AWS,2026-04,789.6,0.0,0,204.16,VPN Gateway,Client VPN endpoint
DevOps-Central,ddb-0ec7667,AWS,2026-04,781.9,10.7,5319816,93.38,DynamoDB,Config store table
Finance-Systems,gcs-022c243,GCP,2026-04,0.0,383.5,6121962,67.31,Cloud Storage,Temp processing bucket
IoT-Platform,fs-06ab458,GCP,2026-04,723.5,19.9,48885077,495.89,Firestore,Session store
Customer-Portal,ses-05b1907,AWS,2026-04,0.0,0.0,635688,0.77,SES,Marketing email
IoT-Platform,cr-0fe5621,GCP,2026-04,442.0,0.0,3671340,364.12,Cloud Run,Webhook handler
Production-Secondary,app-0680416,AZURE,2026-04,609.2,0.0,0,89.44,App Service,Web app B1
Marketing-Platform,ca-0d87226,GCP,2026-04,0.0,0.0,61730254,219.48,Cloud Armor,WAF policies
Data-Science,rds-0133470,AWS,2026-04,676.3,183.8,0,568.26,RDS,db.t3.large development DB
Security-Ops,ps-0e6d862,GCP,2026-04,0.0,0.0,31521425,381.48,Pub/Sub,Event streaming
Production-Secondary,r53-10de681,AWS,2026-04,0.0,0.0,6292399,9.24,Route 53,Health checks
Customer-Portal,sqldb-0aef333,AZURE,2026-04,557.8,396.8,0,2197.77,SQL Database,Premium P1 analytics
Edge-Network,ebs-0da6405,AWS,2026-04,0.0,121.6,0,14.11,EBS,gp3 volumes staging
DevOps-Central,vpn-00cd561,AWS,2026-04,469.1,0.0,0,228.91,VPN Gateway,Site-to-site VPN
Internal-Tools,ec-073e687,AWS,2026-04,578.0,0.0,0,389.16,ElastiCache,Redis production cluster
Internal-Tools,gke-06b8573,GCP,2026-04,609.4,0.0,0,1766.46,GKE,Production API cluster
Compliance-Audit,s3-0d2d241,AWS,2026-04,0.0,43.2,21084139,132.88,S3,Static website hosting
Marketing-Platform,vai-0acd729,GCP,2026-04,626.8,0.0,0,3056.59,Vertex AI,Training pipelines
Production-Secondary,ps-0670812,GCP,2026-04,0.0,0.0,13908747,171.18,Pub/Sub,Data pipeline
Production-Secondary,redis-1115354,AZURE,2026-04,815.8,0.0,0,943.35,Azure Cache for Redis,Premium P1 cache
ML-Training,ebs-037b837,AWS,2026-04,0.0,571.4,0,346.66,EBS,io2 volumes database
DevOps-Central,r53-0abf412,AWS,2026-04,0.0,0.0,7071637,10.25,Route 53,Health checks
IoT-Platform,bq-0a5e886,GCP,2026-04,0.0,2341.7,0,873.35,BigQuery,BI reporting views
Finance-Systems,sqldb-0fad517,AZURE,2026-04,827.1,299.0,0,1351.71,SQL Database,Standard S3 production
DR-Recovery,fd-05f1355,AZURE,2026-04,0.0,0.0,73885328,527.08,Front Door,Global load balancer
Marketing-Platform,r53-0873117,AWS,2026-04,0.0,0.0,59109656,84.18,Route 53,DNS hosting
Finance-Systems,rds-023c556,AWS,2026-04,869.5,602.3,0,2120.16,RDS,db.r5.xlarge PostgreSQL primary
Production-Main,clog-08cc138,GCP,2026-04,0.0,264.1,0,63.18,Cloud Logging,Audit logs
Data-Science,rs-116d833,AWS,2026-04,605.2,1768.0,0,3139.31,Redshift,Data warehouse cluster
Security-Ops,sqldb-116a549,AZURE,2026-04,881.3,59.4,0,171.62,SQL Database,Basic dev database
Edge-Network,vpn-04e0116,AWS,2026-04,580.0,0.0,0,140.58,VPN Gateway,Client VPN endpoint
Partner-Integration,mem-0b49465,GCP,2026-04,209.3,0.0,0,149.3,Memorystore,Redis staging cache
Production-Secondary,blob-0837822,AZURE,2026-04,0.0,6363.9,2296414,318.6,Blob Storage,Data lake storage
Shared-Services,ado-01c4881,AZURE,2026-04,0.0,88.1,0,21.47,Azure DevOps,Artifacts storage
Data-Science,clog-092e252,GCP,2026-04,0.0,236.6,0,55.59,Cloud Logging,Audit logs
Marketing-Platform,ps-01f8386,GCP,2026-04,0.0,0.0,16231927,205.21,Pub/Sub,Data pipeline
DevOps-Central,aks-0e16624,AZURE,2026-04,395.6,0.0,0,575.84,AKS,Dev K8s cluster
Staging-Env,csp-00ff406,GCP,2026-04,514.6,75.4,37032126,3075.44,Cloud Spanner,Global transaction DB
Mobile-Backend,sqs-0730520,AWS,2026-04,0.0,0.0,360165,0.17,SQS,Dead letter queue
Mobile-Backend,sqs-0a98298,AWS,2026-04,0.0,0.0,299264,0.14,SQS,Dead letter queue
Mobile-Backend,sb-0b13801,AZURE,2026-04,0.0,0.0,13427658,33.8,Service Bus,Standard messaging
Edge-Network,ebs-09fb469,AWS,2026-04,0.0,169.7,0,20.12,EBS,gp3 volumes staging
Shared-Services,appi-0edc199,AZURE,2026-04,0.0,0.0,38060427,462.37,Application Insights,APM telemetry
Production-Secondary,blob-0a70809,AZURE,2026-04,0.0,15381.2,38055,118.47,Blob Storage,Archive tier
DevOps-Central,vm-0adb335,AZURE,2026-04,616.9,0.0,0,1521.35,Virtual Machines,D8s v3 application server
Production-Secondary,app-0db8839,AZURE,2026-04,544.6,0.0,0,83.49,App Service,Web app B1
Customer-Portal,eh-1049771,AZURE,2026-04,0.0,498.1,0,116.6,Event Hubs,Capture to storage
Shared-Services,rds-01a0568,AWS,2026-04,802.4,578.2,0,2087.49,RDS,db.r5.xlarge PostgreSQL primary
Edge-Network,cf-0310235,AWS,2026-04,0.0,0.0,141777392,721.35,CloudFront,CDN media distribution
Shared-Services,ado-0add561,AZURE,2026-04,0.0,88.5,0,21.16,Azure DevOps,Artifacts storage
Shared-Services,aks-01c2470,AZURE,2026-04,378.7,0.0,0,552.64,AKS,Dev K8s cluster
Production-Secondary,sqldb-09a8374,AZURE,2026-04,430.5,149.6,0,686.64,SQL Database,Standard S3 production
Finance-Systems,rds-04ac243,AWS,2026-04,564.6,806.0,0,2519.74,RDS,db.r5.2xlarge Aurora cluster
Analytics-Platform,vai-0e19502,GCP,2026-04,179.1,0.0,0,874.58,Vertex AI,AutoML jobs
Finance-Systems,eks-0f96669,AWS,2026-04,795.9,0.0,0,2306.17,EKS,Production K8s cluster
Shared-Services,vm-0ea9500,AZURE,2026-04,851.7,0.0,0,3030.47,Virtual Machines,E8s v3 memory-optimized
Marketing-Platform,rds-01e4174,AWS,2026-04,599.2,416.9,0,1143.48,RDS,db.r5.large PostgreSQL replica
Internal-Tools,gke-0cab252,GCP,2026-04,597.5,0.0,0,1713.19,GKE,Production API cluster
Shared-Services,fd-0768299,AZURE,2026-04,0.0,0.0,58900580,424.81,Front Door,Global load balancer
Internal-Tools,clog-0d2a461,GCP,2026-04,0.0,490.7,0,119.87,Cloud Logging,Application logs
Mobile-Backend,vm-081d742,AZURE,2026-04,852.4,0.0,0,1011.28,Virtual Machines,D4s v3 CI runner
DevOps-Central,appi-076d459,AZURE,2026-04,0.0,0.0,62863826,767.31,Application Insights,APM telemetry
Finance-Systems,aks-1127320,AZURE,2026-04,223.2,0.0,0,340.98,AKS,Dev K8s cluster
Shared-Services,ado-01c3479,AZURE,2026-04,515.6,0.0,0,249.12,Azure DevOps,Pipelines hosted
Internal-Tools,cr-08e3742,GCP,2026-04,882.9,0.0,18656789,1282.65,Cloud Run,API gateway service
Partner-Integration,sqs-0cd1270,AWS,2026-04,0.0,0.0,448588,0.22,SQS,Dead letter queue
Production-Main,r53-0708555,AWS,2026-04,0.0,0.0,10058825,14.23,Route 53,Health checks
Finance-Systems,s3-0246846,AWS,2026-04,0.0,1150.2,2191359,96.98,S3,Artifact storage
Production-Secondary,blob-0981146,AZURE,2026-04,0.0,10159.0,97081,291.69,Blob Storage,Backup storage
Staging-Env,vai-04fe557,GCP,2026-04,181.9,0.0,0,879.51,Vertex AI,AutoML jobs
Marketing-Platform,sm-1039320,AWS,2026-04,0.0,0.0,963748,3.76,Secrets Manager,Application secrets
Finance-Systems,elb-0c43172,AWS,2026-04,519.8,0.0,7294592,100.48,ELB,Classic load balancer
Production-Main,s3-0014680,AWS,2026-04,0.0,1749.0,10164538,414.44,S3,Production asset storage
ML-Training,ec-0693709,AWS,2026-04,1036.8,0.0,0,714.05,ElastiCache,Redis production cluster
Production-Secondary,blob-0488174,AZURE,2026-04,0.0,2336.0,6205608,289.66,Blob Storage,Build artifacts
Finance-Systems,app-0548668,AZURE,2026-04,925.4,0.0,0,139.22,App Service,Web app B1
Partner-Integration,sqldb-0665143,AZURE,2026-04,869.8,311.3,0,1452.37,SQL Database,Standard S3 production
Shared-Services,ebs-01a3398,AWS,2026-04,0.0,544.1,0,328.15,EBS,io2 volumes database
IoT-Platform,mem-0362959,GCP,2026-04,314.5,0.0,0,220.2,Memorystore,Redis staging cache
Marketing-Platform,rds-0b94353,AWS,2026-04,301.8,84.4,0,345.58,RDS,db.t3.medium MySQL staging
Partner-Integration,ps-0eee659,GCP,2026-04,0.0,0.0,34924461,422.06,Pub/Sub,Event streaming
Customer-Portal,sentinel-0682220,AZURE,2026-04,0.0,0.0,48136153,1138.84,Microsoft Sentinel,Log analytics
Staging-Env,gcs-0956604,GCP,2026-04,0.0,16435.7,38884,159.25,Cloud Storage,Archive bucket
Shared-Services,ado-0850519,AZURE,2026-04,0.0,69.9,0,16.32,Azure DevOps,Artifacts storage
Compliance-Audit,ses-07fa563,AWS,2026-04,0.0,0.0,1652083,1.88,SES,Transactional email
Internal-Tools,gcs-098f275,GCP,2026-04,0.0,340.0,5283619,59.81,Cloud Storage,Temp processing bucket
Partner-Integration,redis-0663905,AZURE,2026-04,609.6,0.0,0,302.93,Azure Cache for Redis,Standard C2 cache
Edge-Network,vpn-0f3a733,AWS,2026-04,495.3,0.0,0,119.59,VPN Gateway,Client VPN endpoint
Production-Main,gcs-0054726,GCP,2026-04,0.0,16680.9,5223939,462.19,Cloud Storage,Data lake bucket
Production-Secondary,sqldb-006f710,AZURE,2026-04,478.5,169.8,0,783.44,SQL Database,Standard S3 production
Security-Ops,ebs-10a2954,AWS,2026-04,0.0,585.8,0,353.18,EBS,io2 volumes database
Staging-Env,bq-00fb170,GCP,2026-04,0.0,8104.4,0,3026.41,BigQuery,ML training datasets
ML-Training,lam-0f35499,AWS,2026-04,0.0,0.0,11842571,83.34,Lambda,Notification dispatcher
Data-Science,bq-011e164,GCP,2026-04,0.0,6809.7,0,2577.15,BigQuery,Analytics data warehouse
Customer-Portal,ses-099c582,AWS,2026-04,0.0,0.0,731079,0.83,SES,Marketing email
Production-Secondary,redis-0f93554,AZURE,2026-04,937.1,0.0,0,480.52,Azure Cache for Redis,Standard C2 cache
Production-Main,aks-0ee4408,AZURE,2026-04,1070.2,0.0,0,1626.04,AKS,Staging K8s cluster
Compliance-Audit,rs-037f769,AWS,2026-04,0.0,0.0,4544906,217.93,Redshift,Spectrum queries
Partner-Integration,cf-03cf862,AWS,2026-04,0.0,0.0,34995854,169.1,CloudFront,CDN API distribution
DevOps-Central,vm-00dd933,AZURE,2026-04,906.6,0.0,0,532.7,Virtual Machines,D2s v3 utility server
Security-Ops,ecs-04c3278,AWS,2026-04,490.4,0.0,0,874.59,ECS,Fargate API cluster
Marketing-Platform,ddb-0644636,AWS,2026-04,629.2,44.7,70985649,484.76,DynamoDB,Session store table
Internal-Tools,gcs-0bfc844,GCP,2026-04,0.0,2172.8,1049314,331.91,Cloud Storage,Model artifacts
Security-Ops,lam-10f3942,AWS,2026-04,0.0,0.0,3352766,23.81,Lambda,Image resizer
Production-Main,cf-090e801,AWS,2026-04,0.0,0.0,46912858,225.74,CloudFront,CDN API distribution
Production-Main,vm-071d819,AZURE,2026-04,686.7,0.0,0,1632.26,Virtual Machines,D8s v3 application server
Finance-Systems,rds-0a4f386,AWS,2026-04,896.8,655.1,0,2316.03,RDS,db.r5.xlarge PostgreSQL primary
ML-Training,lam-0ec1508,AWS,2026-04,0.0,0.0,10812514,74.02,Lambda,Notification dispatcher
Customer-Portal,fd-048a408,AZURE,2026-04,0.0,0.0,63270297,479.44,Front Door,Global load balancer
Analytics-Platform,cr-0eab693,GCP,2026-04,384.6,0.0,1573161,486.95,Cloud Run,ETL pipeline service
DR-Recovery,fd-0d5c299,AZURE,2026-04,0.0,0.0,76012310,564.03,Front Door,Global load balancer
Customer-Portal,i-0ea6657,AWS,2026-04,597.3,0.0,0,42.97,EC2,t3.micro bastion host
Analytics-Platform,mem-05f3682,GCP,2026-04,564.6,0.0,0,402.59,Memorystore,Redis production cache
Production-Secondary,sqldb-0772825,AZURE,2026-04,431.3,153.1,0,723.61,SQL Database,Standard S3 production
Production-Secondary,ecs-03f5609,AWS,2026-04,270.5,0.0,0,489.89,ECS,Fargate batch cluster
DevOps-Central,kin-06cf628,AWS,2026-04,775.9,0.0,21728341,309.5,Kinesis,Firehose delivery
Data-Science,i-06b7985,AWS,2026-04,707.3,0.0,0,299.96,EC2,t3.medium API server
Security-Ops,ecs-0989841,AWS,2026-04,453.4,0.0,0,807.5,ECS,Fargate API cluster
Production-Main,lam-0006400,AWS,2026-04,0.0,0.0,40013219,277.34,Lambda,Auth token validator
Staging-Env,bq-0662637,GCP,2026-04,0.0,1412.3,0,545.8,BigQuery,BI reporting views
Customer-Portal,eh-0467686,AZURE,2026-04,0.0,587.0,0,141.55,Event Hubs,Capture to storage
Data-Science,cr-0726598,GCP,2026-04,503.9,0.0,2195347,676.75,Cloud Run,ETL pipeline service
Mobile-Backend,vm-08ed373,AZURE,2026-04,501.6,0.0,0,4347.25,Virtual Machines,NC6s v3 GPU VM
Partner-Integration,rds-0f56547,AWS,2026-04,338.5,97.2,0,389.57,RDS,db.t3.medium MySQL staging
Data-Science,clog-0a7e301,GCP,2026-04,0.0,459.1,0,111.57,Cloud Logging,Application logs
Customer-Portal,i-110a445,AWS,2026-04,663.1,0.0,0,556.42,EC2,t3.large application server
Data-Science,cr-117a251,GCP,2026-04,308.2,0.0,1262385,259.16,Cloud Run,Image processor
Production-Main,cf-06a8576,AWS,2026-04,0.0,0.0,87378826,426.03,CloudFront,CDN media distribution
Internal-Tools,rds-0dc8281,AWS,2026-04,483.2,536.7,0,1074.51,RDS,db.m5.xlarge analytics DB
DevOps-Central,aks-10dc270,AZURE,2026-04,306.0,0.0,0,428.08,AKS,Dev K8s cluster
Internal-Tools,s3-0e8e973,AWS,2026-04,0.0,1002.4,2018522,82.67,S3,Artifact storage
Analytics-Platform,cmon-048b548,GCP,2026-04,0.0,0.0,18720723,139.96,Cloud Monitoring,Metrics and alerting
Edge-Network,ebs-0c62549,AWS,2026-04,0.0,159.4,0,19.52,EBS,gp3 volumes staging
Production-Main,lam-0e1f721,AWS,2026-04,0.0,0.0,29021742,192.53,Lambda,Data transformer
QA-Testing,lam-03df419,AWS,2026-04,0.0,0.0,72676255,491.65,Lambda,Auth token validator
Edge-Network,eks-0322850,AWS,2026-04,413.7,0.0,0,1242.09,EKS,Staging K8s cluster
Marketing-Platform,cr-01f7175,GCP,2026-04,476.1,0.0,2019194,598.06,Cloud Run,ETL pipeline service
DR-Recovery,eh-0842602,AZURE,2026-04,0.0,433.6,0,104.3,Event Hubs,Capture to storage
Production-Main,ebs-117e412,AWS,2026-04,0.0,651.1,0,392.82,EBS,io2 volumes database
Internal-Tools,lam-0e60938,AWS,2026-04,0.0,0.0,29474700,197.68,Lambda,API gateway handler
Internal-Tools,gke-0723395,GCP,2026-04,581.3,0.0,0,1740.04,GKE,Production API cluster
Data-Science,ddb-0647670,AWS,2026-04,573.8,80.1,117830645,842.38,DynamoDB,Cache table
Production-Main,s3-06ad806,AWS,2026-04,0.0,13903.1,2728497,464.56,S3,Data lake raw zone
Production-Main,gcs-0cc1765,GCP,2026-04,0.0,22007.4,52239,212.37,Cloud Storage,Archive bucket
Shared-Services,nat-01a5784,AWS,2026-04,539.8,0.0,0,121.08,NAT Gateway,Staging VPC NAT
Data-Science,rds-069c314,AWS,2026-04,550.2,391.7,0,1380.02,RDS,db.r5.xlarge PostgreSQL primary
Internal-Tools,lam-07ca671,AWS,2026-04,0.0,0.0,22180077,150.39,Lambda,Data transformer
Production-Main,lam-104a539,AWS,2026-04,0.0,0.0,34952763,228.08,Lambda,Data transformer
Analytics-Platform,eh-09e2725,AZURE,2026-04,0.0,389.3,0,90.31,Event Hubs,Capture to storage
Finance-Systems,rds-074a363,AWS,2026-04,599.2,708.0,0,1393.25,RDS,db.m5.xlarge analytics DB
Staging-Env,gcf-0c8e538,GCP,2026-04,0.0,0.0,24439879,359.96,Cloud Functions,Pub/Sub processors
Security-Ops,mem-0163703,GCP,2026-04,563.0,0.0,0,399.93,Memorystore,Redis production cache
Customer-Portal,gcf-0429675,GCP,2026-04,0.0,0.0,12263815,184.62,Cloud Functions,Data triggers
Compliance-Audit,ec-04a7468,AWS,2026-04,579.2,0.0,0,397.8,ElastiCache,Redis production cluster
Partner-Integration,fd-03b3380,AZURE,2026-04,0.0,0.0,66411750,473.51,Front Door,Global load balancer
Internal-Tools,lam-0abb122,AWS,2026-04,0.0,0.0,1094216,7.81,Lambda,Cron job runner
Production-Secondary,blob-0e0e879,AZURE,2026-04,0.0,13664.2,33498,105.18,Blob Storage,Archive tier
Mobile-Backend,ebs-086b693,AWS,2026-04,0.0,3501.2,0,146.97,EBS,st1 volumes archive
Edge-Network,rds-0457903,AWS,2026-04,455.6,317.0,0,1143.18,RDS,db.r5.xlarge PostgreSQL primary
Compliance-Audit,sm-05b3121,AWS,2026-04,0.0,0.0,1151404,4.37,Secrets Manager,Application secrets
Internal-Tools,aks-0697488,AZURE,2026-04,230.2,0.0,0,328.47,AKS,Dev K8s cluster
IoT-Platform,csql-057c410,GCP,2026-04,820.5,233.2,0,1256.63,Cloud SQL,PostgreSQL primary
Staging-Env,gcs-08f2137,GCP,2026-04,0.0,14358.4,35591,136.89,Cloud Storage,Archive bucket
Security-Ops,s3-0185416,AWS,2026-04,0.0,5168.6,314771,125.52,S3,Log archive bucket
Customer-Portal,fs-0821122,GCP,2026-04,708.1,50.7,30718912,411.07,Firestore,User profiles DB
Production-Main,lam-0be7690,AWS,2026-04,0.0,0.0,6840708,46.48,Lambda,Notification dispatcher
Shared-Services,nat-0713424,AWS,2026-04,586.6,0.0,0,129.16,NAT Gateway,Staging VPC NAT
Analytics-Platform,clog-0a78329,GCP,2026-04,0.0,436.1,0,103.89,Cloud Logging,Application logs
Customer-Portal,sb-08f0351,AZURE,2026-04,613.2,0.0,8534092,464.97,Service Bus,Premium messaging
Finance-Systems,rds-0545685,AWS,2026-04,847.9,598.0,0,2153.85,RDS,db.r5.xlarge PostgreSQL primary
Analytics-Platform,bq-08d4406,GCP,2026-04,0.0,1973.4,0,737.29,BigQuery,BI reporting views
ML-Training,rs-0364324,AWS,2026-04,0.0,0.0,3913699,186.37,Redshift,Spectrum queries
Internal-Tools,rds-04c8593,AWS,2026-04,549.9,630.8,0,1292.89,RDS,db.m5.xlarge analytics DB
Production-Main,cf-0c6e848,AWS,2026-04,0.0,0.0,30675327,152.74,CloudFront,CDN API distribution
Finance-Systems,clog-023a470,GCP,2026-04,0.0,197.3,0,47.25,Cloud Logging,Audit logs
Customer-Portal,redis-0d24250,AZURE,2026-04,875.9,0.0,0,436.87,Azure Cache for Redis,Standard C2 cache
Data-Science,nat-0568861,AWS,2026-04,423.7,0.0,0,97.43,NAT Gateway,Staging VPC NAT
Compliance-Audit,rds-0424610,AWS,2026-04,613.5,448.5,0,1552.63,RDS,db.r5.xlarge PostgreSQL primary
Internal-Tools,sqs-02ae931,AWS,2026-04,0.0,0.0,548168,0.26,SQS,Dead letter queue
Finance-Systems,sentinel-0ce7822,AZURE,2026-04,0.0,0.0,90633967,2145.34,Microsoft Sentinel,SIEM detection
Internal-Tools,ec-0a53778,AWS,2026-04,522.7,0.0,0,375.19,ElastiCache,Redis production cluster
Internal-Tools,lam-02c9216,AWS,2026-04,0.0,0.0,33496940,229.14,Lambda,API gateway handler
Shared-Services,rds-07c6808,AWS,2026-04,507.7,148.1,0,459.14,RDS,db.t3.large development DB
Shared-Services,func-1016313,AZURE,2026-04,0.0,0.0,3118004,45.36,Azure Functions,Webhook processor
Production-Secondary,redis-0c21685,AZURE,2026-04,884.4,0.0,0,1032.18,Azure Cache for Redis,Premium P1 cache
Security-Ops,ecs-0f99165,AWS,2026-04,381.9,0.0,0,657.15,ECS,Fargate API cluster
Shared-Services,rds-0b02683,AWS,2026-04,435.0,622.3,0,1908.11,RDS,db.r5.2xlarge Aurora cluster
Marketing-Platform,rs-01d2424,AWS,2026-04,494.5,1454.6,0,2531.01,Redshift,Data warehouse cluster
Production-Secondary,sqldb-06a0823,AZURE,2026-04,543.8,195.3,0,880.58,SQL Database,Standard S3 production
Internal-Tools,aks-04c1633,AZURE,2026-04,1280.9,0.0,0,1877.59,AKS,Staging K8s cluster
Security-Ops,bq-0b46741,GCP,2026-04,0.0,6812.1,0,2668.66,BigQuery,Analytics data warehouse
Security-Ops,lam-0aaf344,AWS,2026-04,0.0,0.0,3964890,27.92,Lambda,Image resizer
Marketing-Platform,cr-10aa944,GCP,2026-04,415.8,0.0,1728095,512.58,Cloud Run,ETL pipeline service
Compliance-Audit,i-0d15800,AWS,2026-04,554.2,0.0,0,777.04,EC2,c5.xlarge compute worker
Edge-Network,s3-0fda230,AWS,2026-04,0.0,965.3,1897458,81.19,S3,Artifact storage
Production-Main,cmon-0a6d976,GCP,2026-04,0.0,0.0,24893230,191.71,Cloud Monitoring,Metrics and alerting
Production-Secondary,app-1121363,AZURE,2026-04,1170.3,0.0,0,700.43,App Service,Web app P1v3
Analytics-Platform,bq-04ee997,GCP,2026-04,0.0,14210.3,0,5351.12,BigQuery,ML training datasets
Security-Ops,s3-0b4a511,AWS,2026-04,0.0,4664.9,297902,112.86,S3,Log archive bucket
Data-Science,csql-0443816,GCP,2026-04,662.6,460.9,0,1248.2,Cloud SQL,MySQL analytics
QA-Testing,r53-0d45682,AWS,2026-04,0.0,0.0,45279308,66.99,Route 53,DNS hosting
QA-Testing,r53-03ea149,AWS,2026-04,0.0,0.0,10033448,14.54,Route 53,Health checks
Internal-Tools,ec-0588801,AWS,2026-04,473.2,0.0,0,329.34,ElastiCache,Redis production cluster
Analytics-Platform,cr-00ba535,GCP,2026-04,453.9,0.0,1981393,576.24,Cloud Run,ETL pipeline service
Security-Ops,ecs-076f734,AWS,2026-04,135.4,0.0,0,240.71,ECS,Fargate batch cluster
Production-Main,s3-076c637,AWS,2026-04,0.0,44.8,23081710,141.84,S3,Static website hosting
Data-Science,clog-0f9e217,GCP,2026-04,0.0,403.7,0,94.93,Cloud Logging,Application logs
Internal-Tools,ec-0497288,AWS,2026-04,457.3,0.0,0,315.28,ElastiCache,Redis production cluster
Production-Main,aks-0b11718,AZURE,2026-04,517.3,0.0,0,2348.13,AKS,Production K8s cluster
Shared-Services,gcs-0d20611,GCP,2026-04,0.0,481.4,7721164,86.58,Cloud Storage,Temp processing bucket
Production-Secondary,sqldb-04cb316,AZURE,2026-04,423.5,151.0,0,681.77,SQL Database,Standard S3 production
Production-Secondary,vai-105f825,GCP,2026-04,201.5,0.0,0,994.13,Vertex AI,AutoML jobs
Finance-Systems,sentinel-0984463,AZURE,2026-04,0.0,0.0,113897082,2832.59,Microsoft Sentinel,SIEM detection
Production-Secondary,acr-0a81124,AZURE,2026-04,0.0,227.6,437965,140.5,Container Registry,Docker image registry
Partner-Integration,vai-1186733,GCP,2026-04,562.0,0.0,0,2726.03,Vertex AI,Training pipelines
Marketing-Platform,rds-0fe1560,AWS,2026-04,457.8,328.1,0,907.8,RDS,db.r5.large PostgreSQL replica
Analytics-Platform,bq-09ec448,GCP,2026-04,0.0,1861.3,0,694.12,BigQuery,BI reporting views
DevOps-Central,blob-060f173,AZURE,2026-04,0.0,4143.4,0,396.52,Blob Storage,Security audit logs
Customer-Portal,elb-0a54570,AWS,2026-04,668.7,0.0,26763969,194.27,ELB,Application load balancer
Internal-Tools,lam-0782653,AWS,2026-04,0.0,0.0,1078172,7.66,Lambda,Cron job runner
Customer-Portal,s3-0417989,AWS,2026-04,0.0,15893.4,3107684,537.85,S3,Data lake raw zone
Staging-Env,gcs-08f9516,GCP,2026-04,0.0,16249.7,41230,155.68,Cloud Storage,Archive bucket
Customer-Portal,mem-0277393,GCP,2026-04,337.7,0.0,0,239.88,Memorystore,Redis staging cache
Marketing-Platform,ps-0c52845,GCP,2026-04,0.0,0.0,40585081,509.2,Pub/Sub,Log forwarding
DevOps-Central,appi-0710252,AZURE,2026-04,0.0,0.0,48655315,617.13,Application Insights,APM telemetry
Staging-Env,cr-0448765,GCP,2026-04,626.4,0.0,2645982,823.12,Cloud Run,ETL pipeline service
Mobile-Backend,sqldb-0f79775,AZURE,2026-04,820.0,283.7,0,1282.96,SQL Database,Standard S3 production
Internal-Tools,s3-02bb548,AWS,2026-04,0.0,930.7,1887187,79.79,S3,Artifact storage
Shared-Services,rds-0533968,AWS,2026-04,581.6,411.3,0,1150.23,RDS,db.r5.large PostgreSQL replica
Edge-Network,s3-0ec2367,AWS,2026-04,0.0,891.8,1750081,72.91,S3,Artifact storage
Marketing-Platform,cdns-0edd593,GCP,2026-04,0.0,0.0,13182864,18.65,Cloud DNS,DNS zones
Security-Ops,bq-1170876,GCP,2026-04,0.0,1674.6,0,635.51,BigQuery,BI reporting views
Marketing-Platform,vpn-0a2e654,AWS,2026-04,727.5,0.0,0,186.92,VPN Gateway,Client VPN endpoint
Data-Science,blob-0fc5519,AZURE,2026-04,0.0,9744.4,97749,284.57,Blob Storage,Backup storage
Analytics-Platform,clog-06d5147,GCP,2026-04,0.0,370.0,0,88.03,Cloud Logging,Application logs
Production-Main,ecs-082a733,AWS,2026-04,375.2,0.0,0,684.53,ECS,Fargate worker cluster
IoT-Platform,csql-09b6525,GCP,2026-04,828.4,238.4,0,1329.25,Cloud SQL,PostgreSQL primary
Marketing-Platform,mem-0c1f707,GCP,2026-04,507.4,0.0,0,362.91,Memorystore,Redis production cache
Internal-Tools,cf-095a942,AWS,2026-04,0.0,0.0,41357555,206.27,CloudFront,CDN API distribution
Production-Secondary,aks-05a2662,AZURE,2026-04,304.1,0.0,0,438.53,AKS,Dev K8s cluster
Partner-Integration,elb-0f50855,AWS,2026-04,694.6,0.0,10141901,142.43,ELB,Classic load balancer
DevOps-Central,sentinel-0844469,AZURE,2026-04,0.0,0.0,38642308,969.46,Microsoft Sentinel,Log analytics
Production-Secondary,r53-0087224,AWS,2026-04,0.0,0.0,58911754,88.52,Route 53,DNS hosting
IoT-Platform,bq-0356304,GCP,2026-04,0.0,6313.9,0,2393.03,BigQuery,Analytics data warehouse
Shared-Services,rds-0798140,AWS,2026-04,516.5,724.8,0,2244.15,RDS,db.r5.2xlarge Aurora cluster
Shared-Services,fd-0c6c604,AZURE,2026-04,0.0,0.0,59506307,440.63,Front Door,Global load balancer
Shared-Services,rds-088e703,AWS,2026-04,487.9,683.2,0,2072.15,RDS,db.r5.2xlarge Aurora cluster
Production-Secondary,ca-0099778,GCP,2026-04,0.0,0.0,102225198,372.78,Cloud Armor,WAF policies
Customer-Portal,elb-062f711,AWS,2026-04,711.6,0.0,29948631,208.68,ELB,Application load balancer
Shared-Services,nat-0e1a884,AWS,2026-04,559.3,0.0,0,124.61,NAT Gateway,Staging VPC NAT
Finance-Systems,blob-0bfe263,AZURE,2026-04,0.0,6274.1,62273,179.61,Blob Storage,Backup storage
Production-Secondary,acr-0cdd824,AZURE,2026-04,0.0,198.6,376909,121.9,Container Registry,Docker image registry
Compliance-Audit,elb-04ca178,AWS,2026-04,425.7,0.0,29129936,184.6,ELB,Network load balancer
Mobile-Backend,vm-09c7745,AZURE,2026-04,749.1,0.0,0,882.58,Virtual Machines,D4s v3 CI runner
Internal-Tools,nat-0a69775,AWS,2026-04,512.5,0.0,0,117.72,NAT Gateway,Dev VPC NAT
Finance-Systems,s3-0515672,AWS,2026-04,0.0,1222.6,2405626,99.36,S3,Artifact storage
Security-Ops,ecs-07d0252,AWS,2026-04,443.9,0.0,0,792.8,ECS,Fargate API cluster
Internal-Tools,s3-052b864,AWS,2026-04,0.0,3701.3,5660805,252.72,S3,Media content bucket
Security-Ops,sqs-0cca144,AWS,2026-04,0.0,0.0,42498933,21.22,SQS,Event notification queue
Internal-Tools,cf-0809156,AWS,2026-04,0.0,0.0,130617462,644.31,CloudFront,CDN media distribution
Marketing-Platform,sqs-0652126,AWS,2026-04,0.0,0.0,442497,0.21,SQS,Dead letter queue
Shared-Services,app-0e7a761,AZURE,2026-04,951.6,0.0,0,1106.64,App Service,API app P2v3
Partner-Integration,ddb-03d5405,AWS,2026-04,621.3,8.9,4280816,74.42,DynamoDB,Config store table
Customer-Portal,ses-06a6724,AWS,2026-04,0.0,0.0,628827,0.74,SES,Marketing email
Security-Ops,sm-08b5882,AWS,2026-04,0.0,0.0,1137142,4.42,Secrets Manager,Application secrets
Shared-Services,kv-01cc830,AZURE,2026-04,0.0,0.0,373308,1.1,Key Vault,Certificate store
Compliance-Audit,rds-04d9582,AWS,2026-04,325.3,93.4,0,381.07,RDS,db.t3.medium MySQL staging
Compliance-Audit,sns-0399927,AWS,2026-04,0.0,0.0,12188121,5.98,SNS,Alert notifications
Analytics-Platform,kv-06cd417,AZURE,2026-04,0.0,0.0,1621626,4.78,Key Vault,Secrets management
Edge-Network,ps-02fd764,GCP,2026-04,0.0,0.0,42496667,513.85,Pub/Sub,Log forwarding
Compliance-Audit,eks-101f873,AWS,2026-04,565.6,0.0,0,1713.57,EKS,Production K8s cluster
Data-Science,i-0b8e813,AWS,2026-04,413.5,0.0,0,1479.99,EC2,m5.2xlarge batch processor
Production-Secondary,blob-0fe2396,AZURE,2026-04,0.0,2274.4,6197015,281.89,Blob Storage,Build artifacts
Production-Main,vm-0038294,AZURE,2026-04,549.9,0.0,0,671.82,Virtual Machines,D4s v3 CI runner
Customer-Portal,cosmos-0ea0245,AZURE,2026-04,538.3,77.1,19079073,696.08,Cosmos DB,Event store
Marketing-Platform,rs-063e686,AWS,2026-04,0.0,0.0,5643634,279.86,Redshift,Spectrum queries
Security-Ops,ca-0b40128,GCP,2026-04,0.0,0.0,87653919,317.23,Cloud Armor,WAF policies
Shared-Services,kv-0adc624,AZURE,2026-04,0.0,0.0,362032,1.03,Key Vault,Certificate store
Partner-Integration,redis-0d95457,AZURE,2026-04,573.7,0.0,0,686.05,Azure Cache for Redis,Premium P1 cache
IoT-Platform,csql-0938911,GCP,2026-04,679.4,198.1,0,1085.95,Cloud SQL,PostgreSQL primary
Shared-Services,gcs-1094454,GCP,2026-04,0.0,6795.4,162534,152.99,Cloud Storage,Backup bucket
Mobile-Backend,acr-0340268,AZURE,2026-04,0.0,186.2,357443,117.97,Container Registry,Docker image registry
Internal-Tools,ebs-113b578,AWS,2026-04,0.0,354.1,0,212.79,EBS,io2 volumes database
Staging-Env,gcs-085c168,GCP,2026-04,0.0,10351.6,3371692,300.05,Cloud Storage,Data lake bucket
Production-Main,cosmos-0e2c318,AZURE,2026-04,675.9,93.6,22877245,863.81,Cosmos DB,Event store
Production-Main,sentinel-0deb616,AZURE,2026-04,0.0,0.0,69388026,1700.78,Microsoft Sentinel,SIEM detection
Partner-Integration,elb-06d8314,AWS,2026-04,622.8,0.0,8663103,128.16,ELB,Classic load balancer
Shared-Services,vm-0fe0559,AZURE,2026-04,909.6,0.0,0,1048.43,Virtual Machines,D4s v3 CI runner
Compliance-Audit,ses-0d16832,AWS,2026-04,0.0,0.0,1604143,1.94,SES,Transactional email
Shared-Services,s3-0eda156,AWS,2026-04,0.0,12843.6,2555527,443.34,S3,Data lake raw zone
Finance-Systems,clog-0ec6304,GCP,2026-04,0.0,211.5,0,48.97,Cloud Logging,Audit logs
Production-Secondary,elb-0487699,AWS,2026-04,598.4,0.0,25177314,180.94,ELB,Application load balancer
Production-Secondary,vai-0094955,GCP,2026-04,544.5,0.0,0,2691.12,Vertex AI,Training pipelines
Marketing-Platform,cdns-041b779,GCP,2026-04,0.0,0.0,13407341,18.92,Cloud DNS,DNS zones
Edge-Network,ebs-06de655,AWS,2026-04,0.0,125.8,0,14.96,EBS,gp3 volumes staging
Internal-Tools,lam-0f9d732,AWS,2026-04,0.0,0.0,14517654,99.0,Lambda,Event processor
Customer-Portal,bq-0615458,GCP,2026-04,0.0,907.2,0,345.37,BigQuery,Data export queries
Data-Science,mem-0129294,GCP,2026-04,318.4,0.0,0,227.97,Memorystore,Redis staging cache
Production-Main,cdns-06c9194,GCP,2026-04,0.0,0.0,16720353,24.41,Cloud DNS,DNS zones
Customer-Portal,vm-0b93566,AZURE,2026-04,775.7,0.0,0,236.19,Virtual Machines,B2s development VM
Internal-Tools,s3-0556224,AWS,2026-04,0.0,3715.8,5611455,258.02,S3,Media content bucket
Data-Science,gke-012b441,GCP,2026-04,1388.4,0.0,0,2746.95,GKE,ML training cluster
Production-Secondary,clog-0091888,GCP,2026-04,0.0,467.2,0,110.01,Cloud Logging,Application logs
Compliance-Audit,i-0af0314,AWS,2026-04,481.1,0.0,0,209.45,EC2,t3.medium API server
Shared-Services,rds-0454133,AWS,2026-04,534.6,368.5,0,995.5,RDS,db.r5.large PostgreSQL replica
Analytics-Platform,gcs-0c3d467,GCP,2026-04,0.0,2232.3,2116527,149.19,Cloud Storage,Media assets bucket
Staging-Env,cdns-1139865,GCP,2026-04,0.0,0.0,14342595,20.41,Cloud DNS,DNS zones
Mobile-Backend,aks-046c326,AZURE,2026-04,876.9,0.0,0,1342.89,AKS,Staging K8s cluster
Compliance-Audit,ecs-0e22271,AWS,2026-04,380.9,0.0,0,694.12,ECS,Fargate worker cluster
Security-Ops,gcs-0161732,GCP,2026-04,0.0,6141.0,145382,131.94,Cloud Storage,Backup bucket
DevOps-Central,kin-00ca857,AWS,2026-04,739.1,0.0,31253412,443.12,Kinesis,Data stream ingestion
Analytics-Platform,csql-0e53229,GCP,2026-04,649.9,190.3,0,779.03,Cloud SQL,PostgreSQL replica
Production-Main,ec-0bc4932,AWS,2026-04,951.1,0.0,0,694.54,ElastiCache,Redis production cluster
Production-Main,ca-07a3445,GCP,2026-04,0.0,0.0,97721863,359.47,Cloud Armor,WAF policies
Partner-Integration,gcs-06f1329,GCP,2026-04,0.0,15959.1,38582,155.8,Cloud Storage,Archive bucket
Internal-Tools,s3-0cf7590,AWS,2026-04,0.0,6363.9,390349,153.92,S3,Log archive bucket
Security-Ops,s3-0182639,AWS,2026-04,0.0,3252.3,18925383,772.89,S3,Production asset storage
Shared-Services,sb-111b141,AZURE,2026-04,519.5,0.0,7282433,378.69,Service Bus,Premium messaging
Data-Science,i-0e0c224,AWS,2026-04,341.0,0.0,0,936.51,EC2,c5.2xlarge HPC node
Partner-Integration,ecs-03d7683,AWS,2026-04,416.0,0.0,0,737.6,ECS,Fargate API cluster
Security-Ops,lam-0988526,AWS,2026-04,0.0,0.0,21256583,140.87,Lambda,Data transformer
Finance-Systems,s3-079a209,AWS,2026-04,0.0,4881.0,7570658,350.62,S3,Media content bucket
Production-Secondary,vai-112f326,GCP,2026-04,578.0,0.0,0,2922.09,Vertex AI,Training pipelines
Partner-Integration,sb-08a4958,AZURE,2026-04,545.4,0.0,7607332,411.66,Service Bus,Premium messaging
Partner-Integration,sm-0ed5679,AWS,2026-04,0.0,0.0,1372272,5.41,Secrets Manager,Application secrets
Production-Main,r53-0012755,AWS,2026-04,0.0,0.0,12262259,18.54,Route 53,Health checks
Staging-Env,gcs-043e773,GCP,2026-04,0.0,10776.2,3474706,313.23,Cloud Storage,Data lake bucket
Shared-Services,clog-0ca9614,GCP,2026-04,0.0,250.4,0,61.71,Cloud Logging,Audit logs
DevOps-Central,redis-0ff6273,AZURE,2026-04,630.0,0.0,0,735.62,Azure Cache for Redis,Premium P1 cache
Edge-Network,ebs-0dd1202,AWS,2026-04,0.0,194.7,0,22.99,EBS,gp3 volumes staging
Customer-Portal,blob-09de529,AZURE,2026-04,0.0,5522.6,0,521.38,Blob Storage,Security audit logs
Data-Science,rds-0d7c680,AWS,2026-04,745.8,213.3,0,651.7,RDS,db.t3.large development DB
Shared-Services,vm-0b6d990,AZURE,2026-04,553.1,0.0,0,1961.98,Virtual Machines,E8s v3 memory-optimized
Mobile-Backend,sqldb-0c69847,AZURE,2026-04,675.2,235.2,0,1075.84,SQL Database,Standard S3 production
Staging-Env,fs-0414599,GCP,2026-04,533.2,15.2,36659374,392.07,Firestore,Session store
Finance-Systems,cr-0f69206,GCP,2026-04,570.3,0.0,2355245,740.74,Cloud Run,ETL pipeline service
DR-Recovery,azmon-02f9948,AZURE,2026-04,0.0,242.3,31822676,328.63,Azure Monitor,Logs and metrics
Production-Main,s3-0016611,AWS,2026-04,0.0,768.9,1574678,65.0,S3,Artifact storage
Edge-Network,ecs-0320455,AWS,2026-04,179.5,0.0,0,309.01,ECS,Fargate batch cluster
Partner-Integration,azmon-0f4d156,AZURE,2026-04,0.0,211.0,28435521,281.76,Azure Monitor,Logs and metrics
Finance-Systems,cr-0983776,GCP,2026-04,247.2,0.0,2088502,212.63,Cloud Run,Webhook handler
Analytics-Platform,clog-10d3731,GCP,2026-04,0.0,379.8,0,92.81,Cloud Logging,Application logs
Customer-Portal,sb-0267468,AZURE,2026-04,0.0,0.0,16560675,40.41,Service Bus,Standard messaging
Data-Science,gke-012d310,GCP,2026-04,547.2,0.0,0,1577.8,GKE,Batch processing cluster
Production-Secondary,app-0df0743,AZURE,2026-04,613.2,0.0,0,87.54,App Service,Web app B1
Marketing-Platform,sqs-01db272,AWS,2026-04,0.0,0.0,477407,0.23,SQS,Dead letter queue
Shared-Services,rds-09c6142,AWS,2026-04,523.1,373.2,0,1021.17,RDS,db.r5.large PostgreSQL replica
Partner-Integration,rds-086c113,AWS,2026-04,417.4,114.0,0,469.47,RDS,db.t3.medium MySQL staging
Production-Secondary,blob-0afc132,AZURE,2026-04,0.0,2454.4,6252532,379.42,Blob Storage,Media content
Marketing-Platform,i-0dcc735,AWS,2026-04,488.8,0.0,0,431.47,EC2,m5.large monitoring server
Security-Ops,lam-0e9d376,AWS,2026-04,0.0,0.0,20698732,140.76,Lambda,Data transformer
Security-Ops,lam-017b358,AWS,2026-04,0.0,0.0,53391566,353.43,Lambda,Auth token validator
Security-Ops,s3-0540342,AWS,2026-04,0.0,16228.7,3148827,535.69,S3,Data lake raw zone
Mobile-Backend,kin-0db1783,AWS,2026-04,558.0,0.0,22480150,326.96,Kinesis,Data stream ingestion
Production-Secondary,r53-0088920,AWS,2026-04,0.0,0.0,9256278,13.32,Route 53,Health checks
Analytics-Platform,aks-0a79530,AZURE,2026-04,1078.2,0.0,0,1591.2,AKS,Staging K8s cluster
Security-Ops,clog-06f4781,GCP,2026-04,0.0,491.6,0,120.03,Cloud Logging,Application logs
Finance-Systems,blob-0f5c178,AZURE,2026-04,0.0,2066.4,5155153,322.1,Blob Storage,Media content
DevOps-Central,ec-07fb671,AWS,2026-04,686.4,0.0,0,484.7,ElastiCache,Redis production cluster
Mobile-Backend,vm-0f40851,AZURE,2026-04,829.9,0.0,0,987.12,Virtual Machines,D4s v3 CI runner
Marketing-Platform,vpn-0547838,AWS,2026-04,863.9,0.0,0,430.81,VPN Gateway,Site-to-site VPN
Analytics-Platform,mem-0be0769,GCP,2026-04,345.7,0.0,0,248.77,Memorystore,Redis staging cache
Security-Ops,sm-0192528,AWS,2026-04,0.0,0.0,969731,3.7,Secrets Manager,Application secrets
Finance-Systems,cosmos-09b9465,AZURE,2026-04,541.8,155.9,29750884,1181.19,Cosmos DB,User data store
Marketing-Platform,rds-0dc3816,AWS,2026-04,606.1,448.9,0,1194.21,RDS,db.r5.large PostgreSQL replica
Customer-Portal,blob-0c6b861,AZURE,2026-04,0.0,4104.7,0,388.08,Blob Storage,Security audit logs
Analytics-Platform,ps-00b0784,GCP,2026-04,0.0,0.0,38452695,487.93,Pub/Sub,Log forwarding
Data-Science,ses-014b619,AWS,2026-04,0.0,0.0,338433,0.4,SES,Marketing email
Compliance-Audit,i-0b1a567,AWS,2026-04,664.9,0.0,0,538.69,EC2,m5.large monitoring server
Marketing-Platform,sm-0e0b262,AWS,2026-04,0.0,0.0,846008,3.42,Secrets Manager,Application secrets
Data-Science,cmon-0119114,GCP,2026-04,0.0,0.0,34441789,263.49,Cloud Monitoring,Metrics and alerting
DevOps-Central,vm-1176875,AZURE,2026-04,739.3,0.0,0,219.21,Virtual Machines,B2s development VM
Marketing-Platform,mem-0bec716,GCP,2026-04,583.4,0.0,0,400.15,Memorystore,Redis production cache
DevOps-Central,aks-0b9b612,AZURE,2026-04,335.8,0.0,0,507.56,AKS,Dev K8s cluster
Edge-Network,i-07f9917,AWS,2026-04,522.1,0.0,0,1775.01,EC2,m5.2xlarge batch processor
ML-Training,i-07b3955,AWS,2026-04,642.4,0.0,0,561.27,EC2,m5.large monitoring server
Data-Science,fd-0551933,AZURE,2026-04,0.0,0.0,32699735,251.39,Front Door,Global load balancer
Finance-Systems,cosmos-021a338,AZURE,2026-04,569.3,39.2,11564184,370.81,Cosmos DB,Config store
Analytics-Platform,clog-00b2916,GCP,2026-04,0.0,391.0,0,95.35,Cloud Logging,Application logs
Production-Secondary,rs-0085981,AWS,2026-04,855.4,2487.5,0,4211.44,Redshift,Data warehouse cluster
IoT-Platform,cr-07ba478,GCP,2026-04,541.1,0.0,11595548,818.34,Cloud Run,API gateway service
Staging-Env,gcf-07b5689,GCP,2026-04,0.0,0.0,6246527,91.34,Cloud Functions,Auth handlers
Marketing-Platform,csp-059d134,GCP,2026-04,961.3,137.2,65804415,5725.41,Cloud Spanner,Global transaction DB
Finance-Systems,s3-0475629,AWS,2026-04,0.0,54.9,27366104,169.28,S3,Static website hosting
Marketing-Platform,gcf-0b09565,GCP,2026-04,0.0,0.0,1846986,27.27,Cloud Functions,Scheduled tasks
Partner-Integration,sqs-080f764,AWS,2026-04,0.0,0.0,407070,0.2,SQS,Dead letter queue
Edge-Network,lam-0f3f242,AWS,2026-04,0.0,0.0,19808081,129.77,Lambda,Data transformer
Customer-Portal,blob-09e3556,AZURE,2026-04,0.0,2448.9,6017606,389.29,Blob Storage,Media content
Compliance-Audit,rs-115c829,AWS,2026-04,0.0,0.0,4549346,211.49,Redshift,Spectrum queries
Edge-Network,vai-0cfa846,GCP,2026-04,607.2,0.0,6536477,1314.63,Vertex AI,Model serving endpoints
Customer-Portal,vpn-10ed434,AWS,2026-04,876.5,0.0,0,219.58,VPN Gateway,Client VPN endpoint
DR-Recovery,appi-0b58118,AZURE,2026-04,0.0,0.0,14773222,184.42,Application Insights,Custom metrics
Compliance-Audit,ses-1003965,AWS,2026-04,0.0,0.0,1468909,1.72,SES,Transactional email
Marketing-Platform,gke-10ee847,GCP,2026-04,3847.9,0.0,0,7598.97,GKE,GPU node pool
Mobile-Backend,vm-0433725,AZURE,2026-04,746.2,0.0,0,1004.31,Virtual Machines,F4s v2 compute node
Shared-Services,cosmos-05aa586,AZURE,2026-04,590.8,83.7,20573048,754.48,Cosmos DB,Event store
Internal-Tools,rds-0bea427,AWS,2026-04,899.5,1277.3,0,3795.54,RDS,db.r5.2xlarge Aurora cluster
ML-Training,r53-0370851,AWS,2026-04,0.0,0.0,43953559,64.58,Route 53,DNS hosting
Mobile-Backend,acr-0d36117,AZURE,2026-04,0.0,215.9,426483,133.51,Container Registry,Docker image registry
Finance-Systems,blob-1130845,AZURE,2026-04,0.0,9070.8,85540,255.34,Blob Storage,Backup storage
DR-Recovery,cosmos-02ee235,AZURE,2026-04,778.8,220.3,42224616,1686.84,Cosmos DB,User data store
Customer-Portal,acr-0939368,AZURE,2026-04,0.0,212.2,407325,136.54,Container Registry,Docker image registry
ML-Training,i-08d8148,AWS,2026-04,568.9,0.0,0,1884.53,EC2,r5.2xlarge database server
Shared-Services,sb-07c5344,AZURE,2026-04,462.3,0.0,6495735,348.13,Service Bus,Premium messaging
Production-Main,app-08b7973,AZURE,2026-04,485.8,0.0,0,574.79,App Service,API app P2v3
Mobile-Backend,azmon-0d40534,AZURE,2026-04,0.0,250.5,33166884,340.53,Azure Monitor,Logs and metrics
Analytics-Platform,eh-0d75846,AZURE,2026-04,560.4,0.0,24119181,251.37,Event Hubs,Standard throughput units
Production-Secondary,kv-0ae0339,AZURE,2026-04,0.0,0.0,1972942,5.93,Key Vault,Secrets management
Data-Science,bq-011d724,GCP,2026-04,0.0,1697.8,0,663.11,BigQuery,BI reporting views
Analytics-Platform,vai-108c424,GCP,2026-04,212.2,0.0,0,1023.05,Vertex AI,AutoML jobs
DevOps-Central,ddb-00cf819,AWS,2026-04,788.5,10.7,5366209,90.15,DynamoDB,Config store table
DevOps-Central,cosmos-00ed713,AZURE,2026-04,641.9,90.4,22268352,787.84,Cosmos DB,Event store
ML-Training,ec-0ee1247,AWS,2026-04,800.8,0.0,0,544.42,ElastiCache,Redis production cluster
Customer-Portal,blob-0c5b230,AZURE,2026-04,0.0,4432.7,0,414.27,Blob Storage,Security audit logs
Edge-Network,sns-103a136,AWS,2026-04,0.0,0.0,13091761,6.29,SNS,Alert notifications
Mobile-Backend,sb-0ad6340,AZURE,2026-04,0.0,0.0,13311547,31.93,Service Bus,Standard messaging
Edge-Network,sns-1116196,AWS,2026-04,0.0,0.0,10601305,5.24,SNS,Alert notifications
Compliance-Audit,sm-113a398,AWS,2026-04,0.0,0.0,1185305,4.74,Secrets Manager,Application secrets
Production-Secondary,aks-0bff445,AZURE,2026-04,1293.6,0.0,0,1937.25,AKS,Staging K8s cluster
Production-Main,i-0e83752,AWS,2026-04,534.1,0.0,0,1780.37,EC2,m5.2xlarge batch processor
IoT-Platform,csp-0ba0507,GCP,2026-04,939.2,129.7,62329249,5315.02,Cloud Spanner,Global transaction DB
Shared-Services,r53-0b86525,AWS,2026-04,0.0,0.0,64235759,96.75,Route 53,DNS hosting
Internal-Tools,elb-02b8525,AWS,2026-04,513.2,0.0,20483219,151.21,ELB,Application load balancer
Shared-Services,func-01c9726,AZURE,2026-04,0.0,0.0,9192253,131.29,Azure Functions,Event processors
Security-Ops,ca-0176613,GCP,2026-04,0.0,0.0,98873035,367.8,Cloud Armor,WAF policies
Customer-Portal,app-026b326,AZURE,2026-04,690.8,0.0,0,834.58,App Service,API app P2v3
Production-Secondary,appi-0059233,AZURE,2026-04,0.0,0.0,40631803,520.17,Application Insights,APM telemetry
Staging-Env,gke-0c35243,GCP,2026-04,658.0,0.0,0,1854.92,GKE,Production API cluster
QA-Testing,ses-062e201,AWS,2026-04,0.0,0.0,2424643,2.82,SES,Transactional email
Marketing-Platform,mem-0fe3237,GCP,2026-04,489.9,0.0,0,352.55,Memorystore,Redis production cache
Data-Science,gcf-08ad127,GCP,2026-04,0.0,0.0,9114628,135.28,Cloud Functions,Auth handlers
Mobile-Backend,vm-0cf4927,AZURE,2026-04,864.1,0.0,0,2009.39,Virtual Machines,D8s v3 application server
Finance-Systems,gcf-08be587,GCP,2026-04,0.0,0.0,13564847,201.75,Cloud Functions,Data triggers
Edge-Network,i-0634118,AWS,2026-04,715.3,0.0,0,2353.4,EC2,r5.2xlarge database server
Edge-Network,s3-0319797,AWS,2026-04,0.0,11964.1,112691,262.3,S3,Backup storage bucket
Production-Main,lam-000b396,AWS,2026-04,0.0,0.0,15968334,104.6,Lambda,Event processor
Marketing-Platform,cmon-01fe252,GCP,2026-04,0.0,0.0,29206798,227.57,Cloud Monitoring,Metrics and alerting
Edge-Network,csql-10c6860,GCP,2026-04,612.6,172.4,0,732.64,Cloud SQL,PostgreSQL replica
Partner-Integration,elb-03db380,AWS,2026-04,451.5,0.0,18526677,136.33,ELB,Application load balancer
Shared-Services,r53-0197483,AWS,2026-04,0.0,0.0,62765986,93.81,Route 53,DNS hosting
Mobile-Backend,vm-0b72180,AZURE,2026-04,660.6,0.0,0,397.23,Virtual Machines,D2s v3 utility server
Edge-Network,s3-06b2129,AWS,2026-04,0.0,57.7,28003526,183.39,S3,Static website hosting
Data-Science,i-013d711,AWS,2026-04,636.1,0.0,0,527.12,EC2,m5.large monitoring server
Partner-Integration,elb-0f4c997,AWS,2026-04,595.2,0.0,8309997,113.95,ELB,Classic load balancer
DevOps-Central,vm-00e0218,AZURE,2026-04,551.8,0.0,0,1354.98,Virtual Machines,D8s v3 application server
ML-Training,i-0369482,AWS,2026-04,877.2,0.0,0,371.19,EC2,t3.medium API server
Customer-Portal,app-0f24784,AZURE,2026-04,612.3,0.0,0,726.98,App Service,API app P2v3
Partner-Integration,ddb-04cf704,AWS,2026-04,509.4,35.7,54907760,376.82,DynamoDB,Session store table
Compliance-Audit,i-0812373,AWS,2026-04,579.9,0.0,0,1877.87,EC2,r5.2xlarge database server
Marketing-Platform,r53-0aa1477,AWS,2026-04,0.0,0.0,45865790,69.31,Route 53,DNS hosting
Production-Main,blob-095d284,AZURE,2026-04,0.0,2417.3,6278985,301.52,Blob Storage,Build artifacts
Customer-Portal,cosmos-06d4992,AZURE,2026-04,687.2,48.7,14342018,451.88,Cosmos DB,Config store
DevOps-Central,app-0c88463,AZURE,2026-04,840.4,0.0,0,127.12,App Service,Web app B1
Internal-Tools,lam-0eb4918,AWS,2026-04,0.0,0.0,19964380,141.19,Lambda,Data transformer
Edge-Network,gke-0737724,GCP,2026-04,571.8,0.0,0,1728.97,GKE,Production API cluster
Security-Ops,bq-0164326,GCP,2026-04,0.0,1659.3,0,655.08,BigQuery,Data export queries
QA-Testing,sm-03ed358,AWS,2026-04,0.0,0.0,693805,2.82,Secrets Manager,Application secrets
Edge-Network,gke-0422340,GCP,2026-04,656.1,0.0,0,1976.03,GKE,Production API cluster
Edge-Network,gke-09da268,GCP,2026-04,884.4,0.0,0,2545.51,GKE,Production API cluster
Shared-Services,clog-10eb198,GCP,2026-04,0.0,232.7,0,55.99,Cloud Logging,Audit logs
Finance-Systems,vpn-0c5e853,AWS,2026-04,803.9,0.0,0,204.39,VPN Gateway,Client VPN endpoint
Marketing-Platform,mem-0206894,GCP,2026-04,407.2,0.0,0,282.94,Memorystore,Redis staging cache
Edge-Network,ecs-083f327,AWS,2026-04,272.0,0.0,0,462.56,ECS,Fargate worker cluster
Finance-Systems,app-0778754,AZURE,2026-04,1035.5,0.0,0,152.03,App Service,Web app B1
Shared-Services,gcs-0cc2493,GCP,2026-04,0.0,2821.0,2867440,202.8,Cloud Storage,Media assets bucket
Security-Ops,cdns-0449810,GCP,2026-04,0.0,0.0,22217442,31.81,Cloud DNS,DNS zones
Staging-Env,gke-0f11337,GCP,2026-04,2765.7,0.0,0,5547.28,GKE,ML training cluster
Production-Secondary,blob-07ab764,AZURE,2026-04,0.0,2065.5,5454920,253.01,Blob Storage,Build artifacts
IoT-Platform,cr-0e01602,GCP,2026-04,361.5,0.0,1509344,468.98,Cloud Run,ETL pipeline service
Finance-Systems,blob-0e03178,AZURE,2026-04,0.0,2257.6,5583019,341.19,Blob Storage,Media content
Finance-Systems,cr-0232515,GCP,2026-04,300.8,0.0,2475076,246.56,Cloud Run,Webhook handler
Customer-Portal,gcs-0a82442,GCP,2026-04,0.0,20098.4,48273,189.31,Cloud Storage,Archive bucket
Compliance-Audit,kin-0cdf374,AWS,2026-04,567.2,0.0,24549605,346.69,Kinesis,Data stream ingestion
Customer-Portal,cosmos-0404793,AZURE,2026-04,643.7,47.2,13642545,435.99,Cosmos DB,Config store
Customer-Portal,fd-0908832,AZURE,2026-04,0.0,0.0,57807657,418.52,Front Door,Global load balancer
Compliance-Audit,s3-038e331,AWS,2026-04,0.0,9298.3,90332,211.18,S3,Backup storage bucket
Finance-Systems,gcs-040c806,GCP,2026-04,0.0,417.0,6422900,73.97,Cloud Storage,Temp processing bucket
Customer-Portal,ses-09ba980,AWS,2026-04,0.0,0.0,1952997,2.36,SES,Transactional email
Data-Science,i-063f419,AWS,2026-04,313.5,0.0,0,894.14,EC2,c5.2xlarge HPC node
Shared-Services,sb-0bf8929,AZURE,2026-04,476.0,0.0,6633872,366.2,Service Bus,Premium messaging
Compliance-Audit,i-0d76887,AWS,2026-04,610.0,0.0,0,525.51,EC2,m5.large monitoring server
Shared-Services,ado-0997765,AZURE,2026-04,464.3,0.0,0,227.63,Azure DevOps,Pipelines hosted
Production-Secondary,csql-10b0577,GCP,2026-04,475.8,139.3,0,764.2,Cloud SQL,PostgreSQL primary
Marketing-Platform,rs-0578755,AWS,2026-04,553.0,1628.5,0,2840.68,Redshift,Data warehouse cluster
Production-Main,i-07b0216,AWS,2026-04,367.4,0.0,0,1046.4,EC2,c5.2xlarge HPC node
Analytics-Platform,kv-00c2112,AZURE,2026-04,0.0,0.0,1433989,4.12,Key Vault,Secrets management
Mobile-Backend,vm-0348464,AZURE,2026-04,566.9,0.0,0,2029.47,Virtual Machines,E8s v3 memory-optimized
ML-Training,lam-04e8479,AWS,2026-04,0.0,0.0,9838318,69.77,Lambda,Notification dispatcher
Shared-Services,vm-01bb143,AZURE,2026-04,601.7,0.0,0,180.67,Virtual Machines,B2s development VM
Compliance-Audit,i-039c168,AWS,2026-04,840.5,0.0,0,62.98,EC2,t3.micro bastion host
DevOps-Central,appi-06d6774,AZURE,2026-04,0.0,0.0,13870853,169.87,Application Insights,Custom metrics
Internal-Tools,aks-05a1845,AZURE,2026-04,209.6,0.0,0,303.3,AKS,Dev K8s cluster
Security-Ops,sqs-0889881,AWS,2026-04,0.0,0.0,41200781,19.64,SQS,Event notification queue
Compliance-Audit,i-0954606,AWS,2026-04,708.5,0.0,0,609.8,EC2,m5.large monitoring server
Partner-Integration,cf-0ccc998,AWS,2026-04,0.0,0.0,34774686,173.06,CloudFront,CDN API distribution
Internal-Tools,aks-0295462,AZURE,2026-04,234.0,0.0,0,339.32,AKS,Dev K8s cluster
Production-Main,mem-0046643,GCP,2026-04,444.4,0.0,0,302.74,Memorystore,Redis staging cache
Internal-Tools,ebs-0fd8235,AWS,2026-04,0.0,5063.5,0,214.85,EBS,st1 volumes archive
Data-Science,gke-04d4364,GCP,2026-04,2979.5,0.0,0,5845.77,GKE,GPU node pool
Marketing-Platform,s3-01ee984,AWS,2026-04,0.0,12687.8,119885,278.43,S3,Backup storage bucket
Security-Ops,sqs-0cc7659,AWS,2026-04,0.0,0.0,52156642,25.56,SQS,Order processing queue
Internal-Tools,ebs-05fe716,AWS,2026-04,0.0,1302.3,0,153.53,EBS,gp3 volumes production
Marketing-Platform,gke-0dd4328,GCP,2026-04,1875.4,0.0,0,3733.08,GKE,ML training cluster
Production-Secondary,blob-0e56225,AZURE,2026-04,0.0,12439.4,29468,95.87,Blob Storage,Archive tier
Marketing-Platform,rds-0f32152,AWS,2026-04,834.2,578.0,0,2017.31,RDS,db.r5.xlarge PostgreSQL primary
Security-Ops,ps-0760142,GCP,2026-04,0.0,0.0,27997709,349.07,Pub/Sub,Event streaming
Staging-Env,gke-0ace497,GCP,2026-04,2441.8,0.0,0,4737.95,GKE,ML training cluster
Internal-Tools,lam-05b9579,AWS,2026-04,0.0,0.0,21463306,143.61,Lambda,Data transformer
Customer-Portal,func-1175826,AZURE,2026-04,0.0,0.0,2486524,37.87,Azure Functions,Webhook processor
Edge-Network,s3-05cb638,AWS,2026-04,0.0,57.0,27656972,180.33,S3,Static website hosting
Marketing-Platform,cr-01f6471,GCP,2026-04,710.4,0.0,14414375,1017.37,Cloud Run,API gateway service
Analytics-Platform,bq-00a9545,GCP,2026-04,0.0,9232.4,0,3576.17,BigQuery,Analytics data warehouse
Analytics-Platform,mem-00bc838,GCP,2026-04,566.8,0.0,0,384.93,Memorystore,Redis production cache
Marketing-Platform,vai-083e756,GCP,2026-04,354.8,0.0,0,1732.56,Vertex AI,Training pipelines
Marketing-Platform,gcf-0204526,GCP,2026-04,0.0,0.0,5594169,82.38,Cloud Functions,Auth handlers
Partner-Integration,s3-03cc842,AWS,2026-04,0.0,1110.9,2178103,92.65,S3,Artifact storage
Analytics-Platform,cmon-00b1971,GCP,2026-04,0.0,0.0,18901339,149.54,Cloud Monitoring,Metrics and alerting
DevOps-Central,kv-073f461,AZURE,2026-04,0.0,0.0,284938,0.87,Key Vault,Certificate store
DevOps-Central,sentinel-0612533,AZURE,2026-04,0.0,0.0,103633168,2593.39,Microsoft Sentinel,SIEM detection
Compliance-Audit,s3-0d91108,AWS,2026-04,0.0,832.8,1570768,68.9,S3,Artifact storage
Production-Secondary,acr-0964375,AZURE,2026-04,0.0,226.2,440959,140.04,Container Registry,Docker image registry
Data-Science,i-09a3137,AWS,2026-04,569.3,0.0,0,991.54,EC2,r5.xlarge cache server
Production-Main,aks-0a3c748,AZURE,2026-04,1016.1,0.0,0,1474.88,AKS,Staging K8s cluster
Internal-Tools,s3-0d9a450,AWS,2026-04,0.0,5508.9,55925,122.07,S3,Backup storage bucket
Partner-Integration,mem-0f6b597,GCP,2026-04,248.7,0.0,0,168.86,Memorystore,Redis staging cache
Security-Ops,cdns-0b9e686,GCP,2026-04,0.0,0.0,19738239,28.08,Cloud DNS,DNS zones
Internal-Tools,cr-0d98506,GCP,2026-04,291.8,0.0,1213408,248.89,Cloud Run,Image processor
Finance-Systems,vm-04f6533,AZURE,2026-04,718.9,0.0,0,1773.79,Virtual Machines,D8s v3 application server
Finance-Systems,aks-04b2652,AZURE,2026-04,1221.8,0.0,0,1720.22,AKS,Staging K8s cluster
Marketing-Platform,ddb-0582661,AWS,2026-04,610.3,41.8,64111161,453.81,DynamoDB,Session store table
IoT-Platform,mem-0361916,GCP,2026-04,729.8,0.0,0,492.77,Memorystore,Redis production cache
Security-Ops,ecs-0f12611,AWS,2026-04,164.2,0.0,0,291.53,ECS,Fargate batch cluster
DevOps-Central,vm-0f6a520,AZURE,2026-04,861.6,0.0,0,506.55,Virtual Machines,D2s v3 utility server
DevOps-Central,blob-044f248,AZURE,2026-04,0.0,8531.3,3287020,434.29,Blob Storage,Data lake storage
Finance-Systems,cr-0605192,GCP,2026-04,590.2,0.0,2451376,746.41,Cloud Run,ETL pipeline service
Edge-Network,ebs-0311888,AWS,2026-04,0.0,6346.4,0,264.9,EBS,st1 volumes archive
Production-Secondary,ec-0cec280,AWS,2026-04,943.6,0.0,0,327.38,ElastiCache,Redis staging cluster
Production-Secondary,i-06e3233,AWS,2026-04,902.4,0.0,0,763.51,EC2,t3.large application server
Partner-Integration,rds-03c9787,AWS,2026-04,793.7,575.3,0,1569.49,RDS,db.r5.large PostgreSQL replica
Staging-Env,gke-0ed9571,GCP,2026-04,717.7,0.0,0,2084.31,GKE,Production API cluster
Finance-Systems,blob-020b988,AZURE,2026-04,0.0,2124.8,5348934,339.02,Blob Storage,Media content
QA-Testing,ses-07c3229,AWS,2026-04,0.0,0.0,2405088,2.75,SES,Transactional email
Finance-Systems,rs-07f1538,AWS,2026-04,499.0,1440.6,0,2570.17,Redshift,Data warehouse cluster
Staging-Env,gke-08b2777,GCP,2026-04,526.6,0.0,0,1500.58,GKE,Production API cluster
DevOps-Central,appi-0fc8335,AZURE,2026-04,0.0,0.0,63569861,805.11,Application Insights,APM telemetry
Production-Main,ado-0040969,AZURE,2026-04,563.5,0.0,0,286.8,Azure DevOps,Pipelines hosted
Internal-Tools,elb-0d39987,AWS,2026-04,1062.1,0.0,15332618,212.19,ELB,Classic load balancer
Customer-Portal,kv-1009619,AZURE,2026-04,0.0,0.0,369817,1.06,Key Vault,Certificate store
Production-Secondary,redis-0b3e355,AZURE,2026-04,922.0,0.0,0,1047.26,Azure Cache for Redis,Premium P1 cache
Security-Ops,ecs-09ff179,AWS,2026-04,121.4,0.0,0,222.34,ECS,Fargate batch cluster
Shared-Services,fd-0ad2606,AZURE,2026-04,0.0,0.0,52465252,370.88,Front Door,Global load balancer
ML-Training,i-0b7f363,AWS,2026-04,598.7,0.0,0,2017.33,EC2,r5.2xlarge database server
Partner-Integration,ddb-03d3612,AWS,2026-04,858.9,120.1,178558509,1331.2,DynamoDB,Cache table
Internal-Tools,gcf-0e8d178,GCP,2026-04,0.0,0.0,10614333,151.09,Cloud Functions,Data triggers
Customer-Portal,cosmos-04b7344,AZURE,2026-04,554.5,40.1,11620402,365.3,Cosmos DB,Config store
Data-Science,i-0fdf856,AWS,2026-04,360.8,0.0,0,1245.59,EC2,m5.2xlarge batch processor
Production-Main,ebs-0c33147,AWS,2026-04,0.0,507.6,0,303.27,EBS,io2 volumes database
Partner-Integration,elb-1189487,AWS,2026-04,498.3,0.0,7269459,100.86,ELB,Classic load balancer
Shared-Services,gcs-01aa874,GCP,2026-04,0.0,20651.2,50247,194.9,Cloud Storage,Archive bucket
Edge-Network,bq-02ff101,GCP,2026-04,0.0,5579.0,0,2135.09,BigQuery,Log analytics
Edge-Network,s3-031a417,AWS,2026-04,0.0,1036.5,2077957,89.83,S3,Artifact storage
Internal-Tools,s3-02be827,AWS,2026-04,0.0,6625.9,67556,146.53,S3,Backup storage bucket
Customer-Portal,sb-0266467,AZURE,2026-04,676.6,0.0,9586120,520.93,Service Bus,Premium messaging
Edge-Network,vai-089b961,GCP,2026-04,664.4,0.0,7389088,1426.41,Vertex AI,Model serving endpoints
Analytics-Platform,gcs-0c9b859,GCP,2026-04,0.0,2534.5,2449649,175.56,Cloud Storage,Media assets bucket
Production-Main,s3-0015422,AWS,2026-04,0.0,9839.3,584328,236.11,S3,Log archive bucket
Compliance-Audit,rs-0f61772,AWS,2026-04,0.0,0.0,5033913,251.49,Redshift,Spectrum queries
IoT-Platform,gke-0e04484,GCP,2026-04,2966.9,0.0,0,5691.02,GKE,GPU node pool
Internal-Tools,gcs-02dc330,GCP,2026-04,0.0,337.7,5138508,59.65,Cloud Storage,Temp processing bucket
Shared-Services,vm-0dc1116,AZURE,2026-04,594.2,0.0,0,1068.48,Virtual Machines,E4s v3 SIEM collector
IoT-Platform,df-0360346,GCP,2026-04,584.7,0.0,0,1324.4,Dataflow,Streaming pipeline
Staging-Env,vai-00f3704,GCP,2026-04,166.3,0.0,0,850.53,Vertex AI,AutoML jobs
Production-Main,s3-079b598,AWS,2026-04,0.0,9469.3,561730,226.78,S3,Log archive bucket
Marketing-Platform,gke-0edf790,GCP,2026-04,2400.4,0.0,0,4569.76,GKE,ML training cluster
Marketing-Platform,df-0207274,GCP,2026-04,709.6,0.0,0,1679.34,Dataflow,Streaming pipeline
Production-Secondary,df-0089960,GCP,2026-04,403.3,0.0,0,961.6,Dataflow,Batch pipeline
Production-Secondary,app-0bbf989,AZURE,2026-04,646.9,0.0,0,94.95,App Service,Web app B1
Finance-Systems,sentinel-0f92956,AZURE,2026-04,0.0,0.0,108383393,2654.73,Microsoft Sentinel,SIEM detection
Production-Main,sentinel-0d04759,AZURE,2026-04,0.0,0.0,47363128,1122.31,Microsoft Sentinel,Log analytics
Analytics-Platform,clog-069f805,GCP,2026-04,0.0,164.3,0,39.25,Cloud Logging,Audit logs
Customer-Portal,func-100b422,AZURE,2026-04,0.0,0.0,2815771,40.12,Azure Functions,Webhook processor
Analytics-Platform,eh-0f6c240,AZURE,2026-04,0.0,295.7,0,70.43,Event Hubs,Capture to storage
ML-Training,ebs-103e746,AWS,2026-04,0.0,598.3,0,360.16,EBS,io2 volumes database
Data-Science,mem-0d3b973,GCP,2026-04,287.0,0.0,0,199.1,Memorystore,Redis staging cache
Production-Main,aks-0c17786,AZURE,2026-04,592.3,0.0,0,2621.27,AKS,Production K8s cluster
Production-Main,aks-0021897,AZURE,2026-04,521.9,0.0,0,2338.01,AKS,Production K8s cluster
Production-Main,blob-0030160,AZURE,2026-04,0.0,21974.6,53804,169.77,Blob Storage,Archive tier
Marketing-Platform,gke-0961704,GCP,2026-04,3436.1,0.0,0,6657.34,GKE,GPU node pool
QA-Testing,lam-0684112,AWS,2026-04,0.0,0.0,4025618,26.95,Lambda,Image resizer
Internal-Tools,blob-0d60166,AZURE,2026-04,0.0,10088.1,98217,294.01,Blob Storage,Backup storage
Analytics-Platform,eh-00c5982,AZURE,2026-04,578.1,0.0,22906474,248.06,Event Hubs,Standard throughput units
Analytics-Platform,kv-051b219,AZURE,2026-04,0.0,0.0,1432510,4.18,Key Vault,Secrets management
Partner-Integration,vai-09ae701,GCP,2026-04,592.9,0.0,0,2838.16,Vertex AI,Training pipelines
Shared-Services,gcs-01ac446,GCP,2026-04,0.0,1708.9,876206,261.26,Cloud Storage,Model artifacts
Mobile-Backend,azmon-08f3239,AZURE,2026-04,0.0,280.5,35992095,382.43,Azure Monitor,Logs and metrics
Shared-Services,func-0949366,AZURE,2026-04,0.0,0.0,7775098,113.45,Azure Functions,Event processors
Production-Main,cf-0ad5324,AWS,2026-04,0.0,0.0,30800612,149.79,CloudFront,CDN API distribution
Finance-Systems,rds-1083102,AWS,2026-04,684.9,762.0,0,1506.47,RDS,db.m5.xlarge analytics DB
Marketing-Platform,ca-01ef502,GCP,2026-04,0.0,0.0,64939280,234.34,Cloud Armor,WAF policies
Partner-Integration,azmon-0fe9839,AZURE,2026-04,0.0,213.0,27716517,290.64,Azure Monitor,Logs and metrics
Security-Ops,s3-0d22917,AWS,2026-04,0.0,18014.9,3486022,605.85,S3,Data lake raw zone
QA-Testing,elb-0ecf520,AWS,2026-04,755.7,0.0,29873289,218.85,ELB,Application load balancer
Marketing-Platform,rs-1104859,AWS,2026-04,0.0,0.0,6238019,311.45,Redshift,Spectrum queries
Data-Science,ps-0f30230,GCP,2026-04,0.0,0.0,28665318,343.31,Pub/Sub,Log forwarding
Data-Science,fs-0127555,GCP,2026-04,552.7,15.7,37191873,394.7,Firestore,Session store
DevOps-Central,ec-03f6896,AWS,2026-04,756.3,0.0,0,530.97,ElastiCache,Redis production cluster
DevOps-Central,vm-00dc778,AZURE,2026-04,693.1,0.0,0,1199.71,Virtual Machines,E4s v3 SIEM collector
Production-Main,sentinel-10d5584,AZURE,2026-04,0.0,0.0,73724939,1808.35,Microsoft Sentinel,SIEM detection
Production-Secondary,sqs-08b9775,AWS,2026-04,0.0,0.0,20185209,10.23,SQS,Event notification queue
Production-Secondary,elb-0fae581,AWS,2026-04,525.0,0.0,38166339,228.03,ELB,Network load balancer
Customer-Portal,vm-0db6424,AZURE,2026-04,496.7,0.0,0,871.36,Virtual Machines,E4s v3 SIEM collector
Analytics-Platform,eh-0929123,AZURE,2026-04,452.6,0.0,19058247,194.78,Event Hubs,Standard throughput units
Security-Ops,ecs-0f2a294,AWS,2026-04,152.1,0.0,0,280.56,ECS,Fargate batch cluster
Partner-Integration,sm-0b57782,AWS,2026-04,0.0,0.0,1267741,4.95,Secrets Manager,Application secrets
Edge-Network,gcs-0cd2232,GCP,2026-04,0.0,16980.7,5593706,478.28,Cloud Storage,Data lake bucket
Shared-Services,sb-0606905,AZURE,2026-04,553.5,0.0,7583312,407.24,Service Bus,Premium messaging
IoT-Platform,cr-0729907,GCP,2026-04,438.8,0.0,1815232,547.76,Cloud Run,ETL pipeline service
Partner-Integration,azmon-058d378,AZURE,2026-04,0.0,250.9,32419671,349.13,Azure Monitor,Logs and metrics
Compliance-Audit,rds-0a00512,AWS,2026-04,1005.5,288.5,0,893.69,RDS,db.t3.large development DB
Marketing-Platform,i-0880144,AWS,2026-04,600.1,0.0,0,1660.48,EC2,c5.2xlarge HPC node
Production-Main,blob-0b36257,AZURE,2026-04,0.0,2776.0,7045381,338.75,Blob Storage,Build artifacts
Internal-Tools,gcf-096c889,GCP,2026-04,0.0,0.0,1954798,28.01,Cloud Functions,Scheduled tasks
Internal-Tools,ps-0c20760,GCP,2026-04,0.0,0.0,42783499,530.39,Pub/Sub,Log forwarding
Customer-Portal,ps-0eaa382,GCP,2026-04,0.0,0.0,34695850,437.34,Pub/Sub,Log forwarding
Internal-Tools,s3-0d4d615,AWS,2026-04,0.0,36.1,18188804,115.91,S3,Static website hosting
Customer-Portal,i-09ed915,AWS,2026-04,608.7,0.0,0,520.94,EC2,t3.large application server
Partner-Integration,sb-0e5f113,AZURE,2026-04,552.3,0.0,7763514,417.16,Service Bus,Premium messaging
Customer-Portal,cosmos-0a9e872,AZURE,2026-04,868.9,62.3,18707742,579.43,Cosmos DB,Config store
Mobile-Backend,vm-0343411,AZURE,2026-04,817.6,0.0,0,1928.93,Virtual Machines,D8s v3 application server
Finance-Systems,vpn-0b15944,AWS,2026-04,836.7,0.0,0,210.1,VPN Gateway,Client VPN endpoint
Internal-Tools,vpn-02cf704,AWS,2026-04,892.5,0.0,0,421.7,VPN Gateway,Site-to-site VPN
Marketing-Platform,vai-049d843,GCP,2026-04,465.3,0.0,0,2234.51,Vertex AI,Training pipelines
Shared-Services,app-01c0794,AZURE,2026-04,833.5,0.0,0,498.23,App Service,Web app P1v3
Edge-Network,i-0324608,AWS,2026-04,743.2,0.0,0,1227.27,EC2,r5.xlarge cache server
IoT-Platform,cr-0d2c716,GCP,2026-04,445.2,0.0,1863573,557.46,Cloud Run,ETL pipeline service
Finance-Systems,app-0541727,AZURE,2026-04,868.0,0.0,0,1013.35,App Service,API app P2v3
Customer-Portal,vai-0ee8223,GCP,2026-04,187.5,0.0,0,919.37,Vertex AI,AutoML jobs
Internal-Tools,blob-0fa5145,AZURE,2026-04,0.0,2913.0,7938397,372.25,Blob Storage,Build artifacts
Internal-Tools,ebs-077e364,AWS,2026-04,0.0,470.1,0,279.12,EBS,io2 volumes database
Partner-Integration,sqldb-0be5862,AZURE,2026-04,1093.0,370.0,0,1723.51,SQL Database,Standard S3 production
Edge-Network,ps-02fc480,GCP,2026-04,0.0,0.0,19271200,239.79,Pub/Sub,Event streaming
Compliance-Audit,s3-0660837,AWS,2026-04,0.0,14261.8,2812360,478.87,S3,Data lake raw zone
IoT-Platform,csql-06b1505,GCP,2026-04,781.4,214.6,0,1209.67,Cloud SQL,PostgreSQL primary
Security-Ops,vai-05da671,GCP,2026-04,227.2,0.0,0,1102.61,Vertex AI,AutoML jobs
Data-Science,rds-0535688,AWS,2026-04,729.8,527.8,0,1921.59,RDS,db.r5.xlarge PostgreSQL primary
Marketing-Platform,nat-01de756,AWS,2026-04,486.5,0.0,0,108.74,NAT Gateway,Staging VPC NAT
DR-Recovery,eh-09d6470,AZURE,2026-04,0.0,467.4,0,109.92,Event Hubs,Capture to storage
DevOps-Central,redis-055b854,AZURE,2026-04,771.5,0.0,0,932.8,Azure Cache for Redis,Premium P1 cache
Production-Main,vm-0d79829,AZURE,2026-04,382.8,0.0,0,3315.84,Virtual Machines,NC6s v3 GPU VM
Internal-Tools,cosmos-02a2437,AZURE,2026-04,819.8,116.3,28785160,1031.18,Cosmos DB,Event store
Production-Main,aks-107b512,AZURE,2026-04,1184.0,0.0,0,1792.03,AKS,Staging K8s cluster
Production-Main,i-0010646,AWS,2026-04,748.0,0.0,0,635.02,EC2,m5.large monitoring server
Staging-Env,vai-10e1569,GCP,2026-04,497.7,0.0,0,2489.77,Vertex AI,Training pipelines
Marketing-Platform,sqs-0be6230,AWS,2026-04,0.0,0.0,497642,0.24,SQS,Dead letter queue
Data-Science,csp-0805807,GCP,2026-04,492.1,71.2,34238951,3034.63,Cloud Spanner,Global transaction DB
Production-Secondary,sqldb-118a991,AZURE,2026-04,449.6,153.5,0,712.9,SQL Database,Standard S3 production
Staging-Env,bq-109e582,GCP,2026-04,0.0,5824.9,0,2185.18,BigQuery,Log analytics
Data-Science,gke-0cd6991,GCP,2026-04,2801.8,0.0,0,5436.12,GKE,GPU node pool
Customer-Portal,azmon-0d29230,AZURE,2026-04,0.0,190.5,25385116,261.73,Azure Monitor,Logs and metrics
Mobile-Backend,azmon-0dc6635,AZURE,2026-04,0.0,263.0,32487231,352.41,Azure Monitor,Logs and metrics
Production-Secondary,sb-0d13494,AZURE,2026-04,747.4,0.0,10032918,539.21,Service Bus,Premium messaging
Production-Secondary,redis-0875552,AZURE,2026-04,717.0,0.0,0,849.6,Azure Cache for Redis,Premium P1 cache
Partner-Integration,sqldb-0577751,AZURE,2026-04,818.3,290.0,0,1377.1,SQL Database,Standard S3 production
DR-Recovery,appi-0faf736,AZURE,2026-04,0.0,0.0,21515703,261.3,Application Insights,Custom metrics
DevOps-Central,ebs-0eed939,AWS,2026-04,0.0,490.5,0,290.49,EBS,io2 volumes database
Customer-Portal,cr-1095673,GCP,2026-04,475.1,0.0,1916885,586.49,Cloud Run,ETL pipeline service
Security-Ops,bq-0c67516,GCP,2026-04,0.0,1898.2,0,732.09,BigQuery,Data export queries
Marketing-Platform,rds-0f55476,AWS,2026-04,928.8,646.9,0,2253.31,RDS,db.r5.xlarge PostgreSQL primary
Security-Ops,lam-0777578,AWS,2026-04,0.0,0.0,23538876,161.5,Lambda,Data transformer
Finance-Systems,cosmos-05bd564,AZURE,2026-04,472.9,136.2,26563692,1043.86,Cosmos DB,User data store
Staging-Env,cdns-0b0c213,GCP,2026-04,0.0,0.0,16654842,23.96,Cloud DNS,DNS zones
Internal-Tools,gke-10e2100,GCP,2026-04,526.7,0.0,0,1550.84,GKE,Production API cluster
Partner-Integration,ddb-040d764,AWS,2026-04,942.1,134.9,195094554,1425.97,DynamoDB,Cache table
Finance-Systems,cosmos-0bc5468,AZURE,2026-04,384.5,106.7,21303115,826.49,Cosmos DB,User data store
Production-Secondary,sqldb-0afe717,AZURE,2026-04,395.2,143.5,0,665.38,SQL Database,Standard S3 production
IoT-Platform,gke-0dce191,GCP,2026-04,667.1,0.0,0,1936.06,GKE,Production API cluster
Edge-Network,sns-0686722,AWS,2026-04,0.0,0.0,11765062,5.61,SNS,Alert notifications
Production-Secondary,sqldb-0d9f715,AZURE,2026-04,443.2,152.3,0,716.49,SQL Database,Standard S3 production
Partner-Integration,rs-092a741,AWS,2026-04,717.9,2026.5,0,3688.49,Redshift,Data warehouse cluster
DevOps-Central,blob-0a8f732,AZURE,2026-04,0.0,4380.1,0,425.83,Blob Storage,Security audit logs
DevOps-Central,sqldb-0d3e220,AZURE,2026-04,620.2,218.0,0,1025.75,SQL Database,Standard S3 production
Compliance-Audit,ses-077a783,AWS,2026-04,0.0,0.0,1537441,1.78,SES,Transactional email
Shared-Services,vm-05f4840,AZURE,2026-04,794.7,0.0,0,943.31,Virtual Machines,D4s v3 CI runner
Edge-Network,gke-066d574,GCP,2026-04,732.1,0.0,0,2198.12,GKE,Production API cluster
Internal-Tools,lam-02c8433,AWS,2026-04,0.0,0.0,22429135,152.94,Lambda,Data transformer
Internal-Tools,mem-0e40840,GCP,2026-04,589.7,0.0,0,411.51,Memorystore,Redis production cache
Data-Science,gcf-058c752,GCP,2026-04,0.0,0.0,8617121,131.46,Cloud Functions,Auth handlers
ML-Training,ec-0a90713,AWS,2026-04,921.4,0.0,0,659.95,ElastiCache,Redis production cluster
Customer-Portal,cosmos-0254162,AZURE,2026-04,600.9,85.2,20406111,760.76,Cosmos DB,Event store
Internal-Tools,gcf-05f0371,GCP,2026-04,0.0,0.0,8866313,127.38,Cloud Functions,Auth handlers
Internal-Tools,elb-0cc9306,AWS,2026-04,491.9,0.0,21520135,148.98,ELB,Application load balancer
Internal-Tools,appi-029f352,AZURE,2026-04,0.0,0.0,15796259,194.8,Application Insights,Custom metrics
Data-Science,i-078f171,AWS,2026-04,338.9,0.0,0,996.84,EC2,c5.2xlarge HPC node
Security-Ops,bq-074c856,GCP,2026-04,0.0,8309.9,0,3188.49,BigQuery,Analytics data warehouse
Internal-Tools,s3-05e0714,AWS,2026-04,0.0,5839.6,55300,130.02,S3,Backup storage bucket
Edge-Network,kin-115a265,AWS,2026-04,498.1,0.0,14068933,200.05,Kinesis,Firehose delivery
Shared-Services,cosmos-05d3731,AZURE,2026-04,499.6,74.7,18163628,658.47,Cosmos DB,Event store
Edge-Network,ecs-0bcd990,AWS,2026-04,266.8,0.0,0,491.6,ECS,Fargate worker cluster
Edge-Network,s3-0c38314,AWS,2026-04,0.0,11567.4,115594,259.22,S3,Backup storage bucket
Partner-Integration,cdns-03b4991,GCP,2026-04,0.0,0.0,14652065,21.92,Cloud DNS,DNS zones
ML-Training,rds-0967983,AWS,2026-04,557.4,652.1,0,1292.39,RDS,db.m5.xlarge analytics DB
Partner-Integration,s3-06f7590,AWS,2026-04,0.0,8124.5,495977,195.31,S3,Log archive bucket
QA-Testing,elb-0846481,AWS,2026-04,714.9,0.0,29145875,211.14,ELB,Application load balancer
Internal-Tools,ps-0d1d253,GCP,2026-04,0.0,0.0,18388899,224.56,Pub/Sub,Data pipeline
Production-Secondary,ps-0d00639,GCP,2026-04,0.0,0.0,12278260,145.56,Pub/Sub,Data pipeline
Internal-Tools,gcs-085a603,GCP,2026-04,0.0,399.4,6269216,71.64,Cloud Storage,Temp processing bucket
Staging-Env,ps-0941340,GCP,2026-04,0.0,0.0,11042692,137.12,Pub/Sub,Data pipeline
Edge-Network,sns-0459907,AWS,2026-04,0.0,0.0,10486224,5.25,SNS,Alert notifications
Data-Science,i-08de409,AWS,2026-04,490.9,0.0,0,846.57,EC2,r5.xlarge cache server
Shared-Services,vm-0446739,AZURE,2026-04,659.6,0.0,0,797.29,Virtual Machines,D4s v3 CI runner
Compliance-Audit,ec-10e5547,AWS,2026-04,638.4,0.0,0,459.61,ElastiCache,Redis production cluster
ML-Training,i-0b4c167,AWS,2026-04,804.2,0.0,0,1345.95,EC2,m5.xlarge web server
Security-Ops,sqs-0a52870,AWS,2026-04,0.0,0.0,37245439,18.43,SQS,Event notification queue
Data-Science,gcf-10cd207,GCP,2026-04,0.0,0.0,17140244,256.03,Cloud Functions,Pub/Sub processors
Partner-Integration,appi-097e230,AZURE,2026-04,0.0,0.0,63714721,777.33,Application Insights,APM telemetry
Analytics-Platform,csp-00b4295,GCP,2026-04,697.1,98.2,47176396,4154.51,Cloud Spanner,Global transaction DB
Production-Main,sentinel-0036541,AZURE,2026-04,0.0,0.0,70087487,1713.65,Microsoft Sentinel,SIEM detection
Internal-Tools,lam-02cc497,AWS,2026-04,0.0,0.0,2487874,17.12,Lambda,Webhook processor
Customer-Portal,eh-0699582,AZURE,2026-04,0.0,508.9,0,122.95,Event Hubs,Capture to storage
Staging-Env,gcf-0773719,GCP,2026-04,0.0,0.0,11125911,167.03,Cloud Functions,Data triggers
Customer-Portal,bq-0e8c121,GCP,2026-04,0.0,967.9,0,368.85,BigQuery,Data export queries
Production-Main,r53-0d5a947,AWS,2026-04,0.0,0.0,13523270,19.87,Route 53,Health checks
Internal-Tools,s3-0e38705,AWS,2026-04,0.0,3459.4,1672931,124.0,S3,Analytics export bucket
Production-Secondary,fs-1006849,GCP,2026-04,917.4,67.4,39241318,517.11,Firestore,User profiles DB
Production-Secondary,redis-0609368,AZURE,2026-04,827.2,0.0,0,1009.84,Azure Cache for Redis,Premium P1 cache
Production-Secondary,clog-0f4a330,GCP,2026-04,0.0,460.2,0,110.23,Cloud Logging,Application logs
Edge-Network,vpn-0a43272,AWS,2026-04,664.1,0.0,0,162.59,VPN Gateway,Client VPN endpoint
ML-Training,lam-0372889,AWS,2026-04,0.0,0.0,38216434,267.53,Lambda,API gateway handler
ML-Training,kin-0b4b498,AWS,2026-04,608.5,0.0,25542098,365.16,Kinesis,Data stream ingestion
Staging-Env,gcs-0103697,GCP,2026-04,0.0,1951.4,950099,281.71,Cloud Storage,Model artifacts
Staging-Env,fs-07ac747,GCP,2026-04,452.4,13.4,32910290,325.71,Firestore,Session store
Production-Secondary,blob-005c665,AZURE,2026-04,0.0,7100.0,2638268,355.62,Blob Storage,Data lake storage
Finance-Systems,elb-0452249,AWS,2026-04,531.8,0.0,7392210,106.0,ELB,Classic load balancer
Security-Ops,sm-045e298,AWS,2026-04,0.0,0.0,1028546,4.03,Secrets Manager,Application secrets
Staging-Env,gcs-1174757,GCP,2026-04,0.0,15469.3,37618,151.93,Cloud Storage,Archive bucket
ML-Training,lam-0d73769,AWS,2026-04,0.0,0.0,10883756,75.11,Lambda,Notification dispatcher
Security-Ops,vm-0160506,AZURE,2026-04,611.6,0.0,0,2220.52,Virtual Machines,E8s v3 memory-optimized
Finance-Systems,csql-0f2e549,GCP,2026-04,678.4,189.9,0,804.99,Cloud SQL,PostgreSQL replica
Marketing-Platform,rs-0ba2171,AWS,2026-04,371.0,1104.3,0,1906.37,Redshift,Data warehouse cluster
Internal-Tools,lam-02cb754,AWS,2026-04,0.0,0.0,56252311,386.66,Lambda,Auth token validator
Marketing-Platform,clog-0b5d855,GCP,2026-04,0.0,485.6,0,116.81,Cloud Logging,Application logs
Internal-Tools,cr-0ca3732,GCP,2026-04,384.4,0.0,3068376,319.7,Cloud Run,Webhook handler
Partner-Integration,rds-0c9f949,AWS,2026-04,321.6,92.3,0,390.07,RDS,db.t3.medium MySQL staging
Internal-Tools,s3-0fe8428,AWS,2026-04,0.0,6158.9,369160,147.63,S3,Log archive bucket
Edge-Network,sns-074f285,AWS,2026-04,0.0,0.0,11257428,5.45,SNS,Alert notifications
Finance-Systems,cr-0f68426,GCP,2026-04,587.5,0.0,2459232,717.74,Cloud Run,ETL pipeline service
Security-Ops,lam-0f58332,AWS,2026-04,0.0,0.0,1167680,8.64,Lambda,Cron job runner
Security-Ops,df-04d5515,GCP,2026-04,335.4,0.0,0,798.87,Dataflow,Batch pipeline
Marketing-Platform,i-01eb577,AWS,2026-04,599.6,0.0,0,499.36,EC2,t3.large application server
Production-Secondary,csp-008f517,GCP,2026-04,485.3,67.6,33928876,2857.02,Cloud Spanner,Global transaction DB
Finance-Systems,cr-04c2369,GCP,2026-04,565.9,0.0,2411818,710.07,Cloud Run,ETL pipeline service
Production-Secondary,blob-005b954,AZURE,2026-04,0.0,10145.4,96948,283.08,Blob Storage,Backup storage
Finance-Systems,gcs-1075162,GCP,2026-04,0.0,9827.2,3138052,290.14,Cloud Storage,Data lake bucket
Marketing-Platform,lam-1106899,AWS,2026-04,0.0,0.0,17000467,110.18,Lambda,Data transformer
Analytics-Platform,clog-0dc5460,GCP,2026-04,0.0,154.4,0,37.36,Cloud Logging,Audit logs
Analytics-Platform,aks-05f7197,AZURE,2026-04,1205.5,0.0,0,1766.93,AKS,Staging K8s cluster
IoT-Platform,fs-06c5998,GCP,2026-04,697.4,20.6,50984069,513.62,Firestore,Session store
Edge-Network,sns-030d402,AWS,2026-04,0.0,0.0,11276604,5.35,SNS,Alert notifications
Internal-Tools,ec-0ef0731,AWS,2026-04,536.1,0.0,0,390.57,ElastiCache,Redis production cluster
Customer-Portal,ps-08bf500,GCP,2026-04,0.0,0.0,42694675,530.37,Pub/Sub,Log forwarding
DevOps-Central,blob-00db441,AZURE,2026-04,0.0,8636.6,84250,247.04,Blob Storage,Backup storage
Security-Ops,r53-018e416,AWS,2026-04,0.0,0.0,9768958,14.21,Route 53,Health checks
Customer-Portal,blob-0ee9309,AZURE,2026-04,0.0,4185.3,0,405.37,Blob Storage,Security audit logs
Finance-Systems,blob-09be448,AZURE,2026-04,0.0,1838.5,4514991,279.12,Blob Storage,Media content
Shared-Services,rds-0c01640,AWS,2026-04,654.0,181.1,0,549.99,RDS,db.t3.large development DB
Customer-Portal,vpn-0ca0711,AWS,2026-04,901.1,0.0,0,226.06,VPN Gateway,Client VPN endpoint
Production-Main,ebs-0000818,AWS,2026-04,0.0,557.9,0,323.06,EBS,io2 volumes database
Staging-Env,gke-0463966,GCP,2026-04,527.1,0.0,0,1551.83,GKE,Production API cluster
Production-Main,blob-002d702,AZURE,2026-04,0.0,2538.5,6807903,328.63,Blob Storage,Build artifacts
Compliance-Audit,s3-0a24119,AWS,2026-04,0.0,11716.5,2340971,391.49,S3,Data lake raw zone
Production-Secondary,i-007f340,AWS,2026-04,881.0,0.0,0,754.49,EC2,t3.large application server
Data-Science,i-0f03164,AWS,2026-04,469.7,0.0,0,784.1,EC2,r5.xlarge cache server
Shared-Services,vm-01b7776,AZURE,2026-04,488.3,0.0,0,876.3,Virtual Machines,E4s v3 SIEM collector
Data-Science,i-013e564,AWS,2026-04,679.7,0.0,0,292.46,EC2,t3.medium API server
Analytics-Platform,gcs-03f9608,GCP,2026-04,0.0,1449.7,723028,215.22,Cloud Storage,Model artifacts
Data-Science,gcf-0cf2936,GCP,2026-04,0.0,0.0,8780170,127.22,Cloud Functions,Auth handlers
Finance-Systems,eks-07ae725,AWS,2026-04,771.1,0.0,0,2245.72,EKS,Production K8s cluster
Analytics-Platform,cr-08c3475,GCP,2026-04,543.2,0.0,11016654,767.39,Cloud Run,API gateway service
Internal-Tools,eh-02a4811,AZURE,2026-04,0.0,418.1,0,102.64,Event Hubs,Capture to storage
Production-Main,eh-0640655,AZURE,2026-04,0.0,667.8,0,158.25,Event Hubs,Capture to storage
Production-Main,cf-0753522,AWS,2026-04,0.0,0.0,78313067,370.92,CloudFront,CDN media distribution
ML-Training,ebs-094c540,AWS,2026-04,0.0,659.0,0,394.31,EBS,io2 volumes database
Finance-Systems,cr-0b2a572,GCP,2026-04,572.3,0.0,2322891,738.38,Cloud Run,ETL pipeline service
QA-Testing,ses-0bb1203,AWS,2026-04,0.0,0.0,2446822,3.01,SES,Transactional email
DevOps-Central,kin-0afa513,AWS,2026-04,837.0,0.0,23585101,326.26,Kinesis,Firehose delivery
Finance-Systems,elb-0dfb753,AWS,2026-04,820.9,0.0,57631374,338.16,ELB,Network load balancer
Internal-Tools,ps-02e5404,GCP,2026-04,0.0,0.0,42818051,534.82,Pub/Sub,Log forwarding
Finance-Systems,fd-115e311,AZURE,2026-04,0.0,0.0,48305608,345.31,Front Door,Global load balancer
Security-Ops,ec-1071526,AWS,2026-04,578.7,0.0,0,203.28,ElastiCache,Redis staging cluster
Security-Ops,cdns-10ba243,GCP,2026-04,0.0,0.0,23068829,33.26,Cloud DNS,DNS zones
Shared-Services,cosmos-0afb701,AZURE,2026-04,609.1,85.0,20231643,749.7,Cosmos DB,Event store
Customer-Portal,clog-082d219,GCP,2026-04,0.0,488.8,0,112.36,Cloud Logging,Application logs
Finance-Systems,s3-0ffa665,AWS,2026-04,0.0,4859.1,7563186,339.78,S3,Media content bucket
Finance-Systems,appi-0409195,AZURE,2026-04,0.0,0.0,45461684,545.55,Application Insights,APM telemetry
Partner-Integration,blob-03ad516,AZURE,2026-04,0.0,12082.3,124486,348.28,Blob Storage,Backup storage
DevOps-Central,vm-00de137,AZURE,2026-04,536.8,0.0,0,4816.66,Virtual Machines,NC6s v3 GPU VM
Marketing-Platform,rds-09c8470,AWS,2026-04,885.6,646.9,0,2266.64,RDS,db.r5.xlarge PostgreSQL primary
Internal-Tools,elb-05c6198,AWS,2026-04,961.9,0.0,13229811,196.16,ELB,Classic load balancer
Partner-Integration,gcs-0ac7974,GCP,2026-04,0.0,14663.2,34166,136.73,Cloud Storage,Archive bucket
ML-Training,kin-036d547,AWS,2026-04,768.7,0.0,32941765,459.15,Kinesis,Data stream ingestion
Compliance-Audit,ec-0ebf584,AWS,2026-04,518.2,0.0,0,360.26,ElastiCache,Redis production cluster
Partner-Integration,cf-08c7521,AWS,2026-04,0.0,0.0,35211340,177.37,CloudFront,CDN API distribution
Mobile-Backend,sqldb-034a278,AZURE,2026-04,824.7,296.8,0,1363.12,SQL Database,Standard S3 production
Shared-Services,appi-01b5631,AZURE,2026-04,0.0,0.0,23992287,301.22,Application Insights,Custom metrics
Internal-Tools,s3-0d89977,AWS,2026-04,0.0,3774.2,6173531,262.6,S3,Media content bucket
Analytics-Platform,csql-0c47529,GCP,2026-04,543.8,394.4,0,1032.54,Cloud SQL,MySQL analytics
Marketing-Platform,lam-01cd667,AWS,2026-04,0.0,0.0,19057902,134.39,Lambda,Data transformer
Shared-Services,vm-0a13145,AZURE,2026-04,655.3,0.0,0,2311.12,Virtual Machines,E8s v3 memory-optimized
Mobile-Backend,vm-0346435,AZURE,2026-04,845.8,0.0,0,1141.06,Virtual Machines,F4s v2 compute node
Finance-Systems,func-0f8a387,AZURE,2026-04,0.0,0.0,5739694,82.81,Azure Functions,API handlers
Production-Secondary,redis-1100231,AZURE,2026-04,718.9,0.0,0,887.91,Azure Cache for Redis,Premium P1 cache
Partner-Integration,sm-1004542,AWS,2026-04,0.0,0.0,1151152,4.46,Secrets Manager,Application secrets
Partner-Integration,sb-0cac510,AZURE,2026-04,589.6,0.0,8191989,427.39,Service Bus,Premium messaging
Customer-Portal,s3-0739784,AWS,2026-04,0.0,16880.7,3365624,568.95,S3,Data lake raw zone
Data-Science,fs-0490914,GCP,2026-04,506.4,15.0,34848785,369.39,Firestore,Session store
Marketing-Platform,i-01e8508,AWS,2026-04,608.2,0.0,0,1054.37,EC2,r5.xlarge cache server
Data-Science,csql-0648221,GCP,2026-04,751.5,521.7,0,1417.41,Cloud SQL,MySQL analytics
Shared-Services,gcs-042a567,GCP,2026-04,0.0,3681.4,3569481,245.51,Cloud Storage,Media assets bucket
Security-Ops,bq-053b223,GCP,2026-04,0.0,7182.1,0,2813.27,BigQuery,Analytics data warehouse
Edge-Network,eks-0321899,AWS,2026-04,523.4,0.0,0,1527.94,EKS,Production K8s cluster
Finance-Systems,s3-055a789,AWS,2026-04,0.0,1076.8,2071231,90.36,S3,Artifact storage
Internal-Tools,ec-0419804,AWS,2026-04,497.6,0.0,0,355.3,ElastiCache,Redis production cluster
Mobile-Backend,aks-0339617,AZURE,2026-04,364.5,0.0,0,532.36,AKS,Dev K8s cluster
QA-Testing,lam-099e683,AWS,2026-04,0.0,0.0,2602029,17.89,Lambda,Webhook processor
ML-Training,lam-10da892,AWS,2026-04,0.0,0.0,9564931,65.27,Lambda,Notification dispatcher
Shared-Services,eh-0962257,AZURE,2026-04,0.0,629.1,0,153.88,Event Hubs,Capture to storage
Marketing-Platform,gke-0f28289,GCP,2026-04,1675.7,0.0,0,3246.7,GKE,ML training cluster
Mobile-Backend,sb-0e69292,AZURE,2026-04,0.0,0.0,14201014,36.42,Service Bus,Standard messaging
IoT-Platform,csp-0c02813,GCP,2026-04,830.7,120.8,58138476,4981.88,Cloud Spanner,Global transaction DB
Production-Main,ecs-001e666,AWS,2026-04,453.0,0.0,0,817.0,ECS,Fargate API cluster
Production-Secondary,r53-0e61207,AWS,2026-04,0.0,0.0,7820118,11.54,Route 53,Health checks
Customer-Portal,gcf-026f655,GCP,2026-04,0.0,0.0,11369142,168.32,Cloud Functions,Data triggers
ML-Training,i-0367966,AWS,2026-04,829.0,0.0,0,1385.43,EC2,m5.xlarge web server
IoT-Platform,gcs-065a787,GCP,2026-04,0.0,10703.2,3371248,306.29,Cloud Storage,Data lake bucket
Internal-Tools,sentinel-02a0411,AZURE,2026-04,0.0,0.0,68018592,1732.36,Microsoft Sentinel,SIEM detection
Customer-Portal,ses-0825680,AWS,2026-04,0.0,0.0,631356,0.73,SES,Marketing email
Internal-Tools,ebs-0b3f304,AWS,2026-04,0.0,1465.8,0,172.27,EBS,gp3 volumes production
Data-Science,ses-014a460,AWS,2026-04,0.0,0.0,2042819,2.41,SES,Transactional email
Analytics-Platform,gcs-0597249,GCP,2026-04,0.0,1846.5,930810,271.09,Cloud Storage,Model artifacts
Production-Main,ecs-001d579,AWS,2026-04,322.2,0.0,0,562.69,ECS,Fargate worker cluster
Marketing-Platform,sm-07dd433,AWS,2026-04,0.0,0.0,898618,3.49,Secrets Manager,Application secrets
Partner-Integration,blob-03ac316,AZURE,2026-04,0.0,1548.0,3697941,242.19,Blob Storage,Media content
Production-Secondary,r53-10c5816,AWS,2026-04,0.0,0.0,6642752,9.87,Route 53,Health checks
Edge-Network,ecs-0fc0400,AWS,2026-04,369.7,0.0,0,673.33,ECS,Fargate API cluster
ML-Training,rs-0942720,AWS,2026-04,0.0,0.0,4293544,214.61,Redshift,Spectrum queries
Analytics-Platform,gcs-00a4800,GCP,2026-04,0.0,1659.3,816747,253.69,Cloud Storage,Model artifacts
Partner-Integration,cf-08ff891,AWS,2026-04,0.0,0.0,36180964,171.9,CloudFront,CDN API distribution
Staging-Env,gcs-06a3232,GCP,2026-04,0.0,11458.9,3787580,335.16,Cloud Storage,Data lake bucket
Internal-Tools,sentinel-0a7f164,AZURE,2026-04,0.0,0.0,30627420,723.59,Microsoft Sentinel,Log analytics
Security-Ops,mem-07e0582,GCP,2026-04,517.7,0.0,0,356.4,Memorystore,Redis production cache
Production-Main,cdns-0ac8252,GCP,2026-04,0.0,0.0,14303663,21.07,Cloud DNS,DNS zones
Analytics-Platform,redis-0829391,AZURE,2026-04,412.1,0.0,0,495.55,Azure Cache for Redis,Premium P1 cache
Production-Main,r53-0a68605,AWS,2026-04,0.0,0.0,11126944,16.65,Route 53,Health checks
Finance-Systems,rds-08ea254,AWS,2026-04,505.0,687.9,0,2132.81,RDS,db.r5.2xlarge Aurora cluster
Customer-Portal,eh-0e73541,AZURE,2026-04,0.0,573.2,0,135.38,Event Hubs,Capture to storage
Shared-Services,func-091a460,AZURE,2026-04,0.0,0.0,9734662,146.12,Azure Functions,API handlers
Marketing-Platform,cdns-051c997,GCP,2026-04,0.0,0.0,15202476,21.91,Cloud DNS,DNS zones
Finance-Systems,gcf-0802515,GCP,2026-04,0.0,0.0,2465358,36.24,Cloud Functions,Scheduled tasks
Finance-Systems,csql-0233402,GCP,2026-04,742.8,526.2,0,1462.08,Cloud SQL,MySQL analytics
Customer-Portal,vm-116f206,AZURE,2026-04,541.6,0.0,0,963.41,Virtual Machines,E4s v3 SIEM collector
Customer-Portal,vm-0d1f996,AZURE,2026-04,489.8,0.0,0,294.31,Virtual Machines,D2s v3 utility server
Compliance-Audit,ses-0381310,AWS,2026-04,0.0,0.0,1429595,1.59,SES,Transactional email
Finance-Systems,gcf-0e59594,GCP,2026-04,0.0,0.0,12583661,187.44,Cloud Functions,Data triggers
Analytics-Platform,vai-00ad706,GCP,2026-04,568.1,0.0,0,2707.41,Vertex AI,Training pipelines
Compliance-Audit,rs-07a8173,AWS,2026-04,0.0,0.0,4961950,238.14,Redshift,Spectrum queries
Edge-Network,bq-0fd3223,GCP,2026-04,0.0,3828.9,0,1450.05,BigQuery,Log analytics
Production-Secondary,sqldb-0917961,AZURE,2026-04,375.0,137.0,0,643.98,SQL Database,Standard S3 production
Production-Secondary,redis-0063919,AZURE,2026-04,822.2,0.0,0,428.02,Azure Cache for Redis,Standard C2 cache
Security-Ops,ecs-0ba6598,AWS,2026-04,155.7,0.0,0,272.54,ECS,Fargate batch cluster
ML-Training,i-0c81746,AWS,2026-04,576.3,0.0,0,502.43,EC2,m5.large monitoring server
Partner-Integration,appi-03a3584,AZURE,2026-04,0.0,0.0,49136327,592.56,Application Insights,APM telemetry
Shared-Services,func-042c439,AZURE,2026-04,0.0,0.0,9998770,142.73,Azure Functions,API handlers
Security-Ops,gke-0bdc440,GCP,2026-04,2413.4,0.0,0,4763.1,GKE,ML training cluster
Customer-Portal,cf-028b887,AWS,2026-04,0.0,0.0,24635974,123.08,CloudFront,CDN static assets
Edge-Network,ebs-072d290,AWS,2026-04,0.0,664.4,0,79.11,EBS,gp3 volumes production
IoT-Platform,cdns-0350687,GCP,2026-04,0.0,0.0,12967177,19.1,Cloud DNS,DNS zones
Security-Ops,vai-016e746,GCP,2026-04,223.5,0.0,0,1096.67,Vertex AI,AutoML jobs
Customer-Portal,sb-0d6e915,AZURE,2026-04,0.0,0.0,13718673,34.52,Service Bus,Standard messaging
Production-Secondary,blob-0da3800,AZURE,2026-04,0.0,2498.3,6587017,313.85,Blob Storage,Build artifacts
Production-Secondary,sqldb-0655765,AZURE,2026-04,472.2,171.9,0,786.98,SQL Database,Standard S3 production
Shared-Services,sb-0d2f609,AZURE,2026-04,490.7,0.0,7158904,368.11,Service Bus,Premium messaging
Mobile-Backend,sqs-0865398,AWS,2026-04,0.0,0.0,303151,0.15,SQS,Dead letter queue
Staging-Env,clog-00fe878,GCP,2026-04,0.0,256.7,0,61.78,Cloud Logging,Audit logs
Finance-Systems,cr-08b8136,GCP,2026-04,572.8,0.0,2417641,718.22,Cloud Run,ETL pipeline service
Finance-Systems,gcf-0668150,GCP,2026-04,0.0,0.0,12505329,179.53,Cloud Functions,Data triggers
Production-Secondary,ps-07e1546,GCP,2026-04,0.0,0.0,11798316,151.67,Pub/Sub,Data pipeline
Partner-Integration,sb-103f867,AZURE,2026-04,554.9,0.0,7613502,401.7,Service Bus,Premium messaging
Customer-Portal,ses-1122543,AWS,2026-04,0.0,0.0,2319554,2.86,SES,Transactional email
Data-Science,gcs-069a980,GCP,2026-04,0.0,430.0,6691144,78.04,Cloud Storage,Temp processing bucket
Staging-Env,gcs-0a2c640,GCP,2026-04,0.0,9878.6,3312102,280.02,Cloud Storage,Data lake bucket
Staging-Env,fs-0c85106,GCP,2026-04,744.2,54.2,32374922,425.38,Firestore,User profiles DB
Marketing-Platform,ddb-0f43677,AWS,2026-04,499.2,7.2,3402895,58.27,DynamoDB,Config store table
Marketing-Platform,sqs-0b48223,AWS,2026-04,0.0,0.0,489971,0.24,SQS,Dead letter queue
Security-Ops,bq-10ec881,GCP,2026-04,0.0,1735.3,0,659.51,BigQuery,Data export queries
Partner-Integration,ps-03c2959,GCP,2026-04,0.0,0.0,30609224,381.62,Pub/Sub,Event streaming
Internal-Tools,vm-029d382,AZURE,2026-04,532.2,0.0,0,160.86,Virtual Machines,B2s development VM
Customer-Portal,vpn-0e39121,AWS,2026-04,737.6,0.0,0,175.84,VPN Gateway,Client VPN endpoint
Compliance-Audit,rds-116e550,AWS,2026-04,1031.3,722.4,0,1987.48,RDS,db.r5.large PostgreSQL replica
Customer-Portal,gcf-026c850,GCP,2026-04,0.0,0.0,17941062,267.94,Cloud Functions,Pub/Sub processors
Finance-Systems,rds-023d564,AWS,2026-04,815.8,587.3,0,1561.78,RDS,db.r5.large PostgreSQL replica
Data-Science,gcf-0116331,GCP,2026-04,0.0,0.0,1431475,21.14,Cloud Functions,Scheduled tasks
QA-Testing,elb-0d3a401,AWS,2026-04,621.4,0.0,8665210,129.19,ELB,Classic load balancer
DR-Recovery,azmon-07f2353,AZURE,2026-04,0.0,266.6,35246371,365.2,Azure Monitor,Logs and metrics
Finance-Systems,func-021c663,AZURE,2026-04,0.0,0.0,5061712,72.67,Azure Functions,API handlers
DevOps-Central,sqldb-00e4234,AZURE,2026-04,562.5,200.3,0,919.25,SQL Database,Standard S3 production
Marketing-Platform,mem-082f478,GCP,2026-04,407.4,0.0,0,281.55,Memorystore,Redis staging cache
Customer-Portal,fd-0efe463,AZURE,2026-04,0.0,0.0,59406004,425.26,Front Door,Global load balancer
Marketing-Platform,vai-052f464,GCP,2026-04,325.6,0.0,0,1591.2,Vertex AI,AutoML jobs
Staging-Env,vai-0486756,GCP,2026-04,461.2,0.0,0,2203.96,Vertex AI,Training pipelines
Production-Secondary,csql-008d254,GCP,2026-04,487.3,141.8,0,770.82,Cloud SQL,PostgreSQL primary
Internal-Tools,ec-0cbe439,AWS,2026-04,482.0,0.0,0,351.88,ElastiCache,Redis production cluster
Internal-Tools,gcf-02d9518,GCP,2026-04,0.0,0.0,2082851,30.1,Cloud Functions,Scheduled tasks
Partner-Integration,sqs-0654966,AWS,2026-04,0.0,0.0,23274625,11.51,SQS,Event notification queue
Compliance-Audit,ecs-0daa871,AWS,2026-04,410.1,0.0,0,748.76,ECS,Fargate worker cluster
Data-Science,cr-06f2731,GCP,2026-04,532.0,0.0,2198715,672.81,Cloud Run,ETL pipeline service
Data-Science,i-0f62656,AWS,2026-04,410.5,0.0,0,716.12,EC2,r5.xlarge cache server
Compliance-Audit,rds-08cd532,AWS,2026-04,325.2,90.9,0,366.58,RDS,db.t3.medium MySQL staging
Internal-Tools,blob-1061535,AZURE,2026-04,0.0,6184.3,0,577.21,Blob Storage,Security audit logs
Production-Main,s3-050b772,AWS,2026-04,0.0,8716.4,527173,212.0,S3,Log archive bucket
Shared-Services,func-0c05155,AZURE,2026-04,0.0,0.0,8759817,128.62,Azure Functions,Event processors
Shared-Services,appi-05e6663,AZURE,2026-04,0.0,0.0,38340629,479.41,Application Insights,APM telemetry
Staging-Env,fs-07a2116,GCP,2026-04,1061.8,73.0,44170417,579.51,Firestore,User profiles DB
Data-Science,rds-08d7648,AWS,2026-04,753.2,533.1,0,1882.01,RDS,db.r5.xlarge PostgreSQL primary
Data-Science,i-1072168,AWS,2026-04,561.7,0.0,0,474.39,EC2,m5.large monitoring server
Internal-Tools,s3-0c32773,AWS,2026-04,0.0,6641.2,66115,141.59,S3,Backup storage bucket
ML-Training,sns-0a08133,AWS,2026-04,0.0,0.0,8492461,4.01,SNS,Alert notifications
Internal-Tools,cr-108f960,GCP,2026-04,921.8,0.0,20226678,1386.47,Cloud Run,API gateway service
Production-Secondary,aks-1097469,AZURE,2026-04,435.8,0.0,0,1925.03,AKS,Production K8s cluster
Customer-Portal,blob-0a49959,AZURE,2026-04,0.0,5032.3,0,483.88,Blob Storage,Security audit logs
Internal-Tools,blob-029b273,AZURE,2026-04,0.0,5385.6,0,523.25,Blob Storage,Security audit logs
Production-Secondary,app-0bcc721,AZURE,2026-04,602.1,0.0,0,91.73,App Service,Web app B1
Production-Secondary,sqldb-0f87366,AZURE,2026-04,423.3,150.2,0,669.28,SQL Database,Standard S3 production
Production-Main,gcs-09ac843,GCP,2026-04,0.0,22677.1,56032,218.34,Cloud Storage,Archive bucket
Security-Ops,bq-0d35102,GCP,2026-04,0.0,6831.6,0,2568.35,BigQuery,Analytics data warehouse
Production-Main,ecs-074b718,AWS,2026-04,345.6,0.0,0,589.98,ECS,Fargate worker cluster
Production-Secondary,fs-0460277,GCP,2026-04,808.0,56.9,34417266,455.1,Firestore,User profiles DB
Production-Main,redis-0e3f197,AZURE,2026-04,775.3,0.0,0,899.36,Azure Cache for Redis,Premium P1 cache
Production-Secondary,blob-0944504,AZURE,2026-04,0.0,10384.4,104582,298.8,Blob Storage,Backup storage
Partner-Integration,rds-071b467,AWS,2026-04,367.3,108.5,0,425.78,RDS,db.t3.medium MySQL staging
Customer-Portal,vpn-0282677,AWS,2026-04,842.7,0.0,0,213.12,VPN Gateway,Client VPN endpoint
Staging-Env,bq-08e2660,GCP,2026-04,0.0,1415.0,0,528.64,BigQuery,BI reporting views
DevOps-Central,ec-1050337,AWS,2026-04,728.5,0.0,0,505.47,ElastiCache,Redis production cluster
IoT-Platform,bq-0acc903,GCP,2026-04,0.0,2756.8,0,1056.28,BigQuery,BI reporting views
Customer-Portal,vm-025c560,AZURE,2026-04,504.9,0.0,0,860.32,Virtual Machines,E4s v3 SIEM collector
Production-Main,s3-10fa940,AWS,2026-04,0.0,9042.0,576357,223.74,S3,Log archive bucket
Internal-Tools,s3-05e5658,AWS,2026-04,0.0,7212.6,434321,168.76,S3,Log archive bucket
Data-Science,sm-0142508,AWS,2026-04,0.0,0.0,1134324,4.57,Secrets Manager,Application secrets
Edge-Network,sns-06be252,AWS,2026-04,0.0,0.0,10019305,4.87,SNS,Alert notifications
Production-Secondary,s3-0076278,AWS,2026-04,0.0,1117.4,2214318,93.14,S3,Artifact storage
Marketing-Platform,cdns-0b8a679,GCP,2026-04,0.0,0.0,12715336,18.87,Cloud DNS,DNS zones
Shared-Services,app-04bc337,AZURE,2026-04,908.8,0.0,0,529.33,App Service,Web app P1v3
Marketing-Platform,rds-0d1a186,AWS,2026-04,581.9,392.3,0,1066.68,RDS,db.r5.large PostgreSQL replica
Mobile-Backend,vm-0344813,AZURE,2026-04,843.3,0.0,0,984.23,Virtual Machines,D4s v3 CI runner
Partner-Integration,rds-042d472,AWS,2026-04,408.2,115.5,0,460.21,RDS,db.t3.medium MySQL staging
Partner-Integration,rs-04c5955,AWS,2026-04,0.0,0.0,4887935,237.13,Redshift,Spectrum queries
Data-Science,gcf-0ecd801,GCP,2026-04,0.0,0.0,8637489,128.64,Cloud Functions,Auth handlers
Customer-Portal,ebs-06c4378,AWS,2026-04,0.0,531.7,0,325.59,EBS,io2 volumes database
Security-Ops,vai-0604556,GCP,2026-04,267.5,0.0,0,1283.09,Vertex AI,AutoML jobs
Security-Ops,vai-03f8402,GCP,2026-04,232.5,0.0,0,1132.86,Vertex AI,AutoML jobs
Partner-Integration,cf-0e49841,AWS,2026-04,0.0,0.0,34766891,175.91,CloudFront,CDN API distribution
Compliance-Audit,i-0810870,AWS,2026-04,774.9,0.0,0,664.7,EC2,m5.large monitoring server
Marketing-Platform,i-0860850,AWS,2026-04,505.2,0.0,0,1687.91,EC2,r5.2xlarge database server
Mobile-Backend,acr-1172245,AZURE,2026-04,0.0,219.0,436187,142.76,Container Registry,Docker image registry
Staging-Env,gcf-00f8446,GCP,2026-04,0.0,0.0,2543093,36.84,Cloud Functions,Scheduled tasks
Staging-Env,vai-04ba249,GCP,2026-04,488.1,0.0,0,2330.56,Vertex AI,Training pipelines
Partner-Integration,rds-10b5322,AWS,2026-04,890.5,637.3,0,1717.06,RDS,db.r5.large PostgreSQL replica
Production-Main,cmon-0b33281,GCP,2026-04,0.0,0.0,21219994,173.68,Cloud Monitoring,Metrics and alerting
Edge-Network,gcs-1041858,GCP,2026-04,0.0,14933.5,4752460,439.39,Cloud Storage,Data lake bucket
Finance-Systems,gcs-0bce903,GCP,2026-04,0.0,10827.3,3672397,312.78,Cloud Storage,Data lake bucket
Shared-Services,sb-0506723,AZURE,2026-04,555.6,0.0,7712635,405.89,Service Bus,Premium messaging
Internal-Tools,blob-07c1390,AZURE,2026-04,0.0,3121.9,8137258,374.6,Blob Storage,Build artifacts
Marketing-Platform,vai-051e486,GCP,2026-04,574.6,0.0,6272535,1158.28,Vertex AI,Model serving endpoints
Analytics-Platform,bq-0a72102,GCP,2026-04,0.0,2598.7,0,1029.21,BigQuery,BI reporting views
Production-Secondary,blob-109a113,AZURE,2026-04,0.0,6656.3,2407508,334.44,Blob Storage,Data lake storage
ML-Training,ebs-0ac5539,AWS,2026-04,0.0,3599.5,0,152.26,EBS,st1 volumes archive
Production-Secondary,aks-07b8164,AZURE,2026-04,458.0,0.0,0,1948.33,AKS,Production K8s cluster
Mobile-Backend,sqs-05b2924,AWS,2026-04,0.0,0.0,371322,0.17,SQS,Dead letter queue
Production-Secondary,blob-0df7960,AZURE,2026-04,0.0,1882.4,4675820,294.07,Blob Storage,Media content
Production-Main,ec-000c489,AWS,2026-04,851.2,0.0,0,607.93,ElastiCache,Redis production cluster
Compliance-Audit,ebs-0392523,AWS,2026-04,0.0,229.9,0,28.42,EBS,gp3 volumes staging
Customer-Portal,gcf-03f2528,GCP,2026-04,0.0,0.0,19157638,289.4,Cloud Functions,Pub/Sub processors
Production-Secondary,cosmos-0794762,AZURE,2026-04,518.0,75.3,17997267,665.36,Cosmos DB,Event store
Staging-Env,cmon-00f1584,GCP,2026-04,0.0,0.0,24656468,191.01,Cloud Monitoring,Metrics and alerting
Finance-Systems,blob-0e84394,AZURE,2026-04,0.0,7735.4,73680,221.57,Blob Storage,Backup storage
Finance-Systems,elb-024a650,AWS,2026-04,513.5,0.0,7062825,101.29,ELB,Classic load balancer
Staging-Env,cdns-0ede162,GCP,2026-04,0.0,0.0,15509186,22.35,Cloud DNS,DNS zones
DR-Recovery,appi-0c93294,AZURE,2026-04,0.0,0.0,14305755,172.13,Application Insights,Custom metrics
Partner-Integration,ado-1163263,AZURE,2026-04,626.4,0.0,0,301.7,Azure DevOps,Pipelines hosted
Internal-Tools,cr-0df5466,GCP,2026-04,651.9,0.0,2639934,791.67,Cloud Run,ETL pipeline service
Data-Science,gke-1160915,GCP,2026-04,4063.6,0.0,0,7593.3,GKE,GPU node pool
Marketing-Platform,clog-0441451,GCP,2026-04,0.0,490.5,0,113.91,Cloud Logging,Application logs
Compliance-Audit,sns-0767851,AWS,2026-04,0.0,0.0,15499585,7.55,SNS,Event fanout topic
Production-Main,i-0c80371,AWS,2026-04,364.0,0.0,0,1041.68,EC2,c5.2xlarge HPC node
Analytics-Platform,csql-0cc5770,GCP,2026-04,472.0,336.4,0,924.28,Cloud SQL,MySQL analytics
Data-Science,appi-014d674,AZURE,2026-04,0.0,0.0,18570518,218.01,Application Insights,Custom metrics
Marketing-Platform,rs-0dba560,AWS,2026-04,0.0,0.0,5409236,271.6,Redshift,Spectrum queries
Customer-Portal,func-025f994,AZURE,2026-04,0.0,0.0,503030,7.36,Azure Functions,Timer triggers
Security-Ops,ebs-0625274,AWS,2026-04,0.0,571.2,0,346.89,EBS,io2 volumes database
DevOps-Central,redis-0cc8842,AZURE,2026-04,674.4,0.0,0,767.3,Azure Cache for Redis,Premium P1 cache
Data-Science,csp-0f46712,GCP,2026-04,604.2,83.9,40508985,3447.82,Cloud Spanner,Global transaction DB
Shared-Services,gcs-09d5972,GCP,2026-04,0.0,510.7,7851293,89.16,Cloud Storage,Temp processing bucket
Production-Main,clog-004f676,GCP,2026-04,0.0,473.6,0,112.76,Cloud Logging,Application logs
Customer-Portal,elb-0784552,AWS,2026-04,608.1,0.0,25094658,183.81,ELB,Application load balancer
Analytics-Platform,ado-0af3187,AZURE,2026-04,0.0,110.2,0,25.59,Azure DevOps,Artifacts storage
Internal-Tools,lam-0bda239,AWS,2026-04,0.0,0.0,28194895,191.81,Lambda,API gateway handler
Internal-Tools,sqs-03fc213,AWS,2026-04,0.0,0.0,43775252,20.74,SQS,Order processing queue
Marketing-Platform,gcf-0a40516,GCP,2026-04,0.0,0.0,1696637,25.97,Cloud Functions,Scheduled tasks
Partner-Integration,ado-03a9963,AZURE,2026-04,0.0,84.3,0,20.05,Azure DevOps,Artifacts storage
IoT-Platform,fs-0928954,GCP,2026-04,1068.9,29.8,71154327,729.9,Firestore,Session store
Production-Main,app-0e07775,AZURE,2026-04,657.9,0.0,0,97.72,App Service,Web app B1
Partner-Integration,azmon-0bc1733,AZURE,2026-04,0.0,217.5,27513981,295.17,Azure Monitor,Logs and metrics
IoT-Platform,csql-10ca290,GCP,2026-04,685.3,199.1,0,820.53,Cloud SQL,PostgreSQL replica
Security-Ops,fs-054c237,GCP,2026-04,480.6,34.2,20437065,268.97,Firestore,User profiles DB
Finance-Systems,blob-0f8b380,AZURE,2026-04,0.0,2049.7,5000573,314.36,Blob Storage,Media content
Internal-Tools,blob-0573578,AZURE,2026-04,0.0,11249.1,107383,320.38,Blob Storage,Backup storage
Production-Secondary,csql-117d833,GCP,2026-04,482.2,331.5,0,896.3,Cloud SQL,MySQL analytics
Shared-Services,sb-10bc304,AZURE,2026-04,505.2,0.0,7166060,384.68,Service Bus,Premium messaging
Internal-Tools,gcs-0ff0142,GCP,2026-04,0.0,3361.8,3414571,236.32,Cloud Storage,Media assets bucket
Mobile-Backend,fd-0500920,AZURE,2026-04,0.0,0.0,40641829,307.94,Front Door,Global load balancer
Partner-Integration,bq-03bc722,GCP,2026-04,0.0,1180.9,0,456.53,BigQuery,Data export queries
Finance-Systems,s3-113d678,AWS,2026-04,0.0,65.5,32432529,197.83,S3,Static website hosting
Edge-Network,vpn-0e0d648,AWS,2026-04,650.6,0.0,0,165.69,VPN Gateway,Client VPN endpoint
Edge-Network,ecs-0c03661,AWS,2026-04,280.9,0.0,0,489.45,ECS,Fargate worker cluster
Partner-Integration,appi-1065534,AZURE,2026-04,0.0,0.0,43209286,520.17,Application Insights,APM telemetry
Production-Main,ebs-0fb8180,AWS,2026-04,0.0,597.4,0,354.7,EBS,io2 volumes database
ML-Training,rs-0727239,AWS,2026-04,0.0,0.0,3490105,167.26,Redshift,Spectrum queries
Production-Main,gcf-0048169,GCP,2026-04,0.0,0.0,13375075,195.74,Cloud Functions,Pub/Sub processors
Production-Secondary,ps-0f67350,GCP,2026-04,0.0,0.0,13536385,168.61,Pub/Sub,Data pipeline
Internal-Tools,ebs-0793510,AWS,2026-04,0.0,228.4,0,27.34,EBS,gp3 volumes staging
Internal-Tools,sqs-10ac145,AWS,2026-04,0.0,0.0,43900068,21.49,SQS,Order processing queue
Edge-Network,gcf-05e9391,GCP,2026-04,0.0,0.0,21882086,307.95,Cloud Functions,Pub/Sub processors
Finance-Systems,blob-020c758,AZURE,2026-04,0.0,3255.8,8695670,409.26,Blob Storage,Build artifacts
QA-Testing,ebs-0a44533,AWS,2026-04,0.0,1108.6,0,131.24,EBS,gp3 volumes production
Marketing-Platform,rds-0e92796,AWS,2026-04,482.6,337.8,0,915.74,RDS,db.r5.large PostgreSQL replica
Edge-Network,bq-0482941,GCP,2026-04,0.0,4821.4,0,1821.11,BigQuery,Log analytics
Staging-Env,gcs-0db0711,GCP,2026-04,0.0,18211.0,43353,174.6,Cloud Storage,Archive bucket
Finance-Systems,fd-0212792,AZURE,2026-04,0.0,0.0,43407088,306.01,Front Door,Global load balancer
Security-Ops,ses-0ecc552,AWS,2026-04,0.0,0.0,1851173,2.18,SES,Transactional email
Production-Main,ecs-06dd673,AWS,2026-04,316.9,0.0,0,565.49,ECS,Fargate batch cluster
Mobile-Backend,kin-04f8523,AWS,2026-04,687.0,0.0,27162818,407.38,Kinesis,Data stream ingestion
Production-Secondary,sqs-0aca971,AWS,2026-04,0.0,0.0,23303518,11.56,SQS,Event notification queue
Customer-Portal,ses-0289612,AWS,2026-04,0.0,0.0,2216427,2.61,SES,Transactional email
Finance-Systems,blob-04ed338,AZURE,2026-04,0.0,7567.8,2825759,375.87,Blob Storage,Data lake storage
IoT-Platform,cr-1142323,GCP,2026-04,620.4,0.0,12290292,883.47,Cloud Run,API gateway service
Compliance-Audit,s3-104d117,AWS,2026-04,0.0,553.8,1082098,47.4,S3,Artifact storage
Mobile-Backend,fd-06a9855,AZURE,2026-04,0.0,0.0,45860027,327.88,Front Door,Global load balancer
ML-Training,rds-0376427,AWS,2026-04,593.2,707.7,0,1424.62,RDS,db.m5.xlarge analytics DB
Data-Science,gcf-07e8576,GCP,2026-04,0.0,0.0,8054126,122.87,Cloud Functions,Auth handlers
Data-Science,ps-0d84890,GCP,2026-04,0.0,0.0,16611819,196.76,Pub/Sub,Event streaming
Partner-Integration,kin-03c3921,AWS,2026-04,822.0,0.0,34600902,485.22,Kinesis,Data stream ingestion
Marketing-Platform,vai-0f66664,GCP,2026-04,407.2,0.0,4539944,894.38,Vertex AI,Model serving endpoints
Security-Ops,ecs-04a1561,AWS,2026-04,481.0,0.0,0,850.55,ECS,Fargate API cluster
Production-Secondary,redis-0d6b439,AZURE,2026-04,967.8,0.0,0,1103.33,Azure Cache for Redis,Premium P1 cache
Security-Ops,s3-052c304,AWS,2026-04,0.0,5199.7,321912,127.32,S3,Log archive bucket
Staging-Env,df-0112294,GCP,2026-04,535.5,0.0,0,1313.41,Dataflow,Streaming pipeline
Shared-Services,eh-01b2547,AZURE,2026-04,0.0,573.4,0,135.41,Event Hubs,Capture to storage
Internal-Tools,blob-05a7913,AZURE,2026-04,0.0,2980.0,7648466,372.81,Blob Storage,Build artifacts
Staging-Env,vai-00f4202,GCP,2026-04,620.0,0.0,6676176,1288.94,Vertex AI,Model serving endpoints
DevOps-Central,ec-0f73376,AWS,2026-04,782.7,0.0,0,544.01,ElastiCache,Redis production cluster
Edge-Network,gke-0ac4487,GCP,2026-04,1938.2,0.0,0,3843.77,GKE,ML training cluster
Analytics-Platform,cr-0ca8929,GCP,2026-04,217.9,0.0,853518,176.94,Cloud Run,Image processor
Analytics-Platform,fs-06ec873,GCP,2026-04,1023.3,29.0,72419099,733.77,Firestore,Session store
Shared-Services,sb-07fc849,AZURE,2026-04,473.3,0.0,6669028,354.5,Service Bus,Premium messaging
Finance-Systems,blob-07c8190,AZURE,2026-04,0.0,1947.7,4784708,297.34,Blob Storage,Media content
Edge-Network,gcf-030a980,GCP,2026-04,0.0,0.0,2077307,31.66,Cloud Functions,Scheduled tasks
DevOps-Central,ec-0a03550,AWS,2026-04,722.1,0.0,0,504.24,ElastiCache,Redis production cluster
Compliance-Audit,s3-0471757,AWS,2026-04,0.0,620.4,1205780,53.67,S3,Artifact storage
Marketing-Platform,df-1035631,GCP,2026-04,747.6,0.0,0,1769.94,Dataflow,Streaming pipeline
Production-Secondary,appi-10d8998,AZURE,2026-04,0.0,0.0,31737416,399.0,Application Insights,APM telemetry
Internal-Tools,gke-0abc203,GCP,2026-04,594.4,0.0,0,1723.39,GKE,Production API cluster
Data-Science,mem-0646678,GCP,2026-04,332.2,0.0,0,238.34,Memorystore,Redis staging cache
Edge-Network,sns-07f5105,AWS,2026-04,0.0,0.0,11144359,5.64,SNS,Alert notifications
Production-Secondary,aks-0058383,AZURE,2026-04,1313.3,0.0,0,1859.24,AKS,Staging K8s cluster
Customer-Portal,bq-0cb0413,GCP,2026-04,0.0,888.7,0,335.28,BigQuery,Data export queries
Internal-Tools,mem-0c8f375,GCP,2026-04,375.2,0.0,0,264.73,Memorystore,Redis staging cache
Internal-Tools,gcs-0455204,GCP,2026-04,0.0,18974.3,6214841,535.23,Cloud Storage,Data lake bucket
Customer-Portal,ado-0265894,AZURE,2026-04,0.0,100.3,0,23.46,Azure DevOps,Artifacts storage
Compliance-Audit,ec-078e845,AWS,2026-04,571.9,0.0,0,422.25,ElastiCache,Redis production cluster
Security-Ops,ps-0b98182,GCP,2026-04,0.0,0.0,29975727,369.8,Pub/Sub,Event streaming
Production-Main,bq-0043693,GCP,2026-04,0.0,2518.1,0,969.52,BigQuery,BI reporting views
Data-Science,rds-0e50804,AWS,2026-04,594.2,170.7,0,548.85,RDS,db.t3.large development DB
Marketing-Platform,ddb-0fab389,AWS,2026-04,413.4,30.6,47271521,318.46,DynamoDB,Session store table
Staging-Env,gke-0b91792,GCP,2026-04,2490.1,0.0,0,4934.44,GKE,ML training cluster
Mobile-Backend,sqs-097c579,AWS,2026-04,0.0,0.0,273172,0.13,SQS,Dead letter queue
Edge-Network,vpn-10a9783,AWS,2026-04,437.6,0.0,0,225.23,VPN Gateway,Site-to-site VPN
Internal-Tools,rds-02c3290,AWS,2026-04,718.4,212.9,0,651.38,RDS,db.t3.large development DB
Marketing-Platform,ddb-10a5298,AWS,2026-04,500.9,35.4,55228592,390.58,DynamoDB,Session store table
Production-Main,vm-0039243,AZURE,2026-04,715.0,0.0,0,2522.85,Virtual Machines,E8s v3 memory-optimized
Customer-Portal,blob-0c83136,AZURE,2026-04,0.0,5181.5,0,492.19,Blob Storage,Security audit logs
Staging-Env,vai-0d82386,GCP,2026-04,436.2,0.0,0,2087.82,Vertex AI,Training pipelines
Customer-Portal,sqldb-0263872,AZURE,2026-04,517.4,355.5,0,1966.69,SQL Database,Premium P1 analytics
Mobile-Backend,fd-0ef5396,AZURE,2026-04,0.0,0.0,36688388,280.09,Front Door,Global load balancer
Finance-Systems,csql-0511461,GCP,2026-04,584.3,167.5,0,929.92,Cloud SQL,PostgreSQL primary
Finance-Systems,rs-023b632,AWS,2026-04,610.1,1731.8,0,2928.94,Redshift,Data warehouse cluster
Production-Secondary,redis-0064522,AZURE,2026-04,836.4,0.0,0,958.37,Azure Cache for Redis,Premium P1 cache
Data-Science,sb-0e7b324,AZURE,2026-04,0.0,0.0,22334136,56.96,Service Bus,Standard messaging
Internal-Tools,cr-062b119,GCP,2026-04,510.6,0.0,4177753,416.88,Cloud Run,Webhook handler
Finance-Systems,s3-0245238,AWS,2026-04,0.0,2242.0,1096721,80.13,S3,Analytics export bucket
Internal-Tools,blob-0ba1272,AZURE,2026-04,0.0,2881.6,7589240,348.71,Blob Storage,Build artifacts
Production-Main,i-0bf4805,AWS,2026-04,609.6,0.0,0,2035.61,EC2,m5.2xlarge batch processor
DevOps-Central,redis-0ffe600,AZURE,2026-04,613.9,0.0,0,701.73,Azure Cache for Redis,Premium P1 cache
Analytics-Platform,gcs-076b169,GCP,2026-04,0.0,7178.5,171879,156.68,Cloud Storage,Backup bucket
Compliance-Audit,i-0673829,AWS,2026-04,485.5,0.0,0,203.15,EC2,t3.medium API server
Data-Science,i-0530222,AWS,2026-04,732.6,0.0,0,53.9,EC2,t3.micro bastion host
Internal-Tools,gke-0762542,GCP,2026-04,2405.5,0.0,0,4631.51,GKE,ML training cluster
Analytics-Platform,mem-0770708,GCP,2026-04,475.7,0.0,0,344.26,Memorystore,Redis production cache
Production-Main,gcs-0abd240,GCP,2026-04,0.0,27603.1,69062,269.57,Cloud Storage,Archive bucket
Compliance-Audit,s3-0b32274,AWS,2026-04,0.0,741.5,1438689,61.45,S3,Artifact storage
Data-Science,i-0b3a756,AWS,2026-04,454.4,0.0,0,1485.14,EC2,m5.2xlarge batch processor
Staging-Env,ps-0aaa443,GCP,2026-04,0.0,0.0,11901615,141.25,Pub/Sub,Data pipeline
Production-Main,s3-0965144,AWS,2026-04,0.0,12632.8,2503464,420.43,S3,Data lake raw zone
Partner-Integration,sqldb-03a6150,AZURE,2026-04,760.0,54.7,0,157.3,SQL Database,Basic dev database
Edge-Network,gcf-030b202,GCP,2026-04,0.0,0.0,9483193,134.6,Cloud Functions,Data triggers
Production-Main,vm-08bc212,AZURE,2026-04,975.4,0.0,0,1347.66,Virtual Machines,F4s v2 compute node
Production-Secondary,sqldb-0ad7535,AZURE,2026-04,425.5,152.3,0,705.87,SQL Database,Standard S3 production
Analytics-Platform,ado-07d3760,AZURE,2026-04,0.0,100.7,0,23.17,Azure DevOps,Artifacts storage
QA-Testing,ec-10c3544,AWS,2026-04,826.5,0.0,0,587.13,ElastiCache,Redis production cluster
Production-Main,lam-0cef839,AWS,2026-04,0.0,0.0,31911919,211.11,Lambda,Data transformer
Edge-Network,s3-0b73418,AWS,2026-04,0.0,52.8,24965344,165.19,S3,Static website hosting
Marketing-Platform,rds-0fff478,AWS,2026-04,462.3,133.5,0,543.42,RDS,db.t3.medium MySQL staging
Finance-Systems,csql-05ba713,GCP,2026-04,815.0,598.0,0,1598.78,Cloud SQL,MySQL analytics
Production-Main,gcs-0736576,GCP,2026-04,0.0,16905.8,5423097,482.76,Cloud Storage,Data lake bucket
Finance-Systems,gcs-051a174,GCP,2026-04,0.0,365.4,5630382,66.59,Cloud Storage,Temp processing bucket
Data-Science,rds-0432834,AWS,2026-04,596.9,427.6,0,1525.23,RDS,db.r5.xlarge PostgreSQL primary
ML-Training,rds-091b932,AWS,2026-04,656.2,721.1,0,1427.85,RDS,db.m5.xlarge analytics DB
Staging-Env,cdns-010d688,GCP,2026-04,0.0,0.0,19724436,28.53,Cloud DNS,DNS zones
Customer-Portal,blob-1177805,AZURE,2026-04,0.0,4515.5,0,443.02,Blob Storage,Security audit logs
Customer-Portal,blob-0ddb390,AZURE,2026-04,0.0,4678.2,0,442.14,Blob Storage,Security audit logs
Internal-Tools,s3-0969861,AWS,2026-04,0.0,3936.6,6447889,280.87,S3,Media content bucket
ML-Training,ebs-10d1413,AWS,2026-04,0.0,4187.6,0,187.72,EBS,st1 volumes archive
Security-Ops,fs-0169362,GCP,2026-04,494.8,35.7,21524795,286.27,Firestore,User profiles DB
Production-Main,appi-0031980,AZURE,2026-04,0.0,0.0,61373633,721.01,Application Insights,APM telemetry
Internal-Tools,rds-0e18966,AWS,2026-04,333.3,96.9,0,394.55,RDS,db.t3.medium MySQL staging
Data-Science,eks-0147675,AWS,2026-04,708.7,0.0,0,2118.75,EKS,Production K8s cluster
Security-Ops,ps-10f7545,GCP,2026-04,0.0,0.0,23272460,285.44,Pub/Sub,Event streaming
Marketing-Platform,gcf-09ea653,GCP,2026-04,0.0,0.0,5617680,82.15,Cloud Functions,Auth handlers
Staging-Env,gcf-00f7900,GCP,2026-04,0.0,0.0,5382624,79.83,Cloud Functions,Auth handlers
IoT-Platform,csql-0e1c599,GCP,2026-04,803.5,234.3,0,957.22,Cloud SQL,PostgreSQL replica
Finance-Systems,gcs-07e7387,GCP,2026-04,0.0,360.3,5699592,63.29,Cloud Storage,Temp processing bucket
Staging-Env,mem-0101350,GCP,2026-04,316.5,0.0,0,229.76,Memorystore,Redis staging cache
Staging-Env,bq-00fc800,GCP,2026-04,0.0,1559.5,0,597.42,BigQuery,BI reporting views
Data-Science,i-1025803,AWS,2026-04,654.3,0.0,0,537.28,EC2,m5.large monitoring server
Analytics-Platform,clog-0d05888,GCP,2026-04,0.0,143.5,0,35.22,Cloud Logging,Audit logs
Analytics-Platform,gcs-1032121,GCP,2026-04,0.0,2380.0,2383137,168.93,Cloud Storage,Media assets bucket
Customer-Portal,clog-0fa8308,GCP,2026-04,0.0,411.4,0,98.39,Cloud Logging,Application logs
Production-Main,sns-001c263,AWS,2026-04,0.0,0.0,7392456,3.59,SNS,Alert notifications
DR-Recovery,appi-0b7c490,AZURE,2026-04,0.0,0.0,14725310,186.07,Application Insights,Custom metrics
Partner-Integration,elb-03da159,AWS,2026-04,595.4,0.0,8143034,118.66,ELB,Classic load balancer
Production-Main,kin-10af674,AWS,2026-04,596.7,0.0,16239279,229.46,Kinesis,Firehose delivery
Marketing-Platform,ddb-0b9f375,AWS,2026-04,626.5,45.8,73838977,504.14,DynamoDB,Session store table
Edge-Network,csql-0f64979,GCP,2026-04,637.4,182.3,0,754.1,Cloud SQL,PostgreSQL replica
Compliance-Audit,ec-037d484,AWS,2026-04,589.7,0.0,0,427.7,ElastiCache,Redis production cluster
Edge-Network,ps-0491111,GCP,2026-04,0.0,0.0,22933982,274.43,Pub/Sub,Event streaming
Shared-Services,app-081b214,AZURE,2026-04,807.6,0.0,0,939.29,App Service,API app P2v3
Security-Ops,ecs-0be1976,AWS,2026-04,163.7,0.0,0,299.22,ECS,Fargate batch cluster
Finance-Systems,cr-0d01927,GCP,2026-04,316.3,0.0,2569192,270.88,Cloud Run,Webhook handler
Customer-Portal,cr-0d92397,GCP,2026-04,515.3,0.0,2150414,653.17,Cloud Run,ETL pipeline service
Compliance-Audit,rds-097a830,AWS,2026-04,698.1,806.5,0,1600.64,RDS,db.m5.xlarge analytics DB
IoT-Platform,bq-0650720,GCP,2026-04,0.0,3029.5,0,1165.01,BigQuery,BI reporting views
Internal-Tools,blob-0299348,AZURE,2026-04,0.0,2498.8,6035265,380.52,Blob Storage,Media content
Production-Secondary,app-0df4564,AZURE,2026-04,578.8,0.0,0,82.86,App Service,Web app B1
Internal-Tools,ec-0c53926,AWS,2026-04,434.5,0.0,0,313.25,ElastiCache,Redis production cluster
Edge-Network,df-02fe412,GCP,2026-04,647.6,0.0,0,1475.81,Dataflow,Streaming pipeline
Shared-Services,vm-0c46763,AZURE,2026-04,811.8,0.0,0,943.92,Virtual Machines,D4s v3 CI runner
Data-Science,rds-0136144,AWS,2026-04,905.5,622.1,0,1670.96,RDS,db.r5.large PostgreSQL replica
Marketing-Platform,clog-01fb303,GCP,2026-04,0.0,224.5,0,53.06,Cloud Logging,Audit logs
Edge-Network,gke-0307108,GCP,2026-04,687.4,0.0,0,2023.23,GKE,Production API cluster
Customer-Portal,blob-0934606,AZURE,2026-04,0.0,4593.3,0,447.49,Blob Storage,Security audit logs
Shared-Services,rds-1070832,AWS,2026-04,469.4,337.1,0,908.86,RDS,db.r5.large PostgreSQL replica
Compliance-Audit,rds-0d55733,AWS,2026-04,672.0,480.0,0,1291.57,RDS,db.r5.large PostgreSQL replica
Production-Secondary,mem-0dbc292,GCP,2026-04,500.6,0.0,0,348.75,Memorystore,Redis production cache
Production-Secondary,r53-1192859,AWS,2026-04,0.0,0.0,7838929,11.2,Route 53,Health checks
Internal-Tools,s3-10d4811,AWS,2026-04,0.0,3658.0,5539805,251.82,S3,Media content bucket
Compliance-Audit,r53-1052440,AWS,2026-04,0.0,0.0,6741149,9.92,Route 53,Health checks
Production-Main,s3-0019862,AWS,2026-04,0.0,2190.0,1069073,80.72,S3,Analytics export bucket
Finance-Systems,func-081f530,AZURE,2026-04,0.0,0.0,5129773,73.97,Azure Functions,API handlers
DR-Recovery,sqldb-02f5967,AZURE,2026-04,857.6,597.5,0,3300.53,SQL Database,Premium P1 analytics
Mobile-Backend,sqs-0da8365,AWS,2026-04,0.0,0.0,289411,0.14,SQS,Dead letter queue
Staging-Env,bq-00fa654,GCP,2026-04,0.0,8185.7,0,3093.63,BigQuery,Analytics data warehouse
Analytics-Platform,gcs-0978625,GCP,2026-04,0.0,1953.5,1915921,134.99,Cloud Storage,Media assets bucket
Finance-Systems,blob-049b662,AZURE,2026-04,0.0,7367.9,72801,212.11,Blob Storage,Backup storage
Shared-Services,rds-0781760,AWS,2026-04,566.9,160.1,0,508.45,RDS,db.t3.large development DB
Marketing-Platform,sm-0de2274,AWS,2026-04,0.0,0.0,809079,3.26,Secrets Manager,Application secrets
DevOps-Central,appi-09af973,AZURE,2026-04,0.0,0.0,63277165,751.58,Application Insights,APM telemetry
Marketing-Platform,gcf-0c68192,GCP,2026-04,0.0,0.0,1498132,21.08,Cloud Functions,Scheduled tasks
Edge-Network,i-0328891,AWS,2026-04,346.2,0.0,0,974.08,EC2,c5.2xlarge HPC node
Compliance-Audit,s3-079d136,AWS,2026-04,0.0,11883.2,2291131,384.96,S3,Data lake raw zone
Edge-Network,vpn-0315511,AWS,2026-04,658.5,0.0,0,157.93,VPN Gateway,Client VPN endpoint
Marketing-Platform,rds-0878977,AWS,2026-04,346.5,101.0,0,408.05,RDS,db.t3.medium MySQL staging
Internal-Tools,s3-0a01897,AWS,2026-04,0.0,4083.9,6253448,283.79,S3,Media content bucket
Marketing-Platform,gke-0c63614,GCP,2026-04,2036.4,0.0,0,3931.94,GKE,ML training cluster
Internal-Tools,gcf-0e65257,GCP,2026-04,0.0,0.0,1794810,25.81,Cloud Functions,Scheduled tasks
Data-Science,ec-0145951,AWS,2026-04,468.5,0.0,0,167.91,ElastiCache,Redis staging cluster
DevOps-Central,ebs-00cc665,AWS,2026-04,0.0,405.6,0,240.88,EBS,io2 volumes database
Internal-Tools,vai-0ba7212,GCP,2026-04,806.2,0.0,9414467,1747.46,Vertex AI,Model serving endpoints
Partner-Integration,gcs-03ba985,GCP,2026-04,0.0,1946.3,981151,292.16,Cloud Storage,Model artifacts
Partner-Integration,elb-0a75516,AWS,2026-04,794.2,0.0,11143579,156.07,ELB,Classic load balancer
Production-Main,i-000f723,AWS,2026-04,750.8,0.0,0,316.04,EC2,t3.medium API server
Internal-Tools,gcf-0a2a982,GCP,2026-04,0.0,0.0,1660763,24.45,Cloud Functions,Scheduled tasks
Security-Ops,clog-0177930,GCP,2026-04,0.0,459.9,0,111.0,Cloud Logging,Application logs
Compliance-Audit,s3-0c23914,AWS,2026-04,0.0,4147.0,1985379,145.21,S3,Analytics export bucket
Data-Science,appi-014c926,AZURE,2026-04,0.0,0.0,48984688,604.25,Application Insights,APM telemetry
Production-Main,cf-0a65604,AWS,2026-04,0.0,0.0,34956740,178.65,CloudFront,CDN API distribution
Finance-Systems,gcf-0238323,GCP,2026-04,0.0,0.0,20845192,303.38,Cloud Functions,Pub/Sub processors
DevOps-Central,sentinel-00e6345,AZURE,2026-04,0.0,0.0,102345762,2514.12,Microsoft Sentinel,SIEM detection
Marketing-Platform,gke-01f3108,GCP,2026-04,3522.9,0.0,0,6767.31,GKE,GPU node pool
Marketing-Platform,mem-0de1859,GCP,2026-04,434.3,0.0,0,312.47,Memorystore,Redis staging cache
Shared-Services,cmon-01b1417,GCP,2026-04,0.0,0.0,24443032,191.77,Cloud Monitoring,Metrics and alerting
Data-Science,nat-054b109,AWS,2026-04,472.4,0.0,0,107.19,NAT Gateway,Staging VPC NAT
Mobile-Backend,vm-0a18879,AZURE,2026-04,811.1,0.0,0,1134.13,Virtual Machines,F4s v2 compute node
IoT-Platform,gke-0e3c961,GCP,2026-04,430.4,0.0,0,1311.12,GKE,Batch processing cluster
Compliance-Audit,sns-0bfb153,AWS,2026-04,0.0,0.0,12852381,6.33,SNS,Alert notifications
DevOps-Central,vm-0952136,AZURE,2026-04,618.7,0.0,0,178.38,Virtual Machines,B2s development VM
Customer-Portal,ps-027f109,GCP,2026-04,0.0,0.0,9764701,122.87,Pub/Sub,Data pipeline
Analytics-Platform,bq-0bdf860,GCP,2026-04,0.0,10629.8,0,4050.58,BigQuery,Analytics data warehouse
Production-Main,lam-1147471,AWS,2026-04,0.0,0.0,28076121,198.39,Lambda,Data transformer
Compliance-Audit,s3-0575814,AWS,2026-04,0.0,3103.6,1556473,115.22,S3,Analytics export bucket
Production-Main,sentinel-0037520,AZURE,2026-04,0.0,0.0,43799617,1060.21,Microsoft Sentinel,Log analytics
Production-Main,app-0027586,AZURE,2026-04,507.2,0.0,0,606.32,App Service,API app P2v3
Data-Science,rds-0134211,AWS,2026-04,667.7,496.6,0,1736.82,RDS,db.r5.xlarge PostgreSQL primary
Security-Ops,bq-0165272,GCP,2026-04,0.0,7183.2,0,2820.43,BigQuery,Analytics data warehouse
Partner-Integration,ses-03ca997,AWS,2026-04,0.0,0.0,588864,0.67,SES,Marketing email
Mobile-Backend,azmon-0aa4532,AZURE,2026-04,0.0,306.1,40766889,422.58,Azure Monitor,Logs and metrics
Customer-Portal,mem-0276381,GCP,2026-04,713.7,0.0,0,498.38,Memorystore,Redis production cache
DevOps-Central,sentinel-0d56288,AZURE,2026-04,0.0,0.0,33175314,781.76,Microsoft Sentinel,Log analytics
Edge-Network,vpn-05f9490,AWS,2026-04,623.7,0.0,0,156.67,VPN Gateway,Client VPN endpoint
Partner-Integration,ado-0a99621,AZURE,2026-04,541.2,0.0,0,271.38,Azure DevOps,Pipelines hosted
Data-Science,clog-0130248,GCP,2026-04,0.0,409.3,0,98.73,Cloud Logging,Application logs
QA-Testing,cf-03e3566,AWS,2026-04,0.0,0.0,144710675,728.28,CloudFront,CDN media distribution
Shared-Services,appi-01b6184,AZURE,2026-04,0.0,0.0,38955440,485.98,Application Insights,APM telemetry
Finance-Systems,sqldb-020e330,AZURE,2026-04,728.9,500.4,0,2761.18,SQL Database,Premium P1 analytics
Production-Secondary,blob-005e473,AZURE,2026-04,0.0,13471.0,32796,101.53,Blob Storage,Archive tier
Finance-Systems,s3-0ab5299,AWS,2026-04,0.0,8101.8,479934,188.94,S3,Log archive bucket
Marketing-Platform,vai-0824781,GCP,2026-04,414.3,0.0,0,1993.97,Vertex AI,Training pipelines
Production-Main,lam-0519516,AWS,2026-04,0.0,0.0,28375464,193.41,Lambda,Data transformer
Security-Ops,sentinel-015b316,AZURE,2026-04,0.0,0.0,81240571,2043.99,Microsoft Sentinel,SIEM detection
Production-Main,vai-0732821,GCP,2026-04,660.0,0.0,6949383,1382.13,Vertex AI,Model serving endpoints
Data-Science,blob-0155153,AZURE,2026-04,0.0,2065.4,5142568,326.34,Blob Storage,Media content
Marketing-Platform,ddb-0fb7490,AWS,2026-04,544.1,37.9,59861016,406.74,DynamoDB,Session store table
Production-Secondary,sqldb-0481357,AZURE,2026-04,426.9,149.7,0,687.87,SQL Database,Standard S3 production
Partner-Integration,azmon-07d2786,AZURE,2026-04,0.0,201.7,27025849,280.78,Azure Monitor,Logs and metrics
Edge-Network,vpn-0316649,AWS,2026-04,503.0,0.0,0,239.19,VPN Gateway,Site-to-site VPN
Internal-Tools,lam-0aba667,AWS,2026-04,0.0,0.0,32066012,223.11,Lambda,API gateway handler
Partner-Integration,elb-0bca587,AWS,2026-04,720.6,0.0,10400852,146.17,ELB,Classic load balancer
Marketing-Platform,clog-058a522,GCP,2026-04,0.0,516.1,0,124.28,Cloud Logging,Application logs
Finance-Systems,func-021e999,AZURE,2026-04,0.0,0.0,8707200,131.91,Azure Functions,Event processors
Customer-Portal,vpn-0579455,AWS,2026-04,972.2,0.0,0,231.75,VPN Gateway,Client VPN endpoint
Analytics-Platform,cmon-0d1b282,GCP,2026-04,0.0,0.0,20227577,159.82,Cloud Monitoring,Metrics and alerting
Compliance-Audit,s3-06ca918,AWS,2026-04,0.0,44.7,21471876,139.69,S3,Static website hosting
Internal-Tools,blob-0833224,AZURE,2026-04,0.0,2512.8,6179355,376.31,Blob Storage,Media content
DevOps-Central,kv-05de284,AZURE,2026-04,0.0,0.0,308808,0.93,Key Vault,Certificate store
Data-Science,vai-055e755,GCP,2026-04,377.6,0.0,0,1797.7,Vertex AI,Training pipelines
Edge-Network,sqs-0600636,AWS,2026-04,0.0,0.0,27492139,13.24,SQS,Event notification queue
Production-Secondary,i-0453402,AWS,2026-04,956.3,0.0,0,805.41,EC2,t3.large application server
Production-Secondary,vai-0093499,GCP,2026-04,589.3,0.0,6480366,1259.18,Vertex AI,Model serving endpoints
Mobile-Backend,fd-0636613,AZURE,2026-04,0.0,0.0,39474548,284.87,Front Door,Global load balancer
Analytics-Platform,eh-10c2682,AZURE,2026-04,0.0,307.6,0,74.49,Event Hubs,Capture to storage
Internal-Tools,lam-0785135,AWS,2026-04,0.0,0.0,19122162,132.01,Lambda,Data transformer
Mobile-Backend,sqs-0331305,AWS,2026-04,0.0,0.0,320265,0.16,SQS,Dead letter queue
Compliance-Audit,vpn-0617551,AWS,2026-04,751.8,0.0,0,193.49,VPN Gateway,Client VPN endpoint
Production-Main,eh-04d7845,AZURE,2026-04,0.0,702.0,0,166.18,Event Hubs,Capture to storage
ML-Training,lam-115f800,AWS,2026-04,0.0,0.0,10501311,73.31,Lambda,Notification dispatcher
Internal-Tools,cf-092d732,AWS,2026-04,0.0,0.0,91196701,438.44,CloudFront,CDN web distribution
Production-Main,cosmos-002b765,AZURE,2026-04,925.0,65.0,19290271,611.93,Cosmos DB,Config store
Production-Main,func-0a97169,AZURE,2026-04,0.0,0.0,2533800,36.76,Azure Functions,Webhook processor
Finance-Systems,vm-0217306,AZURE,2026-04,670.0,0.0,0,1583.16,Virtual Machines,D8s v3 application server
Production-Secondary,elb-0080147,AWS,2026-04,512.2,0.0,36593339,222.87,ELB,Network load balancer
Security-Ops,ecs-08d2791,AWS,2026-04,402.2,0.0,0,714.01,ECS,Fargate API cluster
Analytics-Platform,eh-0553442,AZURE,2026-04,556.3,0.0,22821266,246.22,Event Hubs,Standard throughput units
Data-Science,eks-0148786,AWS,2026-04,364.7,0.0,0,1056.73,EKS,Staging K8s cluster
Partner-Integration,s3-1146713,AWS,2026-04,0.0,7936.2,505787,195.44,S3,Log archive bucket
DR-Recovery,appi-045d659,AZURE,2026-04,0.0,0.0,19888414,245.35,Application Insights,Custom metrics
Analytics-Platform,gcs-00a5223,GCP,2026-04,0.0,20978.0,52006,198.31,Cloud Storage,Archive bucket
Compliance-Audit,sns-0566288,AWS,2026-04,0.0,0.0,14837005,7.06,SNS,Event fanout topic
Finance-Systems,eks-06ed234,AWS,2026-04,753.6,0.0,0,2191.82,EKS,Production K8s cluster
ML-Training,sqs-072e691,AWS,2026-04,0.0,0.0,472493,0.24,SQS,Dead letter queue
Production-Secondary,ec-106a729,AWS,2026-04,711.2,0.0,0,247.85,ElastiCache,Redis staging cluster
Internal-Tools,ec-04e7101,AWS,2026-04,425.9,0.0,0,313.88,ElastiCache,Redis production cluster
Partner-Integration,ec-03d2749,AWS,2026-04,475.9,0.0,0,169.91,ElastiCache,Redis staging cluster
Internal-Tools,cr-0cfb121,GCP,2026-04,286.9,0.0,1212953,248.52,Cloud Run,Image processor
DevOps-Central,kv-00d5790,AZURE,2026-04,0.0,0.0,348662,0.99,Key Vault,Certificate store
Finance-Systems,aks-111d841,AZURE,2026-04,1251.6,0.0,0,1767.34,AKS,Staging K8s cluster
Partner-Integration,appi-0518688,AZURE,2026-04,0.0,0.0,55112167,692.01,Application Insights,APM telemetry
Marketing-Platform,gcf-07d5924,GCP,2026-04,0.0,0.0,1722444,25.89,Cloud Functions,Scheduled tasks
Production-Secondary,blob-0060140,AZURE,2026-04,0.0,6378.1,0,617.28,Blob Storage,Security audit logs
Finance-Systems,cr-0853952,GCP,2026-04,459.0,0.0,1963374,605.29,Cloud Run,ETL pipeline service
Edge-Network,sns-0e85289,AWS,2026-04,0.0,0.0,10467484,5.13,SNS,Alert notifications
Customer-Portal,ps-0836856,GCP,2026-04,0.0,0.0,8377263,102.18,Pub/Sub,Data pipeline
Edge-Network,ebs-0312701,AWS,2026-04,0.0,347.2,0,204.32,EBS,io2 volumes database
DevOps-Central,aks-040b567,AZURE,2026-04,318.8,0.0,0,480.4,AKS,Dev K8s cluster
DevOps-Central,ddb-05d7644,AWS,2026-04,824.3,11.4,5599765,99.04,DynamoDB,Config store table
Internal-Tools,ec-02b4327,AWS,2026-04,504.7,0.0,0,348.0,ElastiCache,Redis production cluster
Production-Secondary,ecs-0c4a227,AWS,2026-04,246.7,0.0,0,437.72,ECS,Fargate batch cluster
Compliance-Audit,s3-0c98607,AWS,2026-04,0.0,641.6,1222460,53.66,S3,Artifact storage
Marketing-Platform,cmon-09f3686,GCP,2026-04,0.0,0.0,27442058,217.09,Cloud Monitoring,Metrics and alerting
Edge-Network,s3-1096283,AWS,2026-04,0.0,1076.3,2188532,90.43,S3,Artifact storage
Internal-Tools,s3-07ea402,AWS,2026-04,0.0,33.5,16587616,104.55,S3,Static website hosting
ML-Training,ebs-09a5794,AWS,2026-04,0.0,702.1,0,417.03,EBS,io2 volumes database
Compliance-Audit,ecs-1030728,AWS,2026-04,461.6,0.0,0,820.04,ECS,Fargate worker cluster
Edge-Network,vpn-0e76532,AWS,2026-04,459.6,0.0,0,232.15,VPN Gateway,Site-to-site VPN
Internal-Tools,cr-0e27539,GCP,2026-04,581.5,0.0,2520268,742.02,Cloud Run,ETL pipeline service
Partner-Integration,redis-0521982,AZURE,2026-04,543.8,0.0,0,268.83,Azure Cache for Redis,Standard C2 cache
Marketing-Platform,i-0a25644,AWS,2026-04,533.6,0.0,0,447.04,EC2,m5.large monitoring server
Edge-Network,i-0327476,AWS,2026-04,546.5,0.0,0,1842.2,EC2,m5.2xlarge batch processor
Shared-Services,sb-01c6216,AZURE,2026-04,559.9,0.0,7888520,414.39,Service Bus,Premium messaging
Customer-Portal,ado-0264345,AZURE,2026-04,411.6,0.0,0,203.11,Azure DevOps,Pipelines hosted
Production-Secondary,app-0e45756,AZURE,2026-04,623.8,0.0,0,93.14,App Service,Web app B1
Staging-Env,vai-04cd524,GCP,2026-04,484.6,0.0,0,2356.7,Vertex AI,Training pipelines
Partner-Integration,rds-09fc828,AWS,2026-04,749.4,512.3,0,1426.01,RDS,db.r5.large PostgreSQL replica
Finance-Systems,app-0228579,AZURE,2026-04,845.9,0.0,0,126.99,App Service,Web app B1
Shared-Services,rds-0c0c979,AWS,2026-04,500.0,357.6,0,994.52,RDS,db.r5.large PostgreSQL replica
Data-Science,csql-011a788,GCP,2026-04,651.8,478.5,0,1295.25,Cloud SQL,MySQL analytics
Customer-Portal,app-05eb327,AZURE,2026-04,495.5,0.0,0,305.41,App Service,Web app P1v3
Security-Ops,eh-015c222,AZURE,2026-04,0.0,418.0,0,100.88,Event Hubs,Capture to storage
Edge-Network,gcf-0cd5507,GCP,2026-04,0.0,0.0,9573026,146.68,Cloud Functions,Data triggers
Customer-Portal,ses-0f91414,AWS,2026-04,0.0,0.0,1643494,1.94,SES,Transactional email
Production-Secondary,blob-0911942,AZURE,2026-04,0.0,10850.1,27182,82.13,Blob Storage,Archive tier
Marketing-Platform,rs-07de855,AWS,2026-04,463.7,1298.3,0,2218.66,Redshift,Data warehouse cluster
QA-Testing,lam-0aa9972,AWS,2026-04,0.0,0.0,4041680,27.54,Lambda,Image resizer
Analytics-Platform,vai-0728925,GCP,2026-04,491.5,0.0,0,2428.26,Vertex AI,Training pipelines
Compliance-Audit,rds-0fa3116,AWS,2026-04,984.7,694.2,0,1862.06,RDS,db.r5.large PostgreSQL replica
Production-Main,i-0926303,AWS,2026-04,709.9,0.0,0,51.19,EC2,t3.micro bastion host
DR-Recovery,appi-095b779,AZURE,2026-04,0.0,0.0,19641700,249.4,Application Insights,Custom metrics
Compliance-Audit,vpn-070e694,AWS,2026-04,362.8,0.0,0,176.99,VPN Gateway,Site-to-site VPN
Mobile-Backend,ebs-05cc362,AWS,2026-04,0.0,3974.3,0,166.48,EBS,st1 volumes archive
Production-Secondary,clog-1027901,GCP,2026-04,0.0,483.6,0,115.68,Cloud Logging,Application logs
Data-Science,ec-0b5f483,AWS,2026-04,420.8,0.0,0,151.06,ElastiCache,Redis staging cluster
Internal-Tools,nat-02ba419,AWS,2026-04,515.0,0.0,0,115.88,NAT Gateway,Dev VPC NAT
Finance-Systems,blob-07a1954,AZURE,2026-04,0.0,1924.7,4707765,290.03,Blob Storage,Media content
Partner-Integration,elb-0611191,AWS,2026-04,658.1,0.0,9552453,136.72,ELB,Classic load balancer
Finance-Systems,elb-0790493,AWS,2026-04,487.8,0.0,6864702,97.94,ELB,Classic load balancer
Production-Secondary,blob-0618339,AZURE,2026-04,0.0,11384.7,107229,328.58,Blob Storage,Backup storage
Finance-Systems,gcs-022b197,GCP,2026-04,0.0,2745.3,2675733,184.11,Cloud Storage,Media assets bucket
Analytics-Platform,gcs-00a1807,GCP,2026-04,0.0,10599.9,3410674,297.64,Cloud Storage,Data lake bucket
Edge-Network,ec-1098417,AWS,2026-04,599.3,0.0,0,399.9,ElastiCache,Redis production cluster
Data-Science,blob-071e425,AZURE,2026-04,0.0,9382.9,88972,265.94,Blob Storage,Backup storage
Customer-Portal,aks-0258969,AZURE,2026-04,339.4,0.0,0,495.31,AKS,Dev K8s cluster
Internal-Tools,lam-0a9f654,AWS,2026-04,0.0,0.0,20135812,140.04,Lambda,Data transformer
Marketing-Platform,kin-01d0507,AWS,2026-04,468.8,0.0,20335530,283.78,Kinesis,Data stream ingestion
Production-Main,blob-105c374,AZURE,2026-04,0.0,24718.6,59878,191.33,Blob Storage,Archive tier
Data-Science,i-047f834,AWS,2026-04,411.1,0.0,0,716.64,EC2,r5.xlarge cache server
Partner-Integration,cf-0fef875,AWS,2026-04,0.0,0.0,30456464,151.47,CloudFront,CDN API distribution
Shared-Services,s3-0f8f356,AWS,2026-04,0.0,12477.3,2337212,419.88,S3,Data lake raw zone
Internal-Tools,vm-08d6906,AZURE,2026-04,642.8,0.0,0,397.41,Virtual Machines,D2s v3 utility server
Finance-Systems,rds-08fc684,AWS,2026-04,599.8,698.7,0,1405.87,RDS,db.m5.xlarge analytics DB
Customer-Portal,ses-0288805,AWS,2026-04,0.0,0.0,549741,0.66,SES,Marketing email
Data-Science,mem-068e783,GCP,2026-04,349.1,0.0,0,246.83,Memorystore,Redis staging cache
Edge-Network,cmon-0f20795,GCP,2026-04,0.0,0.0,23607734,189.64,Cloud Monitoring,Metrics and alerting
DR-Recovery,sqldb-0884129,AZURE,2026-04,617.3,45.3,0,129.69,SQL Database,Basic dev database
Internal-Tools,cr-10e6257,GCP,2026-04,294.4,0.0,1224604,252.99,Cloud Run,Image processor
Production-Secondary,cosmos-0ffc140,AZURE,2026-04,669.7,191.0,37074450,1506.21,Cosmos DB,User data store
Internal-Tools,vm-029c164,AZURE,2026-04,691.3,0.0,0,951.33,Virtual Machines,F4s v2 compute node
Analytics-Platform,cr-1118381,GCP,2026-04,603.9,0.0,12575570,894.31,Cloud Run,API gateway service
Customer-Portal,i-028e796,AWS,2026-04,642.7,0.0,0,1078.19,EC2,m5.xlarge web server
Production-Secondary,redis-08fd634,AZURE,2026-04,1072.2,0.0,0,540.5,Azure Cache for Redis,Standard C2 cache
Shared-Services,rds-019f754,AWS,2026-04,548.9,797.4,0,2461.87,RDS,db.r5.2xlarge Aurora cluster
Partner-Integration,elb-04da950,AWS,2026-04,537.8,0.0,7352693,106.78,ELB,Classic load balancer
Internal-Tools,sentinel-04a2413,AZURE,2026-04,0.0,0.0,74132651,1759.21,Microsoft Sentinel,SIEM detection
Internal-Tools,lam-02cd701,AWS,2026-04,0.0,0.0,7930750,55.52,Lambda,Notification dispatcher
DevOps-Central,r53-056a999,AWS,2026-04,0.0,0.0,6336704,8.9,Route 53,Health checks
Edge-Network,ebs-0799406,AWS,2026-04,0.0,362.5,0,219.88,EBS,io2 volumes database
Production-Main,s3-0725116,AWS,2026-04,0.0,11518.6,2233956,389.7,S3,Data lake raw zone
Analytics-Platform,csql-0955826,GCP,2026-04,653.6,189.9,0,772.06,Cloud SQL,PostgreSQL replica
Compliance-Audit,rds-050c134,AWS,2026-04,796.8,561.3,0,1497.43,RDS,db.r5.large PostgreSQL replica
Partner-Integration,rs-09f8831,AWS,2026-04,753.7,2136.1,0,3755.64,Redshift,Data warehouse cluster
Production-Main,cf-05ce313,AWS,2026-04,0.0,0.0,40736336,204.45,CloudFront,CDN API distribution
Staging-Env,cr-010e679,GCP,2026-04,282.9,0.0,2357734,246.75,Cloud Run,Webhook handler
Edge-Network,gcf-04eb923,GCP,2026-04,0.0,0.0,5335542,80.1,Cloud Functions,Auth handlers
ML-Training,i-0368473,AWS,2026-04,683.0,0.0,0,596.73,EC2,m5.large monitoring server
Customer-Portal,eh-0268839,AZURE,2026-04,0.0,579.4,0,139.37,Event Hubs,Capture to storage
Mobile-Backend,sb-033f307,AZURE,2026-04,0.0,0.0,13652829,33.35,Service Bus,Standard messaging
Data-Science,gcs-05b5140,GCP,2026-04,0.0,465.3,7315166,79.84,Cloud Storage,Temp processing bucket
Production-Main,lam-0503943,AWS,2026-04,0.0,0.0,5759268,39.7,Lambda,Notification dispatcher
Security-Ops,df-0170417,GCP,2026-04,344.2,0.0,0,822.52,Dataflow,Batch pipeline
Production-Main,s3-054d837,AWS,2026-04,0.0,8695.5,542146,215.13,S3,Log archive bucket
Security-Ops,bq-0f8d684,GCP,2026-04,0.0,5956.9,0,2265.71,BigQuery,Analytics data warehouse
Production-Main,kv-0023471,AZURE,2026-04,0.0,0.0,349703,1.01,Key Vault,Certificate store
Production-Secondary,aks-0057749,AZURE,2026-04,488.4,0.0,0,2115.51,AKS,Production K8s cluster
Security-Ops,vm-015f925,AZURE,2026-04,837.2,0.0,0,1179.09,Virtual Machines,F4s v2 compute node
Analytics-Platform,gcs-0da7529,GCP,2026-04,0.0,9400.1,235938,205.62,Cloud Storage,Backup bucket
Production-Main,cmon-0cb1336,GCP,2026-04,0.0,0.0,22982101,176.59,Cloud Monitoring,Metrics and alerting
Finance-Systems,gcf-0ad1638,GCP,2026-04,0.0,0.0,12301822,183.26,Cloud Functions,Data triggers
Edge-Network,s3-0b63436,AWS,2026-04,0.0,48.8,23474547,152.79,S3,Static website hosting
Internal-Tools,ebs-1066922,AWS,2026-04,0.0,4486.8,0,193.81,EBS,st1 volumes archive
Compliance-Audit,rds-0f34396,AWS,2026-04,800.8,548.3,0,2007.07,RDS,db.r5.xlarge PostgreSQL primary
Compliance-Audit,ebs-1114137,AWS,2026-04,0.0,224.4,0,26.83,EBS,gp3 volumes staging
Shared-Services,sb-09c4900,AZURE,2026-04,653.0,0.0,9167470,480.05,Service Bus,Premium messaging
Customer-Portal,elb-1008327,AWS,2026-04,667.3,0.0,9370135,131.85,ELB,Classic load balancer
Data-Science,mem-07c9408,GCP,2026-04,334.1,0.0,0,242.73,Memorystore,Redis staging cache
Internal-Tools,rds-103d389,AWS,2026-04,739.4,1084.3,0,3239.86,RDS,db.r5.2xlarge Aurora cluster
IoT-Platform,bq-0b87482,GCP,2026-04,0.0,3469.2,0,1357.06,BigQuery,BI reporting views
Production-Secondary,app-077f551,AZURE,2026-04,558.4,0.0,0,83.91,App Service,Web app B1
Marketing-Platform,gke-0f74407,GCP,2026-04,4105.4,0.0,0,7882.74,GKE,GPU node pool
Compliance-Audit,rds-105e420,AWS,2026-04,946.5,677.8,0,1916.78,RDS,db.r5.large PostgreSQL replica
Customer-Portal,eh-0269959,AZURE,2026-04,676.0,0.0,28661166,299.12,Event Hubs,Standard throughput units
Partner-Integration,sqldb-0fa2831,AZURE,2026-04,558.4,391.8,0,2214.39,SQL Database,Premium P1 analytics
Production-Main,cosmos-0c6d534,AZURE,2026-04,1016.1,73.1,21448396,683.9,Cosmos DB,Config store
Customer-Portal,elb-0c08248,AWS,2026-04,663.8,0.0,27782610,196.24,ELB,Application load balancer
Production-Secondary,redis-0a42245,AZURE,2026-04,879.9,0.0,0,442.82,Azure Cache for Redis,Standard C2 cache
DevOps-Central,azmon-0c06770,AZURE,2026-04,0.0,279.6,36229475,382.04,Azure Monitor,Logs and metrics
Internal-Tools,lam-0cbd665,AWS,2026-04,0.0,0.0,15134712,105.8,Lambda,Data transformer
DevOps-Central,aks-0f42341,AZURE,2026-04,412.6,0.0,0,619.47,AKS,Dev K8s cluster
Customer-Portal,blob-045f799,AZURE,2026-04,0.0,4952.5,0,473.25,Blob Storage,Security audit logs
Internal-Tools,rds-02c1573,AWS,2026-04,700.4,506.5,0,1396.56,RDS,db.r5.large PostgreSQL replica
Internal-Tools,blob-0aac997,AZURE,2026-04,0.0,3002.0,7741820,368.55,Blob Storage,Build artifacts
Staging-Env,gke-114f799,GCP,2026-04,738.7,0.0,0,2190.51,GKE,Production API cluster
Customer-Portal,appi-062c764,AZURE,2026-04,0.0,0.0,41286518,484.96,Application Insights,APM telemetry
IoT-Platform,gcs-034d761,GCP,2026-04,0.0,11621.7,3859053,329.59,Cloud Storage,Data lake bucket
IoT-Platform,csql-0c56201,GCP,2026-04,620.0,178.8,0,751.9,Cloud SQL,PostgreSQL replica
Production-Main,cf-0716452,AWS,2026-04,0.0,0.0,56622582,271.17,CloudFront,CDN API distribution
Finance-Systems,blob-0c99432,AZURE,2026-04,0.0,7162.3,70626,207.07,Blob Storage,Backup storage
Partner-Integration,appi-1023507,AZURE,2026-04,0.0,0.0,16961821,205.98,Application Insights,Custom metrics
Production-Main,appi-0847459,AZURE,2026-04,0.0,0.0,56599137,696.93,Application Insights,APM telemetry
Production-Secondary,i-0626908,AWS,2026-04,748.6,0.0,0,617.87,EC2,m5.large monitoring server
Edge-Network,sns-0c0e157,AWS,2026-04,0.0,0.0,11569346,5.84,SNS,Alert notifications
Customer-Portal,cdns-0281439,GCP,2026-04,0.0,0.0,20871946,29.98,Cloud DNS,DNS zones
IoT-Platform,csql-08d3614,GCP,2026-04,678.6,197.9,0,787.09,Cloud SQL,PostgreSQL replica
IoT-Platform,bq-0d52533,GCP,2026-04,0.0,3086.0,0,1185.17,BigQuery,BI reporting views
ML-Training,ebs-0379809,AWS,2026-04,0.0,3813.6,0,164.21,EBS,st1 volumes archive
Mobile-Backend,sqs-0330567,AWS,2026-04,0.0,0.0,20337000,10.21,SQS,Event notification queue
Compliance-Audit,r53-1067995,AWS,2026-04,0.0,0.0,5696899,8.05,Route 53,Health checks
Shared-Services,func-0d86552,AZURE,2026-04,0.0,0.0,2903875,44.76,Azure Functions,Webhook processor
Shared-Services,vai-09fa696,GCP,2026-04,253.5,0.0,0,1220.45,Vertex AI,AutoML jobs
Internal-Tools,eh-04ce593,AZURE,2026-04,0.0,445.8,0,109.0,Event Hubs,Capture to storage
Edge-Network,rds-0b2c110,AWS,2026-04,469.7,336.6,0,1184.44,RDS,db.r5.xlarge PostgreSQL primary
Staging-Env,gke-0a6f794,GCP,2026-04,465.9,0.0,0,1399.95,GKE,Production API cluster
Internal-Tools,nat-0c40267,AWS,2026-04,471.6,0.0,0,108.68,NAT Gateway,Dev VPC NAT
Shared-Services,vm-01bd545,AZURE,2026-04,741.8,0.0,0,857.59,Virtual Machines,D4s v3 CI runner
Production-Secondary,mem-0786845,GCP,2026-04,487.3,0.0,0,339.45,Memorystore,Redis production cache
Finance-Systems,s3-0242170,AWS,2026-04,0.0,3270.1,18766360,774.94,S3,Production asset storage
Data-Science,i-116b161,AWS,2026-04,474.0,0.0,0,783.93,EC2,r5.xlarge cache server
ML-Training,i-036a778,AWS,2026-04,752.9,0.0,0,644.13,EC2,t3.large application server
Partner-Integration,azmon-0c44748,AZURE,2026-04,0.0,186.9,24810604,251.56,Azure Monitor,Logs and metrics
Edge-Network,cf-0a4d407,AWS,2026-04,0.0,0.0,164537688,841.95,CloudFront,CDN media distribution
Analytics-Platform,fs-0cbc199,GCP,2026-04,901.0,25.8,63735861,625.48,Firestore,Session store
Staging-Env,fs-0688519,GCP,2026-04,941.3,67.6,39788140,526.38,Firestore,User profiles DB
Production-Secondary,sqldb-08c5740,AZURE,2026-04,561.8,412.3,0,2312.75,SQL Database,Premium P1 analytics
Analytics-Platform,cr-0769806,GCP,2026-04,467.3,0.0,2041858,604.19,Cloud Run,ETL pipeline service
Customer-Portal,gcs-1099477,GCP,2026-04,0.0,17566.4,43890,168.18,Cloud Storage,Archive bucket
Production-Main,sentinel-0d4b259,AZURE,2026-04,0.0,0.0,66019094,1562.91,Microsoft Sentinel,SIEM detection
Customer-Portal,vm-1155432,AZURE,2026-04,591.8,0.0,0,349.32,Virtual Machines,D2s v3 utility server
Edge-Network,csql-0d03946,GCP,2026-04,668.6,193.6,0,777.17,Cloud SQL,PostgreSQL replica
Compliance-Audit,s3-10df441,AWS,2026-04,0.0,609.7,1156922,50.35,S3,Artifact storage
Edge-Network,ec-030e215,AWS,2026-04,674.5,0.0,0,482.87,ElastiCache,Redis production cluster
ML-Training,rds-0378786,AWS,2026-04,842.9,584.4,0,1579.3,RDS,db.r5.large PostgreSQL replica
Internal-Tools,gke-0da5170,GCP,2026-04,469.3,0.0,0,1374.93,GKE,Production API cluster
Marketing-Platform,i-0c14600,AWS,2026-04,794.1,0.0,0,56.48,EC2,t3.micro bastion host
Marketing-Platform,vai-087a180,GCP,2026-04,465.1,0.0,0,2332.83,Vertex AI,Training pipelines
Finance-Systems,sb-0221337,AZURE,2026-04,0.0,0.0,20138806,50.07,Service Bus,Standard messaging
QA-Testing,ec-0e37563,AWS,2026-04,674.0,0.0,0,467.27,ElastiCache,Redis production cluster
Partner-Integration,sqs-0aa5305,AWS,2026-04,0.0,0.0,343813,0.17,SQS,Dead letter queue
Production-Secondary,blob-0537327,AZURE,2026-04,0.0,10733.3,25859,85.18,Blob Storage,Archive tier
Production-Main,blob-0567340,AZURE,2026-04,0.0,5618.2,2066092,286.86,Blob Storage,Data lake storage
Production-Secondary,i-05d1861,AWS,2026-04,457.6,0.0,0,813.78,EC2,r5.xlarge cache server
DevOps-Central,vm-1132587,AZURE,2026-04,599.4,0.0,0,5304.61,Virtual Machines,NC6s v3 GPU VM
Customer-Portal,i-0b42325,AWS,2026-04,632.3,0.0,0,2155.92,EC2,r5.2xlarge database server
Finance-Systems,blob-071a100,AZURE,2026-04,0.0,8360.3,83123,238.69,Blob Storage,Backup storage
Production-Secondary,eh-073c647,AZURE,2026-04,642.0,0.0,27541033,290.88,Event Hubs,Standard throughput units
Production-Main,s3-075e916,AWS,2026-04,0.0,43.1,21205088,139.32,S3,Static website hosting
Customer-Portal,mem-06af663,GCP,2026-04,670.4,0.0,0,459.72,Memorystore,Redis production cache
Compliance-Audit,s3-06bc313,AWS,2026-04,0.0,635.7,1222237,53.82,S3,Artifact storage
Staging-Env,fs-067e266,GCP,2026-04,1086.6,76.2,45008334,598.45,Firestore,User profiles DB
IoT-Platform,cr-0354135,GCP,2026-04,435.2,0.0,3537008,368.36,Cloud Run,Webhook handler
Production-Secondary,sentinel-05a5323,AZURE,2026-04,0.0,0.0,70580250,1724.37,Microsoft Sentinel,SIEM detection
Compliance-Audit,i-0e33874,AWS,2026-04,562.1,0.0,0,471.5,EC2,m5.large monitoring server
Marketing-Platform,vai-0200731,GCP,2026-04,535.7,0.0,5712927,1128.55,Vertex AI,Model serving endpoints
Marketing-Platform,ddb-066f897,AWS,2026-04,466.6,33.1,52786739,369.75,DynamoDB,Session store table
Compliance-Audit,i-03a1817,AWS,2026-04,467.0,0.0,0,194.92,EC2,t3.medium API server
Mobile-Backend,acr-1156740,AZURE,2026-04,0.0,163.3,332550,103.6,Container Registry,Docker image registry
Finance-Systems,elb-0fac721,AWS,2026-04,427.6,0.0,6152929,86.38,ELB,Classic load balancer
Customer-Portal,blob-075b799,AZURE,2026-04,0.0,4660.1,0,441.0,Blob Storage,Security audit logs
Analytics-Platform,vai-00ae972,GCP,2026-04,186.2,0.0,0,920.99,Vertex AI,AutoML jobs
Finance-Systems,eks-024d574,AWS,2026-04,905.1,0.0,0,2617.3,EKS,Production K8s cluster
Internal-Tools,lam-0f04460,AWS,2026-04,0.0,0.0,16147644,113.21,Lambda,Event processor
Security-Ops,bq-0e31926,GCP,2026-04,0.0,6740.1,0,2639.6,BigQuery,ML training datasets
DevOps-Central,aks-0d90350,AZURE,2026-04,361.0,0.0,0,516.51,AKS,Dev K8s cluster
DR-Recovery,azmon-05e3748,AZURE,2026-04,0.0,243.7,31760196,322.68,Azure Monitor,Logs and metrics
Shared-Services,gcs-0eef797,GCP,2026-04,0.0,3976.0,3980385,281.05,Cloud Storage,Media assets bucket
Production-Secondary,sqldb-041d260,AZURE,2026-04,402.8,143.3,0,661.48,SQL Database,Standard S3 production
Finance-Systems,csql-0637740,GCP,2026-04,668.6,195.0,0,791.45,Cloud SQL,PostgreSQL replica
Internal-Tools,lam-02ca983,AWS,2026-04,0.0,0.0,16088497,109.93,Lambda,Event processor
ML-Training,lam-0a31794,AWS,2026-04,0.0,0.0,11337301,78.26,Lambda,Notification dispatcher
Internal-Tools,s3-0496761,AWS,2026-04,0.0,3921.2,6217682,272.7,S3,Media content bucket
Customer-Portal,sentinel-024f652,AZURE,2026-04,0.0,0.0,44908103,1124.26,Microsoft Sentinel,Log analytics
Compliance-Audit,rds-0394586,AWS,2026-04,858.8,243.9,0,733.85,RDS,db.t3.large development DB
Edge-Network,s3-05c3799,AWS,2026-04,0.0,10511.2,107536,231.25,S3,Backup storage bucket
Production-Secondary,mem-0895141,GCP,2026-04,525.4,0.0,0,370.8,Memorystore,Redis production cache
Partner-Integration,rds-0744686,AWS,2026-04,830.1,590.4,0,1593.98,RDS,db.r5.large PostgreSQL replica
Internal-Tools,aks-0b96889,AZURE,2026-04,197.3,0.0,0,291.69,AKS,Dev K8s cluster
Security-Ops,bq-07aa733,GCP,2026-04,0.0,6163.9,0,2333.14,BigQuery,Analytics data warehouse
Finance-Systems,elb-0747229,AWS,2026-04,626.5,0.0,26961551,185.91,ELB,Application load balancer
DevOps-Central,kv-0cb8429,AZURE,2026-04,0.0,0.0,371680,1.06,Key Vault,Certificate store
Partner-Integration,cf-0585487,AWS,2026-04,0.0,0.0,30440024,154.68,CloudFront,CDN API distribution
DevOps-Central,ddb-0400759,AWS,2026-04,880.5,12.0,6112065,101.43,DynamoDB,Config store table
Mobile-Backend,aks-09cd525,AZURE,2026-04,983.8,0.0,0,1505.1,AKS,Staging K8s cluster
QA-Testing,lam-07d9172,AWS,2026-04,0.0,0.0,2848939,19.28,Lambda,Webhook processor
Compliance-Audit,s3-0c9a509,AWS,2026-04,0.0,11886.9,2261764,394.78,S3,Data lake raw zone
Partner-Integration,s3-03cd881,AWS,2026-04,0.0,9357.7,566157,227.37,S3,Log archive bucket
Security-Ops,sm-0731134,AWS,2026-04,0.0,0.0,1053770,4.03,Secrets Manager,Application secrets
IoT-Platform,bq-0630303,GCP,2026-04,0.0,2535.9,0,964.54,BigQuery,BI reporting views
Edge-Network,gke-110f445,GCP,2026-04,2184.2,0.0,0,4111.77,GKE,ML training cluster
Production-Main,app-0af8774,AZURE,2026-04,511.3,0.0,0,603.42,App Service,API app P2v3
Customer-Portal,bq-0fcc698,GCP,2026-04,0.0,909.9,0,358.28,BigQuery,Data export queries
Edge-Network,kin-062d489,AWS,2026-04,438.3,0.0,12882106,179.92,Kinesis,Firehose delivery
Production-Secondary,app-0d9d259,AZURE,2026-04,541.7,0.0,0,83.56,App Service,Web app B1
Customer-Portal,s3-0924852,AWS,2026-04,0.0,16851.1,3215513,572.61,S3,Data lake raw zone
DevOps-Central,ebs-0f0a583,AWS,2026-04,0.0,424.8,0,248.18,EBS,io2 volumes database
Production-Main,gcs-0a61796,GCP,2026-04,0.0,2618.6,1282405,385.57,Cloud Storage,Model artifacts
Production-Main,gcs-0051350,GCP,2026-04,0.0,2452.2,1182986,365.71,Cloud Storage,Model artifacts
Data-Science,gke-012e883,GCP,2026-04,488.2,0.0,0,1436.07,GKE,Production API cluster
Compliance-Audit,rds-08ba268,AWS,2026-04,364.3,103.1,0,425.32,RDS,db.t3.medium MySQL staging
Finance-Systems,blob-0904360,AZURE,2026-04,0.0,7212.9,72441,206.96,Blob Storage,Backup storage
Production-Secondary,clog-0090952,GCP,2026-04,0.0,138.6,0,32.46,Cloud Logging,Audit logs
Marketing-Platform,rds-0a0d483,AWS,2026-04,642.8,181.5,0,575.14,RDS,db.t3.large development DB
Customer-Portal,elb-0d9e318,AWS,2026-04,546.9,0.0,23416652,160.98,ELB,Application load balancer
Customer-Portal,ca-0d0d656,GCP,2026-04,0.0,0.0,106695144,391.99,Cloud Armor,WAF policies
Production-Secondary,sqldb-0e2d429,AZURE,2026-04,456.3,159.6,0,733.68,SQL Database,Standard S3 production
QA-Testing,lam-0633601,AWS,2026-04,0.0,0.0,30809566,205.99,Lambda,API gateway handler
Staging-Env,ca-00ef814,GCP,2026-04,0.0,0.0,118264245,435.95,Cloud Armor,WAF policies
Production-Main,lam-0900698,AWS,2026-04,0.0,0.0,5603575,37.56,Lambda,Notification dispatcher
Production-Main,i-000e799,AWS,2026-04,583.6,0.0,0,1935.03,EC2,m5.2xlarge batch processor
Shared-Services,func-0ced650,AZURE,2026-04,0.0,0.0,3076608,46.68,Azure Functions,Webhook processor
Production-Main,s3-0018371,AWS,2026-04,0.0,46.4,22939901,146.49,S3,Static website hosting
Partner-Integration,bq-03bd412,GCP,2026-04,0.0,9717.9,0,3848.77,BigQuery,Analytics data warehouse
Security-Ops,bq-0c31657,GCP,2026-04,0.0,5909.3,0,2338.33,BigQuery,Analytics data warehouse
Marketing-Platform,lam-0e68625,AWS,2026-04,0.0,0.0,16770910,110.17,Lambda,Data transformer
Production-Secondary,blob-0b81720,AZURE,2026-04,0.0,2284.0,6057924,278.23,Blob Storage,Build artifacts
Analytics-Platform,ca-009d584,GCP,2026-04,0.0,0.0,79624899,285.38,Cloud Armor,WAF policies
Compliance-Audit,rs-05ed666,AWS,2026-04,0.0,0.0,4757186,235.24,Redshift,Spectrum queries
QA-Testing,lam-0d6c615,AWS,2026-04,0.0,0.0,4507367,29.7,Lambda,Image resizer
Internal-Tools,elb-02b7594,AWS,2026-04,902.3,0.0,12514155,175.29,ELB,Classic load balancer
Analytics-Platform,gcs-0dc7280,GCP,2026-04,0.0,2075.6,2013501,147.45,Cloud Storage,Media assets bucket
Production-Main,gcf-0047290,GCP,2026-04,0.0,0.0,7947529,117.66,Cloud Functions,Data triggers
Analytics-Platform,kv-0d2b592,AZURE,2026-04,0.0,0.0,1404224,4.15,Key Vault,Secrets management
Marketing-Platform,clog-10bf457,GCP,2026-04,0.0,489.0,0,117.74,Cloud Logging,Application logs
Staging-Env,gcs-068f405,GCP,2026-04,0.0,13985.8,4478083,399.42,Cloud Storage,Data lake bucket
Staging-Env,gke-010a534,GCP,2026-04,582.5,0.0,0,1737.6,GKE,Production API cluster
Production-Secondary,sentinel-0af4539,AZURE,2026-04,0.0,0.0,62054596,1529.3,Microsoft Sentinel,SIEM detection
DevOps-Central,app-0bbb994,AZURE,2026-04,772.6,0.0,0,462.83,App Service,Web app P1v3
Edge-Network,bq-0e8a566,GCP,2026-04,0.0,5169.8,0,1985.37,BigQuery,Log analytics
Production-Secondary,csql-0514662,GCP,2026-04,697.1,190.5,0,796.78,Cloud SQL,PostgreSQL replica
Production-Secondary,elb-0e09451,AWS,2026-04,468.5,0.0,32174697,192.55,ELB,Network load balancer
Finance-Systems,elb-024b230,AWS,2026-04,642.5,0.0,26127039,187.35,ELB,Application load balancer
Customer-Portal,i-0293489,AWS,2026-04,558.3,0.0,0,1915.44,EC2,r5.2xlarge database server
Customer-Portal,vpn-08e8844,AWS,2026-04,1110.5,0.0,0,276.51,VPN Gateway,Client VPN endpoint
Internal-Tools,gcs-049a971,GCP,2026-04,0.0,413.2,6378527,73.37,Cloud Storage,Temp processing bucket
Mobile-Backend,sqs-114d103,AWS,2026-04,0.0,0.0,285925,0.14,SQS,Dead letter queue
Staging-Env,vai-0e58387,GCP,2026-04,438.0,0.0,0,2161.79,Vertex AI,Training pipelines
Marketing-Platform,rds-03ee310,AWS,2026-04,407.7,116.8,0,463.44,RDS,db.t3.medium MySQL staging
Finance-Systems,appi-0cbb472,AZURE,2026-04,0.0,0.0,51347440,625.91,Application Insights,APM telemetry
Edge-Network,gke-070c760,GCP,2026-04,2096.6,0.0,0,3986.52,GKE,ML training cluster
Production-Secondary,ado-0067979,AZURE,2026-04,0.0,123.1,0,28.44,Azure DevOps,Artifacts storage
Security-Ops,lam-0d8c482,AWS,2026-04,0.0,0.0,25688396,169.33,Lambda,Data transformer
Internal-Tools,s3-0b89139,AWS,2026-04,0.0,3496.4,5435818,246.86,S3,Media content bucket
Marketing-Platform,sm-0a87882,AWS,2026-04,0.0,0.0,889611,3.56,Secrets Manager,Application secrets
Internal-Tools,cf-055f727,AWS,2026-04,0.0,0.0,123550539,591.72,CloudFront,CDN media distribution
Edge-Network,rds-031c544,AWS,2026-04,485.8,357.0,0,1256.38,RDS,db.r5.xlarge PostgreSQL primary
Security-Ops,s3-0d81273,AWS,2026-04,0.0,5510.7,8455857,369.1,S3,Media content bucket
DR-Recovery,appi-02f1748,AZURE,2026-04,0.0,0.0,18709159,224.6,Application Insights,Custom metrics
Compliance-Audit,sns-039a143,AWS,2026-04,0.0,0.0,14879485,7.31,SNS,Event fanout topic
DevOps-Central,r53-0d09187,AWS,2026-04,0.0,0.0,6862678,10.07,Route 53,Health checks
Marketing-Platform,cr-0816644,GCP,2026-04,680.9,0.0,14860298,1030.22,Cloud Run,API gateway service
Security-Ops,bq-04ab183,GCP,2026-04,0.0,1484.5,0,574.6,BigQuery,BI reporting views
Customer-Portal,csp-0273566,GCP,2026-04,538.9,77.2,38534216,3272.55,Cloud Spanner,Global transaction DB
Internal-Tools,gke-117b326,GCP,2026-04,3451.7,0.0,0,6712.81,GKE,GPU node pool
DevOps-Central,blob-0eeb156,AZURE,2026-04,0.0,7814.6,2776819,391.3,Blob Storage,Data lake storage
DevOps-Central,redis-00e7665,AZURE,2026-04,696.1,0.0,0,843.78,Azure Cache for Redis,Premium P1 cache
Security-Ops,vai-0a4e225,GCP,2026-04,582.0,0.0,6339931,1199.49,Vertex AI,Model serving endpoints
Production-Main,i-0cdb323,AWS,2026-04,536.7,0.0,0,1741.94,EC2,m5.2xlarge batch processor
Marketing-Platform,rs-10ad805,AWS,2026-04,0.0,0.0,5460663,265.75,Redshift,Spectrum queries
Security-Ops,sqs-105a137,AWS,2026-04,0.0,0.0,43953756,22.31,SQS,Event notification queue
Marketing-Platform,cmon-10a4978,GCP,2026-04,0.0,0.0,27379828,213.96,Cloud Monitoring,Metrics and alerting
Security-Ops,bq-0403972,GCP,2026-04,0.0,8108.0,0,3035.07,BigQuery,Analytics data warehouse
Staging-Env,gcs-0eb2738,GCP,2026-04,0.0,18824.2,45427,181.98,Cloud Storage,Archive bucket
Customer-Portal,fs-0271522,GCP,2026-04,811.1,57.5,33430772,456.37,Firestore,User profiles DB
Shared-Services,app-0fa0693,AZURE,2026-04,891.7,0.0,0,1064.01,App Service,API app P2v3
Shared-Services,ec-0919815,AWS,2026-04,698.5,0.0,0,248.93,ElastiCache,Redis staging cluster
Partner-Integration,gke-10ce108,GCP,2026-04,708.5,0.0,0,2085.71,GKE,Production API cluster
Partner-Integration,sm-0516935,AWS,2026-04,0.0,0.0,1101482,4.38,Secrets Manager,Application secrets
Internal-Tools,vm-0b99997,AZURE,2026-04,807.5,0.0,0,476.75,Virtual Machines,D2s v3 utility server
IoT-Platform,gke-035d930,GCP,2026-04,2741.1,0.0,0,5442.83,GKE,GPU node pool
Customer-Portal,s3-1138674,AWS,2026-04,0.0,19532.1,3664878,656.25,S3,Data lake raw zone
Analytics-Platform,cr-1158908,GCP,2026-04,511.2,0.0,2061915,630.29,Cloud Run,ETL pipeline service
Shared-Services,vm-0ebb781,AZURE,2026-04,900.7,0.0,0,1092.96,Virtual Machines,D4s v3 CI runner
Analytics-Platform,csql-00a8530,GCP,2026-04,472.3,324.0,0,876.98,Cloud SQL,MySQL analytics
Production-Main,kv-098d208,AZURE,2026-04,0.0,0.0,2334975,6.67,Key Vault,Secrets management
Finance-Systems,blob-0712300,AZURE,2026-04,0.0,6610.4,62923,186.23,Blob Storage,Backup storage
Edge-Network,s3-0fd4667,AWS,2026-04,0.0,54.0,26182375,168.82,S3,Static website hosting
ML-Training,lam-0702545,AWS,2026-04,0.0,0.0,43407698,296.32,Lambda,API gateway handler
Data-Science,i-05ef571,AWS,2026-04,453.3,0.0,0,1547.44,EC2,m5.2xlarge batch processor
Production-Main,app-09d8629,AZURE,2026-04,934.3,0.0,0,567.73,App Service,Web app P1v3
Edge-Network,csql-06f9688,GCP,2026-04,755.3,213.5,0,897.96,Cloud SQL,PostgreSQL replica
QA-Testing,lam-03de810,AWS,2026-04,0.0,0.0,3975710,27.18,Lambda,Image resizer
Data-Science,gcs-0114363,GCP,2026-04,0.0,9505.3,231640,208.09,Cloud Storage,Backup bucket
Production-Secondary,cosmos-0f2c465,AZURE,2026-04,513.2,73.3,17980513,656.78,Cosmos DB,Event store
Data-Science,blob-0156872,AZURE,2026-04,0.0,2206.2,5833083,278.5,Blob Storage,Build artifacts
IoT-Platform,bq-0cde410,GCP,2026-04,0.0,3452.8,0,1356.21,BigQuery,BI reporting views
Internal-Tools,rds-0635463,AWS,2026-04,798.0,1106.2,0,3384.82,RDS,db.r5.2xlarge Aurora cluster
Production-Secondary,ps-009b435,GCP,2026-04,0.0,0.0,19520535,242.94,Pub/Sub,Event streaming
Partner-Integration,ado-03a8410,AZURE,2026-04,547.9,0.0,0,269.42,Azure DevOps,Pipelines hosted
Production-Main,cf-0dd5490,AWS,2026-04,0.0,0.0,30943025,152.85,CloudFront,CDN API distribution
Shared-Services,app-01bf246,AZURE,2026-04,859.3,0.0,0,1074.98,App Service,API app P2v3
Production-Main,ca-07a9600,GCP,2026-04,0.0,0.0,111287435,418.07,Cloud Armor,WAF policies
Production-Secondary,csql-0780305,GCP,2026-04,548.8,398.5,0,1098.51,Cloud SQL,MySQL analytics
Production-Secondary,vai-0092460,GCP,2026-04,221.2,0.0,0,1090.12,Vertex AI,AutoML jobs
Customer-Portal,ses-084a395,AWS,2026-04,0.0,0.0,711050,0.83,SES,Marketing email
Finance-Systems,sentinel-0208778,AZURE,2026-04,0.0,0.0,96880056,2373.67,Microsoft Sentinel,SIEM detection
Mobile-Backend,eh-0336161,AZURE,2026-04,641.8,0.0,25949264,286.27,Event Hubs,Standard throughput units
Finance-Systems,blob-1031652,AZURE,2026-04,0.0,4950.9,49564,142.69,Blob Storage,Backup storage
Partner-Integration,rds-08e0524,AWS,2026-04,716.9,511.4,0,1336.15,RDS,db.r5.large PostgreSQL replica
Security-Ops,mem-0162208,GCP,2026-04,316.6,0.0,0,228.6,Memorystore,Redis staging cache
Mobile-Backend,azmon-033b163,AZURE,2026-04,0.0,303.1,39609794,412.02,Azure Monitor,Logs and metrics
Production-Main,vm-1165798,AZURE,2026-04,592.2,0.0,0,728.2,Virtual Machines,D4s v3 CI runner
Security-Ops,s3-0cf8570,AWS,2026-04,0.0,16069.3,3121575,530.38,S3,Data lake raw zone
Shared-Services,vm-01bc461,AZURE,2026-04,774.6,0.0,0,2811.5,Virtual Machines,E8s v3 memory-optimized
Analytics-Platform,vai-0f1e752,GCP,2026-04,161.2,0.0,0,799.85,Vertex AI,AutoML jobs
Customer-Portal,i-10b9488,AWS,2026-04,537.4,0.0,0,1819.08,EC2,r5.2xlarge database server
Production-Secondary,blob-0bcf230,AZURE,2026-04,0.0,2107.5,5293473,323.28,Blob Storage,Media content
Customer-Portal,bq-0495859,GCP,2026-04,0.0,922.7,0,355.9,BigQuery,Data export queries
Finance-Systems,gcs-0894469,GCP,2026-04,0.0,385.4,6013638,67.78,Cloud Storage,Temp processing bucket
Shared-Services,aks-048e500,AZURE,2026-04,323.3,0.0,0,489.3,AKS,Dev K8s cluster
Mobile-Backend,kv-065f722,AZURE,2026-04,0.0,0.0,434597,1.29,Key Vault,Certificate store
Analytics-Platform,eh-0b1e568,AZURE,2026-04,0.0,417.6,0,97.55,Event Hubs,Capture to storage
Mobile-Backend,vm-0b70277,AZURE,2026-04,717.1,0.0,0,857.55,Virtual Machines,D4s v3 CI runner
Mobile-Backend,aks-0ae4200,AZURE,2026-04,1014.0,0.0,0,1521.41,AKS,Staging K8s cluster
Analytics-Platform,kv-041a844,AZURE,2026-04,0.0,0.0,489927,1.41,Key Vault,Certificate store
Customer-Portal,i-0c96590,AWS,2026-04,523.2,0.0,0,36.17,EC2,t3.micro bastion host
Compliance-Audit,rds-053c805,AWS,2026-04,820.9,587.8,0,1615.02,RDS,db.r5.large PostgreSQL replica
Partner-Integration,df-0897714,GCP,2026-04,838.2,0.0,0,1925.12,Dataflow,Streaming pipeline
DR-Recovery,fd-02ef948,AZURE,2026-04,0.0,0.0,65120166,468.64,Front Door,Global load balancer
Staging-Env,cr-0110150,GCP,2026-04,765.6,0.0,16359531,1169.12,Cloud Run,API gateway service
Analytics-Platform,gke-07d1585,GCP,2026-04,5422.9,0.0,0,10481.74,GKE,GPU node pool
Marketing-Platform,rds-0f2b947,AWS,2026-04,390.4,114.3,0,458.05,RDS,db.t3.medium MySQL staging
Marketing-Platform,sns-01d8631,AWS,2026-04,0.0,0.0,24463161,12.15,SNS,Event fanout topic
Marketing-Platform,vpn-01d4232,AWS,2026-04,785.5,0.0,0,394.37,VPN Gateway,Site-to-site VPN
Internal-Tools,clog-0a33159,GCP,2026-04,0.0,206.7,0,48.33,Cloud Logging,Audit logs
Marketing-Platform,ps-0eb7413,GCP,2026-04,0.0,0.0,40600739,477.27,Pub/Sub,Log forwarding
Edge-Network,gcf-1145460,GCP,2026-04,0.0,0.0,10064007,144.84,Cloud Functions,Data triggers
Customer-Portal,fd-0b08398,AZURE,2026-04,0.0,0.0,58087285,435.71,Front Door,Global load balancer
Partner-Integration,sm-0a9b348,AWS,2026-04,0.0,0.0,1361780,5.23,Secrets Manager,Application secrets
Production-Secondary,app-0d65909,AZURE,2026-04,952.1,0.0,0,574.69,App Service,Web app P1v3
Internal-Tools,sqs-072f342,AWS,2026-04,0.0,0.0,45486164,23.22,SQS,Order processing queue
Customer-Portal,elb-0b22743,AWS,2026-04,659.6,0.0,28446923,194.79,ELB,Application load balancer
Analytics-Platform,bq-00ab376,GCP,2026-04,0.0,15064.5,0,5878.71,BigQuery,ML training datasets
Internal-Tools,gcs-0653898,GCP,2026-04,0.0,7938.8,187347,175.62,Cloud Storage,Backup bucket
Internal-Tools,rds-0b14107,AWS,2026-04,446.8,509.8,0,1021.02,RDS,db.m5.xlarge analytics DB
Internal-Tools,blob-0a06232,AZURE,2026-04,0.0,3277.9,8620080,396.99,Blob Storage,Build artifacts
Production-Main,cosmos-002a508,AZURE,2026-04,777.3,223.8,44198570,1680.16,Cosmos DB,User data store
DR-Recovery,fd-1129787,AZURE,2026-04,0.0,0.0,66046472,492.62,Front Door,Global load balancer
Customer-Portal,vpn-0e20680,AWS,2026-04,787.6,0.0,0,187.44,VPN Gateway,Client VPN endpoint
Staging-Env,fs-07cf154,GCP,2026-04,868.1,62.7,37030790,497.84,Firestore,User profiles DB
Edge-Network,gke-0308268,GCP,2026-04,2205.9,0.0,0,4379.13,GKE,ML training cluster
Customer-Portal,i-0473915,AWS,2026-04,569.7,0.0,0,794.2,EC2,c5.xlarge compute worker
Security-Ops,gke-0c59907,GCP,2026-04,2539.7,0.0,0,5032.1,GKE,ML training cluster
DevOps-Central,appi-1157479,AZURE,2026-04,0.0,0.0,51669848,643.67,Application Insights,APM telemetry
Marketing-Platform,sqs-06a7298,AWS,2026-04,0.0,0.0,54306855,25.99,SQS,Order processing queue
Production-Main,app-0029993,AZURE,2026-04,563.1,0.0,0,83.56,App Service,Web app B1
Internal-Tools,s3-0b0b520,AWS,2026-04,0.0,33.6,16350498,103.43,S3,Static website hosting
Shared-Services,gcs-068c251,GCP,2026-04,0.0,448.2,7206859,80.67,Cloud Storage,Temp processing bucket
Compliance-Audit,s3-045c748,AWS,2026-04,0.0,12486.9,2500507,429.79,S3,Data lake raw zone
Mobile-Backend,aks-0bc9456,AZURE,2026-04,1075.4,0.0,0,1589.65,AKS,Staging K8s cluster
DevOps-Central,appi-0a74430,AZURE,2026-04,0.0,0.0,65232908,822.56,Application Insights,APM telemetry
Mobile-Backend,vm-0347828,AZURE,2026-04,504.6,0.0,0,911.47,Virtual Machines,E4s v3 SIEM collector
Mobile-Backend,vm-04f4258,AZURE,2026-04,687.5,0.0,0,407.45,Virtual Machines,D2s v3 utility server
Marketing-Platform,gcf-0a04526,GCP,2026-04,0.0,0.0,1899532,27.32,Cloud Functions,Scheduled tasks
Production-Main,sentinel-0b5c731,AZURE,2026-04,0.0,0.0,61630308,1572.52,Microsoft Sentinel,SIEM detection
Analytics-Platform,eh-0920184,AZURE,2026-04,474.6,0.0,19747674,211.51,Event Hubs,Standard throughput units
Security-Ops,ec-0f25929,AWS,2026-04,484.0,0.0,0,170.85,ElastiCache,Redis staging cluster
Production-Main,lam-06c3822,AWS,2026-04,0.0,0.0,30751843,208.19,Lambda,Data transformer
Finance-Systems,gcf-0421328,GCP,2026-04,0.0,0.0,11155318,166.53,Cloud Functions,Data triggers
Mobile-Backend,vm-0ab2945,AZURE,2026-04,564.3,0.0,0,1990.8,Virtual Machines,E8s v3 memory-optimized
Customer-Portal,ses-0dea201,AWS,2026-04,0.0,0.0,559961,0.64,SES,Marketing email
Shared-Services,fd-0c84968,AZURE,2026-04,0.0,0.0,67102735,480.19,Front Door,Global load balancer
Marketing-Platform,vai-0994295,GCP,2026-04,483.3,0.0,5149844,977.24,Vertex AI,Model serving endpoints
Internal-Tools,gke-0f44955,GCP,2026-04,632.9,0.0,0,1797.55,GKE,Batch processing cluster
Customer-Portal,gke-027e488,GCP,2026-04,1531.8,0.0,0,2931.22,GKE,ML training cluster
Analytics-Platform,gke-0c27957,GCP,2026-04,4749.5,0.0,0,9184.86,GKE,GPU node pool
Internal-Tools,s3-066e839,AWS,2026-04,0.0,3683.4,5507592,257.42,S3,Media content bucket
Marketing-Platform,r53-05f2407,AWS,2026-04,0.0,0.0,49798634,69.88,Route 53,DNS hosting
Partner-Integration,sqldb-03a7375,AZURE,2026-04,775.6,279.6,0,1312.99,SQL Database,Standard S3 production
Analytics-Platform,aks-063d802,AZURE,2026-04,462.7,0.0,0,670.3,AKS,Dev K8s cluster
Internal-Tools,fs-02d5561,GCP,2026-04,586.1,41.5,25037747,341.27,Firestore,User profiles DB
Data-Science,mem-054a856,GCP,2026-04,975.5,0.0,0,675.41,Memorystore,Redis production cache
Marketing-Platform,i-0c79279,AWS,2026-04,546.8,0.0,0,1899.74,EC2,r5.2xlarge database server
Partner-Integration,r53-03d8284,AWS,2026-04,0.0,0.0,59821555,84.3,Route 53,DNS hosting
Security-Ops,bq-0cc3233,GCP,2026-04,0.0,8269.3,0,3169.1,BigQuery,Analytics data warehouse
Production-Main,lam-04a5904,AWS,2026-04,0.0,0.0,28865286,196.72,Lambda,Data transformer
Production-Main,kv-0c89603,AZURE,2026-04,0.0,0.0,2025917,6.04,Key Vault,Secrets management
Mobile-Backend,ebs-0b07495,AWS,2026-04,0.0,3018.7,0,128.85,EBS,st1 volumes archive
Shared-Services,func-0ed4230,AZURE,2026-04,0.0,0.0,7830214,112.51,Azure Functions,Event processors
Finance-Systems,elb-0eae911,AWS,2026-04,647.8,0.0,26748890,192.46,ELB,Application load balancer
Analytics-Platform,cr-00b9666,GCP,2026-04,206.5,0.0,852237,175.4,Cloud Run,Image processor
Production-Main,vm-003f653,AZURE,2026-04,759.1,0.0,0,1772.83,Virtual Machines,D8s v3 application server
Production-Main,kin-09ce928,AWS,2026-04,570.4,0.0,15605161,228.48,Kinesis,Firehose delivery
Shared-Services,rds-0a3f668,AWS,2026-04,533.6,739.5,0,2245.27,RDS,db.r5.2xlarge Aurora cluster
Marketing-Platform,cr-0c41360,GCP,2026-04,457.4,0.0,1903648,580.0,Cloud Run,ETL pipeline service
IoT-Platform,fs-034e949,GCP,2026-04,858.2,60.8,36939029,492.07,Firestore,User profiles DB
Finance-Systems,gcs-07ec274,GCP,2026-04,0.0,428.7,6528801,74.68,Cloud Storage,Temp processing bucket
Mobile-Backend,vm-0341972,AZURE,2026-04,431.7,0.0,0,3957.3,Virtual Machines,NC6s v3 GPU VM
Security-Ops,df-0b6c552,GCP,2026-04,279.1,0.0,0,654.07,Dataflow,Batch pipeline
Data-Science,mem-012a968,GCP,2026-04,897.8,0.0,0,624.27,Memorystore,Redis production cache
Security-Ops,nat-0d72337,AWS,2026-04,680.5,0.0,0,150.33,NAT Gateway,Staging VPC NAT
IoT-Platform,bq-0b66868,GCP,2026-04,0.0,2539.9,0,969.92,BigQuery,BI reporting views
Compliance-Audit,s3-038b490,AWS,2026-04,0.0,11597.5,2212107,381.6,S3,Data lake raw zone
Customer-Portal,blob-105b713,AZURE,2026-04,0.0,5313.2,0,512.64,Blob Storage,Security audit logs
Partner-Integration,sqldb-0750133,AZURE,2026-04,885.2,309.3,0,1417.06,SQL Database,Standard S3 production
QA-Testing,elb-0c75777,AWS,2026-04,598.4,0.0,8131970,113.47,ELB,Classic load balancer
ML-Training,eks-036e675,AWS,2026-04,394.6,0.0,0,1143.17,EKS,Staging K8s cluster
Analytics-Platform,gke-00b7195,GCP,2026-04,4749.0,0.0,0,9727.46,GKE,GPU node pool
Staging-Env,cr-0e13304,GCP,2026-04,583.1,0.0,2456634,749.82,Cloud Run,ETL pipeline service
Marketing-Platform,rds-0ae5139,AWS,2026-04,329.9,93.9,0,379.92,RDS,db.t3.medium MySQL staging
Customer-Portal,s3-05ee685,AWS,2026-04,0.0,16304.0,3117080,549.28,S3,Data lake raw zone
Internal-Tools,cf-0823451,AWS,2026-04,0.0,0.0,124564092,594.92,CloudFront,CDN media distribution
Internal-Tools,gcs-02da914,GCP,2026-04,0.0,3057.5,3005903,214.48,Cloud Storage,Media assets bucket
Staging-Env,ca-0862572,GCP,2026-04,0.0,0.0,101831523,393.27,Cloud Armor,WAF policies
Partner-Integration,mem-0822632,GCP,2026-04,261.9,0.0,0,178.89,Memorystore,Redis staging cache
Edge-Network,gke-0bd1995,GCP,2026-04,2270.1,0.0,0,4525.41,GKE,ML training cluster
DevOps-Central,kin-0e6b990,AWS,2026-04,780.2,0.0,21782052,306.45,Kinesis,Firehose delivery
Data-Science,rds-0af2839,AWS,2026-04,815.7,585.1,0,2044.86,RDS,db.r5.xlarge PostgreSQL primary
IoT-Platform,bq-107d256,GCP,2026-04,0.0,2901.6,0,1097.35,BigQuery,BI reporting views
Shared-Services,cosmos-089a538,AZURE,2026-04,639.2,89.1,21855356,790.58,Cosmos DB,Event store
Finance-Systems,blob-0dfa184,AZURE,2026-04,0.0,4965.8,48751,142.75,Blob Storage,Backup storage
Finance-Systems,elb-0c7f397,AWS,2026-04,579.0,0.0,7789628,112.1,ELB,Classic load balancer
Partner-Integration,df-0628108,GCP,2026-04,897.4,0.0,0,2067.55,Dataflow,Streaming pipeline
Production-Main,cmon-1020557,GCP,2026-04,0.0,0.0,20891045,168.14,Cloud Monitoring,Metrics and alerting
Partner-Integration,elb-10fd576,AWS,2026-04,805.0,0.0,11045143,158.2,ELB,Classic load balancer
Production-Secondary,ecs-0072782,AWS,2026-04,333.4,0.0,0,612.1,ECS,Fargate worker cluster
Production-Main,i-088c201,AWS,2026-04,866.5,0.0,0,65.23,EC2,t3.micro bastion host
Finance-Systems,appi-0fa4969,AZURE,2026-04,0.0,0.0,16926922,205.24,Application Insights,Custom metrics
Marketing-Platform,ddb-0bd3653,AWS,2026-04,536.8,38.7,59584739,409.3,DynamoDB,Session store table
Production-Secondary,redis-0d5e966,AZURE,2026-04,814.8,0.0,0,979.24,Azure Cache for Redis,Premium P1 cache
Compliance-Audit,s3-0a41751,AWS,2026-04,0.0,521.5,1061946,44.22,S3,Artifact storage
Internal-Tools,rds-02c6302,AWS,2026-04,715.2,1060.0,0,3242.78,RDS,db.r5.2xlarge Aurora cluster
Edge-Network,ebs-118e723,AWS,2026-04,0.0,592.0,0,69.84,EBS,gp3 volumes production
Finance-Systems,appi-0fdc444,AZURE,2026-04,0.0,0.0,36068152,439.73,Application Insights,APM telemetry
Finance-Systems,cr-0fa9949,GCP,2026-04,311.4,0.0,2465448,260.02,Cloud Run,Webhook handler
Mobile-Backend,acr-0d0e656,AZURE,2026-04,0.0,177.9,340372,111.6,Container Registry,Docker image registry
Marketing-Platform,vai-0f53537,GCP,2026-04,518.5,0.0,5716944,1074.1,Vertex AI,Model serving endpoints
Security-Ops,vai-016d169,GCP,2026-04,338.6,0.0,0,1732.11,Vertex AI,Training pipelines
Edge-Network,gcs-0302936,GCP,2026-04,0.0,16417.2,5174507,461.56,Cloud Storage,Data lake bucket
Security-Ops,ecs-0c7d446,AWS,2026-04,577.3,0.0,0,1039.68,ECS,Fargate API cluster
Compliance-Audit,vpn-0870914,AWS,2026-04,793.5,0.0,0,199.6,VPN Gateway,Client VPN endpoint
DevOps-Central,vm-00e1513,AZURE,2026-04,880.8,0.0,0,1266.93,Virtual Machines,F4s v2 compute node
Security-Ops,bq-0b2e575,GCP,2026-04,0.0,7624.0,0,2861.78,BigQuery,Analytics data warehouse
Customer-Portal,bq-0af1701,GCP,2026-04,0.0,876.7,0,335.34,BigQuery,Data export queries
Shared-Services,ado-0498358,AZURE,2026-04,0.0,90.1,0,21.89,Azure DevOps,Artifacts storage
Shared-Services,gcs-0eea952,GCP,2026-04,0.0,6319.4,151601,141.85,Cloud Storage,Backup bucket
Marketing-Platform,ps-0df1128,GCP,2026-04,0.0,0.0,42788966,512.48,Pub/Sub,Log forwarding
Customer-Portal,clog-0c8b599,GCP,2026-04,0.0,123.8,0,30.15,Cloud Logging,Audit logs
Security-Ops,ecs-0f17873,AWS,2026-04,175.2,0.0,0,311.5,ECS,Fargate batch cluster
Analytics-Platform,aks-07be261,AZURE,2026-04,390.2,0.0,0,574.0,AKS,Dev K8s cluster
Analytics-Platform,gcs-08fa192,GCP,2026-04,0.0,2237.2,2165218,153.27,Cloud Storage,Media assets bucket
Shared-Services,ado-0524335,AZURE,2026-04,550.3,0.0,0,262.64,Azure DevOps,Pipelines hosted
Shared-Services,gcs-01ab145,GCP,2026-04,0.0,12873.5,4249155,370.84,Cloud Storage,Data lake bucket
Shared-Services,r53-07dc433,AWS,2026-04,0.0,0.0,65268701,97.96,Route 53,DNS hosting
Production-Secondary,sb-0061462,AZURE,2026-04,0.0,0.0,20392820,50.51,Service Bus,Standard messaging
Data-Science,rds-10d2290,AWS,2026-04,757.9,527.7,0,1857.34,RDS,db.r5.xlarge PostgreSQL primary
Data-Science,aks-0151245,AZURE,2026-04,1302.9,0.0,0,1898.59,AKS,Staging K8s cluster
Analytics-Platform,bq-0608863,GCP,2026-04,0.0,9308.8,0,3543.46,BigQuery,Analytics data warehouse
Compliance-Audit,i-06f6166,AWS,2026-04,649.6,0.0,0,564.41,EC2,m5.large monitoring server
Security-Ops,gcs-0e02175,GCP,2026-04,0.0,4771.3,118471,106.99,Cloud Storage,Backup bucket
Finance-Systems,gcf-1131750,GCP,2026-04,0.0,0.0,10754078,161.42,Cloud Functions,Data triggers
Internal-Tools,blob-0a05230,AZURE,2026-04,0.0,4913.0,0,466.07,Blob Storage,Security audit logs
Data-Science,blob-04af932,AZURE,2026-04,0.0,1868.4,4743114,289.29,Blob Storage,Media content
Edge-Network,lam-032b472,AWS,2026-04,0.0,0.0,19713470,136.74,Lambda,Data transformer
Staging-Env,gcs-0c37460,GCP,2026-04,0.0,11721.9,3893440,347.43,Cloud Storage,Data lake bucket
Marketing-Platform,cr-0e17356,GCP,2026-04,548.0,0.0,2178920,673.19,Cloud Run,ETL pipeline service
Finance-Systems,cmon-022a754,GCP,2026-04,0.0,0.0,29987850,242.17,Cloud Monitoring,Metrics and alerting
Partner-Integration,rs-0c70645,AWS,2026-04,679.4,1991.7,0,3434.92,Redshift,Data warehouse cluster
ML-Training,rds-0485498,AWS,2026-04,585.8,647.6,0,1328.87,RDS,db.m5.xlarge analytics DB
Mobile-Backend,ado-0337337,AZURE,2026-04,0.0,71.9,0,16.83,Azure DevOps,Artifacts storage
Customer-Portal,bq-0a4a962,GCP,2026-04,0.0,1056.5,0,396.7,BigQuery,Data export queries
QA-Testing,lam-08bd801,AWS,2026-04,0.0,0.0,2912348,20.08,Lambda,Webhook processor
Analytics-Platform,ado-0c1c621,AZURE,2026-04,0.0,102.0,0,24.89,Azure DevOps,Artifacts storage
Data-Science,i-064e209,AWS,2026-04,720.5,0.0,0,619.91,EC2,t3.large application server
Production-Main,lam-0858407,AWS,2026-04,0.0,0.0,4818871,33.08,Lambda,Notification dispatcher
Security-Ops,ecs-0882716,AWS,2026-04,173.3,0.0,0,299.53,ECS,Fargate batch cluster
Data-Science,i-0b3c554,AWS,2026-04,332.9,0.0,0,962.38,EC2,c5.2xlarge HPC node
Mobile-Backend,acr-0933982,AZURE,2026-04,0.0,171.3,327890,107.72,Container Registry,Docker image registry
Partner-Integration,rs-0902323,AWS,2026-04,0.0,0.0,4817395,236.35,Redshift,Spectrum queries
Shared-Services,ebs-086f615,AWS,2026-04,0.0,502.7,0,308.56,EBS,io2 volumes database
Internal-Tools,elb-0520569,AWS,2026-04,1030.4,0.0,13914615,206.27,ELB,Classic load balancer
Marketing-Platform,gcf-1078297,GCP,2026-04,0.0,0.0,1902429,28.46,Cloud Functions,Scheduled tasks
Finance-Systems,blob-0a9d546,AZURE,2026-04,0.0,8028.6,81492,238.83,Blob Storage,Backup storage
Security-Ops,gke-0174910,GCP,2026-04,459.7,0.0,0,1400.15,GKE,Batch processing cluster
Staging-Env,bq-0ffd650,GCP,2026-04,0.0,5347.6,0,2036.6,BigQuery,Log analytics
QA-Testing,lam-0e28351,AWS,2026-04,0.0,0.0,4061077,27.66,Lambda,Image resizer
Production-Secondary,r53-0e6c250,AWS,2026-04,0.0,0.0,7607873,11.43,Route 53,Health checks
Shared-Services,nat-0d10205,AWS,2026-04,552.2,0.0,0,123.2,NAT Gateway,Staging VPC NAT
ML-Training,rds-0b52197,AWS,2026-04,567.1,642.2,0,1285.59,RDS,db.m5.xlarge analytics DB
Marketing-Platform,gcf-0a8d204,GCP,2026-04,0.0,0.0,1871712,26.56,Cloud Functions,Scheduled tasks
Security-Ops,sqldb-07af165,AZURE,2026-04,883.6,62.7,0,174.95,SQL Database,Basic dev database
Staging-Env,ps-00f0976,GCP,2026-04,0.0,0.0,13191933,161.99,Pub/Sub,Data pipeline
Marketing-Platform,ps-0d0f145,GCP,2026-04,0.0,0.0,14656577,176.24,Pub/Sub,Data pipeline
Analytics-Platform,bq-00aa634,GCP,2026-04,0.0,3755.6,0,1441.79,BigQuery,Log analytics
Partner-Integration,sb-0677216,AZURE,2026-04,595.6,0.0,8710242,448.65,Service Bus,Premium messaging
Edge-Network,csql-0303589,GCP,2026-04,790.4,217.0,0,913.61,Cloud SQL,PostgreSQL replica
Edge-Network,gcf-0d2e351,GCP,2026-04,0.0,0.0,10876687,162.05,Cloud Functions,Data triggers
Partner-Integration,ddb-03d4797,AWS,2026-04,524.5,35.8,55280418,386.64,DynamoDB,Session store table
Finance-Systems,s3-0243583,AWS,2026-04,0.0,63.2,32078897,200.34,S3,Static website hosting
Internal-Tools,eh-0fe7790,AZURE,2026-04,0.0,521.1,0,124.51,Event Hubs,Capture to storage
Partner-Integration,kin-1069401,AWS,2026-04,785.2,0.0,33274037,470.48,Kinesis,Data stream ingestion
Analytics-Platform,gcs-0569506,GCP,2026-04,0.0,1929.4,1909631,132.4,Cloud Storage,Media assets bucket
Staging-Env,fs-010c209,GCP,2026-04,824.3,59.8,36053014,464.29,Firestore,User profiles DB
Mobile-Backend,vm-08df543,AZURE,2026-04,837.6,0.0,0,1165.27,Virtual Machines,F4s v2 compute node
Production-Main,kin-0ab3175,AWS,2026-04,642.3,0.0,27177425,387.97,Kinesis,Data stream ingestion
Marketing-Platform,sqs-01dc694,AWS,2026-04,0.0,0.0,49771538,24.31,SQS,Order processing queue
Production-Main,blob-072a535,AZURE,2026-04,0.0,2369.3,6432251,299.74,Blob Storage,Build artifacts
Finance-Systems,sqldb-0638934,AZURE,2026-04,972.2,341.6,0,1615.51,SQL Database,Standard S3 production
Customer-Portal,ebs-0da4750,AWS,2026-04,0.0,501.4,0,298.44,EBS,io2 volumes database
Marketing-Platform,vai-0a89162,GCP,2026-04,264.0,0.0,0,1255.77,Vertex AI,AutoML jobs
DevOps-Central,redis-0746127,AZURE,2026-04,685.0,0.0,0,798.2,Azure Cache for Redis,Premium P1 cache
Production-Secondary,ado-0f7a776,AZURE,2026-04,0.0,109.0,0,26.24,Azure DevOps,Artifacts storage
Shared-Services,vm-0ef9933,AZURE,2026-04,499.5,0.0,0,851.87,Virtual Machines,E4s v3 SIEM collector
Customer-Portal,gcs-027b506,GCP,2026-04,0.0,16664.8,40442,156.85,Cloud Storage,Archive bucket
QA-Testing,lam-0e97658,AWS,2026-04,0.0,0.0,3151265,21.08,Lambda,Webhook processor
Edge-Network,kin-0317180,AWS,2026-04,486.0,0.0,13776524,196.63,Kinesis,Firehose delivery
IoT-Platform,bq-07f6141,GCP,2026-04,0.0,1801.1,0,706.71,BigQuery,Data export queries
Shared-Services,r53-0198426,AWS,2026-04,0.0,0.0,7705403,11.5,Route 53,Health checks
Internal-Tools,sqs-02ad468,AWS,2026-04,0.0,0.0,34089509,16.42,SQS,Event notification queue
Internal-Tools,vm-084b534,AZURE,2026-04,698.2,0.0,0,420.21,Virtual Machines,D2s v3 utility server
Internal-Tools,ses-0971417,AWS,2026-04,0.0,0.0,2605133,3.14,SES,Transactional email
Internal-Tools,cr-02e2142,GCP,2026-04,284.6,0.0,1127775,234.45,Cloud Run,Image processor
Partner-Integration,gke-0e1d533,GCP,2026-04,669.3,0.0,0,1922.93,GKE,Production API cluster
Internal-Tools,sqs-0595574,AWS,2026-04,0.0,0.0,49557633,23.64,SQS,Order processing queue
Data-Science,i-0e57691,AWS,2026-04,313.0,0.0,0,891.04,EC2,c5.2xlarge HPC node
Partner-Integration,sm-04a9467,AWS,2026-04,0.0,0.0,1155747,4.47,Secrets Manager,Application secrets
Partner-Integration,ec-10a3752,AWS,2026-04,404.7,0.0,0,144.49,ElastiCache,Redis staging cluster
Customer-Portal,bq-0f5a146,GCP,2026-04,0.0,866.3,0,333.71,BigQuery,Data export queries
Finance-Systems,blob-0899517,AZURE,2026-04,0.0,7738.5,77619,225.36,Blob Storage,Backup storage
Analytics-Platform,gcf-009e362,GCP,2026-04,0.0,0.0,7299443,109.47,Cloud Functions,Auth handlers
Production-Main,s3-09f4341,AWS,2026-04,0.0,9590.7,592867,225.62,S3,Log archive bucket
Production-Secondary,i-007c627,AWS,2026-04,507.7,0.0,0,834.75,EC2,r5.xlarge cache server
Customer-Portal,ses-071f490,AWS,2026-04,0.0,0.0,614024,0.74,SES,Marketing email
Compliance-Audit,sm-10f2477,AWS,2026-04,0.0,0.0,1264545,4.73,Secrets Manager,Application secrets
Analytics-Platform,cr-0d62306,GCP,2026-04,382.1,0.0,1624449,490.49,Cloud Run,ETL pipeline service
Internal-Tools,gcf-02d7493,GCP,2026-04,0.0,0.0,9134561,134.97,Cloud Functions,Data triggers
Internal-Tools,ebs-0f72121,AWS,2026-04,0.0,1379.2,0,161.7,EBS,gp3 volumes production
Security-Ops,ecs-0d3c531,AWS,2026-04,453.3,0.0,0,811.16,ECS,Fargate API cluster
Finance-Systems,app-070d322,AZURE,2026-04,786.2,0.0,0,117.68,App Service,Web app B1
Internal-Tools,gke-02d4601,GCP,2026-04,2046.2,0.0,0,4126.97,GKE,ML training cluster
Shared-Services,r53-0ff4269,AWS,2026-04,0.0,0.0,58231643,89.4,Route 53,DNS hosting
ML-Training,ebs-05fc988,AWS,2026-04,0.0,3819.9,0,161.18,EBS,st1 volumes archive
QA-Testing,lam-0998741,AWS,2026-04,0.0,0.0,3781938,26.16,Lambda,Image resizer
Customer-Portal,cr-0279346,GCP,2026-04,463.8,0.0,1963137,575.07,Cloud Run,ETL pipeline service
Customer-Portal,elb-0aee879,AWS,2026-04,678.3,0.0,27955918,208.78,ELB,Application load balancer
Security-Ops,ecs-018d725,AWS,2026-04,441.1,0.0,0,805.26,ECS,Fargate worker cluster
Shared-Services,ado-0586532,AZURE,2026-04,463.7,0.0,0,232.9,Azure DevOps,Pipelines hosted
Compliance-Audit,nat-037e195,AWS,2026-04,479.5,0.0,0,107.17,NAT Gateway,Dev VPC NAT
Data-Science,vai-0d5f388,GCP,2026-04,315.8,0.0,0,1534.19,Vertex AI,Training pipelines
Internal-Tools,clog-02e8220,GCP,2026-04,0.0,458.8,0,111.49,Cloud Logging,Application logs
Security-Ops,sqldb-07f8643,AZURE,2026-04,628.4,46.9,0,133.06,SQL Database,Basic dev database
Partner-Integration,sm-09ef617,AWS,2026-04,0.0,0.0,1334135,5.32,Secrets Manager,Application secrets
Internal-Tools,ddb-0a2f287,AWS,2026-04,751.0,53.8,84861824,571.95,DynamoDB,Session store table
Edge-Network,cdns-0304848,GCP,2026-04,0.0,0.0,17767730,25.93,Cloud DNS,DNS zones
Internal-Tools,rds-02c2514,AWS,2026-04,554.4,644.4,0,1247.0,RDS,db.m5.xlarge analytics DB
Data-Science,bq-011c674,GCP,2026-04,0.0,3361.1,0,1277.69,BigQuery,Log analytics
Compliance-Audit,ec-0fb1705,AWS,2026-04,626.4,0.0,0,453.35,ElastiCache,Redis production cluster
Customer-Portal,sentinel-0903319,AZURE,2026-04,0.0,0.0,95154772,2388.62,Microsoft Sentinel,SIEM detection
Shared-Services,ec-0d88472,AWS,2026-04,716.3,0.0,0,252.49,ElastiCache,Redis staging cluster
Production-Secondary,cosmos-0071690,AZURE,2026-04,509.6,70.5,17145789,640.63,Cosmos DB,Event store
Analytics-Platform,aks-04e6233,AZURE,2026-04,403.9,0.0,0,605.51,AKS,Dev K8s cluster
Compliance-Audit,ses-0627154,AWS,2026-04,0.0,0.0,1484734,1.78,SES,Transactional email
Production-Main,redis-053a503,AZURE,2026-04,876.5,0.0,0,1027.39,Azure Cache for Redis,Premium P1 cache
Production-Main,r53-0013324,AWS,2026-04,0.0,0.0,54686235,77.96,Route 53,DNS hosting
Production-Main,func-0033235,AZURE,2026-04,0.0,0.0,7889632,114.44,Azure Functions,Event processors
Internal-Tools,rds-0877129,AWS,2026-04,751.6,537.2,0,1447.07,RDS,db.r5.large PostgreSQL replica
Production-Main,lam-0007733,AWS,2026-04,0.0,0.0,1145516,8.48,Lambda,Cron job runner
Production-Main,s3-0dd8940,AWS,2026-04,0.0,45.3,21613738,135.52,S3,Static website hosting
Security-Ops,ebs-0187240,AWS,2026-04,0.0,3787.2,0,165.7,EBS,st1 volumes archive
Security-Ops,ecs-05f8138,AWS,2026-04,498.1,0.0,0,900.89,ECS,Fargate API cluster
Customer-Portal,ses-0aec941,AWS,2026-04,0.0,0.0,808740,0.96,SES,Marketing email
Security-Ops,ecs-0ef6702,AWS,2026-04,503.0,0.0,0,898.52,ECS,Fargate API cluster
Staging-Env,gcf-08e9473,GCP,2026-04,0.0,0.0,13280355,193.91,Cloud Functions,Data triggers
Staging-Env,bq-00f9877,GCP,2026-04,0.0,5335.4,0,2017.97,BigQuery,Log analytics
Edge-Network,s3-09b2918,AWS,2026-04,0.0,11535.8,110586,259.42,S3,Backup storage bucket
Production-Main,gcs-0053656,GCP,2026-04,0.0,7451.7,183341,165.33,Cloud Storage,Backup bucket
Staging-Env,cdns-041f176,GCP,2026-04,0.0,0.0,24423626,35.79,Cloud DNS,DNS zones
Production-Main,gcf-0861266,GCP,2026-04,0.0,0.0,8984720,130.73,Cloud Functions,Data triggers
Edge-Network,s3-0cf5556,AWS,2026-04,0.0,58.6,29180183,185.71,S3,Static website hosting
Internal-Tools,vm-0c07552,AZURE,2026-04,674.5,0.0,0,400.36,Virtual Machines,D2s v3 utility server
Analytics-Platform,fs-073a652,GCP,2026-04,866.3,60.7,36441139,466.12,Firestore,User profiles DB
Customer-Portal,cr-056f855,GCP,2026-04,426.0,0.0,1811952,535.87,Cloud Run,ETL pipeline service
Data-Science,fd-014e379,AZURE,2026-04,0.0,0.0,38087560,285.47,Front Door,Global load balancer
Production-Main,i-0a20226,AWS,2026-04,616.7,0.0,0,2038.0,EC2,m5.2xlarge batch processor
Data-Science,i-0a5b952,AWS,2026-04,625.3,0.0,0,530.92,EC2,m5.large monitoring server
Shared-Services,r53-059e889,AWS,2026-04,0.0,0.0,62745368,93.0,Route 53,DNS hosting
Compliance-Audit,i-03a0994,AWS,2026-04,652.9,0.0,0,557.5,EC2,m5.large monitoring server
Mobile-Backend,eh-0335343,AZURE,2026-04,0.0,394.4,0,92.42,Event Hubs,Capture to storage
Compliance-Audit,rds-1171475,AWS,2026-04,925.0,679.1,0,1859.38,RDS,db.r5.large PostgreSQL replica
Internal-Tools,nat-042b155,AWS,2026-04,491.5,0.0,0,112.17,NAT Gateway,Dev VPC NAT
DR-Recovery,eh-02f3384,AZURE,2026-04,0.0,493.3,0,114.81,Event Hubs,Capture to storage
Marketing-Platform,vai-1033821,GCP,2026-04,404.1,0.0,4463435,878.91,Vertex AI,Model serving endpoints
Finance-Systems,sqldb-10e9583,AZURE,2026-04,943.8,321.1,0,1545.73,SQL Database,Standard S3 production
IoT-Platform,cr-0d33810,GCP,2026-04,456.2,0.0,3758787,374.13,Cloud Run,Webhook handler
Production-Secondary,clog-06e2446,GCP,2026-04,0.0,435.9,0,103.89,Cloud Logging,Application logs
Production-Secondary,r53-114c994,AWS,2026-04,0.0,0.0,7151270,10.42,Route 53,Health checks
Internal-Tools,fs-02d6986,GCP,2026-04,719.8,20.6,52536598,528.57,Firestore,Session store
Mobile-Backend,fd-05ae464,AZURE,2026-04,0.0,0.0,36426824,261.05,Front Door,Global load balancer
Internal-Tools,aks-0ec9743,AZURE,2026-04,1264.4,0.0,0,1883.35,AKS,Staging K8s cluster
Security-Ops,sns-0188907,AWS,2026-04,0.0,0.0,8304535,3.94,SNS,Alert notifications
DR-Recovery,cosmos-02ed229,AZURE,2026-04,869.6,59.8,17792790,554.54,Cosmos DB,Config store
Data-Science,gcf-057e580,GCP,2026-04,0.0,0.0,9155475,131.8,Cloud Functions,Auth handlers
DevOps-Central,ec-1079988,AWS,2026-04,646.4,0.0,0,454.43,ElastiCache,Redis production cluster
Customer-Portal,bq-0797763,GCP,2026-04,0.0,962.1,0,369.65,BigQuery,Data export queries
ML-Training,ebs-0b24521,AWS,2026-04,0.0,4389.1,0,186.87,EBS,st1 volumes archive
Shared-Services,r53-0619259,AWS,2026-04,0.0,0.0,8237401,11.94,Route 53,Health checks
Partner-Integration,sb-0685610,AZURE,2026-04,635.0,0.0,9237633,477.53,Service Bus,Premium messaging
Analytics-Platform,gcs-0ce0329,GCP,2026-04,0.0,2138.2,2151978,144.43,Cloud Storage,Media assets bucket
Compliance-Audit,sm-0632353,AWS,2026-04,0.0,0.0,981261,3.76,Secrets Manager,Application secrets
Data-Science,blob-10e3276,AZURE,2026-04,0.0,8688.5,87362,242.65,Blob Storage,Backup storage
Edge-Network,gke-0b37321,GCP,2026-04,2046.7,0.0,0,3936.6,GKE,ML training cluster
Security-Ops,cdns-092f274,GCP,2026-04,0.0,0.0,24870424,36.83,Cloud DNS,DNS zones
Edge-Network,i-1150768,AWS,2026-04,631.4,0.0,0,2152.2,EC2,r5.2xlarge database server
Security-Ops,s3-0181856,AWS,2026-04,0.0,5602.2,8763551,389.65,S3,Media content bucket
Data-Science,i-0dfc213,AWS,2026-04,462.0,0.0,0,1579.78,EC2,m5.2xlarge batch processor
Marketing-Platform,vai-054f681,GCP,2026-04,520.0,0.0,0,2604.87,Vertex AI,Training pipelines
Marketing-Platform,i-01e9479,AWS,2026-04,507.1,0.0,0,1727.21,EC2,r5.2xlarge database server
Finance-Systems,app-0ba8317,AZURE,2026-04,805.3,0.0,0,943.42,App Service,API app P2v3
Shared-Services,ado-0e6e571,AZURE,2026-04,475.3,0.0,0,230.98,Azure DevOps,Pipelines hosted
Internal-Tools,s3-0a63927,AWS,2026-04,0.0,6076.2,379990,150.21,S3,Log archive bucket
Production-Secondary,ec-0078540,AWS,2026-04,575.2,0.0,0,417.85,ElastiCache,Redis production cluster
Internal-Tools,ps-02e6133,GCP,2026-04,0.0,0.0,18089069,218.5,Pub/Sub,Data pipeline
Internal-Tools,gcs-02de679,GCP,2026-04,0.0,17290.5,5668743,490.67,Cloud Storage,Data lake bucket
Finance-Systems,blob-0c24932,AZURE,2026-04,0.0,6950.8,66832,199.98,Blob Storage,Backup storage
Internal-Tools,sqs-0c61528,AWS,2026-04,0.0,0.0,46076399,22.34,SQS,Order processing queue
Internal-Tools,sqs-1152733,AWS,2026-04,0.0,0.0,43694530,22.38,SQS,Order processing queue
Data-Science,sb-03fb113,AZURE,2026-04,0.0,0.0,19635470,49.18,Service Bus,Standard messaging
Edge-Network,rds-031d726,AWS,2026-04,500.4,358.5,0,993.31,RDS,db.r5.large PostgreSQL replica
Internal-Tools,redis-0e82275,AZURE,2026-04,568.0,0.0,0,284.79,Azure Cache for Redis,Standard C2 cache
Internal-Tools,redis-0294559,AZURE,2026-04,523.5,0.0,0,268.34,Azure Cache for Redis,Standard C2 cache
Marketing-Platform,cmon-0baf450,GCP,2026-04,0.0,0.0,27562974,208.89,Cloud Monitoring,Metrics and alerting
Shared-Services,vm-069e641,AZURE,2026-04,474.3,0.0,0,4178.09,Virtual Machines,NC6s v3 GPU VM
Finance-Systems,s3-0879414,AWS,2026-04,0.0,9115.8,556253,217.69,S3,Log archive bucket
Staging-Env,gcs-0104572,GCP,2026-04,0.0,14528.1,35151,139.52,Cloud Storage,Archive bucket
QA-Testing,sm-09d2871,AWS,2026-04,0.0,0.0,636917,2.48,Secrets Manager,Application secrets
Data-Science,ps-0122650,GCP,2026-04,0.0,0.0,27657784,343.42,Pub/Sub,Log forwarding
Internal-Tools,s3-0c64538,AWS,2026-04,0.0,3732.6,5691464,252.96,S3,Media content bucket
Marketing-Platform,i-01ea208,AWS,2026-04,689.4,0.0,0,293.7,EC2,t3.medium API server
DevOps-Central,ddb-1093975,AWS,2026-04,840.3,12.1,5814622,103.85,DynamoDB,Config store table
Staging-Env,gcs-05bb643,GCP,2026-04,0.0,9415.8,3045674,275.3,Cloud Storage,Data lake bucket
Customer-Portal,vpn-0c12742,AWS,2026-04,1139.9,0.0,0,282.75,VPN Gateway,Client VPN endpoint
Finance-Systems,appi-0b64759,AZURE,2026-04,0.0,0.0,38011303,457.9,Application Insights,APM telemetry
DevOps-Central,acr-00d8552,AZURE,2026-04,0.0,240.9,492156,155.9,Container Registry,Docker image registry
Staging-Env,gcf-09c0254,GCP,2026-04,0.0,0.0,12410802,182.12,Cloud Functions,Data triggers
Production-Main,kin-001b193,AWS,2026-04,673.7,0.0,28484973,402.1,Kinesis,Data stream ingestion
Production-Secondary,aks-0508393,AZURE,2026-04,1396.2,0.0,0,2138.42,AKS,Staging K8s cluster
Production-Secondary,s3-0963950,AWS,2026-04,0.0,985.8,1954757,81.01,S3,Artifact storage
Production-Main,vm-0ae6301,AZURE,2026-04,907.9,0.0,0,1221.38,Virtual Machines,F4s v2 compute node
Internal-Tools,cf-08a2303,AWS,2026-04,0.0,0.0,94204811,455.24,CloudFront,CDN web distribution
Production-Secondary,cosmos-0c42811,AZURE,2026-04,481.8,68.4,16482037,616.72,Cosmos DB,Event store
Customer-Portal,sentinel-024e511,AZURE,2026-04,0.0,0.0,111379329,2706.93,Microsoft Sentinel,SIEM detection
Staging-Env,cdns-0683103,GCP,2026-04,0.0,0.0,22755614,32.88,Cloud DNS,DNS zones
Customer-Portal,blob-0e7d167,AZURE,2026-04,0.0,4385.3,0,414.23,Blob Storage,Security audit logs
Analytics-Platform,eh-0daf110,AZURE,2026-04,459.6,0.0,19014843,211.87,Event Hubs,Standard throughput units
DR-Recovery,redis-091e910,AZURE,2026-04,682.8,0.0,0,819.47,Azure Cache for Redis,Premium P1 cache
Partner-Integration,df-03b8762,GCP,2026-04,867.0,0.0,0,2026.17,Dataflow,Streaming pipeline
ML-Training,ec-0549300,AWS,2026-04,947.5,0.0,0,692.17,ElastiCache,Redis production cluster
Compliance-Audit,s3-04df487,AWS,2026-04,0.0,2167.7,12910358,507.45,S3,Production asset storage
Customer-Portal,fs-0acb600,GCP,2026-04,796.9,57.6,34430713,463.41,Firestore,User profiles DB
Production-Secondary,blob-107a413,AZURE,2026-04,0.0,2637.1,6657663,326.28,Blob Storage,Build artifacts
Internal-Tools,gcs-089d790,GCP,2026-04,0.0,14802.2,4884139,418.88,Cloud Storage,Data lake bucket
ML-Training,i-04f5359,AWS,2026-04,728.8,0.0,0,613.92,EC2,m5.large monitoring server
Production-Main,eh-0f89343,AZURE,2026-04,648.9,0.0,27297112,287.84,Event Hubs,Standard throughput units
ML-Training,rds-0a96205,AWS,2026-04,500.2,593.2,0,1166.94,RDS,db.m5.xlarge analytics DB
ML-Training,r53-0371230,AWS,2026-04,0.0,0.0,10637421,15.84,Route 53,Health checks
Marketing-Platform,rds-0657267,AWS,2026-04,405.7,112.7,0,464.23,RDS,db.t3.medium MySQL staging
Finance-Systems,ado-0222957,AZURE,2026-04,437.4,0.0,0,211.19,Azure DevOps,Pipelines hosted
Analytics-Platform,gke-0c3a292,GCP,2026-04,4524.4,0.0,0,8870.9,GKE,GPU node pool
Customer-Portal,cosmos-0b44271,AZURE,2026-04,490.5,66.3,17037566,599.42,Cosmos DB,Event store
Production-Main,vm-06e4791,AZURE,2026-04,437.8,0.0,0,3948.36,Virtual Machines,NC6s v3 GPU VM
IoT-Platform,cr-07da555,GCP,2026-04,393.2,0.0,1660996,507.38,Cloud Run,ETL pipeline service
Marketing-Platform,rds-10d6482,AWS,2026-04,583.3,159.3,0,496.09,RDS,db.t3.large development DB
Analytics-Platform,gcs-0b6a812,GCP,2026-04,0.0,1555.6,782551,237.05,Cloud Storage,Model artifacts
Production-Secondary,cosmos-0070623,AZURE,2026-04,660.2,181.4,37078964,1458.12,Cosmos DB,User data store
Analytics-Platform,clog-0ba4541,GCP,2026-04,0.0,407.3,0,96.05,Cloud Logging,Application logs
Security-Ops,sqldb-0408548,AZURE,2026-04,776.0,53.7,0,152.01,SQL Database,Basic dev database
Production-Secondary,cosmos-091d756,AZURE,2026-04,725.7,200.0,38618763,1575.4,Cosmos DB,User data store
Shared-Services,gcs-046a617,GCP,2026-04,0.0,3214.4,3131756,220.02,Cloud Storage,Media assets bucket
Analytics-Platform,bq-0b80564,GCP,2026-04,0.0,15420.5,0,5863.71,BigQuery,ML training datasets
Staging-Env,fs-010b493,GCP,2026-04,551.1,15.3,38672504,384.0,Firestore,Session store
ML-Training,r53-05ab480,AWS,2026-04,0.0,0.0,11629525,17.4,Route 53,Health checks
Finance-Systems,csql-0ae9870,GCP,2026-04,716.9,205.2,0,847.24,Cloud SQL,PostgreSQL replica
Staging-Env,gcs-0105570,GCP,2026-04,0.0,532.2,8231667,94.81,Cloud Storage,Temp processing bucket
Customer-Portal,vm-025d194,AZURE,2026-04,817.7,0.0,0,245.38,Virtual Machines,B2s development VM
Marketing-Platform,sm-0b4d765,AWS,2026-04,0.0,0.0,963239,3.86,Secrets Manager,Application secrets
Marketing-Platform,rds-07a0415,AWS,2026-04,400.2,117.1,0,463.23,RDS,db.t3.medium MySQL staging
Security-Ops,sentinel-0f54548,AZURE,2026-04,0.0,0.0,79391124,2027.79,Microsoft Sentinel,SIEM detection
DevOps-Central,app-00eb594,AZURE,2026-04,645.3,0.0,0,771.67,App Service,API app P2v3
Marketing-Platform,ca-0a67990,GCP,2026-04,0.0,0.0,55815303,199.8,Cloud Armor,WAF policies
Edge-Network,s3-08f1673,AWS,2026-04,0.0,1009.2,1927328,81.52,S3,Artifact storage
ML-Training,rs-072c560,AWS,2026-04,0.0,0.0,4055379,195.78,Redshift,Spectrum queries
Marketing-Platform,gcf-0dcb547,GCP,2026-04,0.0,0.0,2016565,28.14,Cloud Functions,Scheduled tasks
Production-Secondary,fd-005a664,AZURE,2026-04,0.0,0.0,63854819,475.64,Front Door,Global load balancer
Internal-Tools,s3-02bd407,AWS,2026-04,0.0,6839.4,418042,166.04,S3,Log archive bucket
Staging-Env,gcs-0108793,GCP,2026-04,0.0,9849.1,238018,220.1,Cloud Storage,Backup bucket
Production-Main,csql-0f51153,GCP,2026-04,722.0,521.3,0,1386.71,Cloud SQL,MySQL analytics
ML-Training,ebs-0974587,AWS,2026-04,0.0,663.6,0,392.29,EBS,io2 volumes database
IoT-Platform,bq-0f8e380,GCP,2026-04,0.0,2608.3,0,1010.42,BigQuery,BI reporting views
Staging-Env,cr-0ddc370,GCP,2026-04,733.2,0.0,3027245,921.82,Cloud Run,ETL pipeline service
Shared-Services,ado-09e6900,AZURE,2026-04,539.4,0.0,0,260.64,Azure DevOps,Pipelines hosted
Finance-Systems,clog-1076168,GCP,2026-04,0.0,198.4,0,48.27,Cloud Logging,Audit logs
DevOps-Central,blob-00d9603,AZURE,2026-04,0.0,5233.6,0,507.02,Blob Storage,Security audit logs
Customer-Portal,i-0930835,AWS,2026-04,476.7,0.0,0,34.38,EC2,t3.micro bastion host
IoT-Platform,mem-044e635,GCP,2026-04,789.5,0.0,0,549.45,Memorystore,Redis production cache
Security-Ops,s3-0771322,AWS,2026-04,0.0,17637.7,3541071,603.24,S3,Data lake raw zone
Analytics-Platform,aks-1048569,AZURE,2026-04,515.9,0.0,0,2312.06,AKS,Production K8s cluster
Data-Science,i-0d23982,AWS,2026-04,359.7,0.0,0,1011.41,EC2,c5.2xlarge HPC node
Finance-Systems,s3-08dd455,AWS,2026-04,0.0,4817.0,7617617,331.71,S3,Media content bucket
Finance-Systems,gcf-0a51450,GCP,2026-04,0.0,0.0,8822114,128.38,Cloud Functions,Auth handlers
Partner-Integration,ado-0b3b205,AZURE,2026-04,566.0,0.0,0,279.84,Azure DevOps,Pipelines hosted
Partner-Integration,gke-0b7b939,GCP,2026-04,643.0,0.0,0,1884.12,GKE,Production API cluster
Compliance-Audit,ses-0592338,AWS,2026-04,0.0,0.0,1513036,1.72,SES,Transactional email
Internal-Tools,ec-0eb3410,AWS,2026-04,492.0,0.0,0,337.46,ElastiCache,Redis production cluster
Partner-Integration,sqldb-03a5439,AZURE,2026-04,646.3,449.2,0,2514.8,SQL Database,Premium P1 analytics
Internal-Tools,s3-09aa761,AWS,2026-04,0.0,34.2,16916363,106.1,S3,Static website hosting
DevOps-Central,aks-0e66233,AZURE,2026-04,346.9,0.0,0,528.88,AKS,Dev K8s cluster
Compliance-Audit,sm-1017804,AWS,2026-04,0.0,0.0,1016351,3.9,Secrets Manager,Application secrets
Shared-Services,vai-01ad930,GCP,2026-04,724.4,0.0,8278282,1596.38,Vertex AI,Model serving endpoints
Data-Science,mem-0504714,GCP,2026-04,315.5,0.0,0,218.12,Memorystore,Redis staging cache
Internal-Tools,ps-0890488,GCP,2026-04,0.0,0.0,29331450,372.77,Pub/Sub,Event streaming
Analytics-Platform,vai-079c548,GCP,2026-04,603.8,0.0,0,2960.28,Vertex AI,Training pipelines
Compliance-Audit,elb-0f00262,AWS,2026-04,703.3,0.0,29864942,204.52,ELB,Application load balancer
Production-Secondary,blob-081e798,AZURE,2026-04,0.0,6754.5,2428239,329.11,Blob Storage,Data lake storage
Production-Main,sns-0c8c772,AWS,2026-04,0.0,0.0,6531851,3.16,SNS,Alert notifications
Shared-Services,rds-0f6e315,AWS,2026-04,656.3,177.0,0,560.63,RDS,db.t3.large development DB
Finance-Systems,sqldb-020f404,AZURE,2026-04,906.8,312.9,0,1427.83,SQL Database,Standard S3 production
Analytics-Platform,cr-0943616,GCP,2026-04,398.5,0.0,1636686,507.58,Cloud Run,ETL pipeline service
IoT-Platform,cr-10a0129,GCP,2026-04,336.4,0.0,1386003,423.66,Cloud Run,ETL pipeline service
Security-Ops,gcs-0cba289,GCP,2026-04,0.0,5544.8,136831,125.49,Cloud Storage,Backup bucket
IoT-Platform,cr-03f3623,GCP,2026-04,669.2,0.0,14630216,995.17,Cloud Run,API gateway service
DevOps-Central,kv-0b3d149,AZURE,2026-04,0.0,0.0,2331938,6.9,Key Vault,Secrets management
Production-Secondary,app-10d9619,AZURE,2026-04,612.3,0.0,0,88.27,App Service,Web app B1
Customer-Portal,elb-0525461,AWS,2026-04,696.7,0.0,28286797,209.51,ELB,Application load balancer
Marketing-Platform,vai-0ff7365,GCP,2026-04,510.6,0.0,0,2543.04,Vertex AI,Training pipelines
Production-Main,cmon-0b17682,GCP,2026-04,0.0,0.0,20521019,166.12,Cloud Monitoring,Metrics and alerting
Data-Science,i-013b699,AWS,2026-04,731.0,0.0,0,1029.01,EC2,c5.xlarge compute worker
QA-Testing,lam-05b6672,AWS,2026-04,0.0,0.0,2997326,21.03,Lambda,Webhook processor
QA-Testing,ses-08a5385,AWS,2026-04,0.0,0.0,2275853,2.67,SES,Transactional email
Production-Secondary,sqldb-051f349,AZURE,2026-04,428.9,150.5,0,690.34,SQL Database,Standard S3 production
Partner-Integration,ps-03c1778,GCP,2026-04,0.0,0.0,9667096,114.07,Pub/Sub,Data pipeline
Production-Secondary,clog-05d5179,GCP,2026-04,0.0,151.8,0,36.81,Cloud Logging,Audit logs
Shared-Services,vm-05ec122,AZURE,2026-04,537.6,0.0,0,954.02,Virtual Machines,E4s v3 SIEM collector
Analytics-Platform,ps-06e6283,GCP,2026-04,0.0,0.0,39514145,476.23,Pub/Sub,Log forwarding
IoT-Platform,cdns-0437748,GCP,2026-04,0.0,0.0,11375764,16.85,Cloud DNS,DNS zones
Internal-Tools,sentinel-0cd3679,AZURE,2026-04,0.0,0.0,64377659,1499.65,Microsoft Sentinel,SIEM detection
Shared-Services,rds-0cda288,AWS,2026-04,476.4,140.3,0,432.88,RDS,db.t3.large development DB
IoT-Platform,cr-05d2913,GCP,2026-04,412.2,0.0,1715869,527.1,Cloud Run,ETL pipeline service
Partner-Integration,azmon-0cbf470,AZURE,2026-04,0.0,255.4,34268575,353.51,Azure Monitor,Logs and metrics
Edge-Network,ebs-0b4e168,AWS,2026-04,0.0,163.9,0,19.61,EBS,gp3 volumes staging
Shared-Services,sb-042f463,AZURE,2026-04,494.0,0.0,6574424,354.81,Service Bus,Premium messaging
Partner-Integration,sqs-0bf2947,AWS,2026-04,0.0,0.0,381421,0.19,SQS,Dead letter queue
Finance-Systems,vpn-1134255,AWS,2026-04,907.6,0.0,0,231.6,VPN Gateway,Client VPN endpoint
Mobile-Backend,aks-0e51488,AZURE,2026-04,1129.0,0.0,0,1581.28,AKS,Staging K8s cluster
Customer-Portal,vpn-0a09478,AWS,2026-04,991.2,0.0,0,238.4,VPN Gateway,Client VPN endpoint
Production-Main,vai-0664562,GCP,2026-04,511.4,0.0,0,2426.25,Vertex AI,Training pipelines
Shared-Services,sb-094b954,AZURE,2026-04,527.9,0.0,7415680,391.56,Service Bus,Premium messaging
Production-Secondary,sqldb-084c701,AZURE,2026-04,483.8,171.9,0,801.86,SQL Database,Standard S3 production
Production-Main,ecs-0de7751,AWS,2026-04,278.2,0.0,0,516.65,ECS,Fargate batch cluster
Production-Secondary,aks-0e26217,AZURE,2026-04,293.1,0.0,0,441.88,AKS,Dev K8s cluster
Edge-Network,ebs-0313368,AWS,2026-04,0.0,694.7,0,81.62,EBS,gp3 volumes production
Data-Science,eks-0916603,AWS,2026-04,389.4,0.0,0,1163.93,EKS,Staging K8s cluster
Marketing-Platform,rs-08d1200,AWS,2026-04,0.0,0.0,5426287,260.35,Redshift,Spectrum queries
Compliance-Audit,ses-08e6753,AWS,2026-04,0.0,0.0,1361790,1.64,SES,Transactional email
Finance-Systems,elb-06a1968,AWS,2026-04,767.2,0.0,52013748,317.57,ELB,Network load balancer
DevOps-Central,redis-0705828,AZURE,2026-04,677.7,0.0,0,799.01,Azure Cache for Redis,Premium P1 cache
Finance-Systems,s3-0ead914,AWS,2026-04,0.0,1036.6,2099306,89.43,S3,Artifact storage
Shared-Services,fd-07bb349,AZURE,2026-04,0.0,0.0,48420421,357.79,Front Door,Global load balancer
Production-Secondary,sentinel-10f6292,AZURE,2026-04,0.0,0.0,62104633,1490.01,Microsoft Sentinel,SIEM detection
Production-Main,gcs-0055926,GCP,2026-04,0.0,25199.9,64516,246.71,Cloud Storage,Archive bucket
QA-Testing,vpn-03e6329,AWS,2026-04,462.3,0.0,0,116.12,VPN Gateway,Client VPN endpoint
Internal-Tools,cr-04bf565,GCP,2026-04,767.8,0.0,16546957,1120.05,Cloud Run,API gateway service
Production-Main,func-0032597,AZURE,2026-04,0.0,0.0,2466907,36.05,Azure Functions,Webhook processor
Customer-Portal,cosmos-0253523,AZURE,2026-04,706.5,49.9,14286227,452.79,Cosmos DB,Config store
Staging-Env,vai-1137133,GCP,2026-04,409.3,0.0,0,2039.87,Vertex AI,Training pipelines
Finance-Systems,vm-0cfc281,AZURE,2026-04,677.6,0.0,0,1557.3,Virtual Machines,D8s v3 application server
Finance-Systems,cr-0a5d466,GCP,2026-04,618.5,0.0,2558166,820.4,Cloud Run,ETL pipeline service
Compliance-Audit,vpn-0e3e760,AWS,2026-04,706.5,0.0,0,176.43,VPN Gateway,Client VPN endpoint
Compliance-Audit,i-039d669,AWS,2026-04,505.4,0.0,0,696.17,EC2,c5.xlarge compute worker
QA-Testing,ebs-03ec526,AWS,2026-04,0.0,1084.6,0,132.84,EBS,gp3 volumes production
Production-Main,sns-101d656,AWS,2026-04,0.0,0.0,6806869,3.27,SNS,Alert notifications
Compliance-Audit,ses-0b1f287,AWS,2026-04,0.0,0.0,1725434,2.02,SES,Transactional email
Production-Main,lam-0d54228,AWS,2026-04,0.0,0.0,4773999,32.58,Lambda,Notification dispatcher
Compliance-Audit,rds-0397974,AWS,2026-04,314.4,90.2,0,368.44,RDS,db.t3.medium MySQL staging
Production-Main,app-0e8f585,AZURE,2026-04,534.9,0.0,0,637.76,App Service,API app P2v3
Production-Secondary,eh-006b891,AZURE,2026-04,0.0,605.6,0,144.95,Event Hubs,Capture to storage
Edge-Network,ebs-0461141,AWS,2026-04,0.0,122.7,0,15.01,EBS,gp3 volumes staging
Production-Secondary,elb-0e5b461,AWS,2026-04,529.8,0.0,36486534,220.29,ELB,Network load balancer
Customer-Portal,gcs-027a462,GCP,2026-04,0.0,403.7,6358136,72.59,Cloud Storage,Temp processing bucket
Production-Main,i-10f4869,AWS,2026-04,389.6,0.0,0,1076.74,EC2,c5.2xlarge HPC node
Internal-Tools,lam-03ef109,AWS,2026-04,0.0,0.0,1227331,8.85,Lambda,Cron job runner
Analytics-Platform,ca-0eaf212,GCP,2026-04,0.0,0.0,68124250,254.72,Cloud Armor,WAF policies
Mobile-Backend,ebs-0d37236,AWS,2026-04,0.0,4035.0,0,167.86,EBS,st1 volumes archive
Customer-Portal,ado-0714795,AZURE,2026-04,0.0,104.0,0,24.42,Azure DevOps,Artifacts storage
Customer-Portal,vm-0e9c963,AZURE,2026-04,538.7,0.0,0,965.53,Virtual Machines,E4s v3 SIEM collector
Finance-Systems,eh-052e307,AZURE,2026-04,0.0,507.0,0,122.6,Event Hubs,Capture to storage
Data-Science,gcf-0fd1891,GCP,2026-04,0.0,0.0,8467196,128.67,Cloud Functions,Auth handlers
Finance-Systems,gcs-091f304,GCP,2026-04,0.0,6552.1,154370,142.75,Cloud Storage,Backup bucket
Internal-Tools,s3-09d0481,AWS,2026-04,0.0,5896.1,356801,140.97,S3,Log archive bucket
Partner-Integration,rs-04b3252,AWS,2026-04,0.0,0.0,4595977,226.09,Redshift,Spectrum queries
Marketing-Platform,gke-1060979,GCP,2026-04,4050.8,0.0,0,7922.75,GKE,GPU node pool
Mobile-Backend,vm-0d08853,AZURE,2026-04,591.8,0.0,0,711.0,Virtual Machines,D4s v3 CI runner
Data-Science,rds-0bc7339,AWS,2026-04,765.7,559.9,0,2014.62,RDS,db.r5.xlarge PostgreSQL primary
Compliance-Audit,rds-0d85584,AWS,2026-04,282.8,79.8,0,328.4,RDS,db.t3.medium MySQL staging
Shared-Services,gcs-01a8772,GCP,2026-04,0.0,6346.6,154858,141.42,Cloud Storage,Backup bucket
Edge-Network,sns-1054312,AWS,2026-04,0.0,0.0,11504217,5.36,SNS,Alert notifications
Finance-Systems,eh-0220761,AZURE,2026-04,593.5,0.0,24306427,263.53,Event Hubs,Standard throughput units
Data-Science,clog-0f98724,GCP,2026-04,0.0,423.1,0,103.02,Cloud Logging,Application logs
Production-Secondary,ps-1166581,GCP,2026-04,0.0,0.0,13207405,165.35,Pub/Sub,Data pipeline
Production-Main,r53-0886456,AWS,2026-04,0.0,0.0,12567211,18.14,Route 53,Health checks
Staging-Env,fs-0571274,GCP,2026-04,856.3,59.5,35062739,467.28,Firestore,User profiles DB
Internal-Tools,sentinel-0b74350,AZURE,2026-04,0.0,0.0,74021750,1801.52,Microsoft Sentinel,SIEM detection
Customer-Portal,acr-0255148,AZURE,2026-04,0.0,253.9,477307,155.85,Container Registry,Docker image registry
Security-Ops,ebs-0436210,AWS,2026-04,0.0,677.8,0,398.19,EBS,io2 volumes database
Customer-Portal,blob-0e3d646,AZURE,2026-04,0.0,3774.7,0,357.78,Blob Storage,Security audit logs
Analytics-Platform,vai-0679493,GCP,2026-04,191.3,0.0,0,941.46,Vertex AI,AutoML jobs
Marketing-Platform,cr-0f6f935,GCP,2026-04,667.7,0.0,13900388,1016.1,Cloud Run,API gateway service
Data-Science,mem-0991932,GCP,2026-04,322.4,0.0,0,223.86,Memorystore,Redis staging cache
Partner-Integration,cf-0b62712,AWS,2026-04,0.0,0.0,39520363,190.27,CloudFront,CDN API distribution
Customer-Portal,gcf-0dee262,GCP,2026-04,0.0,0.0,13562700,199.86,Cloud Functions,Data triggers
Security-Ops,nat-017e771,AWS,2026-04,600.9,0.0,0,132.44,NAT Gateway,Staging VPC NAT
Edge-Network,sns-0f3e442,AWS,2026-04,0.0,0.0,9108228,4.43,SNS,Alert notifications
Data-Science,i-0137554,AWS,2026-04,689.5,0.0,0,574.6,EC2,t3.large application server
Analytics-Platform,clog-0b21991,GCP,2026-04,0.0,357.1,0,86.88,Cloud Logging,Application logs
Mobile-Backend,vm-09e5814,AZURE,2026-04,677.6,0.0,0,2386.85,Virtual Machines,E8s v3 memory-optimized
Shared-Services,sb-10c0746,AZURE,2026-04,524.0,0.0,7239537,378.92,Service Bus,Premium messaging
Internal-Tools,gcf-02d8617,GCP,2026-04,0.0,0.0,9640181,144.43,Cloud Functions,Auth handlers
QA-Testing,ebs-0df8926,AWS,2026-04,0.0,1137.9,0,136.47,EBS,gp3 volumes production
Compliance-Audit,s3-08f5280,AWS,2026-04,0.0,660.4,1315215,54.41,S3,Artifact storage
Marketing-Platform,i-0c1b224,AWS,2026-04,535.8,0.0,0,443.71,EC2,t3.large application server
Production-Secondary,elb-04bd339,AWS,2026-04,499.0,0.0,34118328,203.46,ELB,Network load balancer
Production-Main,gcs-08f7185,GCP,2026-04,0.0,2080.1,1025906,310.33,Cloud Storage,Model artifacts
IoT-Platform,csql-0f63852,GCP,2026-04,704.6,200.4,0,851.83,Cloud SQL,PostgreSQL replica
DR-Recovery,cosmos-0b34859,AZURE,2026-04,715.1,52.2,15517138,481.66,Cosmos DB,Config store
Security-Ops,bq-0819283,GCP,2026-04,0.0,6308.1,0,2495.15,BigQuery,Analytics data warehouse
Edge-Network,s3-04f7382,AWS,2026-04,0.0,987.5,1984737,84.96,S3,Artifact storage
Internal-Tools,cosmos-094f603,AZURE,2026-04,625.4,175.2,33556529,1381.07,Cosmos DB,User data store
Edge-Network,gcf-0309730,GCP,2026-04,0.0,0.0,24337738,362.74,Cloud Functions,Pub/Sub processors
Shared-Services,func-01c8820,AZURE,2026-04,0.0,0.0,8784428,132.01,Azure Functions,API handlers
Production-Main,fd-0041592,AZURE,2026-04,0.0,0.0,51526346,383.34,Front Door,Global load balancer
Analytics-Platform,ado-0fea891,AZURE,2026-04,0.0,105.3,0,25.29,Azure DevOps,Artifacts storage
Internal-Tools,cf-02b2509,AWS,2026-04,0.0,0.0,127801543,617.92,CloudFront,CDN media distribution
Customer-Portal,cf-028c709,AWS,2026-04,0.0,0.0,39451911,195.13,CloudFront,CDN API distribution
DevOps-Central,app-0c13134,AZURE,2026-04,900.1,0.0,0,135.03,App Service,Web app B1
Staging-Env,gke-05c8132,GCP,2026-04,2349.0,0.0,0,4705.79,GKE,ML training cluster
Shared-Services,gcs-0701705,GCP,2026-04,0.0,22273.5,54557,211.66,Cloud Storage,Archive bucket
DevOps-Central,appi-0ce4354,AZURE,2026-04,0.0,0.0,14009982,174.64,Application Insights,Custom metrics
Finance-Systems,gcs-0564899,GCP,2026-04,0.0,2992.3,2926153,207.32,Cloud Storage,Media assets bucket
Marketing-Platform,cdns-059c553,GCP,2026-04,0.0,0.0,12486116,18.47,Cloud DNS,DNS zones
Customer-Portal,i-0e71663,AWS,2026-04,494.3,0.0,0,1692.91,EC2,r5.2xlarge database server
Finance-Systems,gcs-0b51970,GCP,2026-04,0.0,418.8,6360386,71.81,Cloud Storage,Temp processing bucket
Production-Secondary,redis-0ffb272,AZURE,2026-04,975.4,0.0,0,1128.28,Azure Cache for Redis,Premium P1 cache
QA-Testing,lam-043c899,AWS,2026-04,0.0,0.0,31416813,214.12,Lambda,API gateway handler
DR-Recovery,appi-0f14890,AZURE,2026-04,0.0,0.0,18498627,232.83,Application Insights,Custom metrics
Compliance-Audit,i-0e5a884,AWS,2026-04,421.1,0.0,0,605.68,EC2,c5.xlarge compute worker
Analytics-Platform,clog-0c1a111,GCP,2026-04,0.0,380.9,0,88.89,Cloud Logging,Application logs
Edge-Network,fs-02fa805,GCP,2026-04,539.3,15.6,37523038,395.23,Firestore,Session store
Partner-Integration,rs-0e5c348,AWS,2026-04,769.4,2168.6,0,3855.18,Redshift,Data warehouse cluster
Compliance-Audit,s3-07f4252,AWS,2026-04,0.0,677.9,1333084,57.86,S3,Artifact storage
ML-Training,r53-09f2874,AWS,2026-04,0.0,0.0,10316769,15.79,Route 53,Health checks
Production-Main,blob-1125912,AZURE,2026-04,0.0,2427.2,6475171,310.27,Blob Storage,Build artifacts
Data-Science,vai-067f829,GCP,2026-04,303.5,0.0,0,1496.23,Vertex AI,Training pipelines
Security-Ops,ecs-0a3b167,AWS,2026-04,139.8,0.0,0,242.64,ECS,Fargate batch cluster
Security-Ops,gke-0172619,GCP,2026-04,2135.4,0.0,0,4380.86,GKE,ML training cluster
Analytics-Platform,cr-0b8d600,GCP,2026-04,526.3,0.0,11248434,781.82,Cloud Run,API gateway service
Finance-Systems,blob-0e74551,AZURE,2026-04,0.0,8435.4,84830,250.69,Blob Storage,Backup storage
Data-Science,rds-04e4902,AWS,2026-04,502.3,146.0,0,443.37,RDS,db.t3.large development DB
Internal-Tools,ec-0d42588,AWS,2026-04,503.5,0.0,0,341.9,ElastiCache,Redis production cluster
Production-Secondary,r53-10a6788,AWS,2026-04,0.0,0.0,8951445,12.98,Route 53,Health checks
Partner-Integration,azmon-03a4247,AZURE,2026-04,0.0,250.6,32030048,341.12,Azure Monitor,Logs and metrics
Analytics-Platform,vai-0e80203,GCP,2026-04,192.0,0.0,0,922.69,Vertex AI,AutoML jobs
Analytics-Platform,cr-0ce1398,GCP,2026-04,465.1,0.0,2004411,582.71,Cloud Run,ETL pipeline service
Internal-Tools,eh-0bd6129,AZURE,2026-04,0.0,519.4,0,126.88,Event Hubs,Capture to storage
Analytics-Platform,vai-089c476,GCP,2026-04,706.1,0.0,0,3423.08,Vertex AI,Training pipelines
Production-Secondary,fs-09dc756,GCP,2026-04,848.5,24.9,61954350,613.3,Firestore,Session store
Partner-Integration,rds-05a0419,AWS,2026-04,375.7,104.5,0,430.55,RDS,db.t3.medium MySQL staging
Internal-Tools,vpn-0557720,AWS,2026-04,990.1,0.0,0,482.96,VPN Gateway,Site-to-site VPN
Security-Ops,cdns-016c878,GCP,2026-04,0.0,0.0,21613079,33.11,Cloud DNS,DNS zones
Edge-Network,ps-0db4850,GCP,2026-04,0.0,0.0,42496129,529.41,Pub/Sub,Log forwarding
Mobile-Backend,acr-07ff591,AZURE,2026-04,0.0,184.4,356841,118.4,Container Registry,Docker image registry
Customer-Portal,acr-0d83191,AZURE,2026-04,0.0,203.2,395962,128.34,Container Registry,Docker image registry
Internal-Tools,s3-02c0211,AWS,2026-04,0.0,4396.0,6900273,304.68,S3,Media content bucket
Internal-Tools,vm-0d0c590,AZURE,2026-04,646.9,0.0,0,884.23,Virtual Machines,F4s v2 compute node
Compliance-Audit,rs-0e67494,AWS,2026-04,586.7,1667.6,0,2950.19,Redshift,Data warehouse cluster
Analytics-Platform,cr-0593605,GCP,2026-04,532.2,0.0,10807809,785.29,Cloud Run,API gateway service
Customer-Portal,vm-0c0d537,AZURE,2026-04,463.2,0.0,0,823.71,Virtual Machines,E4s v3 SIEM collector
Partner-Integration,redis-066b401,AZURE,2026-04,600.6,0.0,0,716.41,Azure Cache for Redis,Premium P1 cache
Production-Secondary,blob-0bd9587,AZURE,2026-04,0.0,2138.2,5392120,265.57,Blob Storage,Build artifacts
Data-Science,cosmos-0fe6107,AZURE,2026-04,591.8,41.1,12478077,393.29,Cosmos DB,Config store
Production-Main,aks-0a5f479,AZURE,2026-04,374.1,0.0,0,568.39,AKS,Dev K8s cluster
Analytics-Platform,kv-08c1391,AZURE,2026-04,0.0,0.0,1472380,4.26,Key Vault,Secrets management
DR-Recovery,appi-0e3a902,AZURE,2026-04,0.0,0.0,15370933,192.09,Application Insights,Custom metrics
Production-Main,eh-0c55388,AZURE,2026-04,0.0,610.6,0,147.08,Event Hubs,Capture to storage
Partner-Integration,rs-08ef216,AWS,2026-04,693.5,1990.9,0,3493.68,Redshift,Data warehouse cluster
IoT-Platform,bq-0359656,GCP,2026-04,0.0,2518.9,0,974.85,BigQuery,BI reporting views
Customer-Portal,i-0291352,AWS,2026-04,600.3,0.0,0,841.79,EC2,c5.xlarge compute worker
Analytics-Platform,kv-0e54871,AZURE,2026-04,0.0,0.0,1646835,4.62,Key Vault,Secrets management
Customer-Portal,sentinel-0c4c755,AZURE,2026-04,0.0,0.0,42207345,985.58,Microsoft Sentinel,Log analytics
Edge-Network,i-0435944,AWS,2026-04,696.8,0.0,0,1146.38,EC2,r5.xlarge cache server
Production-Main,eh-0f23188,AZURE,2026-04,666.0,0.0,26526208,295.36,Event Hubs,Standard throughput units
Internal-Tools,blob-0b2f184,AZURE,2026-04,0.0,3019.9,7999669,381.67,Blob Storage,Build artifacts
Production-Secondary,r53-0754776,AWS,2026-04,0.0,0.0,8634944,12.76,Route 53,Health checks
Analytics-Platform,fs-0531779,GCP,2026-04,958.0,26.4,64148687,670.44,Firestore,Session store
Analytics-Platform,kv-00c3580,AZURE,2026-04,0.0,0.0,506002,1.46,Key Vault,Certificate store
Edge-Network,elb-0c8a626,AWS,2026-04,649.6,0.0,9067917,132.96,ELB,Classic load balancer
Compliance-Audit,s3-0722468,AWS,2026-04,0.0,605.1,1222687,51.46,S3,Artifact storage
Shared-Services,fd-046d439,AZURE,2026-04,0.0,0.0,51968412,382.18,Front Door,Global load balancer
Production-Secondary,df-0f1d560,GCP,2026-04,647.6,0.0,0,1482.96,Dataflow,Streaming pipeline
Shared-Services,gcs-05a3592,GCP,2026-04,0.0,3204.5,3184100,219.17,Cloud Storage,Media assets bucket
ML-Training,r53-0581711,AWS,2026-04,0.0,0.0,11218402,17.11,Route 53,Health checks
Internal-Tools,elb-0aed112,AWS,2026-04,956.3,0.0,13478409,190.3,ELB,Classic load balancer
Compliance-Audit,rds-0d18388,AWS,2026-04,270.6,77.6,0,323.1,RDS,db.t3.medium MySQL staging
Data-Science,i-05bc939,AWS,2026-04,633.7,0.0,0,516.68,EC2,m5.large monitoring server
Data-Science,blob-040e812,AZURE,2026-04,0.0,1785.7,4452361,288.51,Blob Storage,Media content
Shared-Services,kv-0d97187,AZURE,2026-04,0.0,0.0,372079,1.08,Key Vault,Certificate store
Marketing-Platform,i-1182333,AWS,2026-04,478.0,0.0,0,1373.07,EC2,c5.2xlarge HPC node
DR-Recovery,kv-0baa296,AZURE,2026-04,0.0,0.0,2761314,7.75,Key Vault,Secrets management
Production-Secondary,ecs-0074667,AWS,2026-04,259.1,0.0,0,463.4,ECS,Fargate batch cluster
Staging-Env,bq-0cd4810,GCP,2026-04,0.0,5638.6,0,2135.98,BigQuery,Log analytics
Marketing-Platform,cr-1081890,GCP,2026-04,431.8,0.0,1858800,551.65,Cloud Run,ETL pipeline service
DevOps-Central,blob-04ad851,AZURE,2026-04,0.0,8067.8,2989348,392.93,Blob Storage,Data lake storage
Security-Ops,sqs-0194667,AWS,2026-04,0.0,0.0,59964013,28.35,SQS,Order processing queue
ML-Training,rs-0543817,AWS,2026-04,0.0,0.0,3594619,172.07,Redshift,Spectrum queries
Production-Secondary,redis-0a16837,AZURE,2026-04,825.9,0.0,0,970.56,Azure Cache for Redis,Premium P1 cache
Production-Secondary,sb-0062995,AZURE,2026-04,804.5,0.0,10962882,602.08,Service Bus,Premium messaging
Internal-Tools,ps-02e4769,GCP,2026-04,0.0,0.0,26712072,331.62,Pub/Sub,Event streaming
Partner-Integration,eks-0912980,AWS,2026-04,371.4,0.0,0,1053.83,EKS,Staging K8s cluster
ML-Training,lam-0374425,AWS,2026-04,0.0,0.0,43559889,307.6,Lambda,Auth token validator
Production-Secondary,app-0069940,AZURE,2026-04,596.0,0.0,0,92.38,App Service,Web app B1
Internal-Tools,lam-0ab4217,AWS,2026-04,0.0,0.0,18265244,123.76,Lambda,Data transformer
Shared-Services,func-06e8816,AZURE,2026-04,0.0,0.0,8377607,127.8,Azure Functions,API handlers
Finance-Systems,cr-0c71114,GCP,2026-04,492.9,0.0,2110685,659.16,Cloud Run,ETL pipeline service
Production-Secondary,mem-0f3c369,GCP,2026-04,447.9,0.0,0,307.07,Memorystore,Redis production cache
Internal-Tools,sentinel-0a0c256,AZURE,2026-04,0.0,0.0,63791573,1501.97,Microsoft Sentinel,SIEM detection
Analytics-Platform,fs-0ce2384,GCP,2026-04,952.3,26.8,62814739,658.53,Firestore,Session store
Production-Main,blob-0d02486,AZURE,2026-04,0.0,22294.2,53990,170.94,Blob Storage,Archive tier
DR-Recovery,sb-10f8769,AZURE,2026-04,0.0,0.0,14467264,36.44,Service Bus,Standard messaging
Production-Secondary,fs-0098646,GCP,2026-04,875.6,64.9,38483527,505.95,Firestore,User profiles DB
Internal-Tools,s3-0e9b779,AWS,2026-04,0.0,3513.0,5356222,248.58,S3,Media content bucket
Shared-Services,gcs-0dd0869,GCP,2026-04,0.0,6415.0,158080,140.72,Cloud Storage,Backup bucket
Mobile-Backend,kin-092c972,AWS,2026-04,777.6,0.0,21080707,300.12,Kinesis,Firehose delivery
Compliance-Audit,rds-075f423,AWS,2026-04,302.1,85.1,0,357.31,RDS,db.t3.medium MySQL staging
ML-Training,i-0da2988,AWS,2026-04,677.0,0.0,0,578.75,EC2,t3.large application server
Edge-Network,lam-0ff8208,AWS,2026-04,0.0,0.0,23319022,159.45,Lambda,Data transformer
Finance-Systems,sqldb-0c9c210,AZURE,2026-04,847.6,303.0,0,1440.86,SQL Database,Standard S3 production
Data-Science,appi-0a5a764,AZURE,2026-04,0.0,0.0,52596328,671.23,Application Insights,APM telemetry
QA-Testing,lam-058e428,AWS,2026-04,0.0,0.0,3590914,25.22,Lambda,Image resizer
Analytics-Platform,gcs-00a3891,GCP,2026-04,0.0,2149.4,2122237,146.89,Cloud Storage,Media assets bucket
Partner-Integration,elb-0be8163,AWS,2026-04,599.4,0.0,8617268,121.92,ELB,Classic load balancer
Staging-Env,vai-0b7e256,GCP,2026-04,480.3,0.0,0,2433.51,Vertex AI,Training pipelines
Compliance-Audit,s3-064c941,AWS,2026-04,0.0,12553.7,2353437,403.76,S3,Data lake raw zone
Data-Science,i-100c822,AWS,2026-04,468.1,0.0,0,798.69,EC2,r5.xlarge cache server
Finance-Systems,s3-0e8b782,AWS,2026-04,0.0,11444.1,2207648,378.62,S3,Data lake raw zone
Production-Secondary,sqs-09a9219,AWS,2026-04,0.0,0.0,25365516,12.71,SQS,Event notification queue
Internal-Tools,cr-1040486,GCP,2026-04,614.2,0.0,2490140,783.37,Cloud Run,ETL pipeline service
Staging-Env,fs-0ac3233,GCP,2026-04,481.6,13.7,33524293,342.17,Firestore,Session store
Finance-Systems,csql-0948424,GCP,2026-04,520.2,149.4,0,624.8,Cloud SQL,PostgreSQL replica
Internal-Tools,ec-05c5519,AWS,2026-04,410.7,0.0,0,286.6,ElastiCache,Redis production cluster
Partner-Integration,sqs-03d1971,AWS,2026-04,0.0,0.0,414372,0.2,SQS,Dead letter queue
Staging-Env,gcs-0c39939,GCP,2026-04,0.0,12935.5,30942,126.34,Cloud Storage,Archive bucket
Marketing-Platform,rds-01e1409,AWS,2026-04,720.8,1060.0,0,3309.19,RDS,db.r5.2xlarge Aurora cluster
Marketing-Platform,rds-0fcf531,AWS,2026-04,737.0,499.2,0,1838.53,RDS,db.r5.xlarge PostgreSQL primary
Edge-Network,s3-0935976,AWS,2026-04,0.0,1018.7,2011429,83.4,S3,Artifact storage
Production-Secondary,sqldb-1063866,AZURE,2026-04,417.5,147.9,0,702.48,SQL Database,Standard S3 production
Production-Main,cf-0a48593,AWS,2026-04,0.0,0.0,28736327,138.38,CloudFront,CDN static assets
Compliance-Audit,s3-0cb2590,AWS,2026-04,0.0,41.4,20956276,132.78,S3,Static website hosting
Edge-Network,vpn-0d69869,AWS,2026-04,457.6,0.0,0,113.87,VPN Gateway,Client VPN endpoint
Finance-Systems,cosmos-0972198,AZURE,2026-04,462.7,64.5,15349244,593.36,Cosmos DB,Event store
Shared-Services,vm-01b9536,AZURE,2026-04,720.7,0.0,0,1030.65,Virtual Machines,F4s v2 compute node
Shared-Services,nat-09a0830,AWS,2026-04,591.1,0.0,0,263.25,NAT Gateway,Production VPC NAT
Analytics-Platform,bq-00ac651,GCP,2026-04,0.0,2111.9,0,780.89,BigQuery,BI reporting views
Production-Main,blob-061f857,AZURE,2026-04,0.0,4654.2,0,462.12,Blob Storage,Security audit logs
Data-Science,i-10ab373,AWS,2026-04,411.7,0.0,0,713.59,EC2,r5.xlarge cache server
Data-Science,gcs-0ded742,GCP,2026-04,0.0,10213.4,254244,219.71,Cloud Storage,Backup bucket
Security-Ops,vm-084d410,AZURE,2026-04,536.9,0.0,0,1926.66,Virtual Machines,E8s v3 memory-optimized
Production-Main,vm-0e62704,AZURE,2026-04,514.9,0.0,0,304.62,Virtual Machines,D2s v3 utility server
Shared-Services,ado-0603789,AZURE,2026-04,0.0,78.4,0,19.1,Azure DevOps,Artifacts storage
Partner-Integration,ddb-090c493,AWS,2026-04,574.0,8.4,4082185,68.68,DynamoDB,Config store table
DevOps-Central,ebs-0d66422,AWS,2026-04,0.0,369.4,0,221.97,EBS,io2 volumes database
Security-Ops,gcs-09b4232,GCP,2026-04,0.0,6211.1,157651,141.9,Cloud Storage,Backup bucket
ML-Training,ebs-08f8987,AWS,2026-04,0.0,508.7,0,310.73,EBS,io2 volumes database
Production-Main,vai-1173315,GCP,2026-04,717.7,0.0,8077197,1525.12,Vertex AI,Model serving endpoints
Internal-Tools,gcf-0b56804,GCP,2026-04,0.0,0.0,1827792,26.29,Cloud Functions,Scheduled tasks
Shared-Services,ado-0d38457,AZURE,2026-04,440.8,0.0,0,219.54,Azure DevOps,Pipelines hosted
Shared-Services,ado-0c7e652,AZURE,2026-04,0.0,82.9,0,20.07,Azure DevOps,Artifacts storage
Shared-Services,gcs-01a9890,GCP,2026-04,0.0,535.1,8218177,91.33,Cloud Storage,Temp processing bucket
IoT-Platform,bq-0440809,GCP,2026-04,0.0,2890.0,0,1148.47,BigQuery,BI reporting views
Shared-Services,rds-0aa6904,AWS,2026-04,587.3,817.1,0,2498.66,RDS,db.r5.2xlarge Aurora cluster
Customer-Portal,vpn-06f0884,AWS,2026-04,1004.8,0.0,0,241.49,VPN Gateway,Client VPN endpoint
Internal-Tools,gke-0975533,GCP,2026-04,571.0,0.0,0,1642.01,GKE,Production API cluster
Compliance-Audit,s3-038a496,AWS,2026-04,0.0,8447.3,510746,205.19,S3,Log archive bucket
Data-Science,gke-07eb913,GCP,2026-04,2689.0,0.0,0,5179.31,GKE,GPU node pool
Compliance-Audit,rds-0ed7512,AWS,2026-04,279.5,78.2,0,311.31,RDS,db.t3.medium MySQL staging
QA-Testing,lam-03e2943,AWS,2026-04,0.0,0.0,716028,5.32,Lambda,Cron job runner
Shared-Services,clog-07c4377,GCP,2026-04,0.0,216.4,0,50.54,Cloud Logging,Audit logs
IoT-Platform,gke-0ce5101,GCP,2026-04,585.4,0.0,0,1800.99,GKE,Production API cluster
Security-Ops,fs-0b68310,GCP,2026-04,466.7,32.4,19517574,258.13,Firestore,User profiles DB
Shared-Services,rds-019e148,AWS,2026-04,582.7,168.0,0,527.05,RDS,db.t3.large development DB
Customer-Portal,gcf-1092282,GCP,2026-04,0.0,0.0,14020774,213.6,Cloud Functions,Data triggers
Data-Science,blob-0154681,AZURE,2026-04,0.0,17411.6,41897,129.16,Blob Storage,Archive tier
Edge-Network,ps-05b4841,GCP,2026-04,0.0,0.0,37341057,449.02,Pub/Sub,Log forwarding
Internal-Tools,lam-0f01981,AWS,2026-04,0.0,0.0,20988280,142.44,Lambda,Data transformer
ML-Training,rs-0d61874,AWS,2026-04,468.6,1367.2,0,2450.17,Redshift,Data warehouse cluster
Partner-Integration,gcs-0aab436,GCP,2026-04,0.0,13165.6,31681,125.24,Cloud Storage,Archive bucket
Compliance-Audit,ses-1028890,AWS,2026-04,0.0,0.0,1428202,1.67,SES,Transactional email
Shared-Services,cosmos-0fc1348,AZURE,2026-04,565.3,77.7,19246373,725.38,Cosmos DB,Event store
Finance-Systems,blob-0820121,AZURE,2026-04,0.0,8838.8,89793,260.94,Blob Storage,Backup storage
IoT-Platform,mem-0a3e700,GCP,2026-04,798.1,0.0,0,549.75,Memorystore,Redis production cache
Analytics-Platform,kv-0406146,AZURE,2026-04,0.0,0.0,1544492,4.48,Key Vault,Secrets management
Customer-Portal,vpn-0e79543,AWS,2026-04,950.2,0.0,0,242.68,VPN Gateway,Client VPN endpoint
Customer-Portal,cf-0469288,AWS,2026-04,0.0,0.0,66320467,319.88,CloudFront,CDN web distribution
Customer-Portal,s3-0bb8451,AWS,2026-04,0.0,16755.7,3385925,581.05,S3,Data lake raw zone
Marketing-Platform,ec-0b95778,AWS,2026-04,674.9,0.0,0,473.67,ElastiCache,Redis production cluster
Marketing-Platform,gke-0d7a344,GCP,2026-04,2168.6,0.0,0,4195.36,GKE,ML training cluster
Production-Secondary,sqs-047b744,AWS,2026-04,0.0,0.0,21687645,10.13,SQS,Event notification queue
DevOps-Central,appi-0c51901,AZURE,2026-04,0.0,0.0,64730338,779.83,Application Insights,APM telemetry
Security-Ops,bq-0e95411,GCP,2026-04,0.0,1711.3,0,647.13,BigQuery,Data export queries
Shared-Services,vai-01ae833,GCP,2026-04,349.7,0.0,0,1665.67,Vertex AI,Training pipelines
Finance-Systems,s3-0a35431,AWS,2026-04,0.0,8207.6,516873,196.02,S3,Log archive bucket
DevOps-Central,aks-00e8216,AZURE,2026-04,1854.5,0.0,0,2642.49,AKS,Staging K8s cluster
Finance-Systems,rds-06bf447,AWS,2026-04,561.7,793.4,0,2490.03,RDS,db.r5.2xlarge Aurora cluster
Partner-Integration,elb-06eb646,AWS,2026-04,694.2,0.0,9692258,141.96,ELB,Classic load balancer
ML-Training,ec-0b39148,AWS,2026-04,863.0,0.0,0,611.23,ElastiCache,Redis production cluster
Marketing-Platform,rds-0d63346,AWS,2026-04,407.7,120.6,0,488.71,RDS,db.t3.medium MySQL staging
Partner-Integration,sb-07e9878,AZURE,2026-04,658.5,0.0,9034954,475.78,Service Bus,Premium messaging
Customer-Portal,azmon-0aa3619,AZURE,2026-04,0.0,187.6,24606325,253.99,Azure Monitor,Logs and metrics
Production-Secondary,ecs-0d99511,AWS,2026-04,233.0,0.0,0,433.71,ECS,Fargate batch cluster
Data-Science,i-0de8277,AWS,2026-04,359.6,0.0,0,1018.8,EC2,c5.2xlarge HPC node
QA-Testing,ses-03dc848,AWS,2026-04,0.0,0.0,1891232,2.23,SES,Transactional email
QA-Testing,elb-0f2f994,AWS,2026-04,762.6,0.0,32239619,232.74,ELB,Application load balancer
Marketing-Platform,cdns-0dd7912,GCP,2026-04,0.0,0.0,12817633,18.14,Cloud DNS,DNS zones
Shared-Services,func-0995812,AZURE,2026-04,0.0,0.0,2596293,39.29,Azure Functions,Webhook processor
Marketing-Platform,r53-09a7690,AWS,2026-04,0.0,0.0,49211909,70.62,Route 53,DNS hosting
Production-Main,ecs-0bb5632,AWS,2026-04,308.9,0.0,0,527.04,ECS,Fargate worker cluster
Security-Ops,ps-016a878,GCP,2026-04,0.0,0.0,25838444,307.07,Pub/Sub,Event streaming
Shared-Services,clog-01a6144,GCP,2026-04,0.0,237.4,0,58.8,Cloud Logging,Audit logs
Shared-Services,s3-085d679,AWS,2026-04,0.0,13721.3,2724672,449.84,S3,Data lake raw zone
Production-Secondary,app-1000684,AZURE,2026-04,565.1,0.0,0,82.54,App Service,Web app B1
Data-Science,gcs-04a8439,GCP,2026-04,0.0,514.2,8334730,91.95,Cloud Storage,Temp processing bucket
Marketing-Platform,vai-0c22165,GCP,2026-04,467.7,0.0,5204387,991.03,Vertex AI,Model serving endpoints
Marketing-Platform,rds-07cb642,AWS,2026-04,600.1,175.7,0,544.79,RDS,db.t3.large development DB
Partner-Integration,cf-0cb6427,AWS,2026-04,0.0,0.0,38429051,179.45,CloudFront,CDN API distribution
Finance-Systems,gcf-0dd9858,GCP,2026-04,0.0,0.0,9104920,135.35,Cloud Functions,Auth handlers
Mobile-Backend,vm-0b10826,AZURE,2026-04,663.6,0.0,0,404.41,Virtual Machines,D2s v3 utility server
Partner-Integration,df-0b5b821,GCP,2026-04,841.2,0.0,0,1996.12,Dataflow,Streaming pipeline
Shared-Services,vm-10e0416,AZURE,2026-04,669.1,0.0,0,1566.11,Virtual Machines,D8s v3 application server
Internal-Tools,cf-02b1760,AWS,2026-04,0.0,0.0,40443967,193.84,CloudFront,CDN API distribution
ML-Training,sqs-095c104,AWS,2026-04,0.0,0.0,464057,0.24,SQS,Dead letter queue
Analytics-Platform,gcs-06d0310,GCP,2026-04,0.0,2272.0,2244357,156.36,Cloud Storage,Media assets bucket
Security-Ops,lam-0776812,AWS,2026-04,0.0,0.0,3779998,26.92,Lambda,Image resizer
Customer-Portal,ps-0a07220,GCP,2026-04,0.0,0.0,9307247,114.27,Pub/Sub,Data pipeline
Marketing-Platform,lam-01ce578,AWS,2026-04,0.0,0.0,989629,7.42,Lambda,Cron job runner
Production-Secondary,blob-0416770,AZURE,2026-04,0.0,11648.9,28096,90.05,Blob Storage,Archive tier
Internal-Tools,ec-0e42669,AWS,2026-04,452.4,0.0,0,319.13,ElastiCache,Redis production cluster
Edge-Network,ps-0d68507,GCP,2026-04,0.0,0.0,39766444,480.87,Pub/Sub,Log forwarding
DevOps-Central,blob-061a187,AZURE,2026-04,0.0,4397.0,0,425.83,Blob Storage,Security audit logs
Analytics-Platform,csql-00a7449,GCP,2026-04,677.6,197.6,0,806.12,Cloud SQL,PostgreSQL replica
Customer-Portal,ps-045a155,GCP,2026-04,0.0,0.0,48680723,594.01,Pub/Sub,Log forwarding
Customer-Portal,acr-0e00958,AZURE,2026-04,0.0,193.9,396263,124.65,Container Registry,Docker image registry
Production-Secondary,eh-0576711,AZURE,2026-04,557.5,0.0,22596173,250.75,Event Hubs,Standard throughput units
Finance-Systems,gcf-0b85483,GCP,2026-04,0.0,0.0,2559945,38.85,Cloud Functions,Scheduled tasks
Production-Secondary,ecs-0e91146,AWS,2026-04,274.6,0.0,0,483.29,ECS,Fargate batch cluster
Edge-Network,ecs-0c11707,AWS,2026-04,280.2,0.0,0,488.48,ECS,Fargate worker cluster
Internal-Tools,lam-10f5761,AWS,2026-04,0.0,0.0,17556083,121.99,Lambda,Data transformer
Internal-Tools,mem-0ee0154,GCP,2026-04,441.5,0.0,0,318.28,Memorystore,Redis staging cache
Customer-Portal,clog-0275664,GCP,2026-04,0.0,127.3,0,31.47,Cloud Logging,Audit logs
Production-Secondary,app-0745398,AZURE,2026-04,634.1,0.0,0,97.04,App Service,Web app B1
DevOps-Central,ddb-09c2548,AWS,2026-04,516.6,74.6,109480605,816.5,DynamoDB,Cache table
Edge-Network,ps-0be2328,GCP,2026-04,0.0,0.0,39510928,476.38,Pub/Sub,Log forwarding
DevOps-Central,redis-08a8623,AZURE,2026-04,740.8,0.0,0,856.44,Azure Cache for Redis,Premium P1 cache
Marketing-Platform,vai-01ff426,GCP,2026-04,295.8,0.0,0,1418.24,Vertex AI,AutoML jobs
Mobile-Backend,vm-0d27691,AZURE,2026-04,493.5,0.0,0,603.71,Virtual Machines,D4s v3 CI runner
Shared-Services,func-04c7461,AZURE,2026-04,0.0,0.0,9047968,133.55,Azure Functions,API handlers
Internal-Tools,gcs-0703657,GCP,2026-04,0.0,410.5,6428956,70.74,Cloud Storage,Temp processing bucket
DevOps-Central,sqldb-0a91564,AZURE,2026-04,626.5,219.4,0,984.72,SQL Database,Standard S3 production
Partner-Integration,mem-03b7150,GCP,2026-04,236.7,0.0,0,165.86,Memorystore,Redis staging cache
Production-Secondary,sqldb-0789138,AZURE,2026-04,351.6,127.5,0,584.05,SQL Database,Standard S3 production
Internal-Tools,gcs-0993189,GCP,2026-04,0.0,429.9,6455297,73.71,Cloud Storage,Temp processing bucket
Partner-Integration,elb-0a0e128,AWS,2026-04,500.6,0.0,7005520,101.72,ELB,Classic load balancer
Finance-Systems,app-0c58925,AZURE,2026-04,682.4,0.0,0,796.06,App Service,API app P2v3
Shared-Services,nat-01a4526,AWS,2026-04,548.6,0.0,0,254.83,NAT Gateway,Production VPC NAT
Finance-Systems,cmon-0863154,GCP,2026-04,0.0,0.0,30056518,227.45,Cloud Monitoring,Metrics and alerting
Security-Ops,vai-04fa668,GCP,2026-04,209.5,0.0,0,1024.45,Vertex AI,AutoML jobs
DevOps-Central,sentinel-0854602,AZURE,2026-04,0.0,0.0,101240319,2542.18,Microsoft Sentinel,SIEM detection
Marketing-Platform,nat-01e0885,AWS,2026-04,732.3,0.0,0,167.41,NAT Gateway,Dev VPC NAT
Mobile-Backend,acr-0ff3421,AZURE,2026-04,0.0,186.7,378853,118.01,Container Registry,Docker image registry
Production-Main,cosmos-002c629,AZURE,2026-04,626.2,86.5,22083870,810.16,Cosmos DB,Event store
Production-Main,i-053d315,AWS,2026-04,687.2,0.0,0,46.73,EC2,t3.micro bastion host
Internal-Tools,ps-0c2b811,GCP,2026-04,0.0,0.0,31054316,370.51,Pub/Sub,Event streaming
Production-Secondary,app-0468902,AZURE,2026-04,862.2,0.0,0,512.4,App Service,Web app P1v3
Marketing-Platform,sm-0ed6873,AWS,2026-04,0.0,0.0,814537,3.2,Secrets Manager,Application secrets
Finance-Systems,s3-0247530,AWS,2026-04,0.0,8495.2,519253,201.41,S3,Log archive bucket
DevOps-Central,redis-0718230,AZURE,2026-04,743.0,0.0,0,918.25,Azure Cache for Redis,Premium P1 cache
Security-Ops,ca-112a285,GCP,2026-04,0.0,0.0,103791131,376.75,Cloud Armor,WAF policies
Marketing-Platform,ps-0f37394,GCP,2026-04,0.0,0.0,38546288,461.28,Pub/Sub,Log forwarding
Internal-Tools,blob-0ac1639,AZURE,2026-04,0.0,3899.8,10461107,488.38,Blob Storage,Build artifacts
Security-Ops,sqldb-095f436,AZURE,2026-04,677.9,47.8,0,139.54,SQL Database,Basic dev database
DevOps-Central,sqldb-0bd5208,AZURE,2026-04,637.7,223.4,0,1020.02,SQL Database,Standard S3 production
Production-Secondary,sentinel-0b9d521,AZURE,2026-04,0.0,0.0,58001995,1420.77,Microsoft Sentinel,SIEM detection
Marketing-Platform,ps-01f9738,GCP,2026-04,0.0,0.0,46456671,552.07,Pub/Sub,Log forwarding
Internal-Tools,ec-066c806,AWS,2026-04,489.0,0.0,0,348.14,ElastiCache,Redis production cluster
Security-Ops,bq-0e48207,GCP,2026-04,0.0,5793.6,0,2192.3,BigQuery,Analytics data warehouse
Finance-Systems,rds-023f159,AWS,2026-04,643.1,748.7,0,1536.89,RDS,db.m5.xlarge analytics DB
Data-Science,rs-046b649,AWS,2026-04,613.4,1781.3,0,3149.82,Redshift,Data warehouse cluster
Data-Science,clog-0f1f300,GCP,2026-04,0.0,237.8,0,57.33,Cloud Logging,Audit logs
Data-Science,bq-0120409,GCP,2026-04,0.0,14679.5,0,5634.03,BigQuery,ML training datasets
Edge-Network,sns-059b224,AWS,2026-04,0.0,0.0,12071234,5.83,SNS,Alert notifications
Production-Main,app-110c575,AZURE,2026-04,532.1,0.0,0,603.36,App Service,API app P2v3
Partner-Integration,azmon-03fa592,AZURE,2026-04,0.0,223.9,29948334,310.36,Azure Monitor,Logs and metrics
Edge-Network,s3-0318881,AWS,2026-04,0.0,15485.7,2899940,517.81,S3,Data lake raw zone
Security-Ops,cmon-0976930,GCP,2026-04,0.0,0.0,20731077,164.26,Cloud Monitoring,Metrics and alerting
Staging-Env,cdns-0641241,GCP,2026-04,0.0,0.0,18520958,26.24,Cloud DNS,DNS zones
IoT-Platform,fs-06b4788,GCP,2026-04,689.4,19.4,46551841,475.53,Firestore,Session store
Finance-Systems,kv-0a56102,AZURE,2026-04,0.0,0.0,2697076,7.62,Key Vault,Secrets management
Customer-Portal,i-028d484,AWS,2026-04,446.4,0.0,0,1557.38,EC2,m5.2xlarge batch processor
Shared-Services,aks-0c94504,AZURE,2026-04,284.2,0.0,0,413.68,AKS,Dev K8s cluster
Production-Main,lam-0642919,AWS,2026-04,0.0,0.0,29098414,197.82,Lambda,Data transformer
QA-Testing,lam-03e1413,AWS,2026-04,0.0,0.0,2810068,19.54,Lambda,Webhook processor
Security-Ops,ecs-0f75161,AWS,2026-04,529.8,0.0,0,934.31,ECS,Fargate API cluster
Finance-Systems,s3-0c3b952,AWS,2026-04,0.0,9560.6,1795256,309.93,S3,Data lake raw zone
Customer-Portal,i-0290733,AWS,2026-04,503.3,0.0,0,35.38,EC2,t3.micro bastion host
DevOps-Central,appi-0d28385,AZURE,2026-04,0.0,0.0,15667068,193.11,Application Insights,Custom metrics
Compliance-Audit,sns-0f94109,AWS,2026-04,0.0,0.0,13578174,6.46,SNS,Event fanout topic
Finance-Systems,elb-024c328,AWS,2026-04,766.7,0.0,55894067,339.28,ELB,Network load balancer
Finance-Systems,rds-023e525,AWS,2026-04,511.3,716.3,0,2233.05,RDS,db.r5.2xlarge Aurora cluster
Internal-Tools,eks-0690150,AWS,2026-04,496.3,0.0,0,1475.57,EKS,Staging K8s cluster
Production-Main,eh-0c15276,AZURE,2026-04,0.0,746.6,0,177.41,Event Hubs,Capture to storage
Staging-Env,vai-00f2137,GCP,2026-04,456.0,0.0,0,2245.16,Vertex AI,Training pipelines
Staging-Env,df-0111460,GCP,2026-04,365.8,0.0,0,857.74,Dataflow,Batch pipeline
QA-Testing,elb-0980148,AWS,2026-04,687.3,0.0,28423654,212.2,ELB,Application load balancer
Production-Secondary,cosmos-09cf617,AZURE,2026-04,505.4,71.4,16851322,636.14,Cosmos DB,Event store
Analytics-Platform,clog-0f3d446,GCP,2026-04,0.0,338.0,0,80.13,Cloud Logging,Application logs
Internal-Tools,rds-0ec4795,AWS,2026-04,640.2,462.9,0,1589.86,RDS,db.r5.xlarge PostgreSQL primary
IoT-Platform,bq-0357916,GCP,2026-04,0.0,1583.6,0,596.93,BigQuery,Data export queries
Staging-Env,gcs-04fc822,GCP,2026-04,0.0,12079.2,3894585,350.86,Cloud Storage,Data lake bucket
Compliance-Audit,i-0f6d336,AWS,2026-04,690.8,0.0,0,604.14,EC2,m5.large monitoring server
DR-Recovery,eh-08e4690,AZURE,2026-04,0.0,472.5,0,114.41,Event Hubs,Capture to storage
Analytics-Platform,fs-0b55279,GCP,2026-04,865.7,24.5,59620361,613.38,Firestore,Session store
Customer-Portal,ps-0405218,GCP,2026-04,0.0,0.0,43175738,507.59,Pub/Sub,Log forwarding
Data-Science,nat-0132859,AWS,2026-04,481.8,0.0,0,107.1,NAT Gateway,Staging VPC NAT
Production-Main,cf-0001263,AWS,2026-04,0.0,0.0,43150129,217.46,CloudFront,CDN API distribution
Data-Science,rds-04cc470,AWS,2026-04,599.0,166.2,0,524.45,RDS,db.t3.large development DB
Staging-Env,df-0f02823,GCP,2026-04,527.7,0.0,0,1211.24,Dataflow,Streaming pipeline
Internal-Tools,blob-0b8b546,AZURE,2026-04,0.0,2223.5,5388976,339.3,Blob Storage,Media content
Shared-Services,ado-10cc486,AZURE,2026-04,417.4,0.0,0,208.68,Azure DevOps,Pipelines hosted
Finance-Systems,gcf-0526817,GCP,2026-04,0.0,0.0,11274991,170.73,Cloud Functions,Data triggers
Data-Science,ses-077c383,AWS,2026-04,0.0,0.0,388449,0.43,SES,Marketing email
Marketing-Platform,i-079f164,AWS,2026-04,615.9,0.0,0,1011.08,EC2,r5.xlarge cache server
Customer-Portal,gcs-1062875,GCP,2026-04,0.0,385.1,6242189,68.31,Cloud Storage,Temp processing bucket
QA-Testing,ec-06bd918,AWS,2026-04,723.3,0.0,0,527.58,ElastiCache,Redis production cluster
Data-Science,i-0859781,AWS,2026-04,301.4,0.0,0,854.06,EC2,c5.2xlarge HPC node
Data-Science,cmon-0e6a268,GCP,2026-04,0.0,0.0,31812847,247.84,Cloud Monitoring,Metrics and alerting
Edge-Network,ec-063c794,AWS,2026-04,703.9,0.0,0,470.1,ElastiCache,Redis production cluster
Mobile-Backend,vm-1082854,AZURE,2026-04,972.4,0.0,0,1382.04,Virtual Machines,F4s v2 compute node
Mobile-Backend,kv-111e842,AZURE,2026-04,0.0,0.0,1574719,4.64,Key Vault,Secrets management
Analytics-Platform,acr-00c8676,AZURE,2026-04,0.0,187.0,372291,114.99,Container Registry,Docker image registry
DevOps-Central,aks-0474653,AZURE,2026-04,1690.7,0.0,0,2524.32,AKS,Staging K8s cluster
Mobile-Backend,kv-033c971,AZURE,2026-04,0.0,0.0,1628785,4.67,Key Vault,Secrets management
Internal-Tools,cf-0dbb199,AWS,2026-04,0.0,0.0,151573957,711.89,CloudFront,CDN media distribution
Security-Ops,bq-06c8903,GCP,2026-04,0.0,7260.2,0,2763.16,BigQuery,ML training datasets
Edge-Network,ecs-09c1206,AWS,2026-04,267.6,0.0,0,482.7,ECS,Fargate worker cluster
Shared-Services,ado-0fd5860,AZURE,2026-04,0.0,83.0,0,19.68,Azure DevOps,Artifacts storage
Compliance-Audit,s3-08a7782,AWS,2026-04,0.0,10656.9,2149772,353.28,S3,Data lake raw zone
Customer-Portal,gcf-026e659,GCP,2026-04,0.0,0.0,1441278,20.92,Cloud Functions,Scheduled tasks
Security-Ops,bq-0b75354,GCP,2026-04,0.0,6707.8,0,2515.67,BigQuery,ML training datasets
Compliance-Audit,s3-0c04431,AWS,2026-04,0.0,10810.7,2099864,361.65,S3,Data lake raw zone
Finance-Systems,gcs-0ee3791,GCP,2026-04,0.0,8792.5,2944748,252.38,Cloud Storage,Data lake bucket
Shared-Services,ado-0d7d199,AZURE,2026-04,509.2,0.0,0,257.08,Azure DevOps,Pipelines hosted
DevOps-Central,blob-0fc7470,AZURE,2026-04,0.0,6828.1,2540098,344.02,Blob Storage,Data lake storage
Mobile-Backend,vm-09e4739,AZURE,2026-04,644.4,0.0,0,2236.31,Virtual Machines,E8s v3 memory-optimized
Internal-Tools,ses-0dbe321,AWS,2026-04,0.0,0.0,2328359,2.79,SES,Transactional email
Internal-Tools,cr-0a26381,GCP,2026-04,608.1,0.0,2588845,790.49,Cloud Run,ETL pipeline service
Data-Science,i-0a28926,AWS,2026-04,408.0,0.0,0,1391.51,EC2,m5.2xlarge batch processor
Internal-Tools,eks-02a6314,AWS,2026-04,438.6,0.0,0,1298.93,EKS,Staging K8s cluster
Data-Science,aks-0ae2613,AZURE,2026-04,1182.5,0.0,0,1754.28,AKS,Staging K8s cluster
Shared-Services,cf-019a583,AWS,2026-04,0.0,0.0,140744360,712.95,CloudFront,CDN media distribution
Partner-Integration,gke-118b595,GCP,2026-04,675.0,0.0,0,2012.72,GKE,Production API cluster
Staging-Env,gcf-05fd332,GCP,2026-04,0.0,0.0,26340599,384.31,Cloud Functions,Pub/Sub processors
Marketing-Platform,gcf-1167527,GCP,2026-04,0.0,0.0,1381139,19.64,Cloud Functions,Scheduled tasks
Edge-Network,i-087e912,AWS,2026-04,671.6,0.0,0,1111.27,EC2,r5.xlarge cache server
Marketing-Platform,gke-0f27659,GCP,2026-04,1902.3,0.0,0,3814.72,GKE,ML training cluster
Analytics-Platform,fs-0b19394,GCP,2026-04,943.3,27.5,65665671,670.72,Firestore,Session store
Partner-Integration,redis-03af826,AZURE,2026-04,488.4,0.0,0,234.94,Azure Cache for Redis,Standard C2 cache
Finance-Systems,gcf-08a1204,GCP,2026-04,0.0,0.0,13412743,191.99,Cloud Functions,Data triggers
Production-Secondary,redis-05cd720,AZURE,2026-04,778.9,0.0,0,921.85,Azure Cache for Redis,Premium P1 cache
Production-Secondary,aks-0887612,AZURE,2026-04,270.4,0.0,0,392.32,AKS,Dev K8s cluster
Production-Secondary,mem-0ccd673,GCP,2026-04,645.2,0.0,0,444.77,Memorystore,Redis production cache
Analytics-Platform,aks-00c0825,AZURE,2026-04,1186.3,0.0,0,1764.15,AKS,Staging K8s cluster
Data-Science,i-0866884,AWS,2026-04,488.7,0.0,0,818.39,EC2,r5.xlarge cache server
Production-Main,aks-087d143,AZURE,2026-04,1221.7,0.0,0,1842.8,AKS,Staging K8s cluster
Data-Science,gke-0dc2614,GCP,2026-04,3306.4,0.0,0,6354.7,GKE,GPU node pool
Analytics-Platform,aks-0901861,AZURE,2026-04,513.9,0.0,0,748.83,AKS,Dev K8s cluster
Customer-Portal,gcf-026d273,GCP,2026-04,0.0,0.0,9283496,130.12,Cloud Functions,Auth handlers
DevOps-Central,appi-1091671,AZURE,2026-04,0.0,0.0,71581960,857.14,Application Insights,APM telemetry
Production-Main,clog-099d699,GCP,2026-04,0.0,282.7,0,67.55,Cloud Logging,Audit logs
Internal-Tools,ebs-0868993,AWS,2026-04,0.0,1316.0,0,153.16,EBS,gp3 volumes production
Marketing-Platform,gke-05a9143,GCP,2026-04,1914.2,0.0,0,3624.68,GKE,ML training cluster
Customer-Portal,mem-0be9967,GCP,2026-04,304.2,0.0,0,218.84,Memorystore,Redis staging cache
Finance-Systems,app-0bbc103,AZURE,2026-04,988.8,0.0,0,146.54,App Service,Web app B1
Mobile-Backend,kin-032d614,AWS,2026-04,625.9,0.0,25574244,368.42,Kinesis,Data stream ingestion
Production-Main,bq-0044162,GCP,2026-04,0.0,13621.5,0,5165.75,BigQuery,ML training datasets
Partner-Integration,ecs-0c6a269,AWS,2026-04,472.8,0.0,0,839.44,ECS,Fargate API cluster
Compliance-Audit,s3-038c556,AWS,2026-04,0.0,44.7,21428330,135.73,S3,Static website hosting
Production-Secondary,acr-0ae3180,AZURE,2026-04,0.0,204.6,380965,129.11,Container Registry,Docker image registry
Customer-Portal,vm-1043820,AZURE,2026-04,815.0,0.0,0,251.17,Virtual Machines,B2s development VM
Finance-Systems,s3-0244518,AWS,2026-04,0.0,10097.6,1979001,327.52,S3,Data lake raw zone
Edge-Network,ecs-031e824,AWS,2026-04,344.2,0.0,0,597.88,ECS,Fargate API cluster
Internal-Tools,mem-082c959,GCP,2026-04,420.2,0.0,0,293.34,Memorystore,Redis staging cache
Marketing-Platform,fs-0e2b804,GCP,2026-04,441.9,12.5,30863327,310.11,Firestore,Session store
Finance-Systems,s3-0f0f949,AWS,2026-04,0.0,5304.4,8433447,364.11,S3,Media content bucket
Analytics-Platform,bq-0d1e739,GCP,2026-04,0.0,2183.5,0,825.56,BigQuery,BI reporting views
Security-Ops,ps-065c549,GCP,2026-04,0.0,0.0,27578066,349.84,Pub/Sub,Event streaming
Internal-Tools,mem-02eb311,GCP,2026-04,529.4,0.0,0,377.4,Memorystore,Redis production cache
Mobile-Backend,vm-0813383,AZURE,2026-04,773.3,0.0,0,1067.07,Virtual Machines,F4s v2 compute node
Customer-Portal,ses-0ddf126,AWS,2026-04,0.0,0.0,448039,0.53,SES,Marketing email
Data-Science,blob-0153838,AZURE,2026-04,0.0,8704.7,88627,249.39,Blob Storage,Backup storage
Data-Science,gcf-102b155,GCP,2026-04,0.0,0.0,8574127,121.74,Cloud Functions,Auth handlers
Compliance-Audit,i-08da194,AWS,2026-04,526.4,0.0,0,738.49,EC2,c5.xlarge compute worker
Staging-Env,gcs-06fa515,GCP,2026-04,0.0,14604.3,36779,143.53,Cloud Storage,Archive bucket
Marketing-Platform,lam-073d564,AWS,2026-04,0.0,0.0,15262532,99.64,Lambda,Data transformer
Production-Secondary,aks-04e9539,AZURE,2026-04,1352.5,0.0,0,1967.7,AKS,Staging K8s cluster
Production-Main,app-058f647,AZURE,2026-04,468.0,0.0,0,548.15,App Service,API app P2v3
DR-Recovery,appi-0df9366,AZURE,2026-04,0.0,0.0,13091030,161.89,Application Insights,Custom metrics
DevOps-Central,blob-0f60507,AZURE,2026-04,0.0,7017.1,2514364,351.3,Blob Storage,Data lake storage
QA-Testing,lam-04bb141,AWS,2026-04,0.0,0.0,4527180,31.19,Lambda,Image resizer
Production-Secondary,sb-0b67850,AZURE,2026-04,0.0,0.0,19895096,48.0,Service Bus,Standard messaging
Marketing-Platform,nat-08ce373,AWS,2026-04,515.9,0.0,0,115.05,NAT Gateway,Staging VPC NAT
Marketing-Platform,i-01ec560,AWS,2026-04,510.2,0.0,0,424.08,EC2,m5.large monitoring server
Shared-Services,sb-01c7290,AZURE,2026-04,0.0,0.0,13065483,31.71,Service Bus,Standard messaging
Internal-Tools,mem-0d47243,GCP,2026-04,535.9,0.0,0,390.09,Memorystore,Redis production cache
Staging-Env,fs-111a954,GCP,2026-04,969.5,69.4,40589747,559.02,Firestore,User profiles DB
Partner-Integration,appi-03a2597,AZURE,2026-04,0.0,0.0,17494327,208.95,Application Insights,Custom metrics
Security-Ops,s3-0183786,AWS,2026-04,0.0,709.1,1399360,59.93,S3,Artifact storage
Marketing-Platform,mem-0205771,GCP,2026-04,557.9,0.0,0,398.73,Memorystore,Redis production cache
Customer-Portal,blob-08b1911,AZURE,2026-04,0.0,5114.3,0,509.43,Blob Storage,Security audit logs
Production-Secondary,app-0068571,AZURE,2026-04,808.4,0.0,0,479.29,App Service,Web app P1v3
Internal-Tools,fs-1014977,GCP,2026-04,816.6,23.3,56785924,603.15,Firestore,Session store
Production-Main,lam-06d3145,AWS,2026-04,0.0,0.0,50514423,344.05,Lambda,API gateway handler
Analytics-Platform,gke-118c166,GCP,2026-04,3995.3,0.0,0,7804.94,GKE,GPU node pool
Shared-Services,ec-0c82412,AWS,2026-04,695.9,0.0,0,243.6,ElastiCache,Redis staging cluster
Staging-Env,mem-0102679,GCP,2026-04,694.7,0.0,0,481.26,Memorystore,Redis production cache
Security-Ops,ecs-0f85647,AWS,2026-04,429.3,0.0,0,795.48,ECS,Fargate worker cluster
Shared-Services,rds-084e637,AWS,2026-04,600.0,838.9,0,2511.68,RDS,db.r5.2xlarge Aurora cluster
Edge-Network,csql-0c36420,GCP,2026-04,715.5,196.7,0,825.44,Cloud SQL,PostgreSQL replica
Partner-Integration,elb-057a924,AWS,2026-04,589.4,0.0,8265327,117.99,ELB,Classic load balancer
Customer-Portal,cosmos-0db3851,AZURE,2026-04,610.5,84.5,21515191,782.51,Cosmos DB,Event store
Partner-Integration,azmon-0ab0934,AZURE,2026-04,0.0,244.7,33127909,339.09,Azure Monitor,Logs and metrics
Security-Ops,ecs-018b473,AWS,2026-04,152.8,0.0,0,277.59,ECS,Fargate batch cluster
Production-Main,lam-1011255,AWS,2026-04,0.0,0.0,26400793,182.61,Lambda,Data transformer
Data-Science,rds-074d478,AWS,2026-04,709.7,769.6,0,1557.62,RDS,db.m5.xlarge analytics DB
Shared-Services,r53-08c8350,AWS,2026-04,0.0,0.0,52573667,78.7,Route 53,DNS hosting
Staging-Env,cr-0c5a970,GCP,2026-04,538.9,0.0,2177545,684.76,Cloud Run,ETL pipeline service
Analytics-Platform,kv-07cc983,AZURE,2026-04,0.0,0.0,499749,1.49,Key Vault,Certificate store
Production-Main,i-0df3860,AWS,2026-04,714.8,0.0,0,50.58,EC2,t3.micro bastion host
Staging-Env,fs-0ce9401,GCP,2026-04,1053.9,75.6,44804520,596.5,Firestore,User profiles DB
Production-Secondary,i-0574661,AWS,2026-04,1057.8,0.0,0,898.63,EC2,t3.large application server
DevOps-Central,redis-0415551,AZURE,2026-04,794.7,0.0,0,931.34,Azure Cache for Redis,Premium P1 cache
Edge-Network,cmon-02fb997,GCP,2026-04,0.0,0.0,22574915,172.48,Cloud Monitoring,Metrics and alerting
Shared-Services,nat-0e47148,AWS,2026-04,468.8,0.0,0,212.84,NAT Gateway,Production VPC NAT
Shared-Services,rds-0f7b881,AWS,2026-04,502.8,142.3,0,441.26,RDS,db.t3.large development DB
Internal-Tools,clog-0565633,GCP,2026-04,0.0,254.6,0,60.51,Cloud Logging,Audit logs
Mobile-Backend,sqs-0ec8187,AWS,2026-04,0.0,0.0,302856,0.15,SQS,Dead letter queue
Production-Main,ca-083b242,GCP,2026-04,0.0,0.0,121882731,456.85,Cloud Armor,WAF policies
Marketing-Platform,i-0c4b661,AWS,2026-04,533.0,0.0,0,1489.64,EC2,c5.2xlarge HPC node
Production-Main,i-0a7c855,AWS,2026-04,781.3,0.0,0,56.28,EC2,t3.micro bastion host
Security-Ops,ec-0478184,AWS,2026-04,490.2,0.0,0,176.63,ElastiCache,Redis staging cluster
DevOps-Central,ddb-0beb915,AWS,2026-04,906.1,12.8,6083334,105.95,DynamoDB,Config store table
Marketing-Platform,rds-01e2924,AWS,2026-04,681.6,190.8,0,593.86,RDS,db.t3.large development DB
Security-Ops,csql-0709515,GCP,2026-04,593.3,162.2,0,672.46,Cloud SQL,PostgreSQL replica
Marketing-Platform,sm-08bb419,AWS,2026-04,0.0,0.0,858854,3.43,Secrets Manager,Application secrets
Security-Ops,eks-0434972,AWS,2026-04,418.8,0.0,0,1179.45,EKS,Staging K8s cluster
Shared-Services,ado-09f0961,AZURE,2026-04,0.0,92.5,0,22.23,Azure DevOps,Artifacts storage
Staging-Env,bq-0740271,GCP,2026-04,0.0,1314.0,0,505.78,BigQuery,BI reporting views
ML-Training,eks-036f728,AWS,2026-04,756.1,0.0,0,2220.35,EKS,Production K8s cluster
Staging-Env,bq-073b727,GCP,2026-04,0.0,1455.4,0,541.88,BigQuery,BI reporting views
Security-Ops,sqldb-067d679,AZURE,2026-04,896.0,64.5,0,183.86,SQL Database,Basic dev database
Compliance-Audit,i-0fb9329,AWS,2026-04,503.5,0.0,0,428.66,EC2,m5.large monitoring server
Internal-Tools,blob-0f88578,AZURE,2026-04,0.0,2739.4,6960460,428.2,Blob Storage,Media content
Finance-Systems,s3-0d12329,AWS,2026-04,0.0,8655.9,1695262,284.6,S3,Data lake raw zone
Compliance-Audit,i-0de9629,AWS,2026-04,517.0,0.0,0,224.52,EC2,t3.medium API server
Finance-Systems,vpn-0a0f703,AWS,2026-04,541.9,0.0,0,271.66,VPN Gateway,Site-to-site VPN
Edge-Network,clog-0301555,GCP,2026-04,0.0,494.3,0,115.96,Cloud Logging,Application logs
Partner-Integration,sqs-0580884,AWS,2026-04,0.0,0.0,389117,0.19,SQS,Dead letter queue
Production-Main,i-0db9952,AWS,2026-04,843.2,0.0,0,371.51,EC2,t3.medium API server
DevOps-Central,ebs-07bd747,AWS,2026-04,0.0,431.6,0,259.35,EBS,io2 volumes database
Partner-Integration,azmon-07b1730,AZURE,2026-04,0.0,229.7,30579979,306.38,Azure Monitor,Logs and metrics
Data-Science,cosmos-0927286,AZURE,2026-04,636.4,180.2,35654260,1403.82,Cosmos DB,User data store
Production-Main,blob-002f172,AZURE,2026-04,0.0,6180.7,2334774,320.84,Blob Storage,Data lake storage
Internal-Tools,s3-0529282,AWS,2026-04,0.0,2843.3,1465627,105.24,S3,Analytics export bucket
Finance-Systems,eks-0659376,AWS,2026-04,883.6,0.0,0,2606.24,EKS,Production K8s cluster
Internal-Tools,aks-0297432,AZURE,2026-04,1449.5,0.0,0,2091.66,AKS,Staging K8s cluster
Partner-Integration,nat-03ce770,AWS,2026-04,875.5,0.0,0,189.97,NAT Gateway,Dev VPC NAT
Analytics-Platform,kv-0cb7100,AZURE,2026-04,0.0,0.0,1244843,3.77,Key Vault,Secrets management
Finance-Systems,ado-0d5d179,AZURE,2026-04,398.5,0.0,0,201.09,Azure DevOps,Pipelines hosted
Production-Secondary,cmon-008b179,GCP,2026-04,0.0,0.0,24312696,192.33,Cloud Monitoring,Metrics and alerting
Mobile-Backend,sqldb-0a27822,AZURE,2026-04,781.7,272.8,0,1273.97,SQL Database,Standard S3 production
Finance-Systems,vpn-0249799,AWS,2026-04,621.9,0.0,0,314.92,VPN Gateway,Site-to-site VPN
Production-Main,vm-003a385,AZURE,2026-04,646.1,0.0,0,391.63,Virtual Machines,D2s v3 utility server
Internal-Tools,mem-02ea903,GCP,2026-04,370.9,0.0,0,255.29,Memorystore,Redis staging cache
Edge-Network,nat-032a145,AWS,2026-04,679.4,0.0,0,155.35,NAT Gateway,Dev VPC NAT
Production-Secondary,i-0cb5459,AWS,2026-04,455.0,0.0,0,743.74,EC2,r5.xlarge cache server
Analytics-Platform,eh-00c4152,AZURE,2026-04,0.0,373.7,0,90.4,Event Hubs,Capture to storage
Internal-Tools,gcs-0a1c146,GCP,2026-04,0.0,7415.0,183958,164.41,Cloud Storage,Backup bucket
Production-Secondary,r53-0629377,AWS,2026-04,0.0,0.0,8842589,12.97,Route 53,Health checks
Finance-Systems,blob-0ccb663,AZURE,2026-04,0.0,1983.8,4723164,310.96,Blob Storage,Media content
Production-Main,lam-0e7f833,AWS,2026-04,0.0,0.0,29728706,207.83,Lambda,Data transformer
ML-Training,lam-0bf7821,AWS,2026-04,0.0,0.0,9867537,68.27,Lambda,Notification dispatcher
Production-Secondary,csql-008c653,GCP,2026-04,624.8,173.0,0,700.48,Cloud SQL,PostgreSQL replica
Customer-Portal,azmon-110e151,AZURE,2026-04,0.0,199.6,25882430,274.78,Azure Monitor,Logs and metrics
Marketing-Platform,mem-0ef4659,GCP,2026-04,412.2,0.0,0,303.98,Memorystore,Redis staging cache
Internal-Tools,rds-0bc8856,AWS,2026-04,565.0,408.7,0,1410.26,RDS,db.r5.xlarge PostgreSQL primary
Data-Science,i-0945672,AWS,2026-04,406.3,0.0,0,1366.83,EC2,m5.2xlarge batch processor
Customer-Portal,cosmos-0252776,AZURE,2026-04,860.1,236.4,46498199,1872.18,Cosmos DB,User data store
Analytics-Platform,cr-0a94901,GCP,2026-04,524.1,0.0,2268482,671.26,Cloud Run,ETL pipeline service
Production-Main,s3-05ff747,AWS,2026-04,0.0,14187.2,2680592,473.0,S3,Data lake raw zone
Edge-Network,bq-06c0962,GCP,2026-04,0.0,6825.6,0,2588.2,BigQuery,Analytics data warehouse
Internal-Tools,ps-053f365,GCP,2026-04,0.0,0.0,27695383,353.28,Pub/Sub,Event streaming
Finance-Systems,cosmos-021b523,AZURE,2026-04,464.1,133.9,26475348,1057.63,Cosmos DB,User data store
Security-Ops,s3-0fee392,AWS,2026-04,0.0,6186.1,9640324,423.35,S3,Media content bucket
DR-Recovery,appi-0c28938,AZURE,2026-04,0.0,0.0,20935653,247.29,Application Insights,Custom metrics
Internal-Tools,ec-0444818,AWS,2026-04,463.5,0.0,0,325.48,ElastiCache,Redis production cluster
Production-Secondary,df-0e23359,GCP,2026-04,834.3,0.0,0,1992.23,Dataflow,Streaming pipeline
Production-Secondary,r53-093c580,AWS,2026-04,0.0,0.0,7584099,11.02,Route 53,Health checks
Security-Ops,ps-0845974,GCP,2026-04,0.0,0.0,25597168,308.72,Pub/Sub,Event streaming
Customer-Portal,blob-0851669,AZURE,2026-04,0.0,4763.5,0,465.52,Blob Storage,Security audit logs
Compliance-Audit,s3-0973601,AWS,2026-04,0.0,13014.4,2506590,427.47,S3,Data lake raw zone
Finance-Systems,app-0fe4884,AZURE,2026-04,909.3,0.0,0,132.1,App Service,Web app B1
Finance-Systems,gcs-0764373,GCP,2026-04,0.0,9262.9,2989566,266.82,Cloud Storage,Data lake bucket
Edge-Network,eks-10ea823,AWS,2026-04,599.1,0.0,0,1795.03,EKS,Production K8s cluster
Production-Main,i-106d831,AWS,2026-04,367.0,0.0,0,1027.52,EC2,c5.2xlarge HPC node
Internal-Tools,s3-0542610,AWS,2026-04,0.0,6579.3,64061,140.84,S3,Backup storage bucket
Production-Main,blob-04d1230,AZURE,2026-04,0.0,2378.9,6192356,296.32,Blob Storage,Build artifacts
Edge-Network,lam-0fd2997,AWS,2026-04,0.0,0.0,21443407,150.93,Lambda,Data transformer
Edge-Network,csql-101e324,GCP,2026-04,624.3,171.4,0,713.49,Cloud SQL,PostgreSQL replica
DR-Recovery,sqldb-02f4102,AZURE,2026-04,606.7,42.4,0,123.77,SQL Database,Basic dev database
Finance-Systems,func-0402202,AZURE,2026-04,0.0,0.0,5015900,72.66,Azure Functions,API handlers
Compliance-Audit,i-039e433,AWS,2026-04,635.7,0.0,0,1056.04,EC2,r5.xlarge cache server
Finance-Systems,blob-03ff840,AZURE,2026-04,0.0,1866.4,4684395,293.6,Blob Storage,Media content
Shared-Services,vai-01af568,GCP,2026-04,266.8,0.0,0,1306.55,Vertex AI,AutoML jobs
Production-Secondary,ec-09d7888,AWS,2026-04,812.4,0.0,0,273.93,ElastiCache,Redis staging cluster
ML-Training,ebs-0e30384,AWS,2026-04,0.0,604.8,0,73.66,EBS,gp3 volumes production
Edge-Network,s3-0484514,AWS,2026-04,0.0,1022.4,2084883,85.49,S3,Artifact storage
Customer-Portal,ses-0676835,AWS,2026-04,0.0,0.0,695118,0.83,SES,Marketing email
Mobile-Backend,kv-0b79582,AZURE,2026-04,0.0,0.0,426063,1.24,Key Vault,Certificate store
Security-Ops,s3-0184470,AWS,2026-04,0.0,45.5,21762328,142.36,S3,Static website hosting
Production-Secondary,i-1026374,AWS,2026-04,626.5,0.0,0,530.54,EC2,m5.large monitoring server
Data-Science,aks-0150773,AZURE,2026-04,251.6,0.0,0,384.43,AKS,Dev K8s cluster
Finance-Systems,blob-0a8c725,AZURE,2026-04,0.0,5585.9,56391,160.63,Blob Storage,Backup storage
Compliance-Audit,i-039b844,AWS,2026-04,587.6,0.0,0,2028.73,EC2,r5.2xlarge database server
Finance-Systems,vpn-0248486,AWS,2026-04,868.0,0.0,0,211.86,VPN Gateway,Client VPN endpoint
Production-Secondary,aks-0f13431,AZURE,2026-04,1216.7,0.0,0,1790.96,AKS,Staging K8s cluster
Finance-Systems,eh-0ce3909,AZURE,2026-04,539.6,0.0,23227071,254.47,Event Hubs,Standard throughput units
Finance-Systems,aks-0213923,AZURE,2026-04,863.8,0.0,0,3934.38,AKS,Production K8s cluster
Marketing-Platform,nat-083c511,AWS,2026-04,465.3,0.0,0,100.75,NAT Gateway,Staging VPC NAT
Compliance-Audit,sm-0382839,AWS,2026-04,0.0,0.0,1040496,4.11,Secrets Manager,Application secrets
Marketing-Platform,gcf-0203789,GCP,2026-04,0.0,0.0,17211127,249.48,Cloud Functions,Pub/Sub processors
Edge-Network,r53-0323539,AWS,2026-04,0.0,0.0,41895333,62.61,Route 53,DNS hosting
Internal-Tools,eks-0923427,AWS,2026-04,526.1,0.0,0,1551.46,EKS,Staging K8s cluster
Staging-Env,gke-0da1584,GCP,2026-04,2683.3,0.0,0,5061.71,GKE,ML training cluster
Staging-Env,gcf-0d4c132,GCP,2026-04,0.0,0.0,14841238,215.93,Cloud Functions,Data triggers
IoT-Platform,gke-0bfa929,GCP,2026-04,2730.2,0.0,0,5238.22,GKE,ML training cluster
Data-Science,vai-07e2724,GCP,2026-04,311.4,0.0,0,1499.15,Vertex AI,Training pipelines
Staging-Env,vai-07a5769,GCP,2026-04,411.1,0.0,0,2030.23,Vertex AI,Training pipelines
Security-Ops,ec-018a285,AWS,2026-04,512.5,0.0,0,185.44,ElastiCache,Redis staging cluster
Compliance-Audit,rds-0b76559,AWS,2026-04,308.6,85.4,0,357.67,RDS,db.t3.medium MySQL staging
Production-Main,s3-0ab1484,AWS,2026-04,0.0,9682.0,589829,233.59,S3,Log archive bucket
Staging-Env,gcs-09d1780,GCP,2026-04,0.0,11216.6,3742290,316.5,Cloud Storage,Data lake bucket
Edge-Network,r53-0f4f980,AWS,2026-04,0.0,0.0,42959101,62.29,Route 53,DNS hosting
Finance-Systems,app-05d9740,AZURE,2026-04,795.9,0.0,0,929.9,App Service,API app P2v3
Partner-Integration,rds-08a3964,AWS,2026-04,743.4,528.9,0,1420.79,RDS,db.r5.large PostgreSQL replica
Marketing-Platform,gcf-0a80128,GCP,2026-04,0.0,0.0,1954131,28.12,Cloud Functions,Scheduled tasks
Partner-Integration,cf-052a323,AWS,2026-04,0.0,0.0,31194911,158.11,CloudFront,CDN API distribution
Finance-Systems,sqldb-020d385,AZURE,2026-04,896.4,64.1,0,178.81,SQL Database,Basic dev database
Edge-Network,ebs-041c946,AWS,2026-04,0.0,137.3,0,16.85,EBS,gp3 volumes staging
Data-Science,cosmos-0e72317,AZURE,2026-04,664.4,91.4,22710056,835.68,Cosmos DB,Event store
Compliance-Audit,rds-1110124,AWS,2026-04,779.4,852.5,0,1705.65,RDS,db.m5.xlarge analytics DB
Production-Secondary,i-0783728,AWS,2026-04,721.3,0.0,0,621.05,EC2,m5.large monitoring server
Security-Ops,ecs-079e707,AWS,2026-04,137.1,0.0,0,239.85,ECS,Fargate batch cluster
Edge-Network,sns-102d146,AWS,2026-04,0.0,0.0,10873215,5.45,SNS,Alert notifications
Production-Main,cf-0002448,AWS,2026-04,0.0,0.0,31777880,158.02,CloudFront,CDN static assets
Production-Secondary,blob-0a30257,AZURE,2026-04,0.0,12511.5,31255,97.37,Blob Storage,Archive tier
Shared-Services,nat-0cf3375,AWS,2026-04,512.6,0.0,0,117.57,NAT Gateway,Staging VPC NAT
Shared-Services,aks-09a6162,AZURE,2026-04,869.3,0.0,0,1307.22,AKS,Staging K8s cluster
Production-Main,ebs-0db5569,AWS,2026-04,0.0,549.2,0,320.89,EBS,io2 volumes database
Partner-Integration,ddb-118f465,AWS,2026-04,888.3,127.1,188562821,1377.31,DynamoDB,Cache table
Staging-Env,cdns-070b939,GCP,2026-04,0.0,0.0,23854908,34.14,Cloud DNS,DNS zones
Data-Science,aks-0896218,AZURE,2026-04,246.3,0.0,0,365.2,AKS,Dev K8s cluster
IoT-Platform,csql-0e5e176,GCP,2026-04,750.8,220.0,0,877.41,Cloud SQL,PostgreSQL replica
Staging-Env,ps-0db2431,GCP,2026-04,0.0,0.0,11800160,142.11,Pub/Sub,Data pipeline
Marketing-Platform,vpn-06a4632,AWS,2026-04,726.4,0.0,0,184.85,VPN Gateway,Client VPN endpoint
Analytics-Platform,cr-0fbb528,GCP,2026-04,436.8,0.0,1812052,577.17,Cloud Run,ETL pipeline service
Shared-Services,aks-076e357,AZURE,2026-04,1063.6,0.0,0,1488.84,AKS,Staging K8s cluster
Data-Science,nat-0f38347,AWS,2026-04,490.7,0.0,0,107.46,NAT Gateway,Staging VPC NAT
Production-Main,i-10a7273,AWS,2026-04,689.3,0.0,0,2339.28,EC2,m5.2xlarge batch processor
Finance-Systems,eh-021f394,AZURE,2026-04,0.0,559.0,0,136.63,Event Hubs,Capture to storage
Finance-Systems,eks-0d6f989,AWS,2026-04,744.7,0.0,0,2273.5,EKS,Production K8s cluster
Customer-Portal,s3-10a8780,AWS,2026-04,0.0,17331.6,3335806,584.09,S3,Data lake raw zone
ML-Training,ebs-0720778,AWS,2026-04,0.0,586.1,0,341.75,EBS,io2 volumes database
DevOps-Central,aks-0b28145,AZURE,2026-04,300.1,0.0,0,422.73,AKS,Dev K8s cluster
Production-Secondary,i-007a915,AWS,2026-04,453.3,0.0,0,1238.69,EC2,c5.2xlarge HPC node
Mobile-Backend,fd-0334773,AZURE,2026-04,0.0,0.0,38715031,278.95,Front Door,Global load balancer
Production-Main,cmon-050f770,GCP,2026-04,0.0,0.0,20033502,161.65,Cloud Monitoring,Metrics and alerting
Analytics-Platform,bq-056e499,GCP,2026-04,0.0,2166.4,0,840.83,BigQuery,BI reporting views
Internal-Tools,gcs-0c10220,GCP,2026-04,0.0,10208.8,243889,228.86,Cloud Storage,Backup bucket
Security-Ops,lam-017c772,AWS,2026-04,0.0,0.0,48664281,328.35,Lambda,API gateway handler
Analytics-Platform,aks-0d0b935,AZURE,2026-04,549.7,0.0,0,814.65,AKS,Dev K8s cluster
QA-Testing,ec-049e465,AWS,2026-04,714.8,0.0,0,485.28,ElastiCache,Redis production cluster
Data-Science,gcf-0118506,GCP,2026-04,0.0,0.0,12398839,188.27,Cloud Functions,Data triggers
Analytics-Platform,aks-113f390,AZURE,2026-04,604.0,0.0,0,2644.45,AKS,Production K8s cluster
IoT-Platform,cr-1013303,GCP,2026-04,395.8,0.0,3434162,344.77,Cloud Run,Webhook handler
Finance-Systems,csql-0a9c161,GCP,2026-04,802.0,572.3,0,1589.05,Cloud SQL,MySQL analytics
DevOps-Central,appi-00d3140,AZURE,2026-04,0.0,0.0,13225094,166.74,Application Insights,Custom metrics
DevOps-Central,aks-00e9220,AZURE,2026-04,336.6,0.0,0,479.18,AKS,Dev K8s cluster
Security-Ops,ecs-0a46735,AWS,2026-04,156.0,0.0,0,280.9,ECS,Fargate batch cluster
Shared-Services,func-087c893,AZURE,2026-04,0.0,0.0,8133611,116.69,Azure Functions,Event processors
Customer-Portal,vm-0bf1249,AZURE,2026-04,561.5,0.0,0,335.62,Virtual Machines,D2s v3 utility server
Analytics-Platform,fs-0cea740,GCP,2026-04,1083.3,30.6,72835911,761.13,Firestore,Session store
Shared-Services,ecs-09cb472,AWS,2026-04,213.1,0.0,0,374.54,ECS,Fargate worker cluster
Customer-Portal,gcf-0687702,GCP,2026-04,0.0,0.0,17465867,262.22,Cloud Functions,Pub/Sub processors
Security-Ops,ecs-0feb605,AWS,2026-04,475.1,0.0,0,815.98,ECS,Fargate API cluster
Staging-Env,gcf-00f5519,GCP,2026-04,0.0,0.0,12689993,189.23,Cloud Functions,Data triggers
Data-Science,rds-0532882,AWS,2026-04,697.7,488.3,0,1719.71,RDS,db.r5.xlarge PostgreSQL primary
Compliance-Audit,rs-0380544,AWS,2026-04,544.0,1528.1,0,2586.52,Redshift,Data warehouse cluster
Data-Science,rs-0bae486,AWS,2026-04,617.5,1697.3,0,2985.5,Redshift,Data warehouse cluster
Edge-Network,ps-107f204,GCP,2026-04,0.0,0.0,35088944,422.91,Pub/Sub,Log forwarding
Finance-Systems,s3-04d8321,AWS,2026-04,0.0,11340.9,2263694,371.11,S3,Data lake raw zone
Analytics-Platform,cr-0596438,GCP,2026-04,576.7,0.0,11935442,862.55,Cloud Run,API gateway service
Compliance-Audit,rs-0584267,AWS,2026-04,0.0,0.0,4423804,209.16,Redshift,Spectrum queries
Production-Main,eh-0d6a232,AZURE,2026-04,0.0,706.2,0,166.12,Event Hubs,Capture to storage
Security-Ops,bq-050a549,GCP,2026-04,0.0,8579.0,0,3379.5,BigQuery,ML training datasets
Production-Main,sentinel-0d46883,AZURE,2026-04,0.0,0.0,44394252,1073.61,Microsoft Sentinel,Log analytics
Shared-Services,func-0be4858,AZURE,2026-04,0.0,0.0,7756660,113.78,Azure Functions,API handlers
Production-Secondary,sentinel-0960796,AZURE,2026-04,0.0,0.0,58866817,1492.16,Microsoft Sentinel,SIEM detection
Production-Main,gcf-06b6593,GCP,2026-04,0.0,0.0,14270745,206.53,Cloud Functions,Pub/Sub processors
Marketing-Platform,cr-01f5683,GCP,2026-04,214.1,0.0,904617,182.91,Cloud Run,Image processor
Data-Science,i-013f540,AWS,2026-04,663.5,0.0,0,48.16,EC2,t3.micro bastion host
Security-Ops,ebs-0f08503,AWS,2026-04,0.0,3813.0,0,164.57,EBS,st1 volumes archive
Shared-Services,fd-047c534,AZURE,2026-04,0.0,0.0,57151505,415.62,Front Door,Global load balancer
QA-Testing,lam-04fb414,AWS,2026-04,0.0,0.0,3760054,24.58,Lambda,Image resizer
Shared-Services,func-0418785,AZURE,2026-04,0.0,0.0,2796265,41.59,Azure Functions,Webhook processor
Production-Main,ca-004b678,GCP,2026-04,0.0,0.0,101495033,384.81,Cloud Armor,WAF policies
Analytics-Platform,gke-05ac611,GCP,2026-04,4646.1,0.0,0,8843.71,GKE,GPU node pool
Shared-Services,ado-114b393,AZURE,2026-04,0.0,85.9,0,20.76,Azure DevOps,Artifacts storage
Internal-Tools,ses-0480175,AWS,2026-04,0.0,0.0,493789,0.56,SES,Marketing email
Security-Ops,gke-0173694,GCP,2026-04,3750.8,0.0,0,7418.9,GKE,GPU node pool
Internal-Tools,rds-0a58813,AWS,2026-04,729.7,1033.2,0,3071.15,RDS,db.r5.2xlarge Aurora cluster
Security-Ops,sentinel-08ca167,AZURE,2026-04,0.0,0.0,89354059,2201.97,Microsoft Sentinel,SIEM detection
Production-Secondary,elb-0081586,AWS,2026-04,576.4,0.0,23581144,169.56,ELB,Application load balancer
Production-Main,lam-0f15914,AWS,2026-04,0.0,0.0,35717675,245.5,Lambda,Data transformer
Production-Secondary,sqs-0c78882,AWS,2026-04,0.0,0.0,26501599,13.06,SQS,Event notification queue
Internal-Tools,cf-02b3439,AWS,2026-04,0.0,0.0,107188222,504.43,CloudFront,CDN web distribution
Shared-Services,vai-0756962,GCP,2026-04,273.6,0.0,0,1355.52,Vertex AI,AutoML jobs
Marketing-Platform,ddb-099f108,AWS,2026-04,529.7,38.4,61908740,413.27,DynamoDB,Session store table
DR-Recovery,eh-0de4297,AZURE,2026-04,0.0,542.5,0,133.31,Event Hubs,Capture to storage
Finance-Systems,vm-0216865,AZURE,2026-04,748.0,0.0,0,2643.44,Virtual Machines,E8s v3 memory-optimized
Customer-Portal,fd-09eb623,AZURE,2026-04,0.0,0.0,58141454,425.4,Front Door,Global load balancer
Security-Ops,ebs-0b88756,AWS,2026-04,0.0,567.8,0,344.93,EBS,io2 volumes database
Compliance-Audit,ec-1085586,AWS,2026-04,532.6,0.0,0,369.57,ElastiCache,Redis production cluster
Mobile-Backend,redis-0333751,AZURE,2026-04,702.4,0.0,0,351.22,Azure Cache for Redis,Standard C2 cache
Shared-Services,vm-0ccf546,AZURE,2026-04,669.3,0.0,0,2523.59,Virtual Machines,E8s v3 memory-optimized
Production-Secondary,ca-0d70255,GCP,2026-04,0.0,0.0,95933181,348.02,Cloud Armor,WAF policies
Production-Main,cmon-0c29871,GCP,2026-04,0.0,0.0,21048029,165.59,Cloud Monitoring,Metrics and alerting
Production-Main,vm-003b995,AZURE,2026-04,428.8,0.0,0,3889.0,Virtual Machines,NC6s v3 GPU VM
Internal-Tools,gke-10b2192,GCP,2026-04,3740.7,0.0,0,7190.87,GKE,GPU node pool
Production-Main,gcs-0e9f520,GCP,2026-04,0.0,14585.1,4833278,417.44,Cloud Storage,Data lake bucket
Compliance-Audit,rds-0395341,AWS,2026-04,695.4,497.1,0,1790.53,RDS,db.r5.xlarge PostgreSQL primary
DevOps-Central,kin-1047535,AWS,2026-04,933.1,0.0,25835900,364.77,Kinesis,Firehose delivery
Production-Main,i-10be601,AWS,2026-04,549.5,0.0,0,40.01,EC2,t3.micro bastion host
Marketing-Platform,ca-0f4b589,GCP,2026-04,0.0,0.0,50663965,192.86,Cloud Armor,WAF policies
Mobile-Backend,vm-0b83258,AZURE,2026-04,750.1,0.0,0,875.17,Virtual Machines,D4s v3 CI runner
Shared-Services,vai-1038265,GCP,2026-04,254.0,0.0,0,1275.05,Vertex AI,AutoML jobs
Internal-Tools,clog-02e7189,GCP,2026-04,0.0,240.1,0,57.76,Cloud Logging,Audit logs
ML-Training,rds-06bb423,AWS,2026-04,624.4,700.0,0,1391.05,RDS,db.m5.xlarge analytics DB
Edge-Network,s3-061c989,AWS,2026-04,0.0,1148.3,2238680,92.54,S3,Artifact storage
Shared-Services,sb-0d48406,AZURE,2026-04,478.5,0.0,6612870,363.14,Service Bus,Premium messaging
Finance-Systems,gcs-0a23868,GCP,2026-04,0.0,6654.2,156575,141.07,Cloud Storage,Backup bucket
Production-Secondary,blob-0b77983,AZURE,2026-04,0.0,2093.3,5140361,333.13,Blob Storage,Media content
Production-Secondary,appi-0fa6211,AZURE,2026-04,0.0,0.0,33398234,424.2,Application Insights,APM telemetry
Partner-Integration,r53-03d9599,AWS,2026-04,0.0,0.0,11355521,16.8,Route 53,Health checks
Partner-Integration,ddb-06b5916,AWS,2026-04,702.8,9.9,4895275,84.35,DynamoDB,Config store table
Finance-Systems,cr-0536882,GCP,2026-04,291.2,0.0,2444032,245.16,Cloud Run,Webhook handler
QA-Testing,ec-03e4601,AWS,2026-04,592.2,0.0,0,217.58,ElastiCache,Redis staging cluster
Compliance-Audit,s3-1036303,AWS,2026-04,0.0,613.7,1194796,50.61,S3,Artifact storage
Security-Ops,ses-059a356,AWS,2026-04,0.0,0.0,2324598,2.79,SES,Transactional email
DR-Recovery,sb-02f8539,AZURE,2026-04,0.0,0.0,15043625,36.73,Service Bus,Standard messaging
IoT-Platform,bq-03fd605,GCP,2026-04,0.0,1617.3,0,611.73,BigQuery,Data export queries
Production-Main,vai-0c2d231,GCP,2026-04,591.6,0.0,6677872,1243.89,Vertex AI,Model serving endpoints
Edge-Network,i-0694281,AWS,2026-04,566.9,0.0,0,1970.74,EC2,m5.2xlarge batch processor
Shared-Services,rds-065b167,AWS,2026-04,621.1,875.0,0,2642.99,RDS,db.r5.2xlarge Aurora cluster
Edge-Network,gcf-0cc6556,GCP,2026-04,0.0,0.0,5324254,77.92,Cloud Functions,Auth handlers
Customer-Portal,i-0e08975,AWS,2026-04,585.6,0.0,0,41.26,EC2,t3.micro bastion host
Shared-Services,appi-0e4c650,AZURE,2026-04,0.0,0.0,42971685,510.21,Application Insights,APM telemetry
Security-Ops,kin-0193241,AWS,2026-04,813.1,0.0,34564047,484.54,Kinesis,Data stream ingestion
Internal-Tools,cr-0c2c557,GCP,2026-04,373.1,0.0,3120897,329.33,Cloud Run,Webhook handler
Marketing-Platform,sm-1101565,AWS,2026-04,0.0,0.0,928552,3.57,Secrets Manager,Application secrets
Compliance-Audit,i-0e34427,AWS,2026-04,637.8,0.0,0,532.13,EC2,m5.large monitoring server
DevOps-Central,ddb-00d0172,AWS,2026-04,841.4,60.1,94150954,657.18,DynamoDB,Session store table
Finance-Systems,aks-10e7263,AZURE,2026-04,185.8,0.0,0,279.0,AKS,Dev K8s cluster
Data-Science,rds-03f0203,AWS,2026-04,681.1,484.4,0,1674.46,RDS,db.r5.xlarge PostgreSQL primary
Production-Main,i-0e11185,AWS,2026-04,577.6,0.0,0,41.89,EC2,t3.micro bastion host
Finance-Systems,blob-0464577,AZURE,2026-04,0.0,7506.9,70033,214.15,Blob Storage,Backup storage
DevOps-Central,vm-00df422,AZURE,2026-04,661.8,0.0,0,194.03,Virtual Machines,B2s development VM
Compliance-Audit,ecs-0b5e734,AWS,2026-04,465.2,0.0,0,829.77,ECS,Fargate worker cluster
Finance-Systems,redis-06f3501,AZURE,2026-04,665.2,0.0,0,334.55,Azure Cache for Redis,Standard C2 cache
Staging-Env,gke-0774882,GCP,2026-04,578.0,0.0,0,1676.32,GKE,Production API cluster
Production-Secondary,ec-08ac154,AWS,2026-04,717.8,0.0,0,254.42,ElastiCache,Redis staging cluster
Shared-Services,ado-0d93508,AZURE,2026-04,0.0,71.2,0,16.69,Azure DevOps,Artifacts storage
IoT-Platform,mem-0539653,GCP,2026-04,307.9,0.0,0,218.45,Memorystore,Redis staging cache
Marketing-Platform,rs-09b1953,AWS,2026-04,0.0,0.0,6357857,307.05,Redshift,Spectrum queries
Shared-Services,s3-0674192,AWS,2026-04,0.0,16654.1,3364533,556.84,S3,Data lake raw zone
Finance-Systems,s3-06ae169,AWS,2026-04,0.0,6329.0,59853,137.06,S3,Backup storage bucket
Data-Science,mem-075d545,GCP,2026-04,329.3,0.0,0,220.76,Memorystore,Redis staging cache
ML-Training,i-1111465,AWS,2026-04,621.5,0.0,0,2069.93,EC2,r5.2xlarge database server
DR-Recovery,sqldb-0a7a105,AZURE,2026-04,605.0,43.6,0,125.57,SQL Database,Basic dev database
Finance-Systems,gcf-0237921,GCP,2026-04,0.0,0.0,2181216,32.86,Cloud Functions,Scheduled tasks
Production-Secondary,blob-0b27268,AZURE,2026-04,0.0,10426.7,26144,82.47,Blob Storage,Archive tier
Internal-Tools,gcs-0413983,GCP,2026-04,0.0,17867.8,5622660,501.92,Cloud Storage,Data lake bucket
Data-Science,ddb-0143420,AWS,2026-04,577.0,85.2,127017393,893.65,DynamoDB,Cache table
DevOps-Central,kv-00d6689,AZURE,2026-04,0.0,0.0,2242667,6.81,Key Vault,Secrets management
Mobile-Backend,aks-033a939,AZURE,2026-04,998.2,0.0,0,1523.11,AKS,Staging K8s cluster
Edge-Network,gcf-05cf952,GCP,2026-04,0.0,0.0,24317677,366.02,Cloud Functions,Pub/Sub processors
Internal-Tools,s3-09df817,AWS,2026-04,0.0,4074.6,6479198,279.2,S3,Media content bucket
Staging-Env,gcs-0698537,GCP,2026-04,0.0,12337.1,4011885,348.36,Cloud Storage,Data lake bucket
Production-Secondary,aks-04be630,AZURE,2026-04,486.7,0.0,0,2188.24,AKS,Production K8s cluster
Internal-Tools,sqs-060b238,AWS,2026-04,0.0,0.0,43406268,21.15,SQS,Order processing queue
IoT-Platform,gke-04e2720,GCP,2026-04,416.9,0.0,0,1222.52,GKE,Batch processing cluster
Production-Main,blob-0b59559,AZURE,2026-04,0.0,6224.8,2239350,310.11,Blob Storage,Data lake storage
Security-Ops,s3-0669507,AWS,2026-04,0.0,43.7,20514179,134.42,S3,Static website hosting
Production-Main,kv-0ea5380,AZURE,2026-04,0.0,0.0,2137941,6.1,Key Vault,Secrets management
Analytics-Platform,clog-0a73765,GCP,2026-04,0.0,384.9,0,91.72,Cloud Logging,Application logs
Security-Ops,mem-0721292,GCP,2026-04,558.6,0.0,0,396.76,Memorystore,Redis production cache
Finance-Systems,blob-0848995,AZURE,2026-04,0.0,8583.8,3061411,443.22,Blob Storage,Data lake storage
Security-Ops,sqs-10d7510,AWS,2026-04,0.0,0.0,42241462,19.67,SQS,Event notification queue
Production-Secondary,blob-0dab457,AZURE,2026-04,0.0,1857.0,4670927,300.24,Blob Storage,Media content
Compliance-Audit,s3-0a50616,AWS,2026-04,0.0,2582.6,15435592,625.95,S3,Production asset storage
Finance-Systems,app-0735979,AZURE,2026-04,796.0,0.0,0,942.28,App Service,API app P2v3
Production-Main,mem-0045614,GCP,2026-04,704.9,0.0,0,502.3,Memorystore,Redis production cache
Production-Secondary,gcs-009a238,GCP,2026-04,0.0,15546.5,5252715,462.22,Cloud Storage,Data lake bucket
Data-Science,rds-0c7a236,AWS,2026-04,651.7,175.8,0,553.76,RDS,db.t3.large development DB
Production-Main,func-0034684,AZURE,2026-04,0.0,0.0,8937881,124.94,Azure Functions,API handlers
DevOps-Central,kv-0966849,AZURE,2026-04,0.0,0.0,278399,0.82,Key Vault,Certificate store
Shared-Services,gcs-0cd8493,GCP,2026-04,0.0,24020.8,58302,230.07,Cloud Storage,Archive bucket
Analytics-Platform,df-00af561,GCP,2026-04,593.6,0.0,0,1394.88,Dataflow,Streaming pipeline
Marketing-Platform,vpn-0dd6580,AWS,2026-04,706.9,0.0,0,361.63,VPN Gateway,Site-to-site VPN
Marketing-Platform,rds-0e87973,AWS,2026-04,437.8,123.8,0,503.97,RDS,db.t3.medium MySQL staging
Edge-Network,sns-0adf491,AWS,2026-04,0.0,0.0,11000841,5.21,SNS,Alert notifications
Analytics-Platform,gcs-05d0754,GCP,2026-04,0.0,2085.0,2027306,144.84,Cloud Storage,Media assets bucket
Analytics-Platform,aks-10a1281,AZURE,2026-04,434.8,0.0,0,651.6,AKS,Dev K8s cluster
Edge-Network,csql-0a92538,GCP,2026-04,792.0,217.6,0,913.35,Cloud SQL,PostgreSQL replica
Internal-Tools,s3-04de710,AWS,2026-04,0.0,7733.5,479961,180.93,S3,Log archive bucket
Production-Main,func-0e70460,AZURE,2026-04,0.0,0.0,2483588,36.55,Azure Functions,Webhook processor
Mobile-Backend,eh-0ee7100,AZURE,2026-04,585.4,0.0,23975384,254.17,Event Hubs,Standard throughput units
Data-Science,gcs-08dc643,GCP,2026-04,0.0,501.7,7826680,89.39,Cloud Storage,Temp processing bucket
Edge-Network,csql-0dca965,GCP,2026-04,740.9,202.6,0,854.42,Cloud SQL,PostgreSQL replica
Security-Ops,sqldb-116c948,AZURE,2026-04,758.1,52.6,0,151.55,SQL Database,Basic dev database
DevOps-Central,sentinel-061b348,AZURE,2026-04,0.0,0.0,106023106,2665.97,Microsoft Sentinel,SIEM detection
Security-Ops,sqs-0efd772,AWS,2026-04,0.0,0.0,39549621,19.4,SQS,Event notification queue
Internal-Tools,lam-02ce460,AWS,2026-04,0.0,0.0,3411907,23.99,Lambda,Image resizer
Security-Ops,ecs-106e357,AWS,2026-04,174.2,0.0,0,299.99,ECS,Fargate batch cluster
Production-Main,ebs-0510188,AWS,2026-04,0.0,635.0,0,378.77,EBS,io2 volumes database
Compliance-Audit,eks-0398875,AWS,2026-04,521.7,0.0,0,1509.08,EKS,Production K8s cluster
DR-Recovery,appi-02f2887,AZURE,2026-04,0.0,0.0,54703988,702.74,Application Insights,APM telemetry
Customer-Portal,app-026a146,AZURE,2026-04,586.1,0.0,0,348.13,App Service,Web app P1v3
Finance-Systems,appi-0225717,AZURE,2026-04,0.0,0.0,42072143,501.12,Application Insights,APM telemetry
Production-Main,kv-0aae335,AZURE,2026-04,0.0,0.0,2125435,6.46,Key Vault,Secrets management
DevOps-Central,vm-090b907,AZURE,2026-04,694.4,0.0,0,203.09,Virtual Machines,B2s development VM
IoT-Platform,csql-0fbe637,GCP,2026-04,871.1,235.6,0,1336.57,Cloud SQL,PostgreSQL primary
Security-Ops,lam-0a77629,AWS,2026-04,0.0,0.0,23978260,162.32,Lambda,Data transformer
Partner-Integration,cdns-1022426,GCP,2026-04,0.0,0.0,13266147,20.01,Cloud DNS,DNS zones
Staging-Env,gcs-0106109,GCP,2026-04,0.0,12156.4,4010161,346.43,Cloud Storage,Data lake bucket
Internal-Tools,sqs-0dfd225,AWS,2026-04,0.0,0.0,55044674,25.75,SQS,Order processing queue
Production-Secondary,ses-0084349,AWS,2026-04,0.0,0.0,473599,0.56,SES,Marketing email
Internal-Tools,eh-10fe850,AZURE,2026-04,0.0,414.3,0,97.52,Event Hubs,Capture to storage
QA-Testing,cf-1064548,AWS,2026-04,0.0,0.0,134662474,634.64,CloudFront,CDN media distribution
Marketing-Platform,i-01ed199,AWS,2026-04,564.2,0.0,0,794.19,EC2,c5.xlarge compute worker
Security-Ops,ses-0189997,AWS,2026-04,0.0,0.0,2087015,2.45,SES,Transactional email
Shared-Services,fd-0f90890,AZURE,2026-04,0.0,0.0,67896531,512.7,Front Door,Global load balancer
Customer-Portal,appi-0cae731,AZURE,2026-04,0.0,0.0,20391796,255.19,Application Insights,Custom metrics
IoT-Platform,fs-0dac648,GCP,2026-04,682.4,19.4,47915218,471.15,Firestore,Session store
Production-Secondary,sqldb-0d25557,AZURE,2026-04,388.6,134.9,0,607.78,SQL Database,Standard S3 production
Partner-Integration,sqs-03d0699,AWS,2026-04,0.0,0.0,26183017,12.6,SQS,Event notification queue
DevOps-Central,appi-047d948,AZURE,2026-04,0.0,0.0,54037779,659.54,Application Insights,APM telemetry
Analytics-Platform,app-00bd383,AZURE,2026-04,793.3,0.0,0,469.28,App Service,Web app P1v3
Customer-Portal,i-082b392,AWS,2026-04,804.3,0.0,0,714.5,EC2,m5.large monitoring server
Security-Ops,bq-0849554,GCP,2026-04,0.0,7556.2,0,2884.36,BigQuery,ML training datasets
Partner-Integration,ado-065e537,AZURE,2026-04,0.0,95.9,0,22.6,Azure DevOps,Artifacts storage
Analytics-Platform,vai-0aa8578,GCP,2026-04,666.8,0.0,0,3198.6,Vertex AI,Training pipelines
Security-Ops,lam-0b97493,AWS,2026-04,0.0,0.0,3554550,24.72,Lambda,Image resizer
Edge-Network,i-0ebe182,AWS,2026-04,632.7,0.0,0,2173.73,EC2,r5.2xlarge database server
Finance-Systems,gcf-0749730,GCP,2026-04,0.0,0.0,12586952,177.89,Cloud Functions,Data triggers
Production-Main,blob-0efc134,AZURE,2026-04,0.0,2704.0,6773674,332.75,Blob Storage,Build artifacts
DevOps-Central,ebs-0a47271,AWS,2026-04,0.0,391.9,0,233.75,EBS,io2 volumes database
ML-Training,r53-05e4431,AWS,2026-04,0.0,0.0,11366546,17.21,Route 53,Health checks
Internal-Tools,lam-06df377,AWS,2026-04,0.0,0.0,8031688,55.86,Lambda,Notification dispatcher
Analytics-Platform,aks-0e44813,AZURE,2026-04,1139.0,0.0,0,1660.06,AKS,Staging K8s cluster
DevOps-Central,app-0b8f534,AZURE,2026-04,925.6,0.0,0,142.07,App Service,Web app B1
Shared-Services,ado-0a0b685,AZURE,2026-04,464.7,0.0,0,224.18,Azure DevOps,Pipelines hosted
Finance-Systems,gcs-022d354,GCP,2026-04,0.0,7752.3,188224,169.39,Cloud Storage,Backup bucket
ML-Training,ebs-047e173,AWS,2026-04,0.0,593.1,0,353.27,EBS,io2 volumes database
Analytics-Platform,clog-00b3386,GCP,2026-04,0.0,163.9,0,39.35,Cloud Logging,Audit logs
Production-Secondary,mem-0953822,GCP,2026-04,459.2,0.0,0,308.05,Memorystore,Redis production cache
Security-Ops,df-0857910,GCP,2026-04,296.8,0.0,0,719.08,Dataflow,Batch pipeline
Compliance-Audit,i-0a7d533,AWS,2026-04,960.1,0.0,0,71.83,EC2,t3.micro bastion host
Security-Ops,csql-07d8129,GCP,2026-04,532.6,154.2,0,655.83,Cloud SQL,PostgreSQL replica
Production-Main,lam-0e06405,AWS,2026-04,0.0,0.0,28308505,196.72,Lambda,Data transformer
Internal-Tools,vpn-02d0237,AWS,2026-04,492.7,0.0,0,123.24,VPN Gateway,Client VPN endpoint
Marketing-Platform,cr-0666505,GCP,2026-04,465.9,0.0,1916821,609.42,Cloud Run,ETL pipeline service
Staging-Env,fs-0990514,GCP,2026-04,1061.3,73.4,43029902,586.58,Firestore,User profiles DB
Data-Science,ses-04d0520,AWS,2026-04,0.0,0.0,2156767,2.45,SES,Transactional email
Mobile-Backend,sqldb-04db913,AZURE,2026-04,795.9,547.1,0,3177.7,SQL Database,Premium P1 analytics
QA-Testing,lam-0d3d329,AWS,2026-04,0.0,0.0,2521925,17.64,Lambda,Webhook processor
Internal-Tools,lam-0a62935,AWS,2026-04,0.0,0.0,19572819,133.72,Lambda,Data transformer
Customer-Portal,func-025e719,AZURE,2026-04,0.0,0.0,2604071,37.87,Azure Functions,Webhook processor
IoT-Platform,bq-044c961,GCP,2026-04,0.0,6587.9,0,2480.82,BigQuery,Analytics data warehouse
DR-Recovery,redis-112b516,AZURE,2026-04,666.2,0.0,0,778.62,Azure Cache for Redis,Premium P1 cache
Compliance-Audit,s3-038d550,AWS,2026-04,0.0,3336.6,5413945,237.08,S3,Media content bucket
Finance-Systems,sentinel-0918997,AZURE,2026-04,0.0,0.0,107009765,2534.81,Microsoft Sentinel,SIEM detection
Data-Science,mem-0e05561,GCP,2026-04,323.0,0.0,0,233.29,Memorystore,Redis staging cache
Finance-Systems,app-0bd2556,AZURE,2026-04,943.0,0.0,0,140.88,App Service,Web app B1
Analytics-Platform,gcs-08d5306,GCP,2026-04,0.0,2356.9,2374212,169.67,Cloud Storage,Media assets bucket
Finance-Systems,sb-0af7412,AZURE,2026-04,0.0,0.0,25110370,61.5,Service Bus,Standard messaging
Shared-Services,func-01cb238,AZURE,2026-04,0.0,0.0,389225,5.51,Azure Functions,Timer triggers
Mobile-Backend,sb-033e339,AZURE,2026-04,648.7,0.0,8939692,493.82,Service Bus,Premium messaging
Marketing-Platform,rds-01e5261,AWS,2026-04,388.9,107.7,0,448.38,RDS,db.t3.medium MySQL staging
Security-Ops,s3-0c00456,AWS,2026-04,0.0,17482.2,3466566,567.96,S3,Data lake raw zone
Analytics-Platform,bq-08f6597,GCP,2026-04,0.0,2396.6,0,921.85,BigQuery,BI reporting views
Internal-Tools,gcs-07fe763,GCP,2026-04,0.0,15844.3,5285955,452.92,Cloud Storage,Data lake bucket
Security-Ops,lam-0f95467,AWS,2026-04,0.0,0.0,3250231,22.59,Lambda,Image resizer
Staging-Env,vai-0c7b152,GCP,2026-04,447.0,0.0,0,2211.83,Vertex AI,Training pipelines
Security-Ops,lam-0178762,AWS,2026-04,0.0,0.0,1133516,8.22,Lambda,Cron job runner
Data-Science,gcf-0f09760,GCP,2026-04,0.0,0.0,10534487,155.64,Cloud Functions,Auth handlers
Finance-Systems,cr-0f59927,GCP,2026-04,295.6,0.0,2483740,257.81,Cloud Run,Webhook handler
Analytics-Platform,cr-0a6a717,GCP,2026-04,463.6,0.0,1956421,590.15,Cloud Run,ETL pipeline service
Production-Main,vm-0522364,AZURE,2026-04,559.3,0.0,0,679.19,Virtual Machines,D4s v3 CI runner
Production-Main,vai-07c7834,GCP,2026-04,650.6,0.0,7043250,1371.07,Vertex AI,Model serving endpoints
Customer-Portal,kv-0261440,AZURE,2026-04,0.0,0.0,390469,1.1,Key Vault,Certificate store
ML-Training,i-036b203,AWS,2026-04,468.0,0.0,0,1627.99,EC2,m5.2xlarge batch processor
Shared-Services,vm-08c4697,AZURE,2026-04,805.9,0.0,0,2972.25,Virtual Machines,E8s v3 memory-optimized
Partner-Integration,sqldb-0e15863,AZURE,2026-04,645.0,469.1,0,2644.37,SQL Database,Premium P1 analytics
Mobile-Backend,ebs-1018746,AWS,2026-04,0.0,3491.3,0,151.59,EBS,st1 volumes archive
Compliance-Audit,s3-1162957,AWS,2026-04,0.0,10386.2,102544,228.5,S3,Backup storage bucket
Customer-Portal,ps-0661860,GCP,2026-04,0.0,0.0,42393104,507.45,Pub/Sub,Log forwarding
Finance-Systems,sqldb-0a6c230,AZURE,2026-04,947.8,66.9,0,193.65,SQL Database,Basic dev database
ML-Training,r53-0c3c716,AWS,2026-04,0.0,0.0,12103334,17.57,Route 53,Health checks
Edge-Network,ps-0dae809,GCP,2026-04,0.0,0.0,34802034,424.89,Pub/Sub,Log forwarding
Production-Main,ecs-0a4c265,AWS,2026-04,363.4,0.0,0,624.29,ECS,Fargate worker cluster
Analytics-Platform,redis-00c1155,AZURE,2026-04,468.4,0.0,0,558.06,Azure Cache for Redis,Premium P1 cache
Internal-Tools,ebs-0bf3427,AWS,2026-04,0.0,1232.8,0,147.03,EBS,gp3 volumes production
IoT-Platform,cr-096e898,GCP,2026-04,394.5,0.0,3150302,323.88,Cloud Run,Webhook handler
DR-Recovery,eh-0830824,AZURE,2026-04,0.0,441.8,0,107.49,Event Hubs,Capture to storage
Production-Secondary,sqs-06ac317,AWS,2026-04,0.0,0.0,22675640,11.39,SQS,Event notification queue
DevOps-Central,redis-0678471,AZURE,2026-04,641.0,0.0,0,755.76,Azure Cache for Redis,Premium P1 cache
Analytics-Platform,fs-009f267,GCP,2026-04,790.6,57.5,34603520,444.89,Firestore,User profiles DB
Compliance-Audit,s3-08c6538,AWS,2026-04,0.0,3024.9,1501041,109.87,S3,Analytics export bucket
Production-Main,app-0e9e755,AZURE,2026-04,522.4,0.0,0,599.03,App Service,API app P2v3
Customer-Portal,vpn-047a741,AWS,2026-04,842.3,0.0,0,217.58,VPN Gateway,Client VPN endpoint
Marketing-Platform,vai-0b50204,GCP,2026-04,482.4,0.0,5309791,1003.96,Vertex AI,Model serving endpoints
Customer-Portal,vm-0d14393,AZURE,2026-04,527.2,0.0,0,311.12,Virtual Machines,D2s v3 utility server
Shared-Services,cosmos-01c5475,AZURE,2026-04,511.3,72.3,17508948,657.57,Cosmos DB,Event store
Partner-Integration,sqs-0cee896,AWS,2026-04,0.0,0.0,34538040,16.51,SQS,Event notification queue
Production-Main,blob-002e702,AZURE,2026-04,0.0,5069.1,0,472.72,Blob Storage,Security audit logs
Internal-Tools,rds-0d59420,AWS,2026-04,442.2,501.6,0,1039.27,RDS,db.m5.xlarge analytics DB
Mobile-Backend,azmon-0c97221,AZURE,2026-04,0.0,356.9,44258925,479.5,Azure Monitor,Logs and metrics
Security-Ops,gke-0d9c385,GCP,2026-04,2445.2,0.0,0,4544.06,GKE,ML training cluster
Partner-Integration,gcs-09db877,GCP,2026-04,0.0,14007.5,34374,132.15,Cloud Storage,Archive bucket
Production-Main,lam-0e64419,AWS,2026-04,0.0,0.0,6258543,42.74,Lambda,Notification dispatcher
Internal-Tools,ebs-0a17241,AWS,2026-04,0.0,371.1,0,216.54,EBS,io2 volumes database
Marketing-Platform,sm-0b53746,AWS,2026-04,0.0,0.0,803797,3.16,Secrets Manager,Application secrets
Analytics-Platform,bq-0aad103,GCP,2026-04,0.0,2104.4,0,781.75,BigQuery,BI reporting views
Finance-Systems,s3-09cc225,AWS,2026-04,0.0,1172.8,2369396,100.47,S3,Artifact storage
Data-Science,i-04a3473,AWS,2026-04,321.9,0.0,0,928.78,EC2,c5.2xlarge HPC node
Compliance-Audit,rds-0bdd884,AWS,2026-04,970.7,274.8,0,827.98,RDS,db.t3.large development DB
Shared-Services,rds-09b7314,AWS,2026-04,511.0,152.1,0,464.35,RDS,db.t3.large development DB
Security-Ops,lam-0f1a552,AWS,2026-04,0.0,0.0,26128235,183.95,Lambda,Data transformer
Production-Main,cmon-0869801,GCP,2026-04,0.0,0.0,22697465,176.01,Cloud Monitoring,Metrics and alerting
Internal-Tools,s3-0751248,AWS,2026-04,0.0,7740.2,74427,167.14,S3,Backup storage bucket
Marketing-Platform,sm-089e505,AWS,2026-04,0.0,0.0,950417,3.68,Secrets Manager,Application secrets
DevOps-Central,appi-0d57672,AZURE,2026-04,0.0,0.0,16484304,200.13,Application Insights,Custom metrics
Security-Ops,ec-0f29845,AWS,2026-04,667.3,0.0,0,235.44,ElastiCache,Redis staging cluster
Production-Main,cf-1086153,AWS,2026-04,0.0,0.0,30335901,149.64,CloudFront,CDN static assets
Production-Secondary,csql-0a6b702,GCP,2026-04,540.8,402.5,0,1061.59,Cloud SQL,MySQL analytics
Production-Main,vai-0507510,GCP,2026-04,675.1,0.0,7712604,1435.6,Vertex AI,Model serving endpoints
Production-Secondary,sqldb-050d815,AZURE,2026-04,413.4,146.2,0,689.18,SQL Database,Standard S3 production
Customer-Portal,cosmos-057f603,AZURE,2026-04,616.8,43.8,12981600,411.19,Cosmos DB,Config store
Analytics-Platform,ca-0cad296,GCP,2026-04,0.0,0.0,71396746,261.94,Cloud Armor,WAF policies
Edge-Network,csql-0624779,GCP,2026-04,782.2,221.0,0,945.11,Cloud SQL,PostgreSQL replica
Customer-Portal,eh-0501800,AZURE,2026-04,0.0,600.3,0,142.31,Event Hubs,Capture to storage
Customer-Portal,ses-0a5c461,AWS,2026-04,0.0,0.0,647673,0.77,SES,Marketing email
Analytics-Platform,cr-04f2770,GCP,2026-04,442.6,0.0,1739446,553.04,Cloud Run,ETL pipeline service
Production-Secondary,ecs-06ba406,AWS,2026-04,385.3,0.0,0,661.18,ECS,Fargate worker cluster
Security-Ops,df-099a532,GCP,2026-04,283.8,0.0,0,686.46,Dataflow,Batch pipeline
IoT-Platform,csql-034b365,GCP,2026-04,723.3,203.5,0,829.38,Cloud SQL,PostgreSQL replica
DevOps-Central,appi-0f19138,AZURE,2026-04,0.0,0.0,50312102,618.4,Application Insights,APM telemetry
Finance-Systems,vm-10f9391,AZURE,2026-04,681.0,0.0,0,1572.2,Virtual Machines,D8s v3 application server
Partner-Integration,bq-0a3d119,GCP,2026-04,0.0,11016.5,0,4201.91,BigQuery,Analytics data warehouse
Shared-Services,sb-09c5978,AZURE,2026-04,653.3,0.0,9178867,493.63,Service Bus,Premium messaging
Data-Science,ps-100e742,GCP,2026-04,0.0,0.0,20170555,248.82,Pub/Sub,Event streaming
Finance-Systems,csql-09d4523,GCP,2026-04,610.7,173.2,0,926.09,Cloud SQL,PostgreSQL primary
Data-Science,gcs-06d2218,GCP,2026-04,0.0,507.0,7820973,90.74,Cloud Storage,Temp processing bucket
Security-Ops,df-076a110,GCP,2026-04,318.8,0.0,0,773.12,Dataflow,Batch pipeline
ML-Training,ebs-037a362,AWS,2026-04,0.0,688.1,0,83.0,EBS,gp3 volumes production
Marketing-Platform,ddb-0631674,AWS,2026-04,630.6,42.6,66058749,474.04,DynamoDB,Session store table
Marketing-Platform,rs-1184112,AWS,2026-04,0.0,0.0,5654077,281.26,Redshift,Spectrum queries
Finance-Systems,s3-0af5560,AWS,2026-04,0.0,5608.8,56606,126.7,S3,Backup storage bucket
Partner-Integration,df-0e2e494,GCP,2026-04,854.4,0.0,0,2010.35,Dataflow,Streaming pipeline
Edge-Network,csp-0306871,GCP,2026-04,779.7,113.8,54637685,4887.58,Cloud Spanner,Global transaction DB
Mobile-Backend,sqs-09bf888,AWS,2026-04,0.0,0.0,323287,0.16,SQS,Dead letter queue
DevOps-Central,appi-0dd3396,AZURE,2026-04,0.0,0.0,12243203,150.87,Application Insights,Custom metrics
Finance-Systems,cosmos-0219643,AZURE,2026-04,470.2,67.5,16322521,604.04,Cosmos DB,Event store
Security-Ops,s3-05b8656,AWS,2026-04,0.0,47.1,22901529,148.12,S3,Static website hosting
Marketing-Platform,vai-0538638,GCP,2026-04,407.5,0.0,0,2019.76,Vertex AI,Training pipelines
Production-Secondary,elb-0fdd444,AWS,2026-04,551.0,0.0,39256646,240.78,ELB,Network load balancer
Finance-Systems,cr-0f0e694,GCP,2026-04,547.5,0.0,2296324,681.37,Cloud Run,ETL pipeline service
Internal-Tools,eh-104e481,AZURE,2026-04,0.0,542.8,0,131.36,Event Hubs,Capture to storage
Marketing-Platform,rds-0a36947,AWS,2026-04,380.7,107.1,0,426.33,RDS,db.t3.medium MySQL staging
Production-Main,acr-0035926,AZURE,2026-04,0.0,291.7,548488,183.2,Container Registry,Docker image registry
Edge-Network,gke-0f9a884,GCP,2026-04,1919.5,0.0,0,3677.12,GKE,ML training cluster
Finance-Systems,eh-05d4851,AZURE,2026-04,601.2,0.0,24600342,263.66,Event Hubs,Standard throughput units
Production-Main,vai-115d400,GCP,2026-04,489.1,0.0,0,2271.98,Vertex AI,Training pipelines
Security-Ops,lam-0e14664,AWS,2026-04,0.0,0.0,1053593,7.82,Lambda,Cron job runner
Data-Science,mem-09e1108,GCP,2026-04,353.9,0.0,0,250.7,Memorystore,Redis staging cache
Internal-Tools,lam-1019595,AWS,2026-04,0.0,0.0,1067716,8.01,Lambda,Cron job runner
Production-Main,gcs-08cf702,GCP,2026-04,0.0,7727.9,189950,172.35,Cloud Storage,Backup bucket
Security-Ops,ec-0aea108,AWS,2026-04,622.6,0.0,0,223.87,ElastiCache,Redis staging cluster
Marketing-Platform,ec-07f7887,AWS,2026-04,614.9,0.0,0,423.37,ElastiCache,Redis production cluster
Marketing-Platform,gke-1107964,GCP,2026-04,2133.5,0.0,0,4042.95,GKE,ML training cluster
Staging-Env,fs-0874807,GCP,2026-04,446.0,12.5,31057926,321.53,Firestore,Session store
Edge-Network,gcs-0996314,GCP,2026-04,0.0,17950.1,5932566,518.35,Cloud Storage,Data lake bucket
Compliance-Audit,rds-0914885,AWS,2026-04,578.3,416.1,0,1506.04,RDS,db.r5.xlarge PostgreSQL primary
Compliance-Audit,s3-1074650,AWS,2026-04,0.0,14875.8,2892117,508.09,S3,Data lake raw zone
Finance-Systems,gcs-0f77491,GCP,2026-04,0.0,364.6,5666475,62.54,Cloud Storage,Temp processing bucket
Analytics-Platform,gcs-103b639,GCP,2026-04,0.0,1791.4,898761,270.81,Cloud Storage,Model artifacts
Partner-Integration,sqs-0a84952,AWS,2026-04,0.0,0.0,29055109,14.47,SQS,Event notification queue
DevOps-Central,redis-05a6544,AZURE,2026-04,663.8,0.0,0,781.33,Azure Cache for Redis,Premium P1 cache
Partner-Integration,eh-0fc3866,AZURE,2026-04,532.9,0.0,21752252,239.99,Event Hubs,Standard throughput units
Edge-Network,bq-08a9565,GCP,2026-04,0.0,5031.4,0,1909.25,BigQuery,Log analytics
QA-Testing,lam-0d07109,AWS,2026-04,0.0,0.0,3361566,22.29,Lambda,Image resizer
Mobile-Backend,vm-080e442,AZURE,2026-04,725.8,0.0,0,1014.27,Virtual Machines,F4s v2 compute node
Production-Main,cf-0004444,AWS,2026-04,0.0,0.0,103574376,521.12,CloudFront,CDN web distribution
Finance-Systems,eh-0e99947,AZURE,2026-04,579.2,0.0,24895185,271.13,Event Hubs,Standard throughput units
Finance-Systems,app-063b847,AZURE,2026-04,765.5,0.0,0,898.25,App Service,API app P2v3
Analytics-Platform,mem-0e2a421,GCP,2026-04,509.3,0.0,0,355.71,Memorystore,Redis production cache
Compliance-Audit,s3-0391199,AWS,2026-04,0.0,2738.4,15900520,641.78,S3,Production asset storage
Edge-Network,sns-0dc0114,AWS,2026-04,0.0,0.0,10989108,5.36,SNS,Alert notifications
Production-Main,vai-004e568,GCP,2026-04,498.3,0.0,0,2411.89,Vertex AI,Training pipelines
Marketing-Platform,sm-0999408,AWS,2026-04,0.0,0.0,883594,3.38,Secrets Manager,Application secrets
Compliance-Audit,r53-0f97693,AWS,2026-04,0.0,0.0,6440038,9.31,Route 53,Health checks
Finance-Systems,s3-06e1275,AWS,2026-04,0.0,10335.9,2021401,347.99,S3,Data lake raw zone
Customer-Portal,i-115b995,AWS,2026-04,576.5,0.0,0,41.61,EC2,t3.micro bastion host
Mobile-Backend,sm-0332348,AWS,2026-04,0.0,0.0,1117045,4.28,Secrets Manager,Application secrets
Internal-Tools,gcs-0651710,GCP,2026-04,0.0,388.8,6044985,69.22,Cloud Storage,Temp processing bucket
DevOps-Central,aks-0f3b213,AZURE,2026-04,1774.3,0.0,0,2668.81,AKS,Staging K8s cluster
Internal-Tools,ebs-02ab559,AWS,2026-04,0.0,4427.4,0,189.69,EBS,st1 volumes archive
Production-Secondary,s3-0e24718,AWS,2026-04,0.0,967.2,1837956,80.77,S3,Artifact storage
Partner-Integration,gcs-03b9519,GCP,2026-04,0.0,16699.7,41146,156.77,Cloud Storage,Archive bucket
Production-Secondary,eh-0f4e930,AZURE,2026-04,0.0,640.5,0,154.51,Event Hubs,Capture to storage
Security-Ops,lam-0649249,AWS,2026-04,0.0,0.0,23066695,165.03,Lambda,Data transformer
Customer-Portal,appi-0256518,AZURE,2026-04,0.0,0.0,21410536,260.54,Application Insights,Custom metrics
Edge-Network,csql-0a34427,GCP,2026-04,767.5,216.8,0,892.57,Cloud SQL,PostgreSQL replica
Shared-Services,rds-01a2711,AWS,2026-04,850.0,999.5,0,1959.84,RDS,db.m5.xlarge analytics DB
Marketing-Platform,vpn-112e330,AWS,2026-04,633.2,0.0,0,162.76,VPN Gateway,Client VPN endpoint
Edge-Network,i-0325468,AWS,2026-04,659.1,0.0,0,2214.53,EC2,r5.2xlarge database server
Finance-Systems,elb-0edb765,AWS,2026-04,596.0,0.0,8036427,113.91,ELB,Classic load balancer
Edge-Network,bq-0f45454,GCP,2026-04,0.0,6703.4,0,2527.58,BigQuery,Analytics data warehouse
Shared-Services,aks-07ce741,AZURE,2026-04,981.1,0.0,0,1425.42,AKS,Staging K8s cluster
DevOps-Central,aks-0748902,AZURE,2026-04,290.0,0.0,0,419.8,AKS,Dev K8s cluster
Production-Secondary,clog-06a5604,GCP,2026-04,0.0,156.4,0,37.65,Cloud Logging,Audit logs
Marketing-Platform,gke-01f2581,GCP,2026-04,512.7,0.0,0,1465.62,GKE,Batch processing cluster
Internal-Tools,ebs-09b0400,AWS,2026-04,0.0,417.6,0,249.17,EBS,io2 volumes database
Finance-Systems,eks-10b8855,AWS,2026-04,797.5,0.0,0,2364.65,EKS,Production K8s cluster
Security-Ops,ps-043d277,GCP,2026-04,0.0,0.0,26073009,332.05,Pub/Sub,Event streaming
Finance-Systems,blob-0209645,AZURE,2026-04,0.0,7641.4,2691017,386.24,Blob Storage,Data lake storage
Internal-Tools,rds-0614124,AWS,2026-04,744.2,506.4,0,1402.65,RDS,db.r5.large PostgreSQL replica
DR-Recovery,kv-02ec904,AZURE,2026-04,0.0,0.0,2400931,7.3,Key Vault,Secrets management
Marketing-Platform,ddb-08e1627,AWS,2026-04,439.3,31.8,47687227,328.55,DynamoDB,Session store table
Staging-Env,cr-0881110,GCP,2026-04,513.4,0.0,2259840,677.73,Cloud Run,ETL pipeline service
Data-Science,r53-0149781,AWS,2026-04,0.0,0.0,8423334,12.7,Route 53,Health checks
Analytics-Platform,mem-05ad446,GCP,2026-04,312.6,0.0,0,216.28,Memorystore,Redis staging cache
DevOps-Central,aks-0e98359,AZURE,2026-04,383.6,0.0,0,548.73,AKS,Dev K8s cluster
Customer-Portal,ses-074e901,AWS,2026-04,0.0,0.0,653104,0.75,SES,Marketing email
DevOps-Central,kv-07d7650,AZURE,2026-04,0.0,0.0,376859,1.08,Key Vault,Certificate store
Edge-Network,vpn-05d8638,AWS,2026-04,568.6,0.0,0,146.25,VPN Gateway,Client VPN endpoint
Production-Secondary,csql-0831452,GCP,2026-04,586.3,420.3,0,1147.19,Cloud SQL,MySQL analytics
Internal-Tools,vai-07d4545,GCP,2026-04,765.5,0.0,8409731,1597.03,Vertex AI,Model serving endpoints
Shared-Services,func-07ef321,AZURE,2026-04,0.0,0.0,9841527,142.32,Azure Functions,API handlers
Mobile-Backend,vm-10bb955,AZURE,2026-04,806.6,0.0,0,1085.49,Virtual Machines,F4s v2 compute node
Partner-Integration,redis-0e4a190,AZURE,2026-04,669.5,0.0,0,836.41,Azure Cache for Redis,Premium P1 cache
Shared-Services,func-01ca602,AZURE,2026-04,0.0,0.0,2405553,35.27,Azure Functions,Webhook processor
Customer-Portal,cf-028a177,AWS,2026-04,0.0,0.0,66281188,320.25,CloudFront,CDN web distribution
Mobile-Backend,sqs-1135610,AWS,2026-04,0.0,0.0,331756,0.17,SQS,Dead letter queue
Customer-Portal,vai-111c139,GCP,2026-04,172.0,0.0,0,861.47,Vertex AI,AutoML jobs
Security-Ops,bq-08af736,GCP,2026-04,0.0,6517.5,0,2423.05,BigQuery,Analytics data warehouse
Finance-Systems,appi-0226443,AZURE,2026-04,0.0,0.0,14036768,168.09,Application Insights,Custom metrics
Mobile-Backend,vm-103c910,AZURE,2026-04,530.5,0.0,0,949.59,Virtual Machines,E4s v3 SIEM collector
Staging-Env,gke-0a8b163,GCP,2026-04,627.2,0.0,0,1899.78,GKE,Production API cluster
Edge-Network,elb-0329218,AWS,2026-04,738.2,0.0,10704654,149.3,ELB,Classic load balancer
Compliance-Audit,rds-0cc0641,AWS,2026-04,825.8,576.9,0,1544.9,RDS,db.r5.large PostgreSQL replica
