Account_Name,Resource_ID,Cloud_Provider,Billing_Period,Compute_Hours,Storage_GB_Used,API_Requests,Total_Charge,Service_Name,Description
Mobile-Backend,ebs-0ab8278,AWS,2026-06,0.0,3402.1,0,153.1,EBS,st1 volumes archive
Internal-Tools,gcs-10b6998,GCP,2026-06,0.0,2354.8,1177355,364.98,Cloud Storage,Model artifacts
Customer-Portal,gcf-0b90135,GCP,2026-06,0.0,0.0,20007176,300.1,Cloud Functions,Pub/Sub processors
Data-Science,cf-0140766,AWS,2026-06,0.0,0.0,110241167,551.21,CloudFront,CDN web distribution
Security-Ops,ebs-0bcb202,AWS,2026-06,0.0,4792.7,0,215.67,EBS,st1 volumes archive
Marketing-Platform,vai-0ae7409,GCP,2026-06,653.0,0.0,0,3265.11,Vertex AI,Training pipelines
Data-Science,csp-096a716,GCP,2026-06,582.5,80.9,40456544,3544.0,Cloud Spanner,Global transaction DB
Marketing-Platform,rs-0483517,AWS,2026-06,637.1,1769.8,0,3229.71,Redshift,Data warehouse cluster
Production-Main,sns-114a513,AWS,2026-06,0.0,0.0,6639411,3.31,SNS,Alert notifications
Security-Ops,s3-017f436,AWS,2026-06,0.0,17256.7,3451335,603.98,S3,Data lake raw zone
DevOps-Central,ado-00e2292,AZURE,2026-06,0.0,98.9,0,24.73,Azure DevOps,Artifacts storage
DevOps-Central,redis-0b8c869,AZURE,2026-06,943.5,0.0,0,1147.94,Azure Cache for Redis,Premium P1 cache
Internal-Tools,rds-0f84794,AWS,2026-06,975.0,1354.3,0,4333.45,RDS,db.r5.2xlarge Aurora cluster
DevOps-Central,kin-09fd183,AWS,2026-06,952.4,0.0,26456081,386.27,Kinesis,Firehose delivery
Staging-Env,vai-094d369,GCP,2026-06,569.0,0.0,0,2845.13,Vertex AI,Training pipelines
Internal-Tools,sqs-1090601,AWS,2026-06,0.0,0.0,60663278,30.32,SQS,Order processing queue
Shared-Services,fd-0ecb547,AZURE,2026-06,0.0,0.0,81407209,610.57,Front Door,Global load balancer
Mobile-Backend,ebs-0ed8926,AWS,2026-06,0.0,2897.9,0,130.41,EBS,st1 volumes archive
Partner-Integration,rds-09ee347,AWS,2026-06,853.7,592.8,0,1689.5,RDS,db.r5.large PostgreSQL replica
DevOps-Central,sm-00d1740,AWS,2026-06,0.0,0.0,1251479,5.01,Secrets Manager,Application secrets
Production-Secondary,ecs-0b92760,AWS,2026-06,501.2,0.0,0,914.79,ECS,Fargate API cluster
Production-Main,eh-0bee571,AZURE,2026-06,632.6,0.0,26357657,288.62,Event Hubs,Standard throughput units
Production-Secondary,nat-0083744,AWS,2026-06,712.9,0.0,0,162.63,NAT Gateway,Staging VPC NAT
Partner-Integration,gcs-0f81901,GCP,2026-06,0.0,19542.4,48854,195.42,Cloud Storage,Archive bucket
DR-Recovery,cosmos-04b4890,AZURE,2026-06,910.7,63.2,18971760,616.58,Cosmos DB,Config store
Data-Science,gcf-0117841,GCP,2026-06,0.0,0.0,10416787,156.25,Cloud Functions,Auth handlers
Marketing-Platform,i-01e6426,AWS,2026-06,938.2,0.0,0,68.49,EC2,t3.micro bastion host
DevOps-Central,azmon-0b5a859,AZURE,2026-06,0.0,322.4,42992379,456.8,Azure Monitor,Logs and metrics
Staging-Env,df-080d892,GCP,2026-06,625.6,0.0,0,1522.24,Dataflow,Streaming pipeline
Data-Science,cosmos-0de3347,AZURE,2026-06,797.1,221.4,44285650,1799.1,Cosmos DB,User data store
Customer-Portal,eh-067c886,AZURE,2026-06,0.0,606.7,0,151.67,Event Hubs,Capture to storage
Security-Ops,ecs-0ca2184,AWS,2026-06,497.7,0.0,0,908.27,ECS,Fargate API cluster
Production-Secondary,sqs-0086923,AWS,2026-06,0.0,0.0,25595663,12.8,SQS,Event notification queue
Internal-Tools,gcs-0a02698,GCP,2026-06,0.0,468.5,7498545,86.71,Cloud Storage,Temp processing bucket
Finance-Systems,eks-061d810,AWS,2026-06,851.7,0.0,0,2555.08,EKS,Production K8s cluster
Production-Main,kin-045b307,AWS,2026-06,736.6,0.0,20461836,298.74,Kinesis,Firehose delivery
Shared-Services,nat-0d7f916,AWS,2026-06,669.7,0.0,0,305.6,NAT Gateway,Production VPC NAT
Finance-Systems,aks-0bf9833,AZURE,2026-06,248.0,0.0,0,372.02,AKS,Dev K8s cluster
Customer-Portal,ebs-0b9a537,AWS,2026-06,0.0,531.3,0,332.02,EBS,io2 volumes database
Production-Main,cmon-0696406,GCP,2026-06,0.0,0.0,20647007,165.18,Cloud Monitoring,Metrics and alerting
DevOps-Central,ec-0ce8236,AWS,2026-06,723.6,0.0,0,520.97,ElastiCache,Redis production cluster
Partner-Integration,sm-0856857,AWS,2026-06,0.0,0.0,1416979,5.67,Secrets Manager,Application secrets
Security-Ops,vm-0f8c889,AZURE,2026-06,712.8,0.0,0,433.59,Virtual Machines,D2s v3 utility server
Compliance-Audit,elb-0aeb454,AWS,2026-06,444.8,0.0,30888700,192.74,ELB,Network load balancer
Mobile-Backend,ebs-0898961,AWS,2026-06,0.0,4230.6,0,190.39,EBS,st1 volumes archive
Marketing-Platform,gke-110b932,GCP,2026-06,3655.0,0.0,0,7309.89,GKE,GPU node pool
Security-Ops,lam-017a794,AWS,2026-06,0.0,0.0,3830770,27.01,Lambda,Image resizer
Partner-Integration,rds-1042178,AWS,2026-06,920.8,639.4,0,1822.4,RDS,db.r5.large PostgreSQL replica
Customer-Portal,blob-0442236,AZURE,2026-06,0.0,5391.0,0,539.1,Blob Storage,Security audit logs
Customer-Portal,csql-027c570,GCP,2026-06,987.5,274.3,0,1186.35,Cloud SQL,PostgreSQL replica
IoT-Platform,bq-0d7b721,GCP,2026-06,0.0,1982.0,0,792.78,BigQuery,Data export queries
Analytics-Platform,aks-059f313,AZURE,2026-06,1321.0,0.0,0,1981.52,AKS,Staging K8s cluster
Customer-Portal,clog-0274116,GCP,2026-06,0.0,580.7,0,145.19,Cloud Logging,Application logs
Edge-Network,df-098c180,GCP,2026-06,642.8,0.0,0,1564.03,Dataflow,Streaming pipeline
Data-Science,gcf-0cd0636,GCP,2026-06,0.0,0.0,20450693,306.76,Cloud Functions,Pub/Sub processors
Security-Ops,sm-08a6920,AWS,2026-06,0.0,0.0,1226781,4.91,Secrets Manager,Application secrets
Customer-Portal,blob-0c4e917,AZURE,2026-06,0.0,4813.1,0,481.31,Blob Storage,Security audit logs
Production-Main,eh-0026187,AZURE,2026-06,0.0,681.4,0,170.36,Event Hubs,Capture to storage
Compliance-Audit,sns-0c1d686,AWS,2026-06,0.0,0.0,11829747,5.91,SNS,Alert notifications
IoT-Platform,mem-0d64683,GCP,2026-06,759.5,0.0,0,546.91,Memorystore,Redis production cache
Customer-Portal,appi-0257485,AZURE,2026-06,0.0,0.0,40222616,502.78,Application Insights,APM telemetry
DevOps-Central,vm-0814453,AZURE,2026-06,637.2,0.0,0,193.81,Virtual Machines,B2s development VM
Edge-Network,ecs-031f111,AWS,2026-06,286.6,0.0,0,523.0,ECS,Fargate worker cluster
ML-Training,i-0dad813,AWS,2026-06,618.1,0.0,0,2143.01,EC2,r5.2xlarge database server
Production-Secondary,redis-0801574,AZURE,2026-06,1074.1,0.0,0,544.5,Azure Cache for Redis,Standard C2 cache
Marketing-Platform,sm-0a3a425,AWS,2026-06,0.0,0.0,861779,3.44,Secrets Manager,Application secrets
Compliance-Audit,kin-083d194,AWS,2026-06,674.8,0.0,28114218,410.47,Kinesis,Data stream ingestion
Finance-Systems,gcf-1015168,GCP,2026-06,0.0,0.0,8188910,122.83,Cloud Functions,Auth handlers
Partner-Integration,eks-03c5402,AWS,2026-06,754.7,0.0,0,2264.03,EKS,Production K8s cluster
Edge-Network,lam-0e35921,AWS,2026-06,0.0,0.0,19969750,139.79,Lambda,Data transformer
Finance-Systems,ado-0e52241,AZURE,2026-06,542.7,0.0,0,271.34,Azure DevOps,Pipelines hosted
Marketing-Platform,sm-0d30645,AWS,2026-06,0.0,0.0,1065839,4.26,Secrets Manager,Application secrets
Marketing-Platform,sm-0e7c136,AWS,2026-06,0.0,0.0,801742,3.2,Secrets Manager,Application secrets
Finance-Systems,sentinel-07b4432,AZURE,2026-06,0.0,0.0,110275395,2756.88,Microsoft Sentinel,SIEM detection
Partner-Integration,elb-0bd4274,AWS,2026-06,611.0,0.0,8486030,123.55,ELB,Classic load balancer
Marketing-Platform,gke-0c87458,GCP,2026-06,1816.9,0.0,0,3633.76,GKE,ML training cluster
Internal-Tools,rs-02b6574,AWS,2026-06,0.0,0.0,4809418,240.47,Redshift,Spectrum queries
Production-Secondary,sentinel-0502751,AZURE,2026-06,0.0,0.0,64363410,1609.08,Microsoft Sentinel,SIEM detection
Data-Science,rs-0146862,AWS,2026-06,721.7,2004.6,0,3658.44,Redshift,Data warehouse cluster
ML-Training,lam-055d746,AWS,2026-06,0.0,0.0,10368353,72.58,Lambda,Notification dispatcher
Customer-Portal,func-0958195,AZURE,2026-06,0.0,0.0,2565528,38.48,Azure Functions,Webhook processor
Finance-Systems,kv-0563504,AZURE,2026-06,0.0,0.0,2884438,8.66,Key Vault,Secrets management
Finance-Systems,gcf-0517299,GCP,2026-06,0.0,0.0,8748275,131.22,Cloud Functions,Auth handlers
Partner-Integration,azmon-0cc4223,AZURE,2026-06,0.0,201.3,26843351,285.22,Azure Monitor,Logs and metrics
Data-Science,blob-0d32531,AZURE,2026-06,0.0,2485.6,6628428,323.13,Blob Storage,Build artifacts
Production-Secondary,blob-04dd841,AZURE,2026-06,0.0,11779.5,29448,94.24,Blob Storage,Archive tier
Security-Ops,lam-09fe233,AWS,2026-06,0.0,0.0,24346433,170.42,Lambda,Data transformer
Staging-Env,fs-0f41779,GCP,2026-06,1204.4,83.6,50180801,689.98,Firestore,User profiles DB
Customer-Portal,redis-0260701,AZURE,2026-06,909.5,0.0,0,461.09,Azure Cache for Redis,Standard C2 cache
Compliance-Audit,i-1029425,AWS,2026-06,600.4,0.0,0,520.39,EC2,m5.large monitoring server
Finance-Systems,gcf-0b69780,GCP,2026-06,0.0,0.0,12673195,190.09,Cloud Functions,Data triggers
Security-Ops,ps-0ff9385,GCP,2026-06,0.0,0.0,29159969,364.5,Pub/Sub,Event streaming
Edge-Network,vpn-0c9e800,AWS,2026-06,489.8,0.0,0,124.16,VPN Gateway,Client VPN endpoint
Production-Main,r53-0c16894,AWS,2026-06,0.0,0.0,15518487,23.29,Route 53,Health checks
Edge-Network,i-06ce887,AWS,2026-06,746.4,0.0,0,2587.58,EC2,r5.2xlarge database server
Production-Main,i-0d80610,AWS,2026-06,452.4,0.0,0,1312.29,EC2,c5.2xlarge HPC node
ML-Training,i-0b25477,AWS,2026-06,558.9,0.0,0,1937.84,EC2,r5.2xlarge database server
Partner-Integration,rds-03c8753,AWS,2026-06,425.0,118.0,0,501.68,RDS,db.t3.medium MySQL staging
Marketing-Platform,r53-01dd837,AWS,2026-06,0.0,0.0,58055650,87.08,Route 53,DNS hosting
Production-Secondary,sqldb-04d6752,AZURE,2026-06,531.4,184.6,0,889.24,SQL Database,Standard S3 production
Edge-Network,ps-0791593,GCP,2026-06,0.0,0.0,46282417,578.53,Pub/Sub,Log forwarding
Marketing-Platform,i-01e7981,AWS,2026-06,582.7,0.0,0,1689.8,EC2,c5.2xlarge HPC node
Finance-Systems,sb-093d809,AZURE,2026-06,0.0,0.0,25709871,64.27,Service Bus,Standard messaging
Security-Ops,ps-0eca484,GCP,2026-06,0.0,0.0,31712772,396.41,Pub/Sub,Event streaming
Data-Science,clog-0f05447,GCP,2026-06,0.0,536.0,0,134.01,Cloud Logging,Application logs
QA-Testing,ec-1136274,AWS,2026-06,829.1,0.0,0,596.95,ElastiCache,Redis production cluster
Security-Ops,ses-09f7782,AWS,2026-06,0.0,0.0,2446103,2.93,SES,Transactional email
Finance-Systems,gcs-0589860,GCP,2026-06,0.0,387.9,6206187,71.75,Cloud Storage,Temp processing bucket
Edge-Network,cmon-040a287,GCP,2026-06,0.0,0.0,26638255,213.11,Cloud Monitoring,Metrics and alerting
Security-Ops,s3-08db379,AWS,2026-06,0.0,51.2,25596104,166.37,S3,Static website hosting
Partner-Integration,sb-03ab945,AZURE,2026-06,727.3,0.0,10101774,553.07,Service Bus,Premium messaging
Partner-Integration,ses-03cb400,AWS,2026-06,0.0,0.0,2181547,2.62,SES,Transactional email
ML-Training,lam-0c34400,AWS,2026-06,0.0,0.0,10113502,70.79,Lambda,Notification dispatcher
Edge-Network,bq-0476620,GCP,2026-06,0.0,5988.5,0,2395.42,BigQuery,Log analytics
DevOps-Central,appi-00d4852,AZURE,2026-06,0.0,0.0,66129801,826.62,Application Insights,APM telemetry
Security-Ops,eh-08a0504,AZURE,2026-06,0.0,399.7,0,99.94,Event Hubs,Capture to storage
Internal-Tools,elb-08c2704,AWS,2026-06,995.3,0.0,13824402,201.28,ELB,Classic load balancer
Compliance-Audit,ecs-0d1c714,AWS,2026-06,487.6,0.0,0,889.93,ECS,Fargate worker cluster
DevOps-Central,azmon-061e582,AZURE,2026-06,0.0,321.3,42850636,455.29,Azure Monitor,Logs and metrics
Finance-Systems,gcs-0852873,GCP,2026-06,0.0,10682.1,3560699,320.46,Cloud Storage,Data lake bucket
DR-Recovery,appi-07b6956,AZURE,2026-06,0.0,0.0,19502659,243.79,Application Insights,Custom metrics
Shared-Services,ado-078c824,AZURE,2026-06,0.0,84.6,0,21.15,Azure DevOps,Artifacts storage
Production-Main,i-1108283,AWS,2026-06,325.7,0.0,0,944.4,EC2,c5.2xlarge HPC node
Compliance-Audit,s3-0c95132,AWS,2026-06,0.0,743.3,1486643,65.05,S3,Artifact storage
Edge-Network,ebs-09ad548,AWS,2026-06,0.0,740.4,0,92.55,EBS,gp3 volumes production
Staging-Env,bq-0f5b837,GCP,2026-06,0.0,5294.9,0,2117.94,BigQuery,Log analytics
Production-Main,i-000d373,AWS,2026-06,406.4,0.0,0,1178.54,EC2,c5.2xlarge HPC node
Compliance-Audit,s3-0667496,AWS,2026-06,0.0,12116.0,2423192,424.05,S3,Data lake raw zone
Finance-Systems,blob-1044860,AZURE,2026-06,0.0,8471.9,84716,254.15,Blob Storage,Backup storage
Finance-Systems,csql-0eba390,GCP,2026-06,658.2,182.9,0,790.84,Cloud SQL,PostgreSQL replica
Data-Science,gcf-0b1b828,GCP,2026-06,0.0,0.0,10345746,155.19,Cloud Functions,Auth handlers
Mobile-Backend,ec-032e628,AWS,2026-06,616.5,0.0,0,443.87,ElastiCache,Redis production cluster
Partner-Integration,r53-060c599,AWS,2026-06,0.0,0.0,66343332,99.52,Route 53,DNS hosting
Internal-Tools,s3-0e43727,AWS,2026-06,0.0,3781.0,6049529,276.01,S3,Media content bucket
Finance-Systems,ado-0451264,AZURE,2026-06,512.2,0.0,0,256.08,Azure DevOps,Pipelines hosted
Production-Main,vai-0775922,GCP,2026-06,749.8,0.0,8330123,1624.37,Vertex AI,Model serving endpoints
Security-Ops,ecs-0499787,AWS,2026-06,438.9,0.0,0,801.09,ECS,Fargate worker cluster
Finance-Systems,gcf-0239796,GCP,2026-06,0.0,0.0,14799620,221.99,Cloud Functions,Data triggers
Finance-Systems,cr-086d481,GCP,2026-06,571.9,0.0,2382794,743.43,Cloud Run,ETL pipeline service
IoT-Platform,fs-064b410,GCP,2026-06,1037.8,28.8,72070696,756.75,Firestore,Session store
Shared-Services,sb-0621661,AZURE,2026-06,575.9,0.0,7999818,437.99,Service Bus,Premium messaging
Analytics-Platform,vai-0b7a724,GCP,2026-06,210.0,0.0,0,1050.27,Vertex AI,AutoML jobs
Production-Main,csql-109c812,GCP,2026-06,791.4,549.6,0,1560.79,Cloud SQL,MySQL analytics
Production-Secondary,ps-1180924,GCP,2026-06,0.0,0.0,12892463,161.15,Pub/Sub,Data pipeline
Customer-Portal,func-081c995,AZURE,2026-06,0.0,0.0,2888866,43.33,Azure Functions,Webhook processor
Partner-Integration,vai-03b5957,GCP,2026-06,225.8,0.0,0,1129.17,Vertex AI,AutoML jobs
Marketing-Platform,vai-0c18574,GCP,2026-06,249.2,0.0,0,1245.73,Vertex AI,AutoML jobs
Analytics-Platform,clog-0e12229,GCP,2026-06,0.0,468.5,0,117.13,Cloud Logging,Application logs
Production-Secondary,s3-0075793,AWS,2026-06,0.0,67.9,33956364,220.72,S3,Static website hosting
Security-Ops,sqs-0195828,AWS,2026-06,0.0,0.0,40620164,20.31,SQS,Event notification queue
Security-Ops,ebs-08c0486,AWS,2026-06,0.0,724.8,0,453.04,EBS,io2 volumes database
Production-Main,cf-0a4b960,AWS,2026-06,0.0,0.0,59730456,298.65,CloudFront,CDN API distribution
QA-Testing,elb-03e9138,AWS,2026-06,831.9,0.0,57768913,360.48,ELB,Network load balancer
Marketing-Platform,sm-10db510,AWS,2026-06,0.0,0.0,1198855,4.79,Secrets Manager,Application secrets
Marketing-Platform,gke-1057959,GCP,2026-06,2197.4,0.0,0,4394.86,GKE,ML training cluster
Customer-Portal,vm-0dcd189,AZURE,2026-06,478.4,0.0,0,873.05,Virtual Machines,E4s v3 SIEM collector
DevOps-Central,cosmos-00ee239,AZURE,2026-06,760.2,52.8,15836529,514.69,Cosmos DB,Config store
Staging-Env,fs-109d158,GCP,2026-06,789.4,54.8,32891026,452.25,Firestore,User profiles DB
Finance-Systems,aks-0554673,AZURE,2026-06,276.8,0.0,0,415.29,AKS,Dev K8s cluster
Data-Science,ses-0e41871,AWS,2026-06,0.0,0.0,2181407,2.62,SES,Transactional email
Internal-Tools,eh-097f635,AZURE,2026-06,0.0,543.2,0,135.82,Event Hubs,Capture to storage
Production-Main,rds-0005467,AWS,2026-06,695.5,483.0,0,1787.01,RDS,db.r5.xlarge PostgreSQL primary
DR-Recovery,appi-0d8e996,AZURE,2026-06,0.0,0.0,51571229,644.64,Application Insights,APM telemetry
Shared-Services,gcs-06aa524,GCP,2026-06,0.0,7574.9,189372,174.23,Cloud Storage,Backup bucket
Finance-Systems,redis-0211914,AZURE,2026-06,786.5,0.0,0,956.89,Azure Cache for Redis,Premium P1 cache
QA-Testing,ebs-0cff760,AWS,2026-06,0.0,1166.8,0,145.86,EBS,gp3 volumes production
Production-Secondary,elb-0fed620,AWS,2026-06,575.8,0.0,39985023,249.51,ELB,Network load balancer
Production-Secondary,csql-008e810,GCP,2026-06,620.6,430.9,0,1223.87,Cloud SQL,MySQL analytics
Customer-Portal,eh-075a870,AZURE,2026-06,735.3,0.0,30639575,335.5,Event Hubs,Standard throughput units
Production-Main,blob-086a814,AZURE,2026-06,0.0,2416.1,6442804,314.09,Blob Storage,Build artifacts
ML-Training,ebs-0b54889,AWS,2026-06,0.0,4594.2,0,206.74,EBS,st1 volumes archive
Finance-Systems,gcf-0ebd850,GCP,2026-06,0.0,0.0,11801287,177.01,Cloud Functions,Data triggers
Analytics-Platform,aks-09f1619,AZURE,2026-06,1253.8,0.0,0,1880.76,AKS,Staging K8s cluster
Partner-Integration,sm-03d6254,AWS,2026-06,0.0,0.0,1309594,5.24,Secrets Manager,Application secrets
Analytics-Platform,ado-0968389,AZURE,2026-06,0.0,120.4,0,30.1,Azure DevOps,Artifacts storage
Finance-Systems,cr-0fbf375,GCP,2026-06,508.3,0.0,2117908,660.79,Cloud Run,ETL pipeline service
Customer-Portal,vm-0d19441,AZURE,2026-06,536.2,0.0,0,326.17,Virtual Machines,D2s v3 utility server
Security-Ops,s3-09e0838,AWS,2026-06,0.0,56.9,28464503,185.01,S3,Static website hosting
Edge-Network,ebs-0907384,AWS,2026-06,0.0,415.2,0,259.53,EBS,io2 volumes database
ML-Training,sqs-0365439,AWS,2026-06,0.0,0.0,517296,0.26,SQS,Dead letter queue
Partner-Integration,eks-03c4771,AWS,2026-06,433.8,0.0,0,1301.29,EKS,Staging K8s cluster
Compliance-Audit,ses-0ad0283,AWS,2026-06,0.0,0.0,1815767,2.18,SES,Transactional email
Shared-Services,vm-0594419,AZURE,2026-06,829.0,0.0,0,3025.99,Virtual Machines,E8s v3 memory-optimized
Internal-Tools,gcs-0985887,GCP,2026-06,0.0,19818.4,6606142,594.55,Cloud Storage,Data lake bucket
Mobile-Backend,sqldb-0e7e331,AZURE,2026-06,763.7,530.3,0,3097.16,SQL Database,Premium P1 analytics
Production-Secondary,app-05e2432,AZURE,2026-06,1136.9,0.0,0,691.56,App Service,Web app P1v3
Shared-Services,rds-0c30227,AWS,2026-06,485.7,337.2,0,961.06,RDS,db.r5.large PostgreSQL replica
Production-Main,blob-09bc732,AZURE,2026-06,0.0,5938.3,2226874,315.47,Blob Storage,Data lake storage
Customer-Portal,ses-0bde451,AWS,2026-06,0.0,0.0,685355,0.83,SES,Marketing email
Compliance-Audit,rds-055c490,AWS,2026-06,1106.5,768.4,0,2189.9,RDS,db.r5.large PostgreSQL replica
Data-Science,kin-0141333,AWS,2026-06,731.6,0.0,20321768,296.7,Kinesis,Firehose delivery
Analytics-Platform,bq-0a93447,GCP,2026-06,0.0,2082.5,0,833.0,BigQuery,BI reporting views
Analytics-Platform,clog-0d3f486,GCP,2026-06,0.0,415.0,0,103.76,Cloud Logging,Application logs
Staging-Env,bq-00fd332,GCP,2026-06,0.0,2017.0,0,806.79,BigQuery,Data export queries
Marketing-Platform,gke-01f1963,GCP,2026-06,2415.4,0.0,0,4830.9,GKE,ML training cluster
Mobile-Backend,kv-0d0a877,AZURE,2026-06,0.0,0.0,1612626,4.84,Key Vault,Secrets management
Production-Secondary,blob-04c0764,AZURE,2026-06,0.0,2291.6,5729036,372.39,Blob Storage,Media content
Security-Ops,sqs-0acf483,AWS,2026-06,0.0,0.0,45866078,22.94,SQS,Event notification queue
Marketing-Platform,sm-0c60824,AWS,2026-06,0.0,0.0,984453,3.93,Secrets Manager,Application secrets
Customer-Portal,vm-0ea1350,AZURE,2026-06,613.9,0.0,0,373.43,Virtual Machines,D2s v3 utility server
Edge-Network,eks-0c0a109,AWS,2026-06,608.1,0.0,0,1824.21,EKS,Production K8s cluster
Shared-Services,aks-01c1897,AZURE,2026-06,1075.8,0.0,0,1613.66,AKS,Staging K8s cluster
Production-Secondary,vai-078b500,GCP,2026-06,238.5,0.0,0,1192.58,Vertex AI,AutoML jobs
ML-Training,i-0b05946,AWS,2026-06,569.6,0.0,0,1974.84,EC2,r5.2xlarge database server
Marketing-Platform,vai-0675764,GCP,2026-06,555.0,0.0,6166428,1202.45,Vertex AI,Model serving endpoints
Finance-Systems,app-0d8b965,AZURE,2026-06,848.8,0.0,0,129.07,App Service,Web app B1
Production-Main,cf-05be618,AWS,2026-06,0.0,0.0,53323012,266.61,CloudFront,CDN API distribution
Production-Secondary,ecs-0073512,AWS,2026-06,473.2,0.0,0,863.63,ECS,Fargate API cluster
Data-Science,gcs-0a7b183,GCP,2026-06,0.0,9116.1,227903,209.66,Cloud Storage,Backup bucket
Compliance-Audit,elb-0d8f759,AWS,2026-06,383.8,0.0,26650852,166.3,ELB,Network load balancer
Security-Ops,ecs-1053185,AWS,2026-06,479.7,0.0,0,875.51,ECS,Fargate worker cluster
Internal-Tools,rds-02c5855,AWS,2026-06,703.4,488.5,0,1807.28,RDS,db.r5.xlarge PostgreSQL primary
Marketing-Platform,r53-0b06291,AWS,2026-06,0.0,0.0,54244551,81.36,Route 53,DNS hosting
Edge-Network,csql-04c4474,GCP,2026-06,893.2,248.1,0,1073.03,Cloud SQL,PostgreSQL replica
Data-Science,blob-06c1498,AZURE,2026-06,0.0,9794.6,97945,293.84,Blob Storage,Backup storage
Analytics-Platform,bq-0616922,GCP,2026-06,0.0,16925.7,0,6770.3,BigQuery,ML training datasets
Internal-Tools,gcs-08ae795,GCP,2026-06,0.0,2076.9,1038428,321.91,Cloud Storage,Model artifacts
Analytics-Platform,eh-0c1e810,AZURE,2026-06,490.7,0.0,20448701,223.91,Event Hubs,Standard throughput units
QA-Testing,lam-1169721,AWS,2026-06,0.0,0.0,83936925,587.55,Lambda,Auth token validator
Shared-Services,func-0456674,AZURE,2026-06,0.0,0.0,450610,6.76,Azure Functions,Timer triggers
Data-Science,cr-0124770,GCP,2026-06,316.7,0.0,1319789,274.52,Cloud Run,Image processor
Analytics-Platform,gcs-067a623,GCP,2026-06,0.0,2491.9,2491939,180.66,Cloud Storage,Media assets bucket
Finance-Systems,cosmos-0527195,AZURE,2026-06,490.4,136.2,27244114,1106.79,Cosmos DB,User data store
Partner-Integration,app-03b2567,AZURE,2026-06,629.7,0.0,0,383.09,App Service,Web app P1v3
Compliance-Audit,elb-0385602,AWS,2026-06,781.0,0.0,32542915,236.91,ELB,Application load balancer
Finance-Systems,s3-0570229,AWS,2026-06,0.0,2435.7,1217853,91.34,S3,Analytics export bucket
DevOps-Central,aks-0f83666,AZURE,2026-06,402.3,0.0,0,603.37,AKS,Dev K8s cluster
QA-Testing,lam-0622244,AWS,2026-06,0.0,0.0,32797441,227.94,Lambda,API gateway handler
Production-Secondary,sentinel-118d311,AZURE,2026-06,0.0,0.0,65175934,1629.4,Microsoft Sentinel,SIEM detection
Customer-Portal,df-027d947,GCP,2026-06,655.2,0.0,0,1594.29,Dataflow,Streaming pipeline
Production-Main,kv-0426522,AZURE,2026-06,0.0,0.0,2316670,6.95,Key Vault,Secrets management
QA-Testing,lam-07f0573,AWS,2026-06,0.0,0.0,4907410,34.59,Lambda,Image resizer
Marketing-Platform,sm-01d7826,AWS,2026-06,0.0,0.0,925862,3.7,Secrets Manager,Application secrets
Edge-Network,ec-0e4b931,AWS,2026-06,804.1,0.0,0,578.93,ElastiCache,Redis production cluster
Marketing-Platform,rds-0d51613,AWS,2026-06,480.7,133.6,0,567.5,RDS,db.t3.medium MySQL staging
ML-Training,kin-0a76630,AWS,2026-06,722.7,0.0,30113739,439.66,Kinesis,Data stream ingestion
Security-Ops,eks-0191572,AWS,2026-06,500.1,0.0,0,1500.24,EKS,Staging K8s cluster
Shared-Services,vpn-0199240,AWS,2026-06,902.9,0.0,0,228.85,VPN Gateway,Client VPN endpoint
Mobile-Backend,sqldb-1045702,AZURE,2026-06,765.2,531.4,0,3103.34,SQL Database,Premium P1 analytics
Shared-Services,kv-0d17212,AZURE,2026-06,0.0,0.0,409421,1.23,Key Vault,Certificate store
Finance-Systems,s3-0555363,AWS,2026-06,0.0,67.3,33662274,218.81,S3,Static website hosting
Compliance-Audit,s3-0f76493,AWS,2026-06,0.0,818.9,1637885,71.66,S3,Artifact storage
Partner-Integration,vai-0eb9357,GCP,2026-06,598.0,0.0,0,2990.18,Vertex AI,Training pipelines
Internal-Tools,lam-100a745,AWS,2026-06,0.0,0.0,1120885,8.41,Lambda,Cron job runner
Marketing-Platform,ddb-0bef403,AWS,2026-06,593.7,8.2,4122839,72.15,DynamoDB,Config store table
Data-Science,gcs-043a104,GCP,2026-06,0.0,610.4,9765729,112.91,Cloud Storage,Temp processing bucket
Finance-Systems,vm-05c1838,AZURE,2026-06,760.3,0.0,0,1849.82,Virtual Machines,D8s v3 application server
Analytics-Platform,kv-05a4469,AZURE,2026-06,0.0,0.0,1504331,4.51,Key Vault,Secrets management
Security-Ops,ebs-0a88692,AWS,2026-06,0.0,4328.9,0,194.8,EBS,st1 volumes archive
Internal-Tools,cr-02e1655,GCP,2026-06,501.7,0.0,4180876,434.81,Cloud Run,Webhook handler
Marketing-Platform,vpn-04ea593,AWS,2026-06,817.0,0.0,0,207.09,VPN Gateway,Client VPN endpoint
IoT-Platform,mem-1148803,GCP,2026-06,833.2,0.0,0,599.96,Memorystore,Redis production cache
Partner-Integration,vai-1105921,GCP,2026-06,232.8,0.0,0,1164.28,Vertex AI,AutoML jobs
Finance-Systems,clog-0eff840,GCP,2026-06,0.0,211.8,0,52.98,Cloud Logging,Audit logs
Analytics-Platform,gcs-0b65524,GCP,2026-06,0.0,10315.4,257884,237.26,Cloud Storage,Backup bucket
Security-Ops,cmon-0fde210,GCP,2026-06,0.0,0.0,24232056,193.86,Cloud Monitoring,Metrics and alerting
Production-Main,s3-057d934,AWS,2026-06,0.0,8931.8,558236,223.29,S3,Log archive bucket
Internal-Tools,aks-08d9511,AZURE,2026-06,1630.4,0.0,0,2445.52,AKS,Staging K8s cluster
Compliance-Audit,rs-10fb531,AWS,2026-06,0.0,0.0,4908651,245.43,Redshift,Spectrum queries
Security-Ops,bq-0e63979,GCP,2026-06,0.0,1602.0,0,640.82,BigQuery,BI reporting views
Internal-Tools,cf-0a39494,AWS,2026-06,0.0,0.0,144100042,720.49,CloudFront,CDN media distribution
Analytics-Platform,bq-0c50327,GCP,2026-06,0.0,11535.6,0,4614.23,BigQuery,Analytics data warehouse
Production-Secondary,csql-0951252,GCP,2026-06,553.3,384.1,0,1091.07,Cloud SQL,MySQL analytics
Production-Secondary,eh-0d77234,AZURE,2026-06,602.3,0.0,25096341,274.8,Event Hubs,Standard throughput units
Production-Secondary,blob-0cd7269,AZURE,2026-06,0.0,7793.7,2922633,414.03,Blob Storage,Data lake storage
Analytics-Platform,gke-00b6558,GCP,2026-06,575.2,0.0,0,1725.54,GKE,Batch processing cluster
Internal-Tools,cr-0d34819,GCP,2026-06,343.6,0.0,1431542,297.76,Cloud Run,Image processor
Compliance-Audit,ecs-06db379,AWS,2026-06,483.2,0.0,0,881.87,ECS,Fargate worker cluster
Internal-Tools,ebs-02a9257,AWS,2026-06,0.0,438.4,0,274.02,EBS,io2 volumes database
Partner-Integration,sqldb-0efb498,AZURE,2026-06,863.1,299.7,0,1444.26,SQL Database,Standard S3 production
Production-Secondary,csql-10cf442,GCP,2026-06,740.1,205.5,0,889.11,Cloud SQL,PostgreSQL replica
DevOps-Central,aks-0f5d284,AZURE,2026-06,1783.3,0.0,0,2674.96,AKS,Staging K8s cluster
Compliance-Audit,vpn-0a64605,AWS,2026-06,759.8,0.0,0,192.6,VPN Gateway,Client VPN endpoint
Staging-Env,gcf-07b9875,GCP,2026-06,0.0,0.0,5610754,84.17,Cloud Functions,Auth handlers
Edge-Network,csql-05ea238,GCP,2026-06,763.6,212.1,0,917.32,Cloud SQL,PostgreSQL replica
Data-Science,gcf-0d9b819,GCP,2026-06,0.0,0.0,9568468,143.53,Cloud Functions,Auth handlers
ML-Training,rs-0788768,AWS,2026-06,0.0,0.0,4378524,218.93,Redshift,Spectrum queries
Internal-Tools,cr-03f4389,GCP,2026-06,617.5,0.0,2572907,802.75,Cloud Run,ETL pipeline service
IoT-Platform,gke-035b126,GCP,2026-06,426.9,0.0,0,1280.6,GKE,Batch processing cluster
Internal-Tools,cosmos-02a3540,AZURE,2026-06,725.9,201.6,40326241,1638.25,Cosmos DB,User data store
Finance-Systems,elb-0e1e935,AWS,2026-06,808.7,0.0,33693937,245.3,ELB,Application load balancer
Internal-Tools,vm-029e595,AZURE,2026-06,716.2,0.0,0,435.71,Virtual Machines,D2s v3 utility server
Finance-Systems,cr-0b1c943,GCP,2026-06,605.5,0.0,2522747,787.09,Cloud Run,ETL pipeline service
Staging-Env,gcs-072b621,GCP,2026-06,0.0,11942.0,3980704,358.27,Cloud Storage,Data lake bucket
Production-Secondary,app-05df445,AZURE,2026-06,961.5,0.0,0,584.9,App Service,Web app P1v3
Production-Secondary,blob-005d230,AZURE,2026-06,0.0,2411.0,6429325,313.43,Blob Storage,Build artifacts
Finance-Systems,gcf-06da891,GCP,2026-06,0.0,0.0,9623152,144.34,Cloud Functions,Auth handlers
Customer-Portal,elb-0287653,AWS,2026-06,700.1,0.0,9724096,141.58,ELB,Classic load balancer
ML-Training,i-0bdb603,AWS,2026-06,789.0,0.0,0,2735.17,EC2,r5.2xlarge database server
QA-Testing,r53-085b883,AWS,2026-06,0.0,0.0,9579051,14.37,Route 53,Health checks
Customer-Portal,i-0ae1467,AWS,2026-06,667.8,0.0,0,2314.85,EC2,r5.2xlarge database server
Production-Secondary,i-007b774,AWS,2026-06,874.9,0.0,0,758.27,EC2,m5.large monitoring server
Production-Secondary,ec-0bb0589,AWS,2026-06,923.1,0.0,0,332.34,ElastiCache,Redis staging cluster
Production-Secondary,aks-0b9c491,AZURE,2026-06,318.3,0.0,0,477.63,AKS,Dev K8s cluster
Marketing-Platform,rs-0f0b689,AWS,2026-06,0.0,0.0,7419631,370.98,Redshift,Spectrum queries
Production-Main,lam-000a777,AWS,2026-06,0.0,0.0,5989508,41.93,Lambda,Notification dispatcher
Production-Secondary,mem-0c26642,GCP,2026-06,635.7,0.0,0,457.69,Memorystore,Redis production cache
QA-Testing,ses-0411794,AWS,2026-06,0.0,0.0,2342010,2.81,SES,Transactional email
Partner-Integration,sqldb-0e96563,AZURE,2026-06,1184.3,411.2,0,1981.69,SQL Database,Standard S3 production
IoT-Platform,gke-035e159,GCP,2026-06,2689.1,0.0,0,5378.3,GKE,ML training cluster
Compliance-Audit,sns-0987286,AWS,2026-06,0.0,0.0,15802199,7.9,SNS,Event fanout topic
Customer-Portal,ps-096d972,GCP,2026-06,0.0,0.0,40475994,505.95,Pub/Sub,Log forwarding
Edge-Network,bq-0300179,GCP,2026-06,0.0,7219.9,0,2887.94,BigQuery,Analytics data warehouse
Customer-Portal,vpn-09b8118,AWS,2026-06,1072.9,0.0,0,271.95,VPN Gateway,Client VPN endpoint
Partner-Integration,appi-07a4515,AZURE,2026-06,0.0,0.0,74840663,935.51,Application Insights,APM telemetry
Internal-Tools,nat-0ba5290,AWS,2026-06,519.5,0.0,0,118.52,NAT Gateway,Dev VPC NAT
Staging-Env,gcs-1188613,GCP,2026-06,0.0,13556.4,4518846,406.7,Cloud Storage,Data lake bucket
Shared-Services,vm-08aa601,AZURE,2026-06,347.6,0.0,0,3171.51,Virtual Machines,NC6s v3 GPU VM
Internal-Tools,ec-0a9a592,AWS,2026-06,532.7,0.0,0,383.55,ElastiCache,Redis production cluster
Analytics-Platform,bq-0d5b922,GCP,2026-06,0.0,15223.8,0,6089.53,BigQuery,ML training datasets
Partner-Integration,elb-0b31940,AWS,2026-06,436.0,0.0,18165872,132.25,ELB,Application load balancer
Security-Ops,ps-093e830,GCP,2026-06,0.0,0.0,33408352,417.6,Pub/Sub,Event streaming
Marketing-Platform,ddb-07e5376,AWS,2026-06,636.3,8.8,4418951,77.33,DynamoDB,Config store table
Customer-Portal,i-06d9393,AWS,2026-06,594.2,0.0,0,858.32,EC2,c5.xlarge compute worker
Security-Ops,r53-018f903,AWS,2026-06,0.0,0.0,68795882,103.19,Route 53,DNS hosting
Production-Main,gcf-0741711,GCP,2026-06,0.0,0.0,15834646,237.52,Cloud Functions,Pub/Sub processors
Finance-Systems,gcs-0d31493,GCP,2026-06,0.0,454.1,7265376,84.0,Cloud Storage,Temp processing bucket
Compliance-Audit,rs-0bf0566,AWS,2026-06,587.2,1630.9,0,2976.42,Redshift,Data warehouse cluster
DR-Recovery,appi-048f749,AZURE,2026-06,0.0,0.0,20537638,256.72,Application Insights,Custom metrics
Production-Main,vm-048d646,AZURE,2026-06,826.2,0.0,0,2010.38,Virtual Machines,D8s v3 application server
Shared-Services,sb-1037505,AZURE,2026-06,666.8,0.0,9261308,507.05,Service Bus,Premium messaging
Production-Main,s3-062a775,AWS,2026-06,0.0,10631.9,664489,265.79,S3,Log archive bucket
DevOps-Central,vm-0691282,AZURE,2026-06,714.9,0.0,0,217.46,Virtual Machines,B2s development VM
Production-Main,i-0724237,AWS,2026-06,419.8,0.0,0,1217.33,EC2,c5.2xlarge HPC node
Marketing-Platform,i-06c6949,AWS,2026-06,902.1,0.0,0,65.85,EC2,t3.micro bastion host
DevOps-Central,sb-0e4e903,AZURE,2026-06,737.1,0.0,10238265,560.55,Service Bus,Premium messaging
Production-Main,gcs-0601678,GCP,2026-06,0.0,16917.6,5639197,507.53,Cloud Storage,Data lake bucket
Internal-Tools,eh-06f5432,AZURE,2026-06,0.0,502.2,0,125.57,Event Hubs,Capture to storage
Finance-Systems,redis-1119805,AZURE,2026-06,766.1,0.0,0,388.33,Azure Cache for Redis,Standard C2 cache
IoT-Platform,bq-0ca5217,GCP,2026-06,0.0,1647.4,0,658.95,BigQuery,Data export queries
Finance-Systems,s3-0240452,AWS,2026-06,0.0,7317.0,73170,168.29,S3,Backup storage bucket
Data-Science,bq-0cfe536,GCP,2026-06,0.0,3203.9,0,1281.56,BigQuery,Log analytics
Edge-Network,ps-0df6327,GCP,2026-06,0.0,0.0,20173204,252.16,Pub/Sub,Event streaming
Marketing-Platform,vai-081a178,GCP,2026-06,584.7,0.0,0,2923.13,Vertex AI,Training pipelines
Internal-Tools,rds-02c4542,AWS,2026-06,413.4,114.8,0,488.04,RDS,db.t3.medium MySQL staging
Finance-Systems,blob-0d4a811,AZURE,2026-06,0.0,9896.6,98963,296.89,Blob Storage,Backup storage
Compliance-Audit,kin-0386537,AWS,2026-06,685.9,0.0,28577407,417.23,Kinesis,Data stream ingestion
Staging-Env,vai-08eb520,GCP,2026-06,581.1,0.0,0,2905.45,Vertex AI,Training pipelines
Edge-Network,s3-097d920,AWS,2026-06,0.0,877.2,1754548,76.75,S3,Artifact storage
Compliance-Audit,i-0a57109,AWS,2026-06,646.7,0.0,0,560.47,EC2,m5.large monitoring server
Security-Ops,ebs-0186597,AWS,2026-06,0.0,681.7,0,426.05,EBS,io2 volumes database
Data-Science,i-0f5f350,AWS,2026-06,675.7,0.0,0,1171.11,EC2,r5.xlarge cache server
Marketing-Platform,gke-0472798,GCP,2026-06,4423.4,0.0,0,8846.75,GKE,GPU node pool
Staging-Env,df-0e86737,GCP,2026-06,702.1,0.0,0,1708.46,Dataflow,Streaming pipeline
Data-Science,bq-0c86405,GCP,2026-06,0.0,1608.2,0,643.3,BigQuery,BI reporting views
Internal-Tools,gcs-02db399,GCP,2026-06,0.0,24654.8,61636,246.55,Cloud Storage,Archive bucket
Compliance-Audit,s3-1109492,AWS,2026-06,0.0,903.1,1806415,79.03,S3,Artifact storage
Production-Main,ecs-001f111,AWS,2026-06,312.6,0.0,0,570.52,ECS,Fargate batch cluster
IoT-Platform,bq-0ece462,GCP,2026-06,0.0,2646.6,0,1058.64,BigQuery,BI reporting views
DevOps-Central,appi-0fd7806,AZURE,2026-06,0.0,0.0,18213416,227.68,Application Insights,Custom metrics
Production-Secondary,sentinel-0e21747,AZURE,2026-06,0.0,0.0,76468980,1911.72,Microsoft Sentinel,SIEM detection
Finance-Systems,gcf-068b670,GCP,2026-06,0.0,0.0,15331367,229.97,Cloud Functions,Data triggers
Partner-Integration,sb-03aa861,AZURE,2026-06,0.0,0.0,15881397,39.7,Service Bus,Standard messaging
Internal-Tools,gcs-0a11938,GCP,2026-06,0.0,373.0,5968912,69.02,Cloud Storage,Temp processing bucket
Production-Secondary,elb-106c801,AWS,2026-06,633.1,0.0,26377336,192.02,ELB,Application load balancer
Finance-Systems,elb-10f0785,AWS,2026-06,669.8,0.0,27910296,203.19,ELB,Application load balancer
Marketing-Platform,ca-0c19747,GCP,2026-06,0.0,0.0,57936734,217.25,Cloud Armor,WAF policies
Analytics-Platform,cr-0a15445,GCP,2026-06,489.5,0.0,2039532,636.34,Cloud Run,ETL pipeline service
Staging-Env,gcs-085e743,GCP,2026-06,0.0,17814.5,44535,178.15,Cloud Storage,Archive bucket
Analytics-Platform,bq-0ad8962,GCP,2026-06,0.0,10300.8,0,4120.33,BigQuery,Analytics data warehouse
DR-Recovery,sb-02f7507,AZURE,2026-06,905.0,0.0,12569745,688.19,Service Bus,Premium messaging
Compliance-Audit,rds-0425609,AWS,2026-06,936.0,650.0,0,1852.51,RDS,db.r5.large PostgreSQL replica
ML-Training,ebs-0ad9186,AWS,2026-06,0.0,3823.9,0,172.08,EBS,st1 volumes archive
Analytics-Platform,ado-00c7802,AZURE,2026-06,0.0,110.4,0,27.6,Azure DevOps,Artifacts storage
Security-Ops,s3-0180786,AWS,2026-06,0.0,12692.3,126922,291.92,S3,Backup storage bucket
Shared-Services,r53-0b2b508,AWS,2026-06,0.0,0.0,8624032,12.94,Route 53,Health checks
Finance-Systems,azmon-0218730,AZURE,2026-06,0.0,238.8,31843642,338.34,Azure Monitor,Logs and metrics
Internal-Tools,eks-03f1737,AWS,2026-06,492.6,0.0,0,1477.84,EKS,Staging K8s cluster
Marketing-Platform,r53-0c76143,AWS,2026-06,0.0,0.0,67121571,100.68,Route 53,DNS hosting
Production-Secondary,csql-090a778,GCP,2026-06,684.2,475.0,0,1349.25,Cloud SQL,MySQL analytics
Edge-Network,s3-0c0b689,AWS,2026-06,0.0,66.5,33245744,216.09,S3,Static website hosting
Marketing-Platform,ec-08b3367,AWS,2026-06,662.4,0.0,0,476.9,ElastiCache,Redis production cluster
Staging-Env,gke-0109701,GCP,2026-06,2941.2,0.0,0,5882.39,GKE,ML training cluster
IoT-Platform,bq-069d685,GCP,2026-06,0.0,2772.8,0,1109.14,BigQuery,BI reporting views
Customer-Portal,ps-0280184,GCP,2026-06,0.0,0.0,47679664,596.0,Pub/Sub,Log forwarding
Internal-Tools,ec-02b5631,AWS,2026-06,761.4,0.0,0,274.1,ElastiCache,Redis staging cluster
Mobile-Backend,sqs-0caf152,AWS,2026-06,0.0,0.0,309494,0.16,SQS,Dead letter queue
Mobile-Backend,aks-0338186,AZURE,2026-06,995.2,0.0,0,4478.29,AKS,Production K8s cluster
Internal-Tools,ec-0a32433,AWS,2026-06,660.6,0.0,0,237.83,ElastiCache,Redis staging cluster
Data-Science,gke-0f9c745,GCP,2026-06,2597.0,0.0,0,5193.87,GKE,GPU node pool
Production-Secondary,sentinel-075c368,AZURE,2026-06,0.0,0.0,76853078,1921.33,Microsoft Sentinel,SIEM detection
Shared-Services,s3-0fd6134,AWS,2026-06,0.0,14439.7,2887947,505.39,S3,Data lake raw zone
Production-Secondary,sqs-1120122,AWS,2026-06,0.0,0.0,27837950,13.92,SQS,Event notification queue
Internal-Tools,vai-02e9702,GCP,2026-06,912.6,0.0,10139935,1977.29,Vertex AI,Model serving endpoints
Customer-Portal,vpn-051d688,AWS,2026-06,1042.2,0.0,0,264.18,VPN Gateway,Client VPN endpoint
Compliance-Audit,s3-04b9679,AWS,2026-06,0.0,2665.3,15991868,666.33,S3,Production asset storage
Marketing-Platform,ec-0e10130,AWS,2026-06,856.6,0.0,0,616.76,ElastiCache,Redis production cluster
Partner-Integration,gcs-1012851,GCP,2026-06,0.0,21382.5,53454,213.82,Cloud Storage,Archive bucket
Customer-Portal,azmon-0250396,AZURE,2026-06,0.0,239.4,31923796,339.19,Azure Monitor,Logs and metrics
Internal-Tools,ebs-0742903,AWS,2026-06,0.0,1309.1,0,163.64,EBS,gp3 volumes production
Edge-Network,gke-05bf119,GCP,2026-06,2605.5,0.0,0,5210.96,GKE,ML training cluster
Security-Ops,s3-058b286,AWS,2026-06,0.0,6591.9,10547077,481.21,S3,Media content bucket
IoT-Platform,cr-05db884,GCP,2026-06,732.8,0.0,15266036,1099.15,Cloud Run,API gateway service
Marketing-Platform,ddb-0f52812,AWS,2026-06,732.5,51.0,81391888,572.29,DynamoDB,Session store table
Customer-Portal,vpn-044d967,AWS,2026-06,952.7,0.0,0,241.49,VPN Gateway,Client VPN endpoint
ML-Training,i-036c430,AWS,2026-06,673.6,0.0,0,2335.24,EC2,r5.2xlarge database server
Internal-Tools,sqs-0758153,AWS,2026-06,0.0,0.0,52813548,26.4,SQS,Order processing queue
Customer-Portal,vpn-080b733,AWS,2026-06,835.3,0.0,0,211.72,VPN Gateway,Client VPN endpoint
Marketing-Platform,nat-01df371,AWS,2026-06,892.6,0.0,0,407.25,NAT Gateway,Production VPC NAT
Staging-Env,cdns-03f7306,GCP,2026-06,0.0,0.0,24195497,36.29,Cloud DNS,DNS zones
Mobile-Backend,acr-07fd235,AZURE,2026-06,0.0,229.5,458978,151.46,Container Registry,Docker image registry
Production-Main,blob-0590204,AZURE,2026-06,0.0,2545.2,6787271,330.88,Blob Storage,Build artifacts
Production-Main,kv-0024951,AZURE,2026-06,0.0,0.0,2630210,7.89,Key Vault,Secrets management
Edge-Network,i-0607444,AWS,2026-06,529.8,0.0,0,1836.43,EC2,m5.2xlarge batch processor
Shared-Services,s3-0d6d893,AWS,2026-06,0.0,16273.0,3254612,569.56,S3,Data lake raw zone
Production-Main,i-068a660,AWS,2026-06,375.3,0.0,0,1088.28,EC2,c5.2xlarge HPC node
Shared-Services,ec-019b105,AWS,2026-06,730.1,0.0,0,262.83,ElastiCache,Redis staging cluster
Internal-Tools,s3-02bf969,AWS,2026-06,0.0,39.0,19513992,126.84,S3,Static website hosting
IoT-Platform,cdns-0ca6353,GCP,2026-06,0.0,0.0,14592051,21.89,Cloud DNS,DNS zones
Customer-Portal,elb-0285346,AWS,2026-06,585.9,0.0,40685758,253.88,ELB,Network load balancer
Partner-Integration,redis-0b29754,AZURE,2026-06,515.7,0.0,0,627.48,Azure Cache for Redis,Premium P1 cache
Partner-Integration,ado-0439616,AZURE,2026-06,639.6,0.0,0,319.83,Azure DevOps,Pipelines hosted
ML-Training,lam-084f704,AWS,2026-06,0.0,0.0,9018753,63.13,Lambda,Notification dispatcher
Production-Main,vm-003d976,AZURE,2026-06,911.2,0.0,0,1663.02,Virtual Machines,E4s v3 SIEM collector
Analytics-Platform,aks-09e9857,AZURE,2026-06,545.2,0.0,0,817.81,AKS,Dev K8s cluster
Analytics-Platform,gcs-1154713,GCP,2026-06,0.0,10044.7,251115,231.03,Cloud Storage,Backup bucket
Production-Secondary,app-0466740,AZURE,2026-06,990.8,0.0,0,602.7,App Service,Web app P1v3
Edge-Network,s3-0a66300,AWS,2026-06,0.0,11574.3,115741,266.21,S3,Backup storage bucket
Production-Secondary,r53-0a8a968,AWS,2026-06,0.0,0.0,9820236,14.73,Route 53,Health checks
Production-Secondary,fs-0c72951,GCP,2026-06,881.8,24.5,61238155,643.0,Firestore,Session store
ML-Training,lam-0373133,AWS,2026-06,0.0,0.0,11005030,77.04,Lambda,Notification dispatcher
Data-Science,ses-04ff620,AWS,2026-06,0.0,0.0,339941,0.4,SES,Marketing email
Shared-Services,ado-0fb4902,AZURE,2026-06,0.0,97.0,0,24.23,Azure DevOps,Artifacts storage
Data-Science,rs-0410704,AWS,2026-06,635.9,1766.3,0,3223.5,Redshift,Data warehouse cluster
DevOps-Central,redis-04b6472,AZURE,2026-06,765.3,0.0,0,931.16,Azure Cache for Redis,Premium P1 cache
Finance-Systems,eks-08fb841,AWS,2026-06,1100.7,0.0,0,3301.91,EKS,Production K8s cluster
Production-Secondary,i-10c1954,AWS,2026-06,1012.4,0.0,0,878.07,EC2,t3.large application server
Compliance-Audit,s3-05e1422,AWS,2026-06,0.0,14059.4,2811861,492.07,S3,Data lake raw zone
Customer-Portal,i-0913746,AWS,2026-06,615.5,0.0,0,44.92,EC2,t3.micro bastion host
Customer-Portal,bq-0e0f473,GCP,2026-06,0.0,993.1,0,397.26,BigQuery,Data export queries
Production-Secondary,elb-0082886,AWS,2026-06,812.1,0.0,11278917,164.22,ELB,Classic load balancer
Staging-Env,gcs-046f674,GCP,2026-06,0.0,11525.6,3841890,345.77,Cloud Storage,Data lake bucket
Customer-Portal,ses-0dde104,AWS,2026-06,0.0,0.0,611720,0.74,SES,Marketing email
Production-Main,eh-0b35787,AZURE,2026-06,0.0,648.3,0,162.08,Event Hubs,Capture to storage
Security-Ops,vm-1185620,AZURE,2026-06,584.7,0.0,0,2134.15,Virtual Machines,E8s v3 memory-optimized
Staging-Env,bq-09f5742,GCP,2026-06,0.0,1916.3,0,766.52,BigQuery,BI reporting views
Production-Main,i-0c92467,AWS,2026-06,645.8,0.0,0,2238.63,EC2,m5.2xlarge batch processor
IoT-Platform,cr-086e266,GCP,2026-06,488.9,0.0,4074305,423.73,Cloud Run,Webhook handler
Data-Science,vai-0128802,GCP,2026-06,369.4,0.0,0,1846.92,Vertex AI,Training pipelines
DevOps-Central,r53-00d2330,AWS,2026-06,0.0,0.0,7803434,11.71,Route 53,Health checks
Shared-Services,r53-0558765,AWS,2026-06,0.0,0.0,71417898,107.12,Route 53,DNS hosting
QA-Testing,elb-03e8828,AWS,2026-06,566.1,0.0,7862133,114.47,ELB,Classic load balancer
ML-Training,ebs-0ba3526,AWS,2026-06,0.0,4635.9,0,208.62,EBS,st1 volumes archive
Compliance-Audit,s3-06e9419,AWS,2026-06,0.0,3072.4,18434519,768.11,S3,Production asset storage
Customer-Portal,ca-0278283,GCP,2026-06,0.0,0.0,126431738,474.12,Cloud Armor,WAF policies
Partner-Integration,eh-03b1952,AZURE,2026-06,601.2,0.0,25048032,274.28,Event Hubs,Standard throughput units
Analytics-Platform,kv-0e9a441,AZURE,2026-06,0.0,0.0,1414582,4.24,Key Vault,Secrets management
Customer-Portal,gcs-0b71914,GCP,2026-06,0.0,20328.4,50819,203.29,Cloud Storage,Archive bucket
DR-Recovery,sqldb-0cf9280,AZURE,2026-06,1031.1,716.0,0,4181.73,SQL Database,Premium P1 analytics
Production-Secondary,r53-0f0d232,AWS,2026-06,0.0,0.0,9895166,14.84,Route 53,Health checks
Internal-Tools,gke-0e78642,GCP,2026-06,667.0,0.0,0,2001.05,GKE,Batch processing cluster
Edge-Network,gke-0b84982,GCP,2026-06,2072.6,0.0,0,4145.28,GKE,ML training cluster
Production-Secondary,sqldb-1181399,AZURE,2026-06,399.2,138.7,0,668.09,SQL Database,Standard S3 production
Customer-Portal,bq-0270967,GCP,2026-06,0.0,1085.5,0,434.21,BigQuery,Data export queries
Production-Secondary,ec-0079721,AWS,2026-06,900.0,0.0,0,324.01,ElastiCache,Redis staging cluster
Edge-Network,sns-048c776,AWS,2026-06,0.0,0.0,11849921,5.93,SNS,Alert notifications
Production-Main,r53-0470454,AWS,2026-06,0.0,0.0,12316971,18.48,Route 53,Health checks
Marketing-Platform,ps-0ef1751,GCP,2026-06,0.0,0.0,18150273,226.88,Pub/Sub,Data pipeline
Customer-Portal,app-0d4f996,AZURE,2026-06,759.3,0.0,0,923.86,App Service,API app P2v3
Production-Main,vm-088a832,AZURE,2026-06,781.0,0.0,0,2850.6,Virtual Machines,E8s v3 memory-optimized
Edge-Network,vpn-0800570,AWS,2026-06,573.5,0.0,0,145.37,VPN Gateway,Client VPN endpoint
Staging-Env,fs-0546802,GCP,2026-06,1068.4,74.2,44516035,612.09,Firestore,User profiles DB
Compliance-Audit,kin-0bc3292,AWS,2026-06,657.2,0.0,27381504,399.77,Kinesis,Data stream ingestion
Internal-Tools,gke-0f18163,GCP,2026-06,767.4,0.0,0,2302.2,GKE,Production API cluster
Analytics-Platform,gke-0af9529,GCP,2026-06,4772.2,0.0,0,9544.44,GKE,GPU node pool
Marketing-Platform,gke-090f342,GCP,2026-06,3928.8,0.0,0,7857.65,GKE,GPU node pool
Production-Main,cmon-0931564,GCP,2026-06,0.0,0.0,24255649,194.04,Cloud Monitoring,Metrics and alerting
Marketing-Platform,ddb-0a45101,AWS,2026-06,479.7,33.4,53305495,374.8,DynamoDB,Session store table
Data-Science,i-0465430,AWS,2026-06,599.9,0.0,0,519.93,EC2,m5.large monitoring server
Finance-Systems,s3-0241654,AWS,2026-06,0.0,5951.3,9522155,434.45,S3,Media content bucket
Data-Science,ses-0692725,AWS,2026-06,0.0,0.0,2356248,2.83,SES,Transactional email
Security-Ops,sqldb-015d279,AZURE,2026-06,880.5,61.1,0,183.0,SQL Database,Basic dev database
QA-Testing,lam-0888169,AWS,2026-06,0.0,0.0,4377317,30.86,Lambda,Image resizer
DevOps-Central,sb-1051676,AZURE,2026-06,708.3,0.0,9838424,538.66,Service Bus,Premium messaging
Finance-Systems,elb-1128805,AWS,2026-06,843.0,0.0,58544934,365.32,ELB,Network load balancer
Internal-Tools,ddb-02b0773,AWS,2026-06,891.6,61.9,99061426,696.53,DynamoDB,Session store table
IoT-Platform,cr-0b18689,GCP,2026-06,431.8,0.0,1799034,561.3,Cloud Run,ETL pipeline service
Customer-Portal,vm-0832652,AZURE,2026-06,895.5,0.0,0,272.37,Virtual Machines,B2s development VM
Security-Ops,cr-0175685,GCP,2026-06,320.7,0.0,1336334,277.96,Cloud Run,Image processor
ML-Training,rs-1144262,AWS,2026-06,0.0,0.0,4440904,222.05,Redshift,Spectrum queries
Finance-Systems,blob-0ec5692,AZURE,2026-06,0.0,2279.2,5698026,370.37,Blob Storage,Media content
IoT-Platform,gcs-0b0f310,GCP,2026-06,0.0,11180.2,3726714,335.4,Cloud Storage,Data lake bucket
Compliance-Audit,rds-0ac6147,AWS,2026-06,528.7,367.2,0,1358.68,RDS,db.r5.xlarge PostgreSQL primary
Production-Main,vm-0639386,AZURE,2026-06,1098.5,0.0,0,1559.84,Virtual Machines,F4s v2 compute node
Finance-Systems,csql-077d497,GCP,2026-06,654.8,181.9,0,786.65,Cloud SQL,PostgreSQL replica
IoT-Platform,gke-0763978,GCP,2026-06,527.5,0.0,0,1582.38,GKE,Batch processing cluster
IoT-Platform,bq-04e5220,GCP,2026-06,0.0,3196.5,0,1278.61,BigQuery,BI reporting views
Production-Secondary,ps-096f870,GCP,2026-06,0.0,0.0,14383574,179.79,Pub/Sub,Data pipeline
Marketing-Platform,ec-01d6411,AWS,2026-06,765.1,0.0,0,550.89,ElastiCache,Redis production cluster
Compliance-Audit,rds-05e8100,AWS,2026-06,1070.7,297.5,0,966.62,RDS,db.t3.large development DB
QA-Testing,lam-093f853,AWS,2026-06,0.0,0.0,34848460,242.19,Lambda,API gateway handler
Production-Secondary,vai-0599285,GCP,2026-06,251.3,0.0,0,1256.74,Vertex AI,AutoML jobs
Finance-Systems,s3-0ad4697,AWS,2026-06,0.0,10109.9,631876,252.74,S3,Log archive bucket
Mobile-Backend,vm-1113710,AZURE,2026-06,734.0,0.0,0,1042.26,Virtual Machines,F4s v2 compute node
Production-Secondary,sqldb-112c524,AZURE,2026-06,513.9,178.5,0,859.89,SQL Database,Standard S3 production
Mobile-Backend,vm-0345320,AZURE,2026-06,808.1,0.0,0,491.57,Virtual Machines,D2s v3 utility server
IoT-Platform,cr-080a213,GCP,2026-06,524.5,0.0,2185246,681.79,Cloud Run,ETL pipeline service
Compliance-Audit,rs-0b4f885,AWS,2026-06,0.0,0.0,4876019,243.8,Redshift,Spectrum queries
Analytics-Platform,vai-060a544,GCP,2026-06,206.6,0.0,0,1033.02,Vertex AI,AutoML jobs
Compliance-Audit,ses-0b60255,AWS,2026-06,0.0,0.0,1695368,2.04,SES,Transactional email
ML-Training,rds-0f5e458,AWS,2026-06,553.6,615.1,0,1291.75,RDS,db.m5.xlarge analytics DB
DevOps-Central,blob-0817476,AZURE,2026-06,0.0,8471.3,3176731,450.03,Blob Storage,Data lake storage
Finance-Systems,cosmos-0aff500,AZURE,2026-06,611.8,169.8,33984057,1380.6,Cosmos DB,User data store
Data-Science,gcf-0115177,GCP,2026-06,0.0,0.0,20556639,308.35,Cloud Functions,Pub/Sub processors
Marketing-Platform,sm-0bf6746,AWS,2026-06,0.0,0.0,1109469,4.45,Secrets Manager,Application secrets
IoT-Platform,gke-0c09866,GCP,2026-06,390.8,0.0,0,1172.31,GKE,Batch processing cluster
Analytics-Platform,vai-09f9353,GCP,2026-06,207.8,0.0,0,1039.11,Vertex AI,AutoML jobs
Security-Ops,cdns-0c4d441,GCP,2026-06,0.0,0.0,23551402,35.32,Cloud DNS,DNS zones
Customer-Portal,elb-078d589,AWS,2026-06,733.2,0.0,30548762,222.4,ELB,Application load balancer
QA-Testing,lam-0ca7303,AWS,2026-06,0.0,0.0,4970231,35.03,Lambda,Image resizer
DevOps-Central,appi-0b7d877,AZURE,2026-06,0.0,0.0,16836073,210.46,Application Insights,Custom metrics
DevOps-Central,appi-1005985,AZURE,2026-06,0.0,0.0,67627267,845.33,Application Insights,APM telemetry
Internal-Tools,gcs-02dd272,GCP,2026-06,0.0,2152.7,1076326,333.66,Cloud Storage,Model artifacts
Edge-Network,vpn-08cb273,AWS,2026-06,564.5,0.0,0,143.08,VPN Gateway,Client VPN endpoint
ML-Training,i-088d971,AWS,2026-06,758.6,0.0,0,2629.81,EC2,r5.2xlarge database server
Edge-Network,vai-10c7891,GCP,2026-06,642.7,0.0,7142352,1392.76,Vertex AI,Model serving endpoints
Customer-Portal,vpn-098e105,AWS,2026-06,1109.7,0.0,0,281.29,VPN Gateway,Client VPN endpoint
Data-Science,gcs-0113379,GCP,2026-06,0.0,535.8,8572773,99.12,Cloud Storage,Temp processing bucket
Data-Science,gcf-07e4298,GCP,2026-06,0.0,0.0,10284723,154.27,Cloud Functions,Auth handlers
Shared-Services,cosmos-0b23168,AZURE,2026-06,655.0,90.9,22743624,852.89,Cosmos DB,Event store
Compliance-Audit,elb-0e88274,AWS,2026-06,598.0,0.0,41531990,259.16,ELB,Network load balancer
DR-Recovery,cosmos-08fe192,AZURE,2026-06,856.7,238.0,47594054,1933.5,Cosmos DB,User data store
Data-Science,i-10b4120,AWS,2026-06,462.0,0.0,0,1601.51,EC2,m5.2xlarge batch processor
Shared-Services,s3-019d844,AWS,2026-06,0.0,16262.4,3252488,569.19,S3,Data lake raw zone
Staging-Env,ps-1034885,GCP,2026-06,0.0,0.0,14404629,180.06,Pub/Sub,Data pipeline
Partner-Integration,ddb-1080701,AWS,2026-06,1130.4,157.0,235498189,1766.24,DynamoDB,Cache table
Compliance-Audit,vpn-0dcf521,AWS,2026-06,649.6,0.0,0,164.66,VPN Gateway,Client VPN endpoint
Partner-Integration,rds-0a86894,AWS,2026-06,1019.3,707.8,0,2017.34,RDS,db.r5.large PostgreSQL replica
Staging-Env,bq-0438561,GCP,2026-06,0.0,1869.8,0,747.92,BigQuery,BI reporting views
Data-Science,csql-011b368,GCP,2026-06,881.5,244.9,0,1416.28,Cloud SQL,PostgreSQL primary
IoT-Platform,cr-0351276,GCP,2026-06,282.8,0.0,1178249,245.08,Cloud Run,Image processor
QA-Testing,elb-06d7691,AWS,2026-06,830.0,0.0,34583987,251.77,ELB,Application load balancer
Production-Main,clog-0050175,GCP,2026-06,0.0,279.5,0,69.86,Cloud Logging,Audit logs
Partner-Integration,vai-1112432,GCP,2026-06,601.6,0.0,0,3007.99,Vertex AI,Training pipelines
Analytics-Platform,mem-00bb357,GCP,2026-06,320.3,0.0,0,230.6,Memorystore,Redis staging cache
Production-Secondary,i-007e938,AWS,2026-06,672.9,0.0,0,2332.84,EC2,r5.2xlarge database server
ML-Training,ebs-0eb6707,AWS,2026-06,0.0,698.8,0,87.35,EBS,gp3 volumes production
Shared-Services,cosmos-0921628,AZURE,2026-06,514.5,71.4,17865871,669.97,Cosmos DB,Event store
Finance-Systems,csql-05a8505,GCP,2026-06,630.0,175.0,0,1012.28,Cloud SQL,PostgreSQL primary
Production-Main,cdns-0891333,GCP,2026-06,0.0,0.0,16699053,25.05,Cloud DNS,DNS zones
DR-Recovery,cosmos-0ee2607,AZURE,2026-06,918.5,255.2,51026881,2072.96,Cosmos DB,User data store
Data-Science,blob-07d6144,AZURE,2026-06,0.0,10778.1,107780,323.34,Blob Storage,Backup storage
Partner-Integration,rs-03c7685,AWS,2026-06,797.8,2216.2,0,4044.63,Redshift,Data warehouse cluster
Partner-Integration,azmon-0695468,AZURE,2026-06,0.0,287.8,38382838,407.82,Azure Monitor,Logs and metrics
Shared-Services,rds-0f49206,AWS,2026-06,615.1,427.1,0,1217.23,RDS,db.r5.large PostgreSQL replica
Analytics-Platform,bq-07cd619,GCP,2026-06,0.0,19397.4,0,7759.0,BigQuery,ML training datasets
DevOps-Central,appi-09ca610,AZURE,2026-06,0.0,0.0,60158217,751.97,Application Insights,APM telemetry
Data-Science,aks-014f990,AZURE,2026-06,507.1,0.0,0,2281.85,AKS,Production K8s cluster
Data-Science,aks-102c324,AZURE,2026-06,272.0,0.0,0,408.09,AKS,Dev K8s cluster
Production-Main,kin-001a241,AWS,2026-06,686.4,0.0,19067950,278.39,Kinesis,Firehose delivery
Production-Main,s3-0017758,AWS,2026-06,0.0,14654.1,2930826,512.89,S3,Data lake raw zone
Internal-Tools,ec-0706217,AWS,2026-06,547.4,0.0,0,394.09,ElastiCache,Redis production cluster
Compliance-Audit,vpn-0388274,AWS,2026-06,517.0,0.0,0,262.08,VPN Gateway,Site-to-site VPN
Partner-Integration,gke-06ef417,GCP,2026-06,649.9,0.0,0,1949.71,GKE,Production API cluster
DevOps-Central,vm-0fd0689,AZURE,2026-06,729.6,0.0,0,221.91,Virtual Machines,B2s development VM
Production-Main,kv-0a38604,AZURE,2026-06,0.0,0.0,2641398,7.92,Key Vault,Secrets management
Compliance-Audit,rds-10d0202,AWS,2026-06,552.2,383.5,0,1418.96,RDS,db.r5.xlarge PostgreSQL primary
Analytics-Platform,cr-090d817,GCP,2026-06,496.6,0.0,2069095,645.56,Cloud Run,ETL pipeline service
Internal-Tools,redis-044a879,AZURE,2026-06,636.2,0.0,0,322.53,Azure Cache for Redis,Standard C2 cache
IoT-Platform,bq-067b487,GCP,2026-06,0.0,3627.8,0,1451.13,BigQuery,BI reporting views
Finance-Systems,sb-0ea2541,AZURE,2026-06,0.0,0.0,27568790,68.92,Service Bus,Standard messaging
Data-Science,bq-011f575,GCP,2026-06,0.0,1717.2,0,686.87,BigQuery,Data export queries
Production-Secondary,ps-009c434,GCP,2026-06,0.0,0.0,12722432,159.03,Pub/Sub,Data pipeline
Internal-Tools,aks-09b3389,AZURE,2026-06,1669.7,0.0,0,2504.56,AKS,Staging K8s cluster
Internal-Tools,s3-07a6794,AWS,2026-06,0.0,4051.6,6482457,295.77,S3,Media content bucket
Customer-Portal,azmon-0faa173,AZURE,2026-06,0.0,221.4,29522065,313.68,Azure Monitor,Logs and metrics
Data-Science,i-0cfd292,AWS,2026-06,859.8,0.0,0,745.71,EC2,t3.large application server
Marketing-Platform,ps-0bf5968,GCP,2026-06,0.0,0.0,47635151,595.44,Pub/Sub,Log forwarding
Production-Secondary,sqldb-006d367,AZURE,2026-06,562.1,39.0,0,116.83,SQL Database,Basic dev database
Production-Main,cmon-0871829,GCP,2026-06,0.0,0.0,27305041,218.44,Cloud Monitoring,Metrics and alerting
Edge-Network,s3-0719478,AWS,2026-06,0.0,50.3,25151174,163.47,S3,Static website hosting
Shared-Services,eh-01b3861,AZURE,2026-06,952.3,0.0,39679216,434.49,Event Hubs,Standard throughput units
Analytics-Platform,csql-0e94250,GCP,2026-06,655.7,182.1,0,787.75,Cloud SQL,PostgreSQL replica
Edge-Network,sns-04ef293,AWS,2026-06,0.0,0.0,11498178,5.75,SNS,Alert notifications
ML-Training,kin-1087550,AWS,2026-06,818.1,0.0,34087946,497.68,Kinesis,Data stream ingestion
Data-Science,ddb-0144483,AWS,2026-06,839.2,58.3,93246040,655.64,DynamoDB,Session store table
QA-Testing,lam-09f6339,AWS,2026-06,0.0,0.0,4829707,34.05,Lambda,Image resizer
Analytics-Platform,fs-0559899,GCP,2026-06,1054.4,29.3,73226943,768.88,Firestore,Session store
Data-Science,mem-0e29480,GCP,2026-06,322.2,0.0,0,232.0,Memorystore,Redis staging cache
Internal-Tools,elb-0947447,AWS,2026-06,1007.9,0.0,13999637,203.84,ELB,Classic load balancer
Finance-Systems,gcf-0236582,GCP,2026-06,0.0,0.0,9530868,142.96,Cloud Functions,Auth handlers
Customer-Portal,sqldb-0262859,AZURE,2026-06,976.3,339.0,0,1633.72,SQL Database,Standard S3 production
Shared-Services,gcs-04f9594,GCP,2026-06,0.0,3712.3,3712202,269.14,Cloud Storage,Media assets bucket
Customer-Portal,ses-06a2688,AWS,2026-06,0.0,0.0,581489,0.7,SES,Marketing email
Production-Secondary,s3-0077408,AWS,2026-06,0.0,5654.3,9046883,412.76,S3,Media content bucket
Internal-Tools,s3-02bc563,AWS,2026-06,0.0,3616.2,1808093,135.61,S3,Analytics export bucket
Finance-Systems,aks-0215831,AZURE,2026-06,1297.9,0.0,0,1946.9,AKS,Staging K8s cluster
Shared-Services,vai-0a1b338,GCP,2026-06,275.3,0.0,0,1376.58,Vertex AI,AutoML jobs
Analytics-Platform,ado-0ed0672,AZURE,2026-06,0.0,106.6,0,26.66,Azure DevOps,Artifacts storage
Production-Secondary,csql-0b38645,GCP,2026-06,608.8,169.1,0,978.09,Cloud SQL,PostgreSQL primary
QA-Testing,lam-0bd8325,AWS,2026-06,0.0,0.0,35417715,246.15,Lambda,API gateway handler
Edge-Network,fs-104b516,GCP,2026-06,555.5,15.4,38574763,405.03,Firestore,Session store
Finance-Systems,gcs-0e36381,GCP,2026-06,0.0,395.7,6331468,73.2,Cloud Storage,Temp processing bucket
Internal-Tools,s3-0827332,AWS,2026-06,0.0,42.4,21207422,137.85,S3,Static website hosting
DR-Recovery,appi-0da9194,AZURE,2026-06,0.0,0.0,22343693,279.3,Application Insights,Custom metrics
Edge-Network,s3-031b847,AWS,2026-06,0.0,59.5,29726827,193.22,S3,Static website hosting
Mobile-Backend,ebs-04fd975,AWS,2026-06,0.0,4005.8,0,180.27,EBS,st1 volumes archive
Security-Ops,csp-016b743,GCP,2026-06,983.5,136.6,68295224,5982.66,Cloud Spanner,Global transaction DB
IoT-Platform,bq-0fc4346,GCP,2026-06,0.0,2521.7,0,1008.72,BigQuery,BI reporting views
QA-Testing,lam-03e0492,AWS,2026-06,0.0,0.0,15805031,110.64,Lambda,Event processor
Production-Main,aks-0bc0816,AZURE,2026-06,1302.1,0.0,0,1953.13,AKS,Staging K8s cluster
Mobile-Backend,fd-06fe344,AZURE,2026-06,0.0,0.0,43203825,324.03,Front Door,Global load balancer
Customer-Portal,cosmos-04b5613,AZURE,2026-06,682.5,47.4,14218716,462.11,Cosmos DB,Config store
Finance-Systems,elb-098a560,AWS,2026-06,752.9,0.0,31368766,228.37,ELB,Application load balancer
DevOps-Central,ec-00cb370,AWS,2026-06,819.3,0.0,0,589.87,ElastiCache,Redis production cluster
Security-Ops,lam-0179437,AWS,2026-06,0.0,0.0,28027636,196.19,Lambda,Data transformer
ML-Training,lam-117f789,AWS,2026-06,0.0,0.0,14200590,99.4,Lambda,Notification dispatcher
Edge-Network,vpn-0a60326,AWS,2026-06,536.4,0.0,0,271.96,VPN Gateway,Site-to-site VPN
Marketing-Platform,ec-0bd0408,AWS,2026-06,723.5,0.0,0,520.89,ElastiCache,Redis production cluster
Production-Secondary,df-0523907,GCP,2026-06,796.3,0.0,0,1937.74,Dataflow,Streaming pipeline
Marketing-Platform,csp-01fa503,GCP,2026-06,995.4,138.3,69127898,6055.6,Cloud Spanner,Global transaction DB
Production-Main,lam-10c9218,AWS,2026-06,0.0,0.0,4613306,32.3,Lambda,Notification dispatcher
Edge-Network,ps-06fd572,GCP,2026-06,0.0,0.0,39683192,496.04,Pub/Sub,Log forwarding
Internal-Tools,ec-0992806,AWS,2026-06,480.0,0.0,0,345.53,ElastiCache,Redis production cluster
Production-Main,i-0bac739,AWS,2026-06,368.6,0.0,0,1068.93,EC2,c5.2xlarge HPC node
Edge-Network,csql-106f438,GCP,2026-06,742.6,206.3,0,892.04,Cloud SQL,PostgreSQL replica
IoT-Platform,cdns-0808182,GCP,2026-06,0.0,0.0,15978418,23.96,Cloud DNS,DNS zones
Partner-Integration,elb-0700448,AWS,2026-06,488.7,0.0,20363576,148.25,ELB,Application load balancer
Shared-Services,s3-019c253,AWS,2026-06,0.0,2127.4,12764374,531.85,S3,Production asset storage
Customer-Portal,ps-0982535,GCP,2026-06,0.0,0.0,8328912,104.12,Pub/Sub,Data pipeline
Finance-Systems,sb-0abe213,AZURE,2026-06,0.0,0.0,26216858,65.54,Service Bus,Standard messaging
Shared-Services,vm-01ba554,AZURE,2026-06,392.0,0.0,0,3576.93,Virtual Machines,NC6s v3 GPU VM
Production-Secondary,app-0909121,AZURE,2026-06,1246.5,0.0,0,758.23,App Service,Web app P1v3
Finance-Systems,s3-0dbf295,AWS,2026-06,0.0,5056.9,8091131,369.16,S3,Media content bucket
Internal-Tools,ec-08ee362,AWS,2026-06,519.0,0.0,0,373.61,ElastiCache,Redis production cluster
Security-Ops,bq-0167622,GCP,2026-06,0.0,1559.6,0,623.85,BigQuery,BI reporting views
ML-Training,lam-089f792,AWS,2026-06,0.0,0.0,47897796,332.9,Lambda,API gateway handler
Analytics-Platform,ado-00c6175,AZURE,2026-06,470.6,0.0,0,235.32,Azure DevOps,Pipelines hosted
Edge-Network,csql-093b762,GCP,2026-06,782.6,217.4,0,940.13,Cloud SQL,PostgreSQL replica
Finance-Systems,blob-0ae8718,AZURE,2026-06,0.0,7260.1,72599,217.8,Blob Storage,Backup storage
Edge-Network,rds-0f71882,AWS,2026-06,521.0,361.8,0,1338.63,RDS,db.r5.xlarge PostgreSQL primary
Security-Ops,vm-015e672,AZURE,2026-06,620.0,0.0,0,377.15,Virtual Machines,D2s v3 utility server
Production-Secondary,mem-0095546,GCP,2026-06,614.6,0.0,0,442.5,Memorystore,Redis production cache
Data-Science,gke-0e32687,GCP,2026-06,3835.0,0.0,0,7669.82,GKE,GPU node pool
Security-Ops,bq-0c2f971,GCP,2026-06,0.0,1588.8,0,635.55,BigQuery,BI reporting views
Data-Science,gcf-09ab546,GCP,2026-06,0.0,0.0,9607972,144.12,Cloud Functions,Auth handlers
Internal-Tools,gcs-0489208,GCP,2026-06,0.0,407.8,6525723,75.46,Cloud Storage,Temp processing bucket
Data-Science,fd-078a255,AZURE,2026-06,0.0,0.0,36279537,272.1,Front Door,Global load balancer
Partner-Integration,gcs-1007922,GCP,2026-06,0.0,2416.3,1208160,374.53,Cloud Storage,Model artifacts
Internal-Tools,elb-02b9187,AWS,2026-06,968.0,0.0,67219164,419.45,ELB,Network load balancer
Customer-Portal,cosmos-0835427,AZURE,2026-06,869.7,60.3,18118914,588.87,Cosmos DB,Config store
Production-Secondary,blob-0fbd152,AZURE,2026-06,0.0,14786.4,36965,118.29,Blob Storage,Archive tier
Customer-Portal,blob-0839846,AZURE,2026-06,0.0,5959.9,0,595.99,Blob Storage,Security audit logs
Production-Main,aks-0aa2773,AZURE,2026-06,588.5,0.0,0,2648.36,AKS,Production K8s cluster
Internal-Tools,cr-046e870,GCP,2026-06,287.2,0.0,1196817,248.94,Cloud Run,Image processor
Partner-Integration,vai-0cf6544,GCP,2026-06,241.4,0.0,0,1207.02,Vertex AI,AutoML jobs
Production-Main,aks-0eb0801,AZURE,2026-06,484.3,0.0,0,726.45,AKS,Dev K8s cluster
Marketing-Platform,sm-0b6e297,AWS,2026-06,0.0,0.0,873912,3.49,Secrets Manager,Application secrets
Production-Secondary,elb-0937293,AWS,2026-06,721.5,0.0,30063552,218.86,ELB,Application load balancer
Customer-Portal,ado-0910502,AZURE,2026-06,0.0,107.2,0,26.8,Azure DevOps,Artifacts storage
Shared-Services,ado-07b2307,AZURE,2026-06,490.3,0.0,0,245.11,Azure DevOps,Pipelines hosted
Production-Main,cosmos-0ceb324,AZURE,2026-06,947.2,263.1,52623551,2137.83,Cosmos DB,User data store
Shared-Services,rds-0c77272,AWS,2026-06,577.8,160.5,0,521.55,RDS,db.t3.large development DB
Compliance-Audit,vpn-0689714,AWS,2026-06,451.8,0.0,0,229.01,VPN Gateway,Site-to-site VPN
DR-Recovery,appi-1178561,AZURE,2026-06,0.0,0.0,16674459,208.43,Application Insights,Custom metrics
Internal-Tools,blob-0298842,AZURE,2026-06,0.0,3736.3,9963346,485.71,Blob Storage,Build artifacts
Analytics-Platform,kv-09a4625,AZURE,2026-06,0.0,0.0,553404,1.66,Key Vault,Certificate store
Production-Secondary,redis-1191966,AZURE,2026-06,1035.7,0.0,0,525.0,Azure Cache for Redis,Standard C2 cache
Compliance-Audit,i-042e877,AWS,2026-06,622.7,0.0,0,1079.38,EC2,r5.xlarge cache server
Production-Secondary,sentinel-0a95436,AZURE,2026-06,0.0,0.0,70669300,1766.73,Microsoft Sentinel,SIEM detection
Shared-Services,nat-04f3423,AWS,2026-06,660.4,0.0,0,301.34,NAT Gateway,Production VPC NAT
IoT-Platform,cr-0352291,GCP,2026-06,682.4,0.0,14216404,1023.58,Cloud Run,API gateway service
Finance-Systems,rds-0766891,AWS,2026-06,611.3,849.0,0,2716.71,RDS,db.r5.2xlarge Aurora cluster
Production-Main,cf-0003320,AWS,2026-06,0.0,0.0,107341192,536.71,CloudFront,CDN media distribution
Customer-Portal,mem-0970602,GCP,2026-06,343.0,0.0,0,246.93,Memorystore,Redis staging cache
Production-Secondary,acr-0834611,AZURE,2026-06,0.0,215.4,430686,142.13,Container Registry,Docker image registry
Production-Secondary,blob-1149645,AZURE,2026-06,0.0,2532.7,6331693,411.56,Blob Storage,Media content
Customer-Portal,i-0bd7434,AWS,2026-06,617.6,0.0,0,45.08,EC2,t3.micro bastion host
DevOps-Central,blob-0fb6133,AZURE,2026-06,0.0,5018.8,0,501.88,Blob Storage,Security audit logs
Analytics-Platform,gcs-0561333,GCP,2026-06,0.0,9211.7,230293,211.87,Cloud Storage,Backup bucket
Marketing-Platform,lam-063a502,AWS,2026-06,0.0,0.0,19300052,135.1,Lambda,Data transformer
Shared-Services,func-106b269,AZURE,2026-06,0.0,0.0,8881464,133.22,Azure Functions,API handlers
Mobile-Backend,kin-056c185,AWS,2026-06,696.9,0.0,29036390,423.93,Kinesis,Data stream ingestion
Production-Main,i-04f1220,AWS,2026-06,658.4,0.0,0,2282.25,EC2,m5.2xlarge batch processor
DevOps-Central,vm-0a85632,AZURE,2026-06,648.6,0.0,0,5918.51,Virtual Machines,NC6s v3 GPU VM
Mobile-Backend,fd-0587882,AZURE,2026-06,0.0,0.0,42102932,315.77,Front Door,Global load balancer
Production-Secondary,sqldb-0dda483,AZURE,2026-06,448.6,155.9,0,750.78,SQL Database,Standard S3 production
Shared-Services,fd-01b4291,AZURE,2026-06,0.0,0.0,56239538,421.8,Front Door,Global load balancer
Security-Ops,gke-1088434,GCP,2026-06,2769.9,0.0,0,5539.92,GKE,ML training cluster
Security-Ops,vpn-0d67108,AWS,2026-06,617.6,0.0,0,156.54,VPN Gateway,Client VPN endpoint
Staging-Env,gcs-0107576,GCP,2026-06,0.0,3987.7,3987707,289.11,Cloud Storage,Media assets bucket
Analytics-Platform,fs-05fa889,GCP,2026-06,1073.4,29.8,74544020,782.71,Firestore,Session store
Internal-Tools,sentinel-02a1505,AZURE,2026-06,0.0,0.0,35236857,880.92,Microsoft Sentinel,Log analytics
Edge-Network,s3-0ea4486,AWS,2026-06,0.0,14462.2,144621,332.63,S3,Backup storage bucket
Security-Ops,df-0f86836,GCP,2026-06,350.3,0.0,0,852.58,Dataflow,Batch pipeline
Analytics-Platform,gcs-0d7e884,GCP,2026-06,0.0,1978.8,1978814,143.46,Cloud Storage,Media assets bucket
Production-Secondary,kv-0065440,AZURE,2026-06,0.0,0.0,2431190,7.29,Key Vault,Secrets management
Security-Ops,bq-0e89270,GCP,2026-06,0.0,9935.0,0,3973.99,BigQuery,ML training datasets
DR-Recovery,cosmos-0867713,AZURE,2026-06,925.6,257.1,51422878,2089.05,Cosmos DB,User data store
Shared-Services,vm-05d6199,AZURE,2026-06,446.2,0.0,0,4071.18,Virtual Machines,NC6s v3 GPU VM
Internal-Tools,aks-0296711,AZURE,2026-06,783.3,0.0,0,3524.97,AKS,Production K8s cluster
Internal-Tools,ebs-05fb936,AWS,2026-06,0.0,1329.9,0,166.24,EBS,gp3 volumes production
Production-Secondary,acr-1133427,AZURE,2026-06,0.0,211.3,422491,139.43,Container Registry,Docker image registry
Production-Secondary,blob-087f580,AZURE,2026-06,0.0,7018.7,2632002,372.86,Blob Storage,Data lake storage
Compliance-Audit,s3-0b6b490,AWS,2026-06,0.0,3983.0,1991465,149.36,S3,Analytics export bucket
Data-Science,gcs-0645888,GCP,2026-06,0.0,10035.5,250889,230.81,Cloud Storage,Backup bucket
Edge-Network,s3-06ff262,AWS,2026-06,0.0,1004.0,2008056,87.84,S3,Artifact storage
Finance-Systems,gcs-022e492,GCP,2026-06,0.0,10571.7,3523905,317.15,Cloud Storage,Data lake bucket
Shared-Services,kv-0957987,AZURE,2026-06,0.0,0.0,453011,1.36,Key Vault,Certificate store
Finance-Systems,s3-0a14417,AWS,2026-06,0.0,6739.6,67396,155.01,S3,Backup storage bucket
Customer-Portal,mem-0ef3274,GCP,2026-06,363.1,0.0,0,261.36,Memorystore,Redis staging cache
Production-Main,vm-0b41296,AZURE,2026-06,467.4,0.0,0,4265.29,Virtual Machines,NC6s v3 GPU VM
Compliance-Audit,ecs-0387740,AWS,2026-06,459.6,0.0,0,838.81,ECS,Fargate worker cluster
QA-Testing,lam-10dd814,AWS,2026-06,0.0,0.0,3207482,22.45,Lambda,Webhook processor
Marketing-Platform,ddb-0bfd934,AWS,2026-06,655.0,45.5,72779459,511.73,DynamoDB,Session store table
Partner-Integration,redis-06f8389,AZURE,2026-06,838.2,0.0,0,1019.81,Azure Cache for Redis,Premium P1 cache
Shared-Services,rds-04e1616,AWS,2026-06,660.3,183.4,0,596.05,RDS,db.t3.large development DB
Mobile-Backend,ebs-10e8663,AWS,2026-06,0.0,2867.0,0,129.02,EBS,st1 volumes archive
Production-Main,cmon-0427100,GCP,2026-06,0.0,0.0,23920693,191.36,Cloud Monitoring,Metrics and alerting
Marketing-Platform,cdns-0d26589,GCP,2026-06,0.0,0.0,15292774,22.95,Cloud DNS,DNS zones
DR-Recovery,sqldb-0803479,AZURE,2026-06,1023.8,711.0,0,4152.23,SQL Database,Premium P1 analytics
Production-Main,ecs-0bb3908,AWS,2026-06,365.5,0.0,0,666.92,ECS,Fargate worker cluster
Internal-Tools,ses-02a7914,AWS,2026-06,0.0,0.0,636637,0.76,SES,Marketing email
Production-Secondary,acr-07ad940,AZURE,2026-06,0.0,248.6,497206,164.08,Container Registry,Docker image registry
Compliance-Audit,s3-038f677,AWS,2026-06,0.0,3857.9,1928932,144.67,S3,Analytics export bucket
Customer-Portal,i-028f489,AWS,2026-06,799.3,0.0,0,693.27,EC2,t3.large application server
IoT-Platform,fs-034f225,GCP,2026-06,911.7,25.3,63311052,664.77,Firestore,Session store
Analytics-Platform,eh-0806403,AZURE,2026-06,627.5,0.0,26146679,286.31,Event Hubs,Standard throughput units
Edge-Network,sns-0bbd511,AWS,2026-06,0.0,0.0,13751864,6.88,SNS,Alert notifications
Finance-Systems,ps-022f437,GCP,2026-06,0.0,0.0,49105186,613.81,Pub/Sub,Log forwarding
Finance-Systems,acr-0224993,AZURE,2026-06,0.0,338.9,677813,223.68,Container Registry,Docker image registry
Finance-Systems,s3-09d3333,AWS,2026-06,0.0,9508.2,594264,237.7,S3,Log archive bucket
Production-Main,vai-004d787,GCP,2026-06,703.5,0.0,7816400,1524.2,Vertex AI,Model serving endpoints
Production-Main,aks-0f57337,AZURE,2026-06,420.1,0.0,0,630.11,AKS,Dev K8s cluster
Shared-Services,vm-01b8556,AZURE,2026-06,653.0,0.0,0,1588.97,Virtual Machines,D8s v3 application server
Shared-Services,sb-08e5943,AZURE,2026-06,481.3,0.0,6685350,366.02,Service Bus,Premium messaging
Data-Science,blob-04b8243,AZURE,2026-06,0.0,10330.4,103303,309.91,Blob Storage,Backup storage
Customer-Portal,func-0e55523,AZURE,2026-06,0.0,0.0,2864000,42.96,Azure Functions,Webhook processor
Compliance-Audit,i-0e90994,AWS,2026-06,690.7,0.0,0,598.61,EC2,m5.large monitoring server
DevOps-Central,azmon-00e3878,AZURE,2026-06,0.0,341.3,45511444,483.56,Azure Monitor,Logs and metrics
ML-Training,rds-1056958,AWS,2026-06,622.8,692.0,0,1453.15,RDS,db.m5.xlarge analytics DB
Internal-Tools,cr-02e3551,GCP,2026-06,887.0,0.0,18480043,1330.56,Cloud Run,API gateway service
Marketing-Platform,ec-07ee977,AWS,2026-06,670.2,0.0,0,482.55,ElastiCache,Redis production cluster
QA-Testing,elb-1159984,AWS,2026-06,660.2,0.0,9168813,133.49,ELB,Classic load balancer
DevOps-Central,aks-041e972,AZURE,2026-06,394.7,0.0,0,592.08,AKS,Dev K8s cluster
Production-Main,blob-0c25669,AZURE,2026-06,0.0,2533.1,6754979,329.31,Blob Storage,Build artifacts
Data-Science,gcf-0aa7783,GCP,2026-06,0.0,0.0,13396439,200.95,Cloud Functions,Data triggers
Production-Secondary,eh-0450304,AZURE,2026-06,677.6,0.0,28233615,309.15,Event Hubs,Standard throughput units
Edge-Network,elb-0512305,AWS,2026-06,819.9,0.0,11386441,165.79,ELB,Classic load balancer
DevOps-Central,app-00ea379,AZURE,2026-06,760.5,0.0,0,462.62,App Service,Web app P1v3
Marketing-Platform,ddb-0fdb347,AWS,2026-06,557.1,38.8,61903293,435.26,DynamoDB,Session store table
Analytics-Platform,cr-091c564,GCP,2026-06,626.6,0.0,13054616,939.93,Cloud Run,API gateway service
Edge-Network,ps-0583674,GCP,2026-06,0.0,0.0,42251884,528.15,Pub/Sub,Log forwarding
Staging-Env,cr-010f896,GCP,2026-06,626.7,0.0,2611094,814.66,Cloud Run,ETL pipeline service
Internal-Tools,blob-1187759,AZURE,2026-06,0.0,13936.0,139359,418.08,Blob Storage,Backup storage
Production-Secondary,elb-05c2651,AWS,2026-06,657.2,0.0,27383079,199.35,ELB,Application load balancer
Production-Main,blob-1077331,AZURE,2026-06,0.0,3080.6,8214841,400.48,Blob Storage,Build artifacts
ML-Training,lam-0fbc967,AWS,2026-06,0.0,0.0,51246508,356.17,Lambda,API gateway handler
Compliance-Audit,i-0c4f200,AWS,2026-06,899.2,0.0,0,65.65,EC2,t3.micro bastion host
Production-Main,lam-1143684,AWS,2026-06,0.0,0.0,39071387,273.51,Lambda,Data transformer
Shared-Services,ado-0b61138,AZURE,2026-06,0.0,78.4,0,19.6,Azure DevOps,Artifacts storage
Marketing-Platform,gke-1179708,GCP,2026-06,4101.9,0.0,0,8203.73,GKE,GPU node pool
Internal-Tools,lam-0d49445,AWS,2026-06,0.0,0.0,21319488,149.23,Lambda,Data transformer
Security-Ops,bq-0ac0928,GCP,2026-06,0.0,8213.3,0,3285.31,BigQuery,Analytics data warehouse
Marketing-Platform,ec-09a2710,AWS,2026-06,717.9,0.0,0,516.87,ElastiCache,Redis production cluster
Production-Secondary,elb-0ab7130,AWS,2026-06,567.3,0.0,23636291,172.07,ELB,Application load balancer
Customer-Portal,vm-025b762,AZURE,2026-06,606.5,0.0,0,368.94,Virtual Machines,D2s v3 utility server
Shared-Services,rds-01a1956,AWS,2026-06,535.7,372.0,0,1060.15,RDS,db.r5.large PostgreSQL replica
Production-Secondary,app-0fb2316,AZURE,2026-06,807.4,0.0,0,491.17,App Service,Web app P1v3
Staging-Env,gcf-0792467,GCP,2026-06,0.0,0.0,2812500,42.18,Cloud Functions,Scheduled tasks
Production-Secondary,elb-08b6221,AWS,2026-06,719.8,0.0,29990102,218.33,ELB,Application load balancer
Internal-Tools,ec-04d3686,AWS,2026-06,479.9,0.0,0,345.51,ElastiCache,Redis production cluster
Marketing-Platform,eks-01d3629,AWS,2026-06,369.4,0.0,0,1108.17,EKS,Staging K8s cluster
Shared-Services,func-0509892,AZURE,2026-06,0.0,0.0,8662519,129.94,Azure Functions,API handlers
Production-Secondary,eh-0ed1531,AZURE,2026-06,733.2,0.0,30548315,334.5,Event Hubs,Standard throughput units
Finance-Systems,cr-0230163,GCP,2026-06,568.8,0.0,2369876,739.4,Cloud Run,ETL pipeline service
Production-Secondary,mem-049c168,GCP,2026-06,576.0,0.0,0,414.71,Memorystore,Redis production cache
Production-Secondary,sb-0550807,AZURE,2026-06,0.0,0.0,22625766,56.56,Service Bus,Standard messaging
Mobile-Backend,sqs-05af649,AWS,2026-06,0.0,0.0,332635,0.17,SQS,Dead letter queue
Compliance-Audit,rds-0513820,AWS,2026-06,593.6,412.3,0,1525.44,RDS,db.r5.xlarge PostgreSQL primary
Customer-Portal,ses-117c830,AWS,2026-06,0.0,0.0,698419,0.85,SES,Marketing email
ML-Training,sns-0366281,AWS,2026-06,0.0,0.0,9385313,4.69,SNS,Alert notifications
Marketing-Platform,rds-0420438,AWS,2026-06,427.0,118.7,0,504.11,RDS,db.t3.medium MySQL staging
Customer-Portal,vai-0272824,GCP,2026-06,206.9,0.0,0,1034.4,Vertex AI,AutoML jobs
Compliance-Audit,s3-0477403,AWS,2026-06,0.0,740.2,1480411,64.77,S3,Artifact storage
Production-Secondary,fs-0de5948,GCP,2026-06,1014.3,28.2,70438517,739.61,Firestore,Session store
Finance-Systems,func-021d261,AZURE,2026-06,0.0,0.0,4153612,62.3,Azure Functions,Webhook processor
IoT-Platform,cmon-0355663,GCP,2026-06,0.0,0.0,31476723,251.81,Cloud Monitoring,Metrics and alerting
Compliance-Audit,elb-0d71740,AWS,2026-06,439.9,0.0,30546819,190.61,ELB,Network load balancer
Internal-Tools,gcf-0f0c894,GCP,2026-06,0.0,0.0,2242034,33.62,Cloud Functions,Scheduled tasks
Customer-Portal,fs-04aa211,GCP,2026-06,885.7,61.6,36906297,507.46,Firestore,User profiles DB
QA-Testing,ses-06cb257,AWS,2026-06,0.0,0.0,2408162,2.89,SES,Transactional email
Analytics-Platform,gke-0ec0794,GCP,2026-06,4635.2,0.0,0,9270.44,GKE,GPU node pool
Compliance-Audit,rds-0393803,AWS,2026-06,990.7,688.0,0,1960.71,RDS,db.r5.large PostgreSQL replica
Partner-Integration,vai-1089220,GCP,2026-06,638.1,0.0,0,3190.4,Vertex AI,Training pipelines
Compliance-Audit,i-07a7252,AWS,2026-06,814.3,0.0,0,705.77,EC2,m5.large monitoring server
Marketing-Platform,vai-0787119,GCP,2026-06,633.0,0.0,0,3165.09,Vertex AI,Training pipelines
Finance-Systems,appi-0ada402,AZURE,2026-06,0.0,0.0,16672421,208.41,Application Insights,Custom metrics
DevOps-Central,ddb-00ce395,AWS,2026-06,520.5,72.3,108427184,813.2,DynamoDB,Cache table
Marketing-Platform,vai-0201406,GCP,2026-06,584.4,0.0,0,2922.06,Vertex AI,Training pipelines
Production-Secondary,blob-08d0486,AZURE,2026-06,0.0,12395.8,123957,371.87,Blob Storage,Backup storage
Production-Secondary,blob-1102786,AZURE,2026-06,0.0,14525.0,36312,116.19,Blob Storage,Archive tier
Marketing-Platform,gke-0da0927,GCP,2026-06,2163.4,0.0,0,4326.86,GKE,ML training cluster
Finance-Systems,func-0b2d239,AZURE,2026-06,0.0,0.0,4924977,73.88,Azure Functions,API handlers
Shared-Services,func-0fb3832,AZURE,2026-06,0.0,0.0,3325927,49.9,Azure Functions,Webhook processor
Security-Ops,vpn-017d779,AWS,2026-06,545.1,0.0,0,138.16,VPN Gateway,Client VPN endpoint
Security-Ops,ecs-0658518,AWS,2026-06,160.9,0.0,0,293.72,ECS,Fargate batch cluster
Data-Science,blob-0ff1848,AZURE,2026-06,0.0,2559.0,6823970,332.66,Blob Storage,Build artifacts
ML-Training,i-0dc9655,AWS,2026-06,648.6,0.0,0,2248.51,EC2,r5.2xlarge database server
Security-Ops,cmon-0171477,GCP,2026-06,0.0,0.0,21789752,174.32,Cloud Monitoring,Metrics and alerting
Customer-Portal,elb-0286969,AWS,2026-06,789.6,0.0,32900614,239.52,ELB,Application load balancer
Production-Main,lam-0009821,AWS,2026-06,0.0,0.0,33124395,231.87,Lambda,Data transformer
Security-Ops,ps-0a1e824,GCP,2026-06,0.0,0.0,31120601,389.0,Pub/Sub,Event streaming
Partner-Integration,rs-03c6136,AWS,2026-06,0.0,0.0,4858962,242.95,Redshift,Spectrum queries
Marketing-Platform,gcf-0c54457,GCP,2026-06,0.0,0.0,1724112,25.86,Cloud Functions,Scheduled tasks
Security-Ops,ecs-101c745,AWS,2026-06,484.7,0.0,0,884.65,ECS,Fargate worker cluster
Finance-Systems,gcf-0afd438,GCP,2026-06,0.0,0.0,13262048,198.93,Cloud Functions,Data triggers
Production-Main,blob-0f7c723,AZURE,2026-06,0.0,2879.0,7677538,374.28,Blob Storage,Build artifacts
Marketing-Platform,r53-0d41208,AWS,2026-06,0.0,0.0,46611760,69.91,Route 53,DNS hosting
Internal-Tools,lam-0b1d283,AWS,2026-06,0.0,0.0,8793374,61.55,Lambda,Notification dispatcher
Shared-Services,eh-04b1664,AZURE,2026-06,1068.4,0.0,44515758,487.45,Event Hubs,Standard throughput units
Edge-Network,s3-101a960,AWS,2026-06,0.0,12967.3,129671,298.25,S3,Backup storage bucket
Analytics-Platform,gcs-101b784,GCP,2026-06,0.0,8737.0,218423,200.95,Cloud Storage,Backup bucket
Marketing-Platform,ca-0a37345,GCP,2026-06,0.0,0.0,61993678,232.47,Cloud Armor,WAF policies
Staging-Env,gke-10ef646,GCP,2026-06,642.6,0.0,0,1927.82,GKE,Production API cluster
Customer-Portal,blob-0671523,AZURE,2026-06,0.0,4795.3,0,479.53,Blob Storage,Security audit logs
IoT-Platform,cr-0ea8795,GCP,2026-06,441.2,0.0,3677001,382.41,Cloud Run,Webhook handler
Analytics-Platform,aks-06ee815,AZURE,2026-06,505.1,0.0,0,757.75,AKS,Dev K8s cluster
Production-Secondary,blob-005f915,AZURE,2026-06,0.0,2658.6,6646435,432.02,Blob Storage,Media content
Analytics-Platform,gcs-0807814,GCP,2026-06,0.0,2609.5,2609423,189.17,Cloud Storage,Media assets bucket
Staging-Env,csql-0100157,GCP,2026-06,667.5,185.4,0,1072.43,Cloud SQL,PostgreSQL primary
Customer-Portal,vpn-0f7d948,AWS,2026-06,1401.0,0.0,0,355.12,VPN Gateway,Client VPN endpoint
Mobile-Backend,azmon-0a21733,AZURE,2026-06,0.0,262.8,35037626,372.27,Azure Monitor,Logs and metrics
Finance-Systems,blob-083a215,AZURE,2026-06,0.0,6773.3,67731,203.2,Blob Storage,Backup storage
Customer-Portal,app-09dd159,AZURE,2026-06,741.6,0.0,0,451.15,App Service,Web app P1v3
IoT-Platform,bq-1193133,GCP,2026-06,0.0,3479.3,0,1391.73,BigQuery,BI reporting views
Production-Main,lam-08ec165,AWS,2026-06,0.0,0.0,34073207,238.51,Lambda,Data transformer
Marketing-Platform,vai-0f10130,GCP,2026-06,483.0,0.0,5366463,1046.46,Vertex AI,Model serving endpoints
Staging-Env,bq-0f21859,GCP,2026-06,0.0,1368.3,0,547.3,BigQuery,BI reporting views
Analytics-Platform,ado-0761752,AZURE,2026-06,0.0,124.2,0,31.06,Azure DevOps,Artifacts storage
Shared-Services,ca-01b0910,GCP,2026-06,0.0,0.0,84111369,315.42,Cloud Armor,WAF policies
IoT-Platform,csql-108b463,GCP,2026-06,749.9,208.2,0,900.87,Cloud SQL,PostgreSQL replica
DevOps-Central,appi-056d259,AZURE,2026-06,0.0,0.0,61417105,767.71,Application Insights,APM telemetry
Compliance-Audit,kin-0fd9497,AWS,2026-06,749.1,0.0,31208581,455.65,Kinesis,Data stream ingestion
ML-Training,rs-1151520,AWS,2026-06,614.9,1708.2,0,3117.56,Redshift,Data warehouse cluster
DevOps-Central,vm-10f1723,AZURE,2026-06,690.8,0.0,0,1260.68,Virtual Machines,E4s v3 SIEM collector
Analytics-Platform,gcs-1084193,GCP,2026-06,0.0,9005.7,225141,207.13,Cloud Storage,Backup bucket
IoT-Platform,gke-035c324,GCP,2026-06,664.7,0.0,0,1994.14,GKE,Production API cluster
Data-Science,nat-0602814,AWS,2026-06,502.8,0.0,0,114.71,NAT Gateway,Staging VPC NAT
Staging-Env,ps-0e3b104,GCP,2026-06,0.0,0.0,13305076,166.31,Pub/Sub,Data pipeline
DevOps-Central,appi-0804101,AZURE,2026-06,0.0,0.0,74080230,926.0,Application Insights,APM telemetry
Edge-Network,elb-060d300,AWS,2026-06,882.3,0.0,12254095,178.42,ELB,Classic load balancer
Partner-Integration,appi-07e3482,AZURE,2026-06,0.0,0.0,49706805,621.33,Application Insights,APM telemetry
Production-Main,eh-0bb2869,AZURE,2026-06,0.0,591.7,0,147.93,Event Hubs,Capture to storage
Analytics-Platform,aks-00bf283,AZURE,2026-06,618.7,0.0,0,2783.93,AKS,Production K8s cluster
Marketing-Platform,rs-0db7790,AWS,2026-06,0.0,0.0,6940754,347.03,Redshift,Spectrum queries
Mobile-Backend,sqldb-0883304,AZURE,2026-06,867.5,602.4,0,3518.26,SQL Database,Premium P1 analytics
DevOps-Central,kin-0bc2586,AWS,2026-06,958.9,0.0,26637104,388.91,Kinesis,Firehose delivery
Finance-Systems,s3-109f584,AWS,2026-06,0.0,12299.6,2459918,430.48,S3,Data lake raw zone
Analytics-Platform,vai-070f100,GCP,2026-06,215.0,0.0,0,1075.21,Vertex AI,AutoML jobs
QA-Testing,lam-0cce559,AWS,2026-06,0.0,0.0,4516728,31.83,Lambda,Image resizer
Internal-Tools,aks-06b0216,AZURE,2026-06,1739.8,0.0,0,2609.8,AKS,Staging K8s cluster
Partner-Integration,gke-03be323,GCP,2026-06,490.2,0.0,0,1470.67,GKE,Batch processing cluster
Internal-Tools,aks-0f22641,AZURE,2026-06,1578.9,0.0,0,2368.44,AKS,Staging K8s cluster
Analytics-Platform,fs-00a0210,GCP,2026-06,990.2,27.5,68765227,722.03,Firestore,Session store
Marketing-Platform,ddb-0c73535,AWS,2026-06,505.9,7.0,3513430,61.49,DynamoDB,Config store table
Production-Main,aks-0022100,AZURE,2026-06,484.5,0.0,0,726.68,AKS,Dev K8s cluster
Analytics-Platform,csql-082e688,GCP,2026-06,586.0,406.9,0,1155.69,Cloud SQL,MySQL analytics
Edge-Network,gke-0b47654,GCP,2026-06,2525.9,0.0,0,5051.74,GKE,ML training cluster
Customer-Portal,vpn-0d53194,AWS,2026-06,891.8,0.0,0,226.03,VPN Gateway,Client VPN endpoint
Staging-Env,bq-0493686,GCP,2026-06,0.0,1491.1,0,596.41,BigQuery,BI reporting views
Data-Science,rds-0135326,AWS,2026-06,731.8,813.1,0,1707.56,RDS,db.m5.xlarge analytics DB
Finance-Systems,gcs-0c6f627,GCP,2026-06,0.0,10507.2,3502397,315.21,Cloud Storage,Data lake bucket
Shared-Services,appi-0dfe368,AZURE,2026-06,0.0,0.0,39571431,494.64,Application Insights,APM telemetry
Finance-Systems,csql-0235236,GCP,2026-06,614.4,170.7,0,987.2,Cloud SQL,PostgreSQL primary
Internal-Tools,sqs-02af753,AWS,2026-06,0.0,0.0,53791709,26.9,SQS,Order processing queue
Production-Secondary,i-0f80736,AWS,2026-06,1255.4,0.0,0,1088.88,EC2,t3.large application server
Customer-Portal,bq-0ca4291,GCP,2026-06,0.0,1160.2,0,464.07,BigQuery,Data export queries
Production-Secondary,i-007d734,AWS,2026-06,628.9,0.0,0,2180.31,EC2,m5.2xlarge batch processor
Customer-Portal,elb-04a4272,AWS,2026-06,796.4,0.0,11062109,161.06,ELB,Classic load balancer
Data-Science,cmon-0b0e986,GCP,2026-06,0.0,0.0,36352016,290.81,Cloud Monitoring,Metrics and alerting
Internal-Tools,ec-0940670,AWS,2026-06,485.6,0.0,0,349.59,ElastiCache,Redis production cluster
Internal-Tools,gcs-02df884,GCP,2026-06,0.0,9758.1,243952,224.44,Cloud Storage,Backup bucket
Mobile-Backend,vm-09bb165,AZURE,2026-06,709.1,0.0,0,1006.92,Virtual Machines,F4s v2 compute node
Customer-Portal,fd-0251891,AZURE,2026-06,0.0,0.0,66253942,496.9,Front Door,Global load balancer
Data-Science,cosmos-09e8442,AZURE,2026-06,613.7,170.5,34096746,1385.18,Cosmos DB,User data store
Customer-Portal,blob-0eb1253,AZURE,2026-06,0.0,5413.1,0,541.31,Blob Storage,Security audit logs
DevOps-Central,sqldb-0a8e401,AZURE,2026-06,650.0,225.6,0,1087.58,SQL Database,Standard S3 production
Edge-Network,ebs-0314161,AWS,2026-06,0.0,170.2,0,21.28,EBS,gp3 volumes staging
Data-Science,csp-0121138,GCP,2026-06,574.4,79.8,39892195,3494.56,Cloud Spanner,Global transaction DB
Finance-Systems,aks-102f898,AZURE,2026-06,279.8,0.0,0,419.78,AKS,Dev K8s cluster
Finance-Systems,s3-0d74264,AWS,2026-06,0.0,7907.1,79070,181.86,S3,Backup storage bucket
Partner-Integration,azmon-0a59651,AZURE,2026-06,0.0,238.0,31732602,337.17,Azure Monitor,Logs and metrics
Compliance-Audit,i-1059858,AWS,2026-06,849.2,0.0,0,736.04,EC2,m5.large monitoring server
Analytics-Platform,kv-10e4289,AZURE,2026-06,0.0,0.0,521449,1.56,Key Vault,Certificate store
Shared-Services,func-09a1968,AZURE,2026-06,0.0,0.0,10907892,163.62,Azure Functions,API handlers
Production-Secondary,fs-0097230,GCP,2026-06,927.6,25.8,64417698,676.39,Firestore,Session store
Staging-Env,gke-0d96647,GCP,2026-06,624.4,0.0,0,1873.34,GKE,Production API cluster
Customer-Portal,blob-0259159,AZURE,2026-06,0.0,2528.1,6320216,410.81,Blob Storage,Media content
Production-Main,vm-003c553,AZURE,2026-06,969.3,0.0,0,1376.44,Virtual Machines,F4s v2 compute node
Shared-Services,sb-05c7144,AZURE,2026-06,561.2,0.0,7795644,426.81,Service Bus,Premium messaging
Production-Main,eh-0025680,AZURE,2026-06,625.4,0.0,26058303,285.34,Event Hubs,Standard throughput units
Partner-Integration,rds-056b126,AWS,2026-06,912.7,633.8,0,1806.3,RDS,db.r5.large PostgreSQL replica
Compliance-Audit,rs-0ab9836,AWS,2026-06,655.1,1819.6,0,3320.71,Redshift,Data warehouse cluster
Marketing-Platform,gcf-0e5d976,GCP,2026-06,0.0,0.0,2146429,32.2,Cloud Functions,Scheduled tasks
Finance-Systems,s3-0591832,AWS,2026-06,0.0,5539.2,8862827,404.37,S3,Media content bucket
Staging-Env,gcf-00f6258,GCP,2026-06,0.0,0.0,26193061,392.9,Cloud Functions,Pub/Sub processors
DevOps-Central,sb-00d7881,AZURE,2026-06,794.4,0.0,11033728,604.1,Service Bus,Premium messaging
Analytics-Platform,eh-0c57869,AZURE,2026-06,0.0,373.6,0,93.39,Event Hubs,Capture to storage
Partner-Integration,sb-05dd537,AZURE,2026-06,771.5,0.0,10715609,586.68,Service Bus,Premium messaging
Data-Science,i-013c432,AWS,2026-06,585.3,0.0,0,2028.97,EC2,m5.2xlarge batch processor
ML-Training,rs-0363157,AWS,2026-06,523.1,1453.1,0,2652.0,Redshift,Data warehouse cluster
Shared-Services,sb-0dc4566,AZURE,2026-06,550.2,0.0,7642101,418.4,Service Bus,Premium messaging
DevOps-Central,aks-0cf1749,AZURE,2026-06,438.5,0.0,0,657.81,AKS,Dev K8s cluster
Analytics-Platform,eh-0479891,AZURE,2026-06,0.0,373.1,0,93.29,Event Hubs,Capture to storage
Edge-Network,ebs-0f39725,AWS,2026-06,0.0,131.8,0,16.48,EBS,gp3 volumes staging
Finance-Systems,rds-0f26468,AWS,2026-06,820.8,912.1,0,1915.34,RDS,db.m5.xlarge analytics DB
Partner-Integration,appi-064d380,AZURE,2026-06,0.0,0.0,70187012,877.34,Application Insights,APM telemetry
Internal-Tools,gke-02d2760,GCP,2026-06,4649.0,0.0,0,9298.07,GKE,GPU node pool
Production-Secondary,csql-070a801,GCP,2026-06,638.9,443.6,0,1259.95,Cloud SQL,MySQL analytics
Data-Science,gke-012c228,GCP,2026-06,3760.6,0.0,0,7521.1,GKE,GPU node pool
ML-Training,rs-1068403,AWS,2026-06,522.1,1450.3,0,2646.9,Redshift,Data warehouse cluster
IoT-Platform,cr-0c2a220,GCP,2026-06,322.3,0.0,1342855,279.32,Cloud Run,Image processor
Security-Ops,vai-016f381,GCP,2026-06,656.6,0.0,7295794,1422.68,Vertex AI,Model serving endpoints
Compliance-Audit,s3-0864751,AWS,2026-06,0.0,13103.4,2620676,458.62,S3,Data lake raw zone
Security-Ops,ps-098b992,GCP,2026-06,0.0,0.0,28244065,353.05,Pub/Sub,Event streaming
Staging-Env,gcs-0876450,GCP,2026-06,0.0,19223.2,48056,192.24,Cloud Storage,Archive bucket
Internal-Tools,lam-02c7649,AWS,2026-06,0.0,0.0,1259651,9.45,Lambda,Cron job runner
Internal-Tools,s3-102e326,AWS,2026-06,0.0,4325.8,6921070,315.77,S3,Media content bucket
Internal-Tools,ses-02a8789,AWS,2026-06,0.0,0.0,2513063,3.02,SES,Transactional email
Data-Science,kv-015a390,AZURE,2026-06,0.0,0.0,500469,1.5,Key Vault,Certificate store
Mobile-Backend,azmon-0bba725,AZURE,2026-06,0.0,322.3,42974356,456.6,Azure Monitor,Logs and metrics
Finance-Systems,aks-0922802,AZURE,2026-06,319.0,0.0,0,478.48,AKS,Dev K8s cluster
Marketing-Platform,rds-0dec903,AWS,2026-06,679.7,472.0,0,1345.22,RDS,db.r5.large PostgreSQL replica
Mobile-Backend,fd-095e352,AZURE,2026-06,0.0,0.0,56009965,420.07,Front Door,Global load balancer
Partner-Integration,rs-0af6242,AWS,2026-06,666.0,1850.0,0,3376.34,Redshift,Data warehouse cluster
DevOps-Central,sentinel-00e5745,AZURE,2026-06,0.0,0.0,39249912,981.25,Microsoft Sentinel,Log analytics
Edge-Network,sns-065d432,AWS,2026-06,0.0,0.0,11463486,5.73,SNS,Alert notifications
Analytics-Platform,eh-04e3729,AZURE,2026-06,570.1,0.0,23756709,260.14,Event Hubs,Standard throughput units
Partner-Integration,elb-0534422,AWS,2026-06,486.8,0.0,20283696,147.66,ELB,Application load balancer
DevOps-Central,redis-0fc2470,AZURE,2026-06,789.9,0.0,0,961.03,Azure Cache for Redis,Premium P1 cache
Customer-Portal,vm-05b7601,AZURE,2026-06,614.3,0.0,0,373.67,Virtual Machines,D2s v3 utility server
Compliance-Audit,sns-07bc236,AWS,2026-06,0.0,0.0,17912912,8.95,SNS,Event fanout topic
Customer-Portal,i-0292184,AWS,2026-06,863.4,0.0,0,748.29,EC2,m5.large monitoring server
DevOps-Central,sentinel-0905483,AZURE,2026-06,0.0,0.0,39136384,978.41,Microsoft Sentinel,Log analytics
DevOps-Central,kv-0c74453,AZURE,2026-06,0.0,0.0,2673315,8.02,Key Vault,Secrets management
Production-Secondary,cosmos-0ad3510,AZURE,2026-06,544.0,75.6,18887803,708.29,Cosmos DB,Event store
Finance-Systems,eks-0458148,AWS,2026-06,1054.9,0.0,0,3164.63,EKS,Production K8s cluster
Marketing-Platform,ddb-01d9664,AWS,2026-06,602.9,41.9,66992907,471.04,DynamoDB,Session store table
Production-Main,redis-0042268,AZURE,2026-06,958.8,0.0,0,1166.58,Azure Cache for Redis,Premium P1 cache
Compliance-Audit,elb-0755271,AWS,2026-06,834.0,0.0,34749315,252.97,ELB,Application load balancer
Compliance-Audit,vpn-113e883,AWS,2026-06,633.1,0.0,0,160.48,VPN Gateway,Client VPN endpoint
Customer-Portal,s3-09c9825,AWS,2026-06,0.0,21639.4,4327881,757.38,S3,Data lake raw zone
Marketing-Platform,gke-114e881,GCP,2026-06,4016.7,0.0,0,8033.28,GKE,GPU node pool
Production-Main,cmon-0049683,GCP,2026-06,0.0,0.0,23517618,188.14,Cloud Monitoring,Metrics and alerting
Edge-Network,sns-10c8578,AWS,2026-06,0.0,0.0,10165001,5.08,SNS,Alert notifications
Marketing-Platform,ddb-0f33123,AWS,2026-06,610.4,42.4,67828191,476.92,DynamoDB,Session store table
Production-Main,r53-0407779,AWS,2026-06,0.0,0.0,65325091,97.99,Route 53,DNS hosting
Security-Ops,ses-0c0f585,AWS,2026-06,0.0,0.0,2225896,2.67,SES,Transactional email
Data-Science,bq-09d9422,GCP,2026-06,0.0,1627.6,0,651.04,BigQuery,BI reporting views
Partner-Integration,appi-0ef7381,AZURE,2026-06,0.0,0.0,47728564,596.6,Application Insights,APM telemetry
Production-Secondary,sqldb-006e371,AZURE,2026-06,594.0,412.5,0,2408.99,SQL Database,Premium P1 analytics
Data-Science,aks-10ae750,AZURE,2026-06,264.6,0.0,0,396.98,AKS,Dev K8s cluster
DR-Recovery,sb-0ba9867,AZURE,2026-06,0.0,0.0,15519965,38.8,Service Bus,Standard messaging
Marketing-Platform,ddb-050e790,AWS,2026-06,664.5,9.2,4614722,80.76,DynamoDB,Config store table
QA-Testing,elb-03e7273,AWS,2026-06,801.2,0.0,33383549,243.03,ELB,Application load balancer
Shared-Services,vm-0c90772,AZURE,2026-06,933.4,0.0,0,1135.61,Virtual Machines,D4s v3 CI runner
Partner-Integration,rds-0f16278,AWS,2026-06,793.1,550.8,0,1569.68,RDS,db.r5.large PostgreSQL replica
Finance-Systems,sb-0610431,AZURE,2026-06,0.0,0.0,25052883,62.63,Service Bus,Standard messaging
Partner-Integration,redis-03b0238,AZURE,2026-06,759.4,0.0,0,923.97,Azure Cache for Redis,Premium P1 cache
Mobile-Backend,sqldb-0349366,AZURE,2026-06,845.3,587.0,0,3428.16,SQL Database,Premium P1 analytics
Mobile-Backend,vm-0986858,AZURE,2026-06,705.2,0.0,0,1001.41,Virtual Machines,F4s v2 compute node
Production-Main,s3-0eb8776,AWS,2026-06,0.0,1826.8,10960969,456.71,S3,Production asset storage
Production-Main,app-0028269,AZURE,2026-06,981.2,0.0,0,596.9,App Service,Web app P1v3
Production-Main,r53-0a71797,AWS,2026-06,0.0,0.0,14455165,21.69,Route 53,Health checks
DevOps-Central,appi-060e853,AZURE,2026-06,0.0,0.0,62386804,779.83,Application Insights,APM telemetry
Production-Main,cmon-112d573,GCP,2026-06,0.0,0.0,22304386,178.43,Cloud Monitoring,Metrics and alerting
Marketing-Platform,nat-052d993,AWS,2026-06,891.0,0.0,0,203.25,NAT Gateway,Dev VPC NAT
Data-Science,sb-0152320,AZURE,2026-06,0.0,0.0,24445564,61.11,Service Bus,Standard messaging
Partner-Integration,elb-108e748,AWS,2026-06,809.8,0.0,11247933,163.76,ELB,Classic load balancer
Staging-Env,bq-094e546,GCP,2026-06,0.0,1879.3,0,751.73,BigQuery,BI reporting views
Production-Main,cf-10fc798,AWS,2026-06,0.0,0.0,47940739,239.7,CloudFront,CDN API distribution
Customer-Portal,elb-054e407,AWS,2026-06,857.2,0.0,35716902,260.02,ELB,Application load balancer
Customer-Portal,cosmos-0aa0416,AZURE,2026-06,586.2,81.4,20351405,763.17,Cosmos DB,Event store
Analytics-Platform,aks-0f9f800,AZURE,2026-06,1055.6,0.0,0,1583.4,AKS,Staging K8s cluster
Internal-Tools,ebs-02aa908,AWS,2026-06,0.0,240.1,0,30.02,EBS,gp3 volumes staging
Data-Science,i-0c45831,AWS,2026-06,748.7,0.0,0,1298.32,EC2,m5.xlarge web server
Finance-Systems,sentinel-108a486,AZURE,2026-06,0.0,0.0,112265153,2806.62,Microsoft Sentinel,SIEM detection
Finance-Systems,appi-0fce421,AZURE,2026-06,0.0,0.0,53739171,671.75,Application Insights,APM telemetry
Production-Main,aks-0828395,AZURE,2026-06,1244.7,0.0,0,1867.0,AKS,Staging K8s cluster
Analytics-Platform,bq-0855409,GCP,2026-06,0.0,2481.4,0,992.54,BigQuery,BI reporting views
Edge-Network,csql-0f1b746,GCP,2026-06,751.0,208.6,0,902.09,Cloud SQL,PostgreSQL replica
Security-Ops,sqs-0a29511,AWS,2026-06,0.0,0.0,45941641,22.97,SQS,Event notification queue
IoT-Platform,df-035f202,GCP,2026-06,497.4,0.0,0,1210.44,Dataflow,Batch pipeline
Partner-Integration,eks-093a354,AWS,2026-06,449.1,0.0,0,1347.23,EKS,Staging K8s cluster
Customer-Portal,s3-0b03411,AWS,2026-06,0.0,19214.2,3842852,672.5,S3,Data lake raw zone
Mobile-Backend,acr-0c2e265,AZURE,2026-06,0.0,167.2,334519,110.39,Container Registry,Docker image registry
Analytics-Platform,cdns-00b5600,GCP,2026-06,0.0,0.0,24081045,36.12,Cloud DNS,DNS zones
Production-Main,i-04c9242,AWS,2026-06,406.6,0.0,0,1179.19,EC2,c5.2xlarge HPC node
IoT-Platform,gke-0ff2384,GCP,2026-06,2633.1,0.0,0,5266.22,GKE,ML training cluster
Compliance-Audit,s3-0e75150,AWS,2026-06,0.0,13138.8,2627745,459.86,S3,Data lake raw zone
Production-Main,s3-0bb9469,AWS,2026-06,0.0,10476.8,654796,261.92,S3,Log archive bucket
Customer-Portal,blob-0df2180,AZURE,2026-06,0.0,2846.9,7117214,462.61,Blob Storage,Media content
Security-Ops,ecs-0b43950,AWS,2026-06,190.9,0.0,0,348.5,ECS,Fargate batch cluster
Staging-Env,vai-113c698,GCP,2026-06,450.5,0.0,0,2252.82,Vertex AI,Training pipelines
Mobile-Backend,kin-032c685,AWS,2026-06,920.3,0.0,25563957,373.23,Kinesis,Firehose delivery
Production-Secondary,eh-0eec514,AZURE,2026-06,650.0,0.0,27082407,296.55,Event Hubs,Standard throughput units
Marketing-Platform,rds-0ee5106,AWS,2026-06,677.8,188.3,0,611.92,RDS,db.t3.large development DB
Partner-Integration,ado-0c66978,AZURE,2026-06,0.0,86.4,0,21.6,Azure DevOps,Artifacts storage
Partner-Integration,redis-0765770,AZURE,2026-06,601.0,0.0,0,731.31,Azure Cache for Redis,Premium P1 cache
Partner-Integration,cf-0cd9510,AWS,2026-06,0.0,0.0,42360060,211.8,CloudFront,CDN API distribution
DevOps-Central,kin-0fc6673,AWS,2026-06,609.4,0.0,25390983,370.7,Kinesis,Data stream ingestion
Finance-Systems,mem-0229681,GCP,2026-06,451.3,0.0,0,324.92,Memorystore,Redis staging cache
Internal-Tools,aks-0672283,AZURE,2026-06,771.8,0.0,0,3473.03,AKS,Production K8s cluster
Production-Main,lam-0008470,AWS,2026-06,0.0,0.0,59391730,412.77,Lambda,API gateway handler
Finance-Systems,cr-069b523,GCP,2026-06,312.4,0.0,2603682,270.79,Cloud Run,Webhook handler
Mobile-Backend,ebs-032f576,AWS,2026-06,0.0,3741.2,0,168.36,EBS,st1 volumes archive
Partner-Integration,sqldb-0979792,AZURE,2026-06,1044.3,362.6,0,1747.44,SQL Database,Standard S3 production
Production-Main,blob-1073292,AZURE,2026-06,0.0,2651.4,7070299,344.68,Blob Storage,Build artifacts
Customer-Portal,i-0d4e952,AWS,2026-06,466.9,0.0,0,34.08,EC2,t3.micro bastion host
Analytics-Platform,kv-1126150,AZURE,2026-06,0.0,0.0,603827,1.81,Key Vault,Certificate store
Analytics-Platform,cdns-0738745,GCP,2026-06,0.0,0.0,22240516,33.36,Cloud DNS,DNS zones
Production-Main,app-0623118,AZURE,2026-06,539.8,0.0,0,656.67,App Service,API app P2v3
Edge-Network,df-0e6f587,GCP,2026-06,654.6,0.0,0,1592.64,Dataflow,Streaming pipeline
Internal-Tools,gke-044b696,GCP,2026-06,608.8,0.0,0,1826.36,GKE,Production API cluster
Finance-Systems,sentinel-0552744,AZURE,2026-06,0.0,0.0,108493068,2712.32,Microsoft Sentinel,SIEM detection
Mobile-Backend,vm-0959284,AZURE,2026-06,626.7,0.0,0,190.64,Virtual Machines,B2s development VM
Partner-Integration,sqldb-09c3873,AZURE,2026-06,1109.3,385.3,0,1856.26,SQL Database,Standard S3 production
Production-Main,kv-0bab992,AZURE,2026-06,0.0,0.0,2652318,7.96,Key Vault,Secrets management
DevOps-Central,sentinel-0c65933,AZURE,2026-06,0.0,0.0,128075986,3201.9,Microsoft Sentinel,SIEM detection
Shared-Services,ado-0a55808,AZURE,2026-06,485.8,0.0,0,242.86,Azure DevOps,Pipelines hosted
Shared-Services,fd-0f31203,AZURE,2026-06,0.0,0.0,73535358,551.53,Front Door,Global load balancer
Data-Science,cr-0125601,GCP,2026-06,277.0,0.0,2307945,240.03,Cloud Run,Webhook handler
Analytics-Platform,ps-0e4f411,GCP,2026-06,0.0,0.0,38823559,485.3,Pub/Sub,Log forwarding
Staging-Env,fs-0818568,GCP,2026-06,846.8,58.8,35281256,485.12,Firestore,User profiles DB
ML-Training,ebs-0841189,AWS,2026-06,0.0,667.7,0,417.25,EBS,io2 volumes database
Shared-Services,ado-0734847,AZURE,2026-06,458.1,0.0,0,229.01,Azure DevOps,Pipelines hosted
Compliance-Audit,ec-04b0887,AWS,2026-06,645.9,0.0,0,465.05,ElastiCache,Redis production cluster
Shared-Services,ec-0b20815,AWS,2026-06,704.0,0.0,0,253.41,ElastiCache,Redis staging cluster
Production-Secondary,aks-0c9d452,AZURE,2026-06,279.9,0.0,0,419.88,AKS,Dev K8s cluster
DR-Recovery,kv-0f82870,AZURE,2026-06,0.0,0.0,3388819,10.16,Key Vault,Secrets management
Finance-Systems,blob-0f7e871,AZURE,2026-06,0.0,7800.0,77997,233.99,Blob Storage,Backup storage
Data-Science,i-0fa7215,AWS,2026-06,697.4,0.0,0,604.44,EC2,m5.large monitoring server
DR-Recovery,sqldb-02f6848,AZURE,2026-06,873.3,303.2,0,1461.31,SQL Database,Standard S3 production
ML-Training,ebs-0f7f128,AWS,2026-06,0.0,647.2,0,404.42,EBS,io2 volumes database
Production-Main,vm-003e151,AZURE,2026-06,781.4,0.0,0,237.66,Virtual Machines,B2s development VM
Analytics-Platform,cr-0795973,GCP,2026-06,220.7,0.0,919604,191.28,Cloud Run,Image processor
Marketing-Platform,gcf-0d8a232,GCP,2026-06,0.0,0.0,7034323,105.52,Cloud Functions,Auth handlers
Finance-Systems,appi-1002402,AZURE,2026-06,0.0,0.0,55629032,695.37,Application Insights,APM telemetry
ML-Training,ec-0375244,AWS,2026-06,976.1,0.0,0,702.79,ElastiCache,Redis production cluster
Compliance-Audit,s3-0bed504,AWS,2026-06,0.0,12936.4,2587254,452.77,S3,Data lake raw zone
Production-Secondary,acr-1141721,AZURE,2026-06,0.0,188.0,375809,124.02,Container Registry,Docker image registry
DevOps-Central,appi-0cb4375,AZURE,2026-06,0.0,0.0,14238081,177.98,Application Insights,Custom metrics
Production-Main,r53-0c3e737,AWS,2026-06,0.0,0.0,10944215,16.42,Route 53,Health checks
Customer-Portal,cosmos-0447788,AZURE,2026-06,809.6,56.2,16867366,548.19,Cosmos DB,Config store
Finance-Systems,elb-1055185,AWS,2026-06,496.9,0.0,6902020,100.49,ELB,Classic load balancer
Production-Secondary,s3-08f4922,AWS,2026-06,0.0,5244.5,8391156,382.84,S3,Media content bucket
Marketing-Platform,gke-01f0606,GCP,2026-06,529.5,0.0,0,1588.42,GKE,Production API cluster
Analytics-Platform,csql-00a6170,GCP,2026-06,837.4,232.6,0,1345.43,Cloud SQL,PostgreSQL primary
Production-Secondary,i-0fb0145,AWS,2026-06,883.5,0.0,0,766.36,EC2,t3.large application server
Partner-Integration,ado-092b573,AZURE,2026-06,685.1,0.0,0,342.59,Azure DevOps,Pipelines hosted
IoT-Platform,csp-035a467,GCP,2026-06,898.1,124.7,62367051,5463.35,Cloud Spanner,Global transaction DB
Marketing-Platform,gcf-1164171,GCP,2026-06,0.0,0.0,1939957,29.1,Cloud Functions,Scheduled tasks
Edge-Network,cf-088b275,AWS,2026-06,0.0,0.0,185075496,925.38,CloudFront,CDN media distribution
Shared-Services,ado-1140484,AZURE,2026-06,0.0,111.2,0,27.79,Azure DevOps,Artifacts storage
ML-Training,rs-1153734,AWS,2026-06,0.0,0.0,3906462,195.33,Redshift,Spectrum queries
DevOps-Central,kin-00c9161,AWS,2026-06,790.6,0.0,21960812,320.63,Kinesis,Firehose delivery
Data-Science,i-0139251,AWS,2026-06,666.3,0.0,0,1155.46,EC2,m5.xlarge web server
Partner-Integration,vai-03b6866,GCP,2026-06,636.5,0.0,0,3182.75,Vertex AI,Training pipelines
Shared-Services,fd-0560173,AZURE,2026-06,0.0,0.0,63753262,478.16,Front Door,Global load balancer
Marketing-Platform,gke-0840185,GCP,2026-06,4019.6,0.0,0,8039.17,GKE,GPU node pool
DevOps-Central,redis-09e7408,AZURE,2026-06,767.4,0.0,0,933.6,Azure Cache for Redis,Premium P1 cache
Data-Science,ca-012f338,GCP,2026-06,0.0,0.0,126913708,475.93,Cloud Armor,WAF policies
DevOps-Central,blob-00da581,AZURE,2026-06,0.0,11026.7,4135015,585.79,Blob Storage,Data lake storage
Compliance-Audit,rds-0be3189,AWS,2026-06,828.1,575.1,0,1638.93,RDS,db.r5.large PostgreSQL replica
Marketing-Platform,i-0a0a518,AWS,2026-06,966.8,0.0,0,70.58,EC2,t3.micro bastion host
DevOps-Central,ebs-04a0171,AWS,2026-06,0.0,406.0,0,253.74,EBS,io2 volumes database
DevOps-Central,redis-1190753,AZURE,2026-06,687.7,0.0,0,836.73,Azure Cache for Redis,Premium P1 cache
Production-Main,vai-0ab6883,GCP,2026-06,773.3,0.0,8591662,1675.38,Vertex AI,Model serving endpoints
Edge-Network,s3-06d1496,AWS,2026-06,0.0,53.6,26806320,174.23,S3,Static website hosting
Compliance-Audit,ses-0412488,AWS,2026-06,0.0,0.0,1394334,1.67,SES,Transactional email
Marketing-Platform,lam-0815639,AWS,2026-06,0.0,0.0,16399437,114.79,Lambda,Data transformer
Edge-Network,vpn-0ce6719,AWS,2026-06,511.9,0.0,0,259.51,VPN Gateway,Site-to-site VPN
QA-Testing,lam-03dd851,AWS,2026-06,0.0,0.0,31629900,219.83,Lambda,API gateway handler
Marketing-Platform,csp-0893632,GCP,2026-06,985.2,136.9,68420754,5993.65,Cloud Spanner,Global transaction DB
Security-Ops,s3-087b902,AWS,2026-06,0.0,5739.4,358708,143.48,S3,Log archive bucket
Marketing-Platform,lam-01cf664,AWS,2026-06,0.0,0.0,3787689,26.51,Lambda,Webhook processor
Staging-Env,gcs-049f340,GCP,2026-06,0.0,13858.2,4619426,415.75,Cloud Storage,Data lake bucket
DevOps-Central,kv-0e1b913,AZURE,2026-06,0.0,0.0,291780,0.89,Key Vault,Certificate store
DR-Recovery,kv-0613428,AZURE,2026-06,0.0,0.0,2622830,7.87,Key Vault,Secrets management
Shared-Services,rds-07e6132,AWS,2026-06,623.5,173.2,0,562.87,RDS,db.t3.large development DB
Marketing-Platform,mem-0d11525,GCP,2026-06,492.5,0.0,0,354.59,Memorystore,Redis staging cache
Data-Science,csp-06e0923,GCP,2026-06,650.8,90.4,45197192,3959.28,Cloud Spanner,Global transaction DB
Internal-Tools,ado-02a5507,AZURE,2026-06,0.0,92.0,0,23.0,Azure DevOps,Artifacts storage
Finance-Systems,redis-0210457,AZURE,2026-06,663.8,0.0,0,336.5,Azure Cache for Redis,Standard C2 cache
Production-Main,lam-04f0908,AWS,2026-06,0.0,0.0,18269191,127.88,Lambda,Event processor
Production-Main,vai-0a19252,GCP,2026-06,753.9,0.0,8376341,1633.39,Vertex AI,Model serving endpoints
IoT-Platform,gke-0811879,GCP,2026-06,459.3,0.0,0,1377.86,GKE,Batch processing cluster
Internal-Tools,elb-0796570,AWS,2026-06,486.6,0.0,20276077,147.61,ELB,Application load balancer
Finance-Systems,gcs-0eac954,GCP,2026-06,0.0,11328.9,3776301,339.86,Cloud Storage,Data lake bucket
IoT-Platform,gke-1010325,GCP,2026-06,434.4,0.0,0,1303.18,GKE,Batch processing cluster
DevOps-Central,vm-071c986,AZURE,2026-06,699.6,0.0,0,1702.4,Virtual Machines,D8s v3 application server
Production-Main,eh-0cf0769,AZURE,2026-06,668.3,0.0,27845141,304.91,Event Hubs,Standard throughput units
Partner-Integration,gke-03bf793,GCP,2026-06,739.2,0.0,0,2217.65,GKE,Production API cluster
Edge-Network,gcf-053e433,GCP,2026-06,0.0,0.0,27531731,412.98,Cloud Functions,Pub/Sub processors
Partner-Integration,gcs-1123684,GCP,2026-06,0.0,19332.4,48329,193.32,Cloud Storage,Archive bucket
Shared-Services,cosmos-0e93637,AZURE,2026-06,671.3,93.2,23307687,874.04,Cosmos DB,Event store
Internal-Tools,gke-1001633,GCP,2026-06,559.3,0.0,0,1678.13,GKE,Production API cluster
Production-Main,cdns-004c833,GCP,2026-06,0.0,0.0,16859628,25.29,Cloud DNS,DNS zones
Analytics-Platform,csql-080c279,GCP,2026-06,728.4,202.3,0,875.09,Cloud SQL,PostgreSQL replica
Finance-Systems,func-0826413,AZURE,2026-06,0.0,0.0,6301596,94.53,Azure Functions,API handlers
Partner-Integration,sm-04dc286,AWS,2026-06,0.0,0.0,1419492,5.68,Secrets Manager,Application secrets
ML-Training,sqs-0fc9335,AWS,2026-06,0.0,0.0,579349,0.29,SQS,Dead letter queue
Shared-Services,ado-0b78468,AZURE,2026-06,428.5,0.0,0,214.23,Azure DevOps,Pipelines hosted
Mobile-Backend,acr-0b12701,AZURE,2026-06,0.0,207.6,415181,137.01,Container Registry,Docker image registry
Internal-Tools,cr-0dff606,GCP,2026-06,778.6,0.0,16222394,1168.01,Cloud Run,API gateway service
Staging-Env,gcf-104c819,GCP,2026-06,0.0,0.0,14492434,217.39,Cloud Functions,Data triggers
Finance-Systems,sentinel-05e7563,AZURE,2026-06,0.0,0.0,104673346,2616.83,Microsoft Sentinel,SIEM detection
IoT-Platform,bq-0358745,GCP,2026-06,0.0,12816.8,0,5126.74,BigQuery,ML training datasets
Partner-Integration,vai-0d58936,GCP,2026-06,703.4,0.0,0,3517.06,Vertex AI,Training pipelines
Security-Ops,bq-0ea7997,GCP,2026-06,0.0,1800.2,0,720.1,BigQuery,BI reporting views
Customer-Portal,app-06c7409,AZURE,2026-06,720.4,0.0,0,876.55,App Service,API app P2v3
Staging-Env,vai-0fb5320,GCP,2026-06,605.3,0.0,0,3026.8,Vertex AI,Training pipelines
Customer-Portal,blob-0d44180,AZURE,2026-06,0.0,2425.9,6064710,394.2,Blob Storage,Media content
Compliance-Audit,s3-085f937,AWS,2026-06,0.0,14563.6,2912700,509.72,S3,Data lake raw zone
Internal-Tools,nat-1021535,AWS,2026-06,540.0,0.0,0,123.2,NAT Gateway,Dev VPC NAT
Production-Main,vm-109b381,AZURE,2026-06,941.2,0.0,0,1336.51,Virtual Machines,F4s v2 compute node
Finance-Systems,csql-0234326,GCP,2026-06,689.2,191.5,0,828.05,Cloud SQL,PostgreSQL replica
Marketing-Platform,ddb-0a83584,AWS,2026-06,550.0,38.3,61107955,429.66,DynamoDB,Session store table
Analytics-Platform,aks-00be403,AZURE,2026-06,461.8,0.0,0,692.73,AKS,Dev K8s cluster
Production-Secondary,ado-06e5155,AZURE,2026-06,0.0,115.6,0,28.89,Azure DevOps,Artifacts storage
Production-Secondary,ps-04ae119,GCP,2026-06,0.0,0.0,13590453,169.88,Pub/Sub,Data pipeline
Data-Science,cr-0126386,GCP,2026-06,542.9,0.0,2261913,705.72,Cloud Run,ETL pipeline service
Finance-Systems,kv-0223506,AZURE,2026-06,0.0,0.0,2796040,8.39,Key Vault,Secrets management
Compliance-Audit,elb-0384685,AWS,2026-06,529.0,0.0,36737240,229.24,ELB,Network load balancer
Security-Ops,gke-0885864,GCP,2026-06,3741.5,0.0,0,7482.99,GKE,GPU node pool
QA-Testing,elb-0d43130,AWS,2026-06,865.7,0.0,36070002,262.59,ELB,Application load balancer
Data-Science,i-013a381,AWS,2026-06,537.1,0.0,0,930.98,EC2,r5.xlarge cache server
Marketing-Platform,lam-0906533,AWS,2026-06,0.0,0.0,1040002,7.8,Lambda,Cron job runner
Internal-Tools,rds-0757370,AWS,2026-06,537.9,597.6,0,1254.97,RDS,db.m5.xlarge analytics DB
Data-Science,blob-0d06742,AZURE,2026-06,0.0,2257.6,6020181,293.48,Blob Storage,Build artifacts
Analytics-Platform,fs-04c6485,GCP,2026-06,900.5,62.5,37520254,515.91,Firestore,User profiles DB
Compliance-Audit,s3-0fec630,AWS,2026-06,0.0,2970.0,1484997,111.37,S3,Analytics export bucket
Analytics-Platform,csp-0b45210,GCP,2026-06,745.1,103.5,51739192,4532.35,Cloud Spanner,Global transaction DB
Edge-Network,ps-0656496,GCP,2026-06,0.0,0.0,42187644,527.35,Pub/Sub,Log forwarding
Mobile-Backend,vm-0caa975,AZURE,2026-06,738.5,0.0,0,898.47,Virtual Machines,D4s v3 CI runner
Customer-Portal,i-0f9b989,AWS,2026-06,535.9,0.0,0,39.11,EC2,t3.micro bastion host
Finance-Systems,eh-0ee6804,AZURE,2026-06,617.2,0.0,25717168,281.6,Event Hubs,Standard throughput units
Marketing-Platform,rs-0872178,AWS,2026-06,553.1,1536.4,0,2803.92,Redshift,Data warehouse cluster
Internal-Tools,rds-09b5720,AWS,2026-06,640.0,444.5,0,1644.35,RDS,db.r5.xlarge PostgreSQL primary
Security-Ops,ps-0ed2729,GCP,2026-06,0.0,0.0,30194398,377.42,Pub/Sub,Event streaming
Partner-Integration,rs-0ac2999,AWS,2026-06,948.9,2635.7,0,4810.36,Redshift,Data warehouse cluster
Edge-Network,bq-0c3f361,GCP,2026-06,0.0,6537.0,0,2614.79,BigQuery,Analytics data warehouse
Partner-Integration,blob-03ae877,AZURE,2026-06,0.0,3656.0,9749290,475.28,Blob Storage,Build artifacts
Internal-Tools,ebs-02ac590,AWS,2026-06,0.0,1393.5,0,174.19,EBS,gp3 volumes production
IoT-Platform,csql-107e386,GCP,2026-06,852.7,236.8,0,1024.4,Cloud SQL,PostgreSQL replica
Compliance-Audit,rds-0396180,AWS,2026-06,744.0,826.7,0,1736.08,RDS,db.m5.xlarge analytics DB
Finance-Systems,redis-0b0d589,AZURE,2026-06,671.1,0.0,0,340.18,Azure Cache for Redis,Standard C2 cache
Customer-Portal,cosmos-0eb5141,AZURE,2026-06,535.6,37.2,11159034,362.67,Cosmos DB,Config store
Data-Science,gcf-0fcd366,GCP,2026-06,0.0,0.0,11942148,179.14,Cloud Functions,Data triggers
Security-Ops,s3-0efa390,AWS,2026-06,0.0,4855.6,303474,121.39,S3,Log archive bucket
Compliance-Audit,s3-0b30830,AWS,2026-06,0.0,3468.5,1734254,130.06,S3,Analytics export bucket
DR-Recovery,sqldb-088f209,AZURE,2026-06,857.5,297.7,0,1434.86,SQL Database,Standard S3 production
Partner-Integration,azmon-05c4257,AZURE,2026-06,0.0,263.8,35177263,373.77,Azure Monitor,Logs and metrics
Customer-Portal,gcf-066a392,GCP,2026-06,0.0,0.0,13528298,202.93,Cloud Functions,Data triggers
Partner-Integration,sqldb-0cdc909,AZURE,2026-06,1105.9,384.0,0,1850.57,SQL Database,Standard S3 production
QA-Testing,elb-0e25643,AWS,2026-06,792.8,0.0,11011327,160.32,ELB,Classic load balancer
Security-Ops,ca-0f36993,GCP,2026-06,0.0,0.0,91944455,344.79,Cloud Armor,WAF policies
Security-Ops,s3-06cc595,AWS,2026-06,0.0,5428.6,339286,135.71,S3,Log archive bucket
Production-Secondary,ecs-0598501,AWS,2026-06,353.2,0.0,0,644.58,ECS,Fargate worker cluster
Customer-Portal,elb-111f752,AWS,2026-06,557.4,0.0,38705656,241.52,ELB,Network load balancer
Shared-Services,app-0c91462,AZURE,2026-06,928.9,0.0,0,565.08,App Service,Web app P1v3
Security-Ops,ecs-018c343,AWS,2026-06,563.3,0.0,0,1027.95,ECS,Fargate API cluster
Security-Ops,cdns-0ebc188,GCP,2026-06,0.0,0.0,23980620,35.96,Cloud DNS,DNS zones
Internal-Tools,gke-02d1750,GCP,2026-06,597.6,0.0,0,1792.86,GKE,Production API cluster
Production-Secondary,df-008a884,GCP,2026-06,825.4,0.0,0,2008.43,Dataflow,Streaming pipeline
DevOps-Central,ddb-0681556,AWS,2026-06,992.4,13.7,6891912,120.6,DynamoDB,Config store table
Production-Main,gcs-0052261,GCP,2026-06,0.0,479.3,7669351,88.68,Cloud Storage,Temp processing bucket
Production-Main,s3-0e4d988,AWS,2026-06,0.0,2108.8,12652937,527.21,S3,Production asset storage
Compliance-Audit,elb-0e81808,AWS,2026-06,566.1,0.0,39315360,245.33,ELB,Network load balancer
Security-Ops,ec-08b0776,AWS,2026-06,627.1,0.0,0,225.78,ElastiCache,Redis staging cluster
Edge-Network,gcf-0ddd914,GCP,2026-06,0.0,0.0,6716981,100.76,Cloud Functions,Auth handlers
Customer-Portal,blob-025a526,AZURE,2026-06,0.0,5468.4,0,546.84,Blob Storage,Security audit logs
Shared-Services,rds-1103155,AWS,2026-06,533.9,148.3,0,481.92,RDS,db.t3.large development DB
ML-Training,rds-0377190,AWS,2026-06,588.6,408.8,0,1512.41,RDS,db.r5.xlarge PostgreSQL primary
Partner-Integration,azmon-0704778,AZURE,2026-06,0.0,255.4,34046345,361.75,Azure Monitor,Logs and metrics
Shared-Services,cosmos-04a6756,AZURE,2026-06,609.9,84.7,21177107,794.14,Cosmos DB,Event store
Edge-Network,gcf-0ac9744,GCP,2026-06,0.0,0.0,25443490,381.66,Cloud Functions,Pub/Sub processors
Production-Secondary,eh-006c756,AZURE,2026-06,644.7,0.0,26861624,294.13,Event Hubs,Standard throughput units
Finance-Systems,gcf-0c5d229,GCP,2026-06,0.0,0.0,11363387,170.44,Cloud Functions,Data triggers
IoT-Platform,cr-07c2911,GCP,2026-06,502.2,0.0,4184791,435.22,Cloud Run,Webhook handler
Internal-Tools,ec-1024595,AWS,2026-06,602.6,0.0,0,433.86,ElastiCache,Redis production cluster
Data-Science,gcs-06b9860,GCP,2026-06,0.0,10981.3,274535,252.56,Cloud Storage,Backup bucket
Compliance-Audit,i-0779383,AWS,2026-06,828.1,0.0,0,717.69,EC2,m5.large monitoring server
Internal-Tools,gcs-0e2f639,GCP,2026-06,0.0,420.3,6725022,77.76,Cloud Storage,Temp processing bucket
IoT-Platform,cr-0353556,GCP,2026-06,428.4,0.0,1784974,556.91,Cloud Run,ETL pipeline service
Partner-Integration,df-0ade476,GCP,2026-06,1037.5,0.0,0,2524.26,Dataflow,Streaming pipeline
Security-Ops,ecs-0752257,AWS,2026-06,609.8,0.0,0,1112.88,ECS,Fargate API cluster
Production-Main,lam-0ef8919,AWS,2026-06,0.0,0.0,30571825,214.01,Lambda,Data transformer
Production-Secondary,blob-0a2b284,AZURE,2026-06,0.0,2531.0,6327319,411.28,Blob Storage,Media content
Production-Secondary,app-0915380,AZURE,2026-06,721.4,0.0,0,109.71,App Service,Web app B1
Data-Science,cosmos-0759587,AZURE,2026-06,719.4,50.0,14989104,487.14,Cosmos DB,Config store
Compliance-Audit,rds-0a2d193,AWS,2026-06,572.6,397.7,0,1471.44,RDS,db.r5.xlarge PostgreSQL primary
Analytics-Platform,mem-1058605,GCP,2026-06,466.6,0.0,0,335.95,Memorystore,Redis production cache
QA-Testing,elb-05f6806,AWS,2026-06,879.5,0.0,36645508,266.78,ELB,Application load balancer
Compliance-Audit,elb-0383198,AWS,2026-06,653.9,0.0,9081804,132.23,ELB,Classic load balancer
Marketing-Platform,rs-01d1175,AWS,2026-06,0.0,0.0,6381687,319.08,Redshift,Spectrum queries
Customer-Portal,clog-0de0960,GCP,2026-06,0.0,631.3,0,157.84,Cloud Logging,Application logs
Data-Science,ps-0123564,GCP,2026-06,0.0,0.0,19874120,248.43,Pub/Sub,Event streaming
Marketing-Platform,fs-01f4370,GCP,2026-06,571.5,15.9,39687723,416.72,Firestore,Session store
Customer-Portal,cosmos-0c5f842,AZURE,2026-06,701.0,48.7,14604767,474.66,Cosmos DB,Config store
Security-Ops,sqldb-1117748,AZURE,2026-06,892.0,61.9,0,185.4,SQL Database,Basic dev database
Compliance-Audit,kin-0f65409,AWS,2026-06,674.3,0.0,28093378,410.16,Kinesis,Data stream ingestion
Partner-Integration,azmon-0a12660,AZURE,2026-06,0.0,187.6,25022321,265.87,Azure Monitor,Logs and metrics
Compliance-Audit,rds-0c5c625,AWS,2026-06,798.3,554.4,0,1579.91,RDS,db.r5.large PostgreSQL replica
Data-Science,clog-06dc217,GCP,2026-06,0.0,249.7,0,62.41,Cloud Logging,Audit logs
DevOps-Central,appi-0de6691,AZURE,2026-06,0.0,0.0,16493584,206.17,Application Insights,Custom metrics
Production-Main,aks-0020880,AZURE,2026-06,1162.1,0.0,0,1743.09,AKS,Staging K8s cluster
Shared-Services,ecs-0196614,AWS,2026-06,265.4,0.0,0,484.39,ECS,Fargate worker cluster
QA-Testing,ec-03e5292,AWS,2026-06,685.1,0.0,0,493.24,ElastiCache,Redis production cluster
Customer-Portal,ebs-0284870,AWS,2026-06,0.0,555.5,0,347.16,EBS,io2 volumes database
Production-Main,fd-100f700,AZURE,2026-06,0.0,0.0,54566773,409.25,Front Door,Global load balancer
Partner-Integration,redis-0b16352,AZURE,2026-06,689.8,0.0,0,349.67,Azure Cache for Redis,Standard C2 cache
Partner-Integration,elb-0a1a739,AWS,2026-06,426.8,0.0,17784632,129.47,ELB,Application load balancer
Marketing-Platform,ddb-10b7797,AWS,2026-06,599.6,8.3,4164130,72.87,DynamoDB,Config store table
Edge-Network,sqs-030f172,AWS,2026-06,0.0,0.0,34399728,17.2,SQS,Event notification queue
IoT-Platform,csql-034c176,GCP,2026-06,966.4,268.4,0,1552.66,Cloud SQL,PostgreSQL primary
DevOps-Central,app-00ec349,AZURE,2026-06,998.0,0.0,0,151.79,App Service,Web app B1
Compliance-Audit,i-09bd329,AWS,2026-06,651.3,0.0,0,564.44,EC2,m5.large monitoring server
Customer-Portal,vpn-0620659,AWS,2026-06,870.4,0.0,0,220.62,VPN Gateway,Client VPN endpoint
Production-Secondary,mem-0096498,GCP,2026-06,374.4,0.0,0,269.55,Memorystore,Redis staging cache
Shared-Services,gcs-01a7453,GCP,2026-06,0.0,3755.9,3755892,272.3,Cloud Storage,Media assets bucket
Data-Science,i-0b26616,AWS,2026-06,717.4,0.0,0,1243.99,EC2,m5.xlarge web server
DevOps-Central,vm-0fba688,AZURE,2026-06,775.9,0.0,0,236.03,Virtual Machines,B2s development VM
Security-Ops,ecs-07b7146,AWS,2026-06,147.1,0.0,0,268.45,ECS,Fargate batch cluster
DevOps-Central,ddb-0c8d504,AWS,2026-06,885.5,12.2,6149297,107.62,DynamoDB,Config store table
Analytics-Platform,csql-0946366,GCP,2026-06,522.7,363.0,0,1030.88,Cloud SQL,MySQL analytics
Mobile-Backend,vm-0342261,AZURE,2026-06,564.4,0.0,0,171.68,Virtual Machines,B2s development VM
Customer-Portal,acr-0430482,AZURE,2026-06,0.0,276.2,552337,182.27,Container Registry,Docker image registry
Marketing-Platform,gcf-0202117,GCP,2026-06,0.0,0.0,2064849,30.97,Cloud Functions,Scheduled tasks
Analytics-Platform,gke-057b474,GCP,2026-06,5327.2,0.0,0,10654.53,GKE,GPU node pool
Security-Ops,sqs-100d671,AWS,2026-06,0.0,0.0,41674563,20.84,SQS,Event notification queue
Edge-Network,s3-0e77512,AWS,2026-06,0.0,1079.1,2158254,94.42,S3,Artifact storage
Analytics-Platform,cr-0428733,GCP,2026-06,559.4,0.0,2330902,727.25,Cloud Run,ETL pipeline service
Partner-Integration,cmon-03bb762,GCP,2026-06,0.0,0.0,40141824,321.13,Cloud Monitoring,Metrics and alerting
Partner-Integration,sqldb-0a6e846,AZURE,2026-06,783.9,544.3,0,3179.1,SQL Database,Premium P1 analytics
Security-Ops,vpn-0b04791,AWS,2026-06,491.4,0.0,0,124.54,VPN Gateway,Client VPN endpoint
DevOps-Central,kin-05ca757,AWS,2026-06,697.3,0.0,29054559,424.19,Kinesis,Data stream ingestion
Customer-Portal,gcs-097b639,GCP,2026-06,0.0,20034.8,50086,200.35,Cloud Storage,Archive bucket
Production-Secondary,cosmos-068d137,AZURE,2026-06,757.2,210.3,42068422,1709.03,Cosmos DB,User data store
QA-Testing,r53-03eb769,AWS,2026-06,0.0,0.0,58168947,87.25,Route 53,DNS hosting
Production-Secondary,redis-043b543,AZURE,2026-06,954.8,0.0,0,484.02,Azure Cache for Redis,Standard C2 cache
Mobile-Backend,vm-0f2d973,AZURE,2026-06,822.3,0.0,0,3001.54,Virtual Machines,E8s v3 memory-optimized
Production-Secondary,aks-0ef2938,AZURE,2026-06,1299.3,0.0,0,1948.92,AKS,Staging K8s cluster
IoT-Platform,csql-07df484,GCP,2026-06,1073.6,298.2,0,1724.95,Cloud SQL,PostgreSQL primary
DevOps-Central,ec-08c9419,AWS,2026-06,778.7,0.0,0,560.66,ElastiCache,Redis production cluster
ML-Training,rs-0cb9386,AWS,2026-06,0.0,0.0,4036326,201.82,Redshift,Spectrum queries
QA-Testing,elb-0fcb895,AWS,2026-06,831.0,0.0,34623319,252.05,ELB,Application load balancer
Production-Secondary,aks-0056966,AZURE,2026-06,315.3,0.0,0,472.92,AKS,Dev K8s cluster
Partner-Integration,sb-0892421,AZURE,2026-06,642.4,0.0,8922134,488.49,Service Bus,Premium messaging
Internal-Tools,ses-06ea830,AWS,2026-06,0.0,0.0,2752388,3.31,SES,Transactional email
Marketing-Platform,clog-01fc511,GCP,2026-06,0.0,560.9,0,140.22,Cloud Logging,Application logs
Customer-Portal,vpn-0c49718,AWS,2026-06,1058.5,0.0,0,268.31,VPN Gateway,Client VPN endpoint
Security-Ops,bq-0166748,GCP,2026-06,0.0,9041.6,0,3616.63,BigQuery,ML training datasets
Compliance-Audit,i-0711499,AWS,2026-06,708.4,0.0,0,2455.73,EC2,m5.2xlarge batch processor
ML-Training,i-05c0894,AWS,2026-06,890.4,0.0,0,771.62,EC2,m5.large monitoring server
ML-Training,ebs-0505369,AWS,2026-06,0.0,548.2,0,342.61,EBS,io2 volumes database
Internal-Tools,blob-06fc172,AZURE,2026-06,0.0,5998.0,0,599.8,Blob Storage,Security audit logs
Production-Secondary,i-064a426,AWS,2026-06,449.9,0.0,0,779.95,EC2,r5.xlarge cache server
DR-Recovery,redis-02f0691,AZURE,2026-06,750.7,0.0,0,913.34,Azure Cache for Redis,Premium P1 cache
ML-Training,rds-0d21371,AWS,2026-06,546.9,607.8,0,1276.29,RDS,db.m5.xlarge analytics DB
Analytics-Platform,gke-0717726,GCP,2026-06,589.5,0.0,0,1768.36,GKE,Batch processing cluster
Shared-Services,app-0bad270,AZURE,2026-06,1093.0,0.0,0,1329.78,App Service,API app P2v3
DevOps-Central,appi-102a552,AZURE,2026-06,0.0,0.0,16753637,209.43,Application Insights,Custom metrics
Partner-Integration,gke-03c0738,GCP,2026-06,4598.4,0.0,0,9196.82,GKE,GPU node pool
Analytics-Platform,fs-10c4798,GCP,2026-06,1107.2,30.8,76886934,807.31,Firestore,Session store
IoT-Platform,bq-0bb6584,GCP,2026-06,0.0,3607.3,0,1442.92,BigQuery,BI reporting views
Analytics-Platform,bq-0bb4634,GCP,2026-06,0.0,14513.2,0,5805.25,BigQuery,ML training datasets
Edge-Network,i-0326979,AWS,2026-06,531.9,0.0,0,461.39,EC2,t3.large application server
Finance-Systems,gcs-1168650,GCP,2026-06,0.0,11910.6,3970204,357.32,Cloud Storage,Data lake bucket
Production-Secondary,elb-07db529,AWS,2026-06,550.3,0.0,38211525,238.44,ELB,Network load balancer
Marketing-Platform,ddb-0401403,AWS,2026-06,595.1,41.4,66123698,464.93,DynamoDB,Session store table
Staging-Env,cdns-064f880,GCP,2026-06,0.0,0.0,19925589,29.89,Cloud DNS,DNS zones
Analytics-Platform,gcs-0f70340,GCP,2026-06,0.0,2487.1,2487052,180.3,Cloud Storage,Media assets bucket
Finance-Systems,rds-0f07880,AWS,2026-06,851.0,590.9,0,1684.2,RDS,db.r5.large PostgreSQL replica
Staging-Env,gcs-0b01292,GCP,2026-06,0.0,16169.2,40422,161.7,Cloud Storage,Archive bucket
Internal-Tools,blob-029a273,AZURE,2026-06,0.0,11003.7,110037,330.11,Blob Storage,Backup storage
Production-Main,i-0011267,AWS,2026-06,871.5,0.0,0,63.62,EC2,t3.micro bastion host
Staging-Env,gcs-07ed975,GCP,2026-06,0.0,15812.8,5270953,474.39,Cloud Storage,Data lake bucket
Shared-Services,gcs-06e7706,GCP,2026-06,0.0,3585.1,3585062,259.91,Cloud Storage,Media assets bucket
ML-Training,i-0ea3191,AWS,2026-06,811.9,0.0,0,703.63,EC2,m5.large monitoring server
Data-Science,i-0138182,AWS,2026-06,360.7,0.0,0,1046.01,EC2,c5.2xlarge HPC node
Compliance-Audit,i-0f48232,AWS,2026-06,641.2,0.0,0,555.75,EC2,m5.large monitoring server
Finance-Systems,gcs-0bb7444,GCP,2026-06,0.0,3386.6,3386719,245.54,Cloud Storage,Media assets bucket
DevOps-Central,blob-05b0338,AZURE,2026-06,0.0,8376.5,83765,251.29,Blob Storage,Backup storage
Marketing-Platform,rds-0ff5598,AWS,2026-06,398.4,110.7,0,470.39,RDS,db.t3.medium MySQL staging
Internal-Tools,blob-05f5277,AZURE,2026-06,0.0,4064.6,10838837,528.39,Blob Storage,Build artifacts
Customer-Portal,vpn-0445666,AWS,2026-06,1018.1,0.0,0,258.06,VPN Gateway,Client VPN endpoint
Production-Main,r53-08e7973,AWS,2026-06,0.0,0.0,15270527,22.91,Route 53,Health checks
Edge-Network,fs-0544510,GCP,2026-06,581.5,16.1,40377835,423.97,Firestore,Session store
Customer-Portal,gcf-0715545,GCP,2026-06,0.0,0.0,14071471,211.07,Cloud Functions,Data triggers
Staging-Env,vai-0838396,GCP,2026-06,527.8,0.0,0,2638.98,Vertex AI,Training pipelines
DR-Recovery,appi-0733593,AZURE,2026-06,0.0,0.0,55521697,694.02,Application Insights,APM telemetry
Internal-Tools,s3-04d2237,AWS,2026-06,0.0,4413.3,7061157,322.16,S3,Media content bucket
ML-Training,r53-0977544,AWS,2026-06,0.0,0.0,13419247,20.12,Route 53,Health checks
Production-Secondary,appi-099b256,AZURE,2026-06,0.0,0.0,41304002,516.3,Application Insights,APM telemetry
Marketing-Platform,rds-01e3515,AWS,2026-06,910.9,632.6,0,2340.52,RDS,db.r5.xlarge PostgreSQL primary
Data-Science,cosmos-0157534,AZURE,2026-06,727.3,50.5,15152686,492.46,Cosmos DB,Config store
Shared-Services,s3-05c9296,AWS,2026-06,0.0,14345.3,2869073,502.09,S3,Data lake raw zone
ML-Training,lam-0f1c278,AWS,2026-06,0.0,0.0,10323371,72.27,Lambda,Notification dispatcher
ML-Training,kin-0462370,AWS,2026-06,815.2,0.0,33968663,495.94,Kinesis,Data stream ingestion
Data-Science,gcf-0932830,GCP,2026-06,0.0,0.0,8148412,122.22,Cloud Functions,Auth handlers
Security-Ops,csql-0168938,GCP,2026-06,681.0,189.2,0,818.09,Cloud SQL,PostgreSQL replica
Edge-Network,i-0494187,AWS,2026-06,598.9,0.0,0,2076.13,EC2,m5.2xlarge batch processor
Production-Secondary,sentinel-006a297,AZURE,2026-06,0.0,0.0,71656510,1791.41,Microsoft Sentinel,SIEM detection
Compliance-Audit,s3-0dd2695,AWS,2026-06,0.0,690.0,1380296,60.38,S3,Artifact storage
Partner-Integration,df-077b363,GCP,2026-06,1058.9,0.0,0,2576.43,Dataflow,Streaming pipeline
Marketing-Platform,ddb-01da740,AWS,2026-06,642.3,8.9,4460578,78.06,DynamoDB,Config store table
Data-Science,gcf-08b4980,GCP,2026-06,0.0,0.0,9922524,148.83,Cloud Functions,Auth handlers
Compliance-Audit,rds-10cb700,AWS,2026-06,775.1,538.4,0,1991.71,RDS,db.r5.xlarge PostgreSQL primary
Customer-Portal,ps-108d962,GCP,2026-06,0.0,0.0,53162142,664.53,Pub/Sub,Log forwarding
DevOps-Central,kv-0b6f244,AZURE,2026-06,0.0,0.0,397361,1.2,Key Vault,Certificate store
IoT-Platform,csql-105d913,GCP,2026-06,917.1,254.7,0,1473.44,Cloud SQL,PostgreSQL primary
Marketing-Platform,vpn-01d5989,AWS,2026-06,722.0,0.0,0,183.02,VPN Gateway,Client VPN endpoint
Production-Main,aks-07bf182,AZURE,2026-06,1294.4,0.0,0,1941.61,AKS,Staging K8s cluster
Internal-Tools,rds-10b1574,AWS,2026-06,801.8,556.7,0,1586.85,RDS,db.r5.large PostgreSQL replica
Compliance-Audit,r53-037c367,AWS,2026-06,0.0,0.0,7140545,10.71,Route 53,Health checks
Marketing-Platform,gke-0e46732,GCP,2026-06,2664.0,0.0,0,5328.11,GKE,ML training cluster
Customer-Portal,ebs-0bbe242,AWS,2026-06,0.0,584.8,0,365.43,EBS,io2 volumes database
Data-Science,clog-0131653,GCP,2026-06,0.0,278.3,0,69.56,Cloud Logging,Audit logs
Compliance-Audit,i-039f632,AWS,2026-06,701.8,0.0,0,2432.92,EC2,m5.2xlarge batch processor
Customer-Portal,app-0950773,AZURE,2026-06,800.7,0.0,0,974.14,App Service,API app P2v3
Customer-Portal,eh-0f06905,AZURE,2026-06,782.8,0.0,32617503,357.16,Event Hubs,Standard throughput units
Analytics-Platform,gcs-00a2348,GCP,2026-06,0.0,10251.2,256280,235.78,Cloud Storage,Backup bucket
Data-Science,gcf-0e0a728,GCP,2026-06,0.0,0.0,9712158,145.68,Cloud Functions,Auth handlers
Production-Secondary,acr-0066906,AZURE,2026-06,0.0,221.7,443381,146.32,Container Registry,Docker image registry
Data-Science,gcs-0dbd892,GCP,2026-06,0.0,11628.5,290714,267.44,Cloud Storage,Backup bucket
Production-Main,vm-0572465,AZURE,2026-06,616.7,0.0,0,375.16,Virtual Machines,D2s v3 utility server
Shared-Services,cosmos-10bd365,AZURE,2026-06,757.0,105.1,26281927,985.58,Cosmos DB,Event store
Finance-Systems,rds-0a10412,AWS,2026-06,543.7,755.1,0,2416.33,RDS,db.r5.2xlarge Aurora cluster
Analytics-Platform,cr-00b8695,GCP,2026-06,658.3,0.0,13715163,987.49,Cloud Run,API gateway service
Data-Science,i-1124730,AWS,2026-06,393.0,0.0,0,1140.0,EC2,c5.2xlarge HPC node
Partner-Integration,elb-0f47182,AWS,2026-06,631.6,0.0,8772262,127.72,ELB,Classic load balancer
Compliance-Audit,rds-0fa1834,AWS,2026-06,512.0,355.6,0,1315.82,RDS,db.r5.xlarge PostgreSQL primary
Customer-Portal,clog-0c48906,GCP,2026-06,0.0,548.7,0,137.19,Cloud Logging,Application logs
Production-Main,csql-004a734,GCP,2026-06,803.6,558.1,0,1584.95,Cloud SQL,MySQL analytics
Security-Ops,eks-0190684,AWS,2026-06,845.9,0.0,0,2537.6,EKS,Production K8s cluster
Customer-Portal,i-043f493,AWS,2026-06,639.9,0.0,0,2218.13,EC2,r5.2xlarge database server
Internal-Tools,redis-0ed3348,AZURE,2026-06,597.6,0.0,0,302.97,Azure Cache for Redis,Standard C2 cache
Analytics-Platform,gcs-0423920,GCP,2026-06,0.0,11159.4,3719772,334.78,Cloud Storage,Data lake bucket
Mobile-Backend,sqs-0528940,AWS,2026-06,0.0,0.0,371172,0.19,SQS,Dead letter queue
Security-Ops,s3-06c2985,AWS,2026-06,0.0,17749.5,3549896,621.23,S3,Data lake raw zone
Internal-Tools,vm-07f3327,AZURE,2026-06,702.1,0.0,0,427.12,Virtual Machines,D2s v3 utility server
Data-Science,cosmos-0159320,AZURE,2026-06,712.7,198.0,39597144,1608.63,Cosmos DB,User data store
Finance-Systems,func-107c756,AZURE,2026-06,0.0,0.0,6417127,96.26,Azure Functions,API handlers
Production-Main,cf-06b3438,AWS,2026-06,0.0,0.0,85797459,428.99,CloudFront,CDN media distribution
Finance-Systems,aks-0214143,AZURE,2026-06,288.9,0.0,0,433.37,AKS,Dev K8s cluster
Partner-Integration,vai-0ec3418,GCP,2026-06,562.5,0.0,0,2812.58,Vertex AI,Training pipelines
Finance-Systems,app-0227237,AZURE,2026-06,952.2,0.0,0,1158.49,App Service,API app P2v3
Finance-Systems,ado-0925803,AZURE,2026-06,442.2,0.0,0,221.1,Azure DevOps,Pipelines hosted
Compliance-Audit,s3-0a22154,AWS,2026-06,0.0,701.8,1403837,61.41,S3,Artifact storage
Finance-Systems,blob-020a462,AZURE,2026-06,0.0,9396.3,93962,281.89,Blob Storage,Backup storage
Analytics-Platform,kv-05dc790,AZURE,2026-06,0.0,0.0,1637731,4.91,Key Vault,Secrets management
Mobile-Backend,kin-0d78738,AWS,2026-06,653.2,0.0,27214428,397.33,Kinesis,Data stream ingestion
Shared-Services,r53-0b00500,AWS,2026-06,0.0,0.0,8245483,12.37,Route 53,Health checks
Compliance-Audit,s3-0390870,AWS,2026-06,0.0,743.1,1486295,65.03,S3,Artifact storage
Production-Main,i-06fb209,AWS,2026-06,399.4,0.0,0,1158.24,EC2,c5.2xlarge HPC node
Edge-Network,bq-0743744,GCP,2026-06,0.0,4841.9,0,1936.76,BigQuery,Log analytics
DevOps-Central,ddb-10b3290,AWS,2026-06,981.6,13.6,6817137,119.3,DynamoDB,Config store table
Edge-Network,gcf-030c226,GCP,2026-06,0.0,0.0,6384073,95.76,Cloud Functions,Auth handlers
Internal-Tools,cr-02e0943,GCP,2026-06,596.4,0.0,2485158,775.37,Cloud Run,ETL pipeline service
Data-Science,blob-0d8d618,AZURE,2026-06,0.0,2356.8,5892158,382.99,Blob Storage,Media content
Shared-Services,fd-0492244,AZURE,2026-06,0.0,0.0,65628139,492.22,Front Door,Global load balancer
Mobile-Backend,sb-10ff514,AZURE,2026-06,766.4,0.0,10644826,582.8,Service Bus,Premium messaging
IoT-Platform,fs-0936943,GCP,2026-06,989.0,68.7,41207829,566.61,Firestore,User profiles DB
Marketing-Platform,nat-094a230,AWS,2026-06,514.4,0.0,0,117.35,NAT Gateway,Staging VPC NAT
Shared-Services,fd-1046720,AZURE,2026-06,0.0,0.0,66447277,498.37,Front Door,Global load balancer
Finance-Systems,csql-1161612,GCP,2026-06,719.4,199.8,0,1155.86,Cloud SQL,PostgreSQL primary
ML-Training,rds-104f691,AWS,2026-06,580.2,402.9,0,1490.75,RDS,db.r5.xlarge PostgreSQL primary
Finance-Systems,s3-0843623,AWS,2026-06,0.0,1360.9,2721581,119.07,S3,Artifact storage
Customer-Portal,sentinel-110d988,AZURE,2026-06,0.0,0.0,92631014,2315.78,Microsoft Sentinel,SIEM detection
Compliance-Audit,s3-08ab237,AWS,2026-06,0.0,686.0,1372199,60.03,S3,Artifact storage
Analytics-Platform,cr-0fca228,GCP,2026-06,688.2,0.0,14338489,1032.37,Cloud Run,API gateway service
Partner-Integration,rds-0d50949,AWS,2026-06,935.7,649.7,0,1851.77,RDS,db.r5.large PostgreSQL replica
Production-Main,lam-0c7c274,AWS,2026-06,0.0,0.0,33999126,238.0,Lambda,Data transformer
Data-Science,mem-0d94995,GCP,2026-06,909.6,0.0,0,654.88,Memorystore,Redis production cache
Marketing-Platform,cdns-01fd830,GCP,2026-06,0.0,0.0,14544795,21.82,Cloud DNS,DNS zones
Finance-Systems,cr-0231576,GCP,2026-06,840.6,0.0,17511754,1260.85,Cloud Run,API gateway service
Mobile-Backend,kv-033d920,AZURE,2026-06,0.0,0.0,460253,1.38,Key Vault,Certificate store
Internal-Tools,gke-02d3277,GCP,2026-06,648.7,0.0,0,1946.14,GKE,Batch processing cluster
Customer-Portal,s3-0283422,AWS,2026-06,0.0,20252.0,4050409,708.82,S3,Data lake raw zone
Shared-Services,azmon-01be752,AZURE,2026-06,0.0,225.8,30101152,319.82,Azure Monitor,Logs and metrics
Production-Main,i-07c0191,AWS,2026-06,346.3,0.0,0,1004.31,EC2,c5.2xlarge HPC node
Analytics-Platform,mem-0bc6853,GCP,2026-06,365.4,0.0,0,263.09,Memorystore,Redis staging cache
Data-Science,cosmos-0158552,AZURE,2026-06,748.8,104.0,25999079,974.97,Cosmos DB,Event store
Edge-Network,vai-0305406,GCP,2026-06,661.9,0.0,7354768,1434.18,Vertex AI,Model serving endpoints
DevOps-Central,app-0b0a111,AZURE,2026-06,685.3,0.0,0,833.78,App Service,API app P2v3
Production-Secondary,app-0ca1591,AZURE,2026-06,576.9,0.0,0,87.74,App Service,Web app B1
DevOps-Central,sentinel-1183697,AZURE,2026-06,0.0,0.0,43381975,1084.55,Microsoft Sentinel,Log analytics
Compliance-Audit,ses-0f78329,AWS,2026-06,0.0,0.0,1676446,2.02,SES,Transactional email
DevOps-Central,blob-096b361,AZURE,2026-06,0.0,4282.4,0,428.24,Blob Storage,Security audit logs
Production-Secondary,kv-0a1f915,AZURE,2026-06,0.0,0.0,2483699,7.45,Key Vault,Secrets management
Compliance-Audit,vpn-0389183,AWS,2026-06,825.6,0.0,0,209.28,VPN Gateway,Client VPN endpoint
Mobile-Backend,sqs-0def195,AWS,2026-06,0.0,0.0,338185,0.17,SQS,Dead letter queue
Finance-Systems,blob-04ec237,AZURE,2026-06,0.0,6955.2,69550,208.65,Blob Storage,Backup storage
Production-Secondary,ec-040f964,AWS,2026-06,742.3,0.0,0,534.47,ElastiCache,Redis production cluster
Production-Secondary,fs-03fe898,GCP,2026-06,1132.9,78.6,47203594,649.05,Firestore,User profiles DB
Shared-Services,app-0707433,AZURE,2026-06,1033.8,0.0,0,628.88,App Service,Web app P1v3
Partner-Integration,azmon-0b82239,AZURE,2026-06,0.0,219.0,29205217,310.31,Azure Monitor,Logs and metrics
Shared-Services,rds-0643416,AWS,2026-06,727.1,202.0,0,656.42,RDS,db.t3.large development DB
DevOps-Central,blob-0431268,AZURE,2026-06,0.0,4942.0,0,494.2,Blob Storage,Security audit logs
Staging-Env,bq-0cb3759,GCP,2026-06,0.0,8727.3,0,3490.92,BigQuery,ML training datasets
Production-Main,cf-0a1d761,AWS,2026-06,0.0,0.0,65363035,326.81,CloudFront,CDN API distribution
Customer-Portal,vpn-0562398,AWS,2026-06,904.7,0.0,0,229.31,VPN Gateway,Client VPN endpoint
DevOps-Central,ddb-0ec7667,AWS,2026-06,859.4,11.8,5967588,104.44,DynamoDB,Config store table
Finance-Systems,gcs-022c243,GCP,2026-06,0.0,414.7,6634774,76.71,Cloud Storage,Temp processing bucket
IoT-Platform,fs-06ab458,GCP,2026-06,787.4,21.9,54678441,574.13,Firestore,Session store
Customer-Portal,ses-05b1907,AWS,2026-06,0.0,0.0,717230,0.86,SES,Marketing email
IoT-Platform,cr-0fe5621,GCP,2026-06,479.9,0.0,3999308,415.93,Cloud Run,Webhook handler
Production-Secondary,app-0680416,AZURE,2026-06,663.8,0.0,0,100.95,App Service,Web app B1
Marketing-Platform,ca-0d87226,GCP,2026-06,0.0,0.0,67703743,253.88,Cloud Armor,WAF policies
Data-Science,rds-0133470,AWS,2026-06,729.9,202.8,0,658.97,RDS,db.t3.large development DB
Security-Ops,ps-0e6d862,GCP,2026-06,0.0,0.0,34813186,435.16,Pub/Sub,Event streaming
Production-Secondary,r53-10de681,AWS,2026-06,0.0,0.0,6909383,10.36,Route 53,Health checks
Customer-Portal,sqldb-0aef333,AZURE,2026-06,624.8,434.0,0,2534.18,SQL Database,Premium P1 analytics
Edge-Network,ebs-0da6405,AWS,2026-06,0.0,131.1,0,16.39,EBS,gp3 volumes staging
DevOps-Central,vpn-00cd561,AWS,2026-06,505.3,0.0,0,256.18,VPN Gateway,Site-to-site VPN
Internal-Tools,ec-073e687,AWS,2026-06,624.7,0.0,0,449.78,ElastiCache,Redis production cluster
Internal-Tools,gke-06b8573,GCP,2026-06,681.1,0.0,0,2043.29,GKE,Production API cluster
Compliance-Audit,s3-0d2d241,AWS,2026-06,0.0,47.4,23720581,154.18,S3,Static website hosting
Marketing-Platform,vai-0acd729,GCP,2026-06,688.3,0.0,0,3441.4,Vertex AI,Training pipelines
Production-Secondary,ps-0670812,GCP,2026-06,0.0,0.0,15375596,192.19,Pub/Sub,Data pipeline
Production-Secondary,redis-1115354,AZURE,2026-06,878.5,0.0,0,1068.83,Azure Cache for Redis,Premium P1 cache
ML-Training,ebs-037b837,AWS,2026-06,0.0,625.5,0,390.91,EBS,io2 volumes database
DevOps-Central,r53-0abf412,AWS,2026-06,0.0,0.0,7753692,11.64,Route 53,Health checks
IoT-Platform,bq-0a5e886,GCP,2026-06,0.0,2527.6,0,1011.05,BigQuery,BI reporting views
Finance-Systems,sqldb-0fad517,AZURE,2026-06,928.6,322.5,0,1553.79,SQL Database,Standard S3 production
DR-Recovery,fd-05f1355,AZURE,2026-06,0.0,0.0,80280298,602.1,Front Door,Global load balancer
Marketing-Platform,r53-0873117,AWS,2026-06,0.0,0.0,63608871,95.41,Route 53,DNS hosting
Finance-Systems,rds-023c556,AWS,2026-06,957.0,664.6,0,2459.06,RDS,db.r5.xlarge PostgreSQL primary
Production-Main,clog-08cc138,GCP,2026-06,0.0,282.7,0,70.67,Cloud Logging,Audit logs
Data-Science,rs-116d833,AWS,2026-06,692.1,1922.4,0,3508.49,Redshift,Data warehouse cluster
Security-Ops,sqldb-116a549,AZURE,2026-06,949.5,65.9,0,197.35,SQL Database,Basic dev database
Edge-Network,vpn-04e0116,AWS,2026-06,638.3,0.0,0,161.79,VPN Gateway,Client VPN endpoint
Partner-Integration,mem-0b49465,GCP,2026-06,236.7,0.0,0,170.41,Memorystore,Redis staging cache
Production-Secondary,blob-0837822,AZURE,2026-06,0.0,6827.8,2560431,362.72,Blob Storage,Data lake storage
Shared-Services,ado-01c4881,AZURE,2026-06,0.0,96.0,0,24.01,Azure DevOps,Artifacts storage
Data-Science,clog-092e252,GCP,2026-06,0.0,257.2,0,64.29,Cloud Logging,Audit logs
Marketing-Platform,ps-01f8386,GCP,2026-06,0.0,0.0,18526243,231.58,Pub/Sub,Data pipeline
DevOps-Central,aks-0e16624,AZURE,2026-06,437.9,0.0,0,656.98,AKS,Dev K8s cluster
Staging-Env,csp-00ff406,GCP,2026-06,587.8,81.6,40822767,3576.07,Cloud Spanner,Global transaction DB
Mobile-Backend,sqs-0730520,AWS,2026-06,0.0,0.0,399962,0.2,SQS,Dead letter queue
Mobile-Backend,sqs-0a98298,AWS,2026-06,0.0,0.0,328758,0.16,SQS,Dead letter queue
Mobile-Backend,sb-0b13801,AZURE,2026-06,0.0,0.0,15056795,37.64,Service Bus,Standard messaging
Edge-Network,ebs-09fb469,AWS,2026-06,0.0,186.7,0,23.34,EBS,gp3 volumes staging
Shared-Services,appi-0edc199,AZURE,2026-06,0.0,0.0,42120459,526.51,Application Insights,APM telemetry
Production-Secondary,blob-0a70809,AZURE,2026-06,0.0,16738.2,41845,133.9,Blob Storage,Archive tier
DevOps-Central,vm-0adb335,AZURE,2026-06,703.6,0.0,0,1712.01,Virtual Machines,D8s v3 application server
Production-Secondary,app-0db8839,AZURE,2026-06,616.6,0.0,0,93.77,App Service,Web app B1
Customer-Portal,eh-1049771,AZURE,2026-06,0.0,533.8,0,133.46,Event Hubs,Capture to storage
Shared-Services,rds-01a0568,AWS,2026-06,904.1,627.9,0,2323.1,RDS,db.r5.xlarge PostgreSQL primary
Edge-Network,cf-0310235,AWS,2026-06,0.0,0.0,162449649,812.25,CloudFront,CDN media distribution
Shared-Services,ado-0add561,AZURE,2026-06,0.0,97.7,0,24.42,Azure DevOps,Artifacts storage
Shared-Services,aks-01c2470,AZURE,2026-06,414.6,0.0,0,621.87,AKS,Dev K8s cluster
Production-Secondary,sqldb-09a8374,AZURE,2026-06,474.8,164.9,0,794.47,SQL Database,Standard S3 production
Finance-Systems,rds-04ac243,AWS,2026-06,631.9,877.7,0,2808.42,RDS,db.r5.2xlarge Aurora cluster
Analytics-Platform,vai-0e19502,GCP,2026-06,196.2,0.0,0,981.29,Vertex AI,AutoML jobs
Finance-Systems,eks-0f96669,AWS,2026-06,889.4,0.0,0,2668.22,EKS,Production K8s cluster
Shared-Services,vm-0ea9500,AZURE,2026-06,925.5,0.0,0,3378.21,Virtual Machines,E8s v3 memory-optimized
Marketing-Platform,rds-01e4174,AWS,2026-06,653.9,454.1,0,1294.19,RDS,db.r5.large PostgreSQL replica
Internal-Tools,gke-0cab252,GCP,2026-06,644.3,0.0,0,1932.88,GKE,Production API cluster
Shared-Services,fd-0768299,AZURE,2026-06,0.0,0.0,65450200,490.89,Front Door,Global load balancer
Internal-Tools,clog-0d2a461,GCP,2026-06,0.0,544.1,0,136.03,Cloud Logging,Application logs
Mobile-Backend,vm-081d742,AZURE,2026-06,926.2,0.0,0,1126.89,Virtual Machines,D4s v3 CI runner
DevOps-Central,appi-076d459,AZURE,2026-06,0.0,0.0,69809915,872.62,Application Insights,APM telemetry
Finance-Systems,aks-1127320,AZURE,2026-06,253.5,0.0,0,380.2,AKS,Dev K8s cluster
Shared-Services,ado-01c3479,AZURE,2026-06,564.2,0.0,0,282.08,Azure DevOps,Pipelines hosted
Internal-Tools,cr-08e3742,GCP,2026-06,988.4,0.0,20591738,1482.6,Cloud Run,API gateway service
Partner-Integration,sqs-0cd1270,AWS,2026-06,0.0,0.0,498295,0.25,SQS,Dead letter queue
Production-Main,r53-0708555,AWS,2026-06,0.0,0.0,10830265,16.25,Route 53,Health checks
Finance-Systems,s3-0246846,AWS,2026-06,0.0,1236.1,2472158,108.16,S3,Artifact storage
Production-Secondary,blob-0981146,AZURE,2026-06,0.0,10821.0,108209,324.63,Blob Storage,Backup storage
Staging-Env,vai-04fe557,GCP,2026-06,203.3,0.0,0,1016.38,Vertex AI,AutoML jobs
Marketing-Platform,sm-1039320,AWS,2026-06,0.0,0.0,1053386,4.23,Secrets Manager,Application secrets
Finance-Systems,elb-0c43172,AWS,2026-06,569.9,0.0,7914775,115.24,ELB,Classic load balancer
Production-Main,s3-0014680,AWS,2026-06,0.0,1865.8,11194980,466.46,S3,Production asset storage
ML-Training,ec-0693709,AWS,2026-06,1142.5,0.0,0,822.6,ElastiCache,Redis production cluster
Production-Secondary,blob-0488174,AZURE,2026-06,0.0,2556.3,6816785,332.32,Blob Storage,Build artifacts
Finance-Systems,app-0548668,AZURE,2026-06,1018.0,0.0,0,154.82,App Service,Web app B1
Partner-Integration,sqldb-0665143,AZURE,2026-06,966.2,335.5,0,1616.74,SQL Database,Standard S3 production
Shared-Services,ebs-01a3398,AWS,2026-06,0.0,601.5,0,375.93,EBS,io2 volumes database
IoT-Platform,mem-0362959,GCP,2026-06,349.9,0.0,0,251.92,Memorystore,Redis staging cache
Marketing-Platform,rds-0b94353,AWS,2026-06,331.6,92.1,0,391.45,RDS,db.t3.medium MySQL staging
Partner-Integration,ps-0eee659,GCP,2026-06,0.0,0.0,37941437,474.27,Pub/Sub,Event streaming
Customer-Portal,sentinel-0682220,AZURE,2026-06,0.0,0.0,52274287,1306.85,Microsoft Sentinel,Log analytics
Staging-Env,gcs-0956604,GCP,2026-06,0.0,17847.2,44617,178.47,Cloud Storage,Archive bucket
Shared-Services,ado-0850519,AZURE,2026-06,0.0,75.4,0,18.85,Azure DevOps,Artifacts storage
Compliance-Audit,ses-07fa563,AWS,2026-06,0.0,0.0,1805534,2.17,SES,Transactional email
Internal-Tools,gcs-098f275,GCP,2026-06,0.0,373.0,5969964,69.03,Cloud Storage,Temp processing bucket
Partner-Integration,redis-0663905,AZURE,2026-06,668.8,0.0,0,339.01,Azure Cache for Redis,Standard C2 cache
Edge-Network,vpn-0f3a733,AWS,2026-06,541.2,0.0,0,137.18,VPN Gateway,Client VPN endpoint
Production-Main,gcs-0054726,GCP,2026-06,0.0,17887.2,5962389,536.62,Cloud Storage,Data lake bucket
Production-Secondary,sqldb-006f710,AZURE,2026-06,523.3,181.7,0,875.62,SQL Database,Standard S3 production
Security-Ops,ebs-10a2954,AWS,2026-06,0.0,635.1,0,396.97,EBS,io2 volumes database
Staging-Env,bq-00fb170,GCP,2026-06,0.0,8701.6,0,3480.62,BigQuery,ML training datasets
ML-Training,lam-0f35499,AWS,2026-06,0.0,0.0,13347377,93.43,Lambda,Notification dispatcher
Data-Science,bq-011e164,GCP,2026-06,0.0,7267.1,0,2906.85,BigQuery,Analytics data warehouse
Customer-Portal,ses-099c582,AWS,2026-06,0.0,0.0,788309,0.95,SES,Marketing email
Production-Secondary,redis-0f93554,AZURE,2026-06,1054.4,0.0,0,534.49,Azure Cache for Redis,Standard C2 cache
Production-Main,aks-0ee4408,AZURE,2026-06,1229.0,0.0,0,1843.4,AKS,Staging K8s cluster
Compliance-Audit,rs-037f769,AWS,2026-06,0.0,0.0,5009631,250.48,Redshift,Spectrum queries
Partner-Integration,cf-03cf862,AWS,2026-06,0.0,0.0,37947935,189.74,CloudFront,CDN API distribution
DevOps-Central,vm-00dd933,AZURE,2026-06,980.4,0.0,0,596.4,Virtual Machines,D2s v3 utility server
Security-Ops,ecs-04c3278,AWS,2026-06,539.6,0.0,0,984.69,ECS,Fargate API cluster
Marketing-Platform,ddb-0644636,AWS,2026-06,697.0,48.4,77447158,544.55,DynamoDB,Session store table
Internal-Tools,gcs-0bfc844,GCP,2026-06,0.0,2383.1,1191529,369.37,Cloud Storage,Model artifacts
Security-Ops,lam-10f3942,AWS,2026-06,0.0,0.0,3804693,26.83,Lambda,Image resizer
Production-Main,cf-090e801,AWS,2026-06,0.0,0.0,52077324,260.38,CloudFront,CDN API distribution
Production-Main,vm-071d819,AZURE,2026-06,766.6,0.0,0,1865.25,Virtual Machines,D8s v3 application server
Finance-Systems,rds-0a4f386,AWS,2026-06,1021.6,709.5,0,2625.1,RDS,db.r5.xlarge PostgreSQL primary
ML-Training,lam-0ec1508,AWS,2026-06,0.0,0.0,12151162,85.06,Lambda,Notification dispatcher
Customer-Portal,fd-048a408,AZURE,2026-06,0.0,0.0,71956257,539.67,Front Door,Global load balancer
Analytics-Platform,cr-0eab693,GCP,2026-06,432.4,0.0,1801912,562.2,Cloud Run,ETL pipeline service
DR-Recovery,fd-0d5c299,AZURE,2026-06,0.0,0.0,83812162,628.59,Front Door,Global load balancer
Customer-Portal,i-0ea6657,AWS,2026-06,664.1,0.0,0,48.47,EC2,t3.micro bastion host
Analytics-Platform,mem-05f3682,GCP,2026-06,633.3,0.0,0,455.98,Memorystore,Redis production cache
Production-Secondary,sqldb-0772825,AZURE,2026-06,485.1,168.5,0,811.8,SQL Database,Standard S3 production
Production-Secondary,ecs-03f5609,AWS,2026-06,309.5,0.0,0,564.81,ECS,Fargate batch cluster
DevOps-Central,kin-06cf628,AWS,2026-06,867.0,0.0,24083139,351.62,Kinesis,Firehose delivery
Data-Science,i-06b7985,AWS,2026-06,800.8,0.0,0,347.31,EC2,t3.medium API server
Security-Ops,ecs-0989841,AWS,2026-06,509.5,0.0,0,929.73,ECS,Fargate API cluster
Production-Main,lam-0006400,AWS,2026-06,0.0,0.0,45309608,317.17,Lambda,Auth token validator
Staging-Env,bq-0662637,GCP,2026-06,0.0,1533.1,0,613.19,BigQuery,BI reporting views
Customer-Portal,eh-0467686,AZURE,2026-06,0.0,629.2,0,157.3,Event Hubs,Capture to storage
Data-Science,cr-0726598,GCP,2026-06,578.9,0.0,2412108,752.58,Cloud Run,ETL pipeline service
Mobile-Backend,vm-08ed373,AZURE,2026-06,542.7,0.0,0,4952.29,Virtual Machines,NC6s v3 GPU VM
Partner-Integration,rds-0f56547,AWS,2026-06,373.1,103.6,0,440.42,RDS,db.t3.medium MySQL staging
Data-Science,clog-0a7e301,GCP,2026-06,0.0,502.9,0,125.74,Cloud Logging,Application logs
Customer-Portal,i-110a445,AWS,2026-06,715.5,0.0,0,620.56,EC2,t3.large application server
Data-Science,cr-117a251,GCP,2026-06,341.5,0.0,1423256,296.04,Cloud Run,Image processor
Production-Main,cf-06a8576,AWS,2026-06,0.0,0.0,95046561,475.24,CloudFront,CDN media distribution
Internal-Tools,rds-0dc8281,AWS,2026-06,526.3,584.8,0,1228.01,RDS,db.m5.xlarge analytics DB
DevOps-Central,aks-10dc270,AZURE,2026-06,331.2,0.0,0,496.75,AKS,Dev K8s cluster
Internal-Tools,s3-0e8e973,AWS,2026-06,0.0,1088.9,2177730,95.27,S3,Artifact storage
Analytics-Platform,cmon-048b548,GCP,2026-06,0.0,0.0,20186755,161.49,Cloud Monitoring,Metrics and alerting
Edge-Network,ebs-0c62549,AWS,2026-06,0.0,177.1,0,22.14,EBS,gp3 volumes staging
Production-Main,lam-0e1f721,AWS,2026-06,0.0,0.0,31884313,223.19,Lambda,Data transformer
QA-Testing,lam-03df419,AWS,2026-06,0.0,0.0,78833375,551.83,Lambda,Auth token validator
Edge-Network,eks-0322850,AWS,2026-06,472.1,0.0,0,1416.34,EKS,Staging K8s cluster
Marketing-Platform,cr-01f7175,GCP,2026-06,521.9,0.0,2174512,678.45,Cloud Run,ETL pipeline service
DR-Recovery,eh-0842602,AZURE,2026-06,0.0,468.3,0,117.06,Event Hubs,Capture to storage
Production-Main,ebs-117e412,AWS,2026-06,0.0,700.2,0,437.64,EBS,io2 volumes database
Internal-Tools,lam-0e60938,AWS,2026-06,0.0,0.0,32838934,228.23,Lambda,API gateway handler
Internal-Tools,gke-0723395,GCP,2026-06,664.2,0.0,0,1992.56,GKE,Production API cluster
Data-Science,ddb-0647670,AWS,2026-06,625.3,86.9,130271907,977.04,DynamoDB,Cache table
Production-Main,s3-06ad806,AWS,2026-06,0.0,15272.3,3054464,534.53,S3,Data lake raw zone
Production-Main,gcs-0cc1765,GCP,2026-06,0.0,23990.9,59976,239.91,Cloud Storage,Archive bucket
Shared-Services,nat-01a5784,AWS,2026-06,598.4,0.0,0,136.51,NAT Gateway,Staging VPC NAT
Data-Science,rds-069c314,AWS,2026-06,606.5,421.1,0,1558.19,RDS,db.r5.xlarge PostgreSQL primary
Internal-Tools,lam-07ca671,AWS,2026-06,0.0,0.0,24318849,170.23,Lambda,Data transformer
Production-Main,lam-104a539,AWS,2026-06,0.0,0.0,37758896,264.32,Lambda,Data transformer
Analytics-Platform,eh-09e2725,AZURE,2026-06,0.0,417.9,0,104.49,Event Hubs,Capture to storage
Finance-Systems,rds-074a363,AWS,2026-06,684.7,760.8,0,1597.67,RDS,db.m5.xlarge analytics DB
Staging-Env,gcf-0c8e538,GCP,2026-06,0.0,0.0,27346642,410.21,Cloud Functions,Pub/Sub processors
Security-Ops,mem-0163703,GCP,2026-06,626.6,0.0,0,451.17,Memorystore,Redis production cache
Customer-Portal,gcf-0429675,GCP,2026-06,0.0,0.0,13964990,209.48,Cloud Functions,Data triggers
Compliance-Audit,ec-04a7468,AWS,2026-06,631.0,0.0,0,454.3,ElastiCache,Redis production cluster
Partner-Integration,fd-03b3380,AZURE,2026-06,0.0,0.0,71594625,536.96,Front Door,Global load balancer
Internal-Tools,lam-0abb122,AWS,2026-06,0.0,0.0,1201594,9.02,Lambda,Cron job runner
Production-Secondary,blob-0e0e879,AZURE,2026-06,0.0,14664.3,36660,117.31,Blob Storage,Archive tier
Mobile-Backend,ebs-086b693,AWS,2026-06,0.0,3732.7,0,167.98,EBS,st1 volumes archive
Edge-Network,rds-0457903,AWS,2026-06,504.4,350.3,0,1295.92,RDS,db.r5.xlarge PostgreSQL primary
Compliance-Audit,sm-05b3121,AWS,2026-06,0.0,0.0,1271148,5.08,Secrets Manager,Application secrets
Internal-Tools,aks-0697488,AZURE,2026-06,248.4,0.0,0,372.63,AKS,Dev K8s cluster
IoT-Platform,csql-057c410,GCP,2026-06,896.8,249.1,0,1440.78,Cloud SQL,PostgreSQL primary
Staging-Env,gcs-08f2137,GCP,2026-06,0.0,15666.5,39165,156.67,Cloud Storage,Archive bucket
Security-Ops,s3-0185416,AWS,2026-06,0.0,5702.1,356380,142.55,S3,Log archive bucket
Customer-Portal,fs-0821122,GCP,2026-06,803.1,55.9,33463611,460.12,Firestore,User profiles DB
Production-Main,lam-0be7690,AWS,2026-06,0.0,0.0,7426808,51.99,Lambda,Notification dispatcher
Shared-Services,nat-0713424,AWS,2026-06,631.0,0.0,0,143.94,NAT Gateway,Staging VPC NAT
Analytics-Platform,clog-0a78329,GCP,2026-06,0.0,473.0,0,118.27,Cloud Logging,Application logs
Customer-Portal,sb-08f0351,AZURE,2026-06,701.6,0.0,9743314,533.45,Service Bus,Premium messaging
Finance-Systems,rds-0545685,AWS,2026-06,942.9,654.8,0,2422.71,RDS,db.r5.xlarge PostgreSQL primary
Analytics-Platform,bq-08d4406,GCP,2026-06,0.0,2130.6,0,852.23,BigQuery,BI reporting views
ML-Training,rs-0364324,AWS,2026-06,0.0,0.0,4314181,215.71,Redshift,Spectrum queries
Internal-Tools,rds-04c8593,AWS,2026-06,618.5,687.1,0,1442.95,RDS,db.m5.xlarge analytics DB
Production-Main,cf-0c6e848,AWS,2026-06,0.0,0.0,34531046,172.65,CloudFront,CDN API distribution
Finance-Systems,clog-023a470,GCP,2026-06,0.0,213.9,0,53.49,Cloud Logging,Audit logs
Customer-Portal,redis-0d24250,AZURE,2026-06,985.3,0.0,0,499.52,Azure Cache for Redis,Standard C2 cache
Data-Science,nat-0568861,AWS,2026-06,486.9,0.0,0,111.08,NAT Gateway,Staging VPC NAT
Compliance-Audit,rds-0424610,AWS,2026-06,694.6,482.5,0,1784.95,RDS,db.r5.xlarge PostgreSQL primary
Internal-Tools,sqs-02ae931,AWS,2026-06,0.0,0.0,595572,0.3,SQS,Dead letter queue
Finance-Systems,sentinel-0ce7822,AZURE,2026-06,0.0,0.0,99164237,2479.1,Microsoft Sentinel,SIEM detection
Internal-Tools,ec-0a53778,AWS,2026-06,582.2,0.0,0,419.15,ElastiCache,Redis production cluster
Internal-Tools,lam-02c9216,AWS,2026-06,0.0,0.0,37707839,262.07,Lambda,API gateway handler
Shared-Services,rds-07c6808,AWS,2026-06,576.6,160.2,0,520.53,RDS,db.t3.large development DB
Shared-Services,func-1016313,AZURE,2026-06,0.0,0.0,3383535,50.76,Azure Functions,Webhook processor
Production-Secondary,redis-0c21685,AZURE,2026-06,980.1,0.0,0,1192.45,Azure Cache for Redis,Premium P1 cache
Security-Ops,ecs-0f99165,AWS,2026-06,413.7,0.0,0,754.89,ECS,Fargate API cluster
Shared-Services,rds-0b02683,AWS,2026-06,497.4,690.9,0,2210.87,RDS,db.r5.2xlarge Aurora cluster
Marketing-Platform,rs-01d2424,AWS,2026-06,567.2,1575.5,0,2875.21,Redshift,Data warehouse cluster
Production-Secondary,sqldb-06a0823,AZURE,2026-06,600.6,208.6,0,1004.99,SQL Database,Standard S3 production
Internal-Tools,aks-04c1633,AZURE,2026-06,1419.1,0.0,0,2128.63,AKS,Staging K8s cluster
Security-Ops,bq-0b46741,GCP,2026-06,0.0,7413.4,0,2965.35,BigQuery,Analytics data warehouse
Security-Ops,lam-0aaf344,AWS,2026-06,0.0,0.0,4445198,31.34,Lambda,Image resizer
Marketing-Platform,cr-10aa944,GCP,2026-06,453.8,0.0,1890708,589.9,Cloud Run,ETL pipeline service
Compliance-Audit,i-0d15800,AWS,2026-06,617.2,0.0,0,891.47,EC2,c5.xlarge compute worker
Edge-Network,s3-0fda230,AWS,2026-06,0.0,1054.0,2107983,92.22,S3,Artifact storage
Production-Main,cmon-0a6d976,GCP,2026-06,0.0,0.0,27032034,216.25,Cloud Monitoring,Metrics and alerting
Production-Secondary,app-1121363,AZURE,2026-06,1290.5,0.0,0,785.0,App Service,Web app P1v3
Analytics-Platform,bq-04ee997,GCP,2026-06,0.0,15436.5,0,6174.6,BigQuery,ML training datasets
Security-Ops,s3-0b4a511,AWS,2026-06,0.0,5142.3,321389,128.56,S3,Log archive bucket
Data-Science,csql-0443816,GCP,2026-06,714.0,495.9,0,1408.21,Cloud SQL,MySQL analytics
QA-Testing,r53-0d45682,AWS,2026-06,0.0,0.0,50788447,76.18,Route 53,DNS hosting
QA-Testing,r53-03ea149,AWS,2026-06,0.0,0.0,11157468,16.74,Route 53,Health checks
Internal-Tools,ec-0588801,AWS,2026-06,530.4,0.0,0,381.84,ElastiCache,Redis production cluster
Analytics-Platform,cr-00ba535,GCP,2026-06,514.4,0.0,2143290,668.71,Cloud Run,ETL pipeline service
Security-Ops,ecs-076f734,AWS,2026-06,150.8,0.0,0,275.27,ECS,Fargate batch cluster
Production-Main,s3-076c637,AWS,2026-06,0.0,49.7,24850163,161.52,S3,Static website hosting
Data-Science,clog-0f9e217,GCP,2026-06,0.0,434.9,0,108.75,Cloud Logging,Application logs
Internal-Tools,ec-0497288,AWS,2026-06,497.2,0.0,0,357.93,ElastiCache,Redis production cluster
Production-Main,aks-0b11718,AZURE,2026-06,584.0,0.0,0,2628.32,AKS,Production K8s cluster
Shared-Services,gcs-0d20611,GCP,2026-06,0.0,530.8,8492070,98.19,Cloud Storage,Temp processing bucket
Production-Secondary,sqldb-04cb316,AZURE,2026-06,465.8,161.8,0,779.51,SQL Database,Standard S3 production
Production-Secondary,vai-105f825,GCP,2026-06,225.8,0.0,0,1128.84,Vertex AI,AutoML jobs
Finance-Systems,sentinel-0984463,AZURE,2026-06,0.0,0.0,126414339,3160.35,Microsoft Sentinel,SIEM detection
Production-Secondary,acr-0a81124,AZURE,2026-06,0.0,243.5,487055,160.73,Container Registry,Docker image registry
Partner-Integration,vai-1186733,GCP,2026-06,620.1,0.0,0,3100.28,Vertex AI,Training pipelines
Marketing-Platform,rds-0fe1560,AWS,2026-06,521.2,361.9,0,1031.51,RDS,db.r5.large PostgreSQL replica
Analytics-Platform,bq-09ec448,GCP,2026-06,0.0,2010.6,0,804.23,BigQuery,BI reporting views
DevOps-Central,blob-060f173,AZURE,2026-06,0.0,4565.8,0,456.58,Blob Storage,Security audit logs
Customer-Portal,elb-0a54570,AWS,2026-06,732.4,0.0,30514166,222.15,ELB,Application load balancer
Internal-Tools,lam-0782653,AWS,2026-06,0.0,0.0,1173623,8.81,Lambda,Cron job runner
Customer-Portal,s3-0417989,AWS,2026-06,0.0,17289.3,3457866,605.13,S3,Data lake raw zone
Staging-Env,gcs-08f9516,GCP,2026-06,0.0,17926.8,44816,179.27,Cloud Storage,Archive bucket
Customer-Portal,mem-0277393,GCP,2026-06,387.0,0.0,0,278.64,Memorystore,Redis staging cache
Marketing-Platform,ps-0c52845,GCP,2026-06,0.0,0.0,46136830,576.71,Pub/Sub,Log forwarding
DevOps-Central,appi-0710252,AZURE,2026-06,0.0,0.0,55774901,697.18,Application Insights,APM telemetry
Staging-Env,cr-0448765,GCP,2026-06,717.2,0.0,2988137,932.3,Cloud Run,ETL pipeline service
Mobile-Backend,sqldb-0f79775,AZURE,2026-06,884.1,307.0,0,1479.42,SQL Database,Standard S3 production
Internal-Tools,s3-02bb548,AWS,2026-06,0.0,1033.3,2066627,90.41,S3,Artifact storage
Shared-Services,rds-0533968,AWS,2026-06,655.7,455.3,0,1297.54,RDS,db.r5.large PostgreSQL replica
Edge-Network,s3-0ec2367,AWS,2026-06,0.0,949.0,1898058,83.04,S3,Artifact storage
Marketing-Platform,cdns-0edd593,GCP,2026-06,0.0,0.0,14331976,21.51,Cloud DNS,DNS zones
Security-Ops,bq-1170876,GCP,2026-06,0.0,1797.2,0,718.88,BigQuery,BI reporting views
Marketing-Platform,vpn-0a2e654,AWS,2026-06,825.9,0.0,0,209.36,VPN Gateway,Client VPN endpoint
Data-Science,blob-0fc5519,AZURE,2026-06,0.0,10701.3,107011,321.04,Blob Storage,Backup storage
Analytics-Platform,clog-06d5147,GCP,2026-06,0.0,403.0,0,100.76,Cloud Logging,Application logs
Production-Main,ecs-082a733,AWS,2026-06,424.5,0.0,0,774.69,ECS,Fargate worker cluster
IoT-Platform,csql-09b6525,GCP,2026-06,945.1,262.5,0,1518.42,Cloud SQL,PostgreSQL primary
Marketing-Platform,mem-0c1f707,GCP,2026-06,563.6,0.0,0,405.77,Memorystore,Redis production cache
Internal-Tools,cf-095a942,AWS,2026-06,0.0,0.0,47052098,235.26,CloudFront,CDN API distribution
Production-Secondary,aks-05a2662,AZURE,2026-06,338.4,0.0,0,507.64,AKS,Dev K8s cluster
Partner-Integration,elb-0f50855,AWS,2026-06,796.3,0.0,11059484,161.01,ELB,Classic load balancer
DevOps-Central,sentinel-0844469,AZURE,2026-06,0.0,0.0,44059364,1101.49,Microsoft Sentinel,Log analytics
Production-Secondary,r53-0087224,AWS,2026-06,0.0,0.0,67111450,100.67,Route 53,DNS hosting
IoT-Platform,bq-0356304,GCP,2026-06,0.0,6766.6,0,2706.62,BigQuery,Analytics data warehouse
Shared-Services,rds-0798140,AWS,2026-06,563.6,782.8,0,2504.97,RDS,db.r5.2xlarge Aurora cluster
Shared-Services,fd-0c6c604,AZURE,2026-06,0.0,0.0,66694460,500.22,Front Door,Global load balancer
Shared-Services,rds-088e703,AWS,2026-06,541.0,751.4,0,2404.62,RDS,db.r5.2xlarge Aurora cluster
Production-Secondary,ca-0099778,GCP,2026-06,0.0,0.0,111432494,417.87,Cloud Armor,WAF policies
Customer-Portal,elb-062f711,AWS,2026-06,786.0,0.0,32749226,238.42,ELB,Application load balancer
Shared-Services,nat-0e1a884,AWS,2026-06,613.4,0.0,0,139.94,NAT Gateway,Staging VPC NAT
Finance-Systems,blob-0bfe263,AZURE,2026-06,0.0,6930.0,69298,207.9,Blob Storage,Backup storage
Production-Secondary,acr-0cdd824,AZURE,2026-06,0.0,212.5,424928,140.23,Container Registry,Docker image registry
Compliance-Audit,elb-04ca178,AWS,2026-06,475.9,0.0,33051824,206.24,ELB,Network load balancer
Mobile-Backend,vm-09c7745,AZURE,2026-06,816.6,0.0,0,993.49,Virtual Machines,D4s v3 CI runner
Internal-Tools,nat-0a69775,AWS,2026-06,584.3,0.0,0,133.3,NAT Gateway,Dev VPC NAT
Finance-Systems,s3-0515672,AWS,2026-06,0.0,1320.0,2639873,115.5,S3,Artifact storage
Security-Ops,ecs-07d0252,AWS,2026-06,497.8,0.0,0,908.51,ECS,Fargate API cluster
Internal-Tools,s3-052b864,AWS,2026-06,0.0,3996.8,6394816,291.76,S3,Media content bucket
Security-Ops,sqs-0cca144,AWS,2026-06,0.0,0.0,47462903,23.73,SQS,Event notification queue
Internal-Tools,cf-0809156,AWS,2026-06,0.0,0.0,147335034,736.67,CloudFront,CDN media distribution
Marketing-Platform,sqs-0652126,AWS,2026-06,0.0,0.0,483446,0.24,SQS,Dead letter queue
Shared-Services,app-0e7a761,AZURE,2026-06,1037.7,0.0,0,1262.53,App Service,API app P2v3
Partner-Integration,ddb-03d5405,AWS,2026-06,696.4,9.7,4835842,84.63,DynamoDB,Config store table
Customer-Portal,ses-06a6724,AWS,2026-06,0.0,0.0,706023,0.85,SES,Marketing email
Security-Ops,sm-08b5882,AWS,2026-06,0.0,0.0,1243938,4.98,Secrets Manager,Application secrets
Shared-Services,kv-01cc830,AZURE,2026-06,0.0,0.0,410429,1.23,Key Vault,Certificate store
Compliance-Audit,rds-04d9582,AWS,2026-06,362.7,100.7,0,428.21,RDS,db.t3.medium MySQL staging
Compliance-Audit,sns-0399927,AWS,2026-06,0.0,0.0,13805154,6.9,SNS,Alert notifications
Analytics-Platform,kv-06cd417,AZURE,2026-06,0.0,0.0,1821425,5.46,Key Vault,Secrets management
Edge-Network,ps-02fd764,GCP,2026-06,0.0,0.0,46606246,582.58,Pub/Sub,Log forwarding
Compliance-Audit,eks-101f873,AWS,2026-06,643.0,0.0,0,1929.11,EKS,Production K8s cluster
Data-Science,i-0b8e813,AWS,2026-06,475.1,0.0,0,1647.03,EC2,m5.2xlarge batch processor
Production-Secondary,blob-0fe2396,AZURE,2026-06,0.0,2510.9,6695483,326.4,Blob Storage,Build artifacts
Production-Main,vm-0038294,AZURE,2026-06,629.3,0.0,0,765.68,Virtual Machines,D4s v3 CI runner
Customer-Portal,cosmos-0ea0245,AZURE,2026-06,615.3,85.5,21363719,801.13,Cosmos DB,Event store
Marketing-Platform,rs-063e686,AWS,2026-06,0.0,0.0,6223421,311.17,Redshift,Spectrum queries
Security-Ops,ca-0b40128,GCP,2026-06,0.0,0.0,96038424,360.14,Cloud Armor,WAF policies
Shared-Services,kv-0adc624,AZURE,2026-06,0.0,0.0,390650,1.17,Key Vault,Certificate store
Partner-Integration,redis-0d95457,AZURE,2026-06,631.5,0.0,0,768.42,Azure Cache for Redis,Premium P1 cache
IoT-Platform,csql-0938911,GCP,2026-06,770.2,213.9,0,1237.47,Cloud SQL,PostgreSQL primary
Shared-Services,gcs-1094454,GCP,2026-06,0.0,7455.7,186389,171.48,Cloud Storage,Backup bucket
Mobile-Backend,acr-0340268,AZURE,2026-06,0.0,202.2,404393,133.45,Container Registry,Docker image registry
Internal-Tools,ebs-113b578,AWS,2026-06,0.0,392.8,0,245.5,EBS,io2 volumes database
Staging-Env,gcs-085c168,GCP,2026-06,0.0,11501.6,3833879,345.05,Cloud Storage,Data lake bucket
Production-Main,cosmos-0e2c318,AZURE,2026-06,737.2,102.4,25598104,959.93,Cosmos DB,Event store
Production-Main,sentinel-0deb616,AZURE,2026-06,0.0,0.0,77006720,1925.17,Microsoft Sentinel,SIEM detection
Partner-Integration,elb-06d8314,AWS,2026-06,712.5,0.0,9896053,144.08,ELB,Classic load balancer
Shared-Services,vm-0fe0559,AZURE,2026-06,988.9,0.0,0,1203.18,Virtual Machines,D4s v3 CI runner
Compliance-Audit,ses-0d16832,AWS,2026-06,0.0,0.0,1800617,2.16,SES,Transactional email
Shared-Services,s3-0eda156,AWS,2026-06,0.0,14097.4,2819482,493.41,S3,Data lake raw zone
Finance-Systems,clog-0ec6304,GCP,2026-06,0.0,225.7,0,56.43,Cloud Logging,Audit logs
Production-Secondary,elb-0487699,AWS,2026-06,675.6,0.0,28149066,204.92,ELB,Application load balancer
Production-Secondary,vai-0094955,GCP,2026-06,622.8,0.0,0,3113.79,Vertex AI,Training pipelines
Marketing-Platform,cdns-041b779,GCP,2026-06,0.0,0.0,14465946,21.7,Cloud DNS,DNS zones
Edge-Network,ebs-06de655,AWS,2026-06,0.0,134.1,0,16.77,EBS,gp3 volumes staging
Internal-Tools,lam-0f9d732,AWS,2026-06,0.0,0.0,15800861,110.61,Lambda,Event processor
Customer-Portal,bq-0615458,GCP,2026-06,0.0,977.8,0,391.13,BigQuery,Data export queries
Data-Science,mem-0129294,GCP,2026-06,352.3,0.0,0,253.68,Memorystore,Redis staging cache
Production-Main,cdns-06c9194,GCP,2026-06,0.0,0.0,18264660,27.4,Cloud DNS,DNS zones
Customer-Portal,vm-0b93566,AZURE,2026-06,864.3,0.0,0,262.89,Virtual Machines,B2s development VM
Internal-Tools,s3-0556224,AWS,2026-06,0.0,4023.7,6437806,293.73,S3,Media content bucket
Data-Science,gke-012b441,GCP,2026-06,1588.5,0.0,0,3176.95,GKE,ML training cluster
Production-Secondary,clog-0091888,GCP,2026-06,0.0,497.1,0,124.26,Cloud Logging,Application logs
Compliance-Audit,i-0af0314,AWS,2026-06,544.4,0.0,0,236.11,EC2,t3.medium API server
Shared-Services,rds-0454133,AWS,2026-06,576.5,400.3,0,1140.8,RDS,db.r5.large PostgreSQL replica
Analytics-Platform,gcs-0c3d467,GCP,2026-06,0.0,2391.9,2391839,173.4,Cloud Storage,Media assets bucket
Staging-Env,cdns-1139865,GCP,2026-06,0.0,0.0,15753791,23.63,Cloud DNS,DNS zones
Mobile-Backend,aks-046c326,AZURE,2026-06,1002.7,0.0,0,1504.06,AKS,Staging K8s cluster
Compliance-Audit,ecs-0e22271,AWS,2026-06,423.9,0.0,0,773.6,ECS,Fargate worker cluster
Security-Ops,gcs-0161732,GCP,2026-06,0.0,6562.5,164062,150.94,Cloud Storage,Backup bucket
DevOps-Central,kin-00ca857,AWS,2026-06,811.3,0.0,33802249,493.51,Kinesis,Data stream ingestion
Analytics-Platform,csql-0e53229,GCP,2026-06,736.9,204.7,0,885.3,Cloud SQL,PostgreSQL replica
Production-Main,ec-0bc4932,AWS,2026-06,1077.9,0.0,0,776.1,ElastiCache,Redis production cluster
Production-Main,ca-07a3445,GCP,2026-06,0.0,0.0,110422465,414.08,Cloud Armor,WAF policies
Partner-Integration,gcs-06f1329,GCP,2026-06,0.0,17610.2,44024,176.1,Cloud Storage,Archive bucket
Internal-Tools,s3-0cf7590,AWS,2026-06,0.0,6864.8,429047,171.63,S3,Log archive bucket
Security-Ops,s3-0182639,AWS,2026-06,0.0,3495.0,20970223,873.76,S3,Production asset storage
Shared-Services,sb-111b141,AZURE,2026-06,577.9,0.0,8027019,439.47,Service Bus,Premium messaging
Data-Science,i-0e0c224,AWS,2026-06,367.0,0.0,0,1064.59,EC2,c5.2xlarge HPC node
Partner-Integration,ecs-03d7683,AWS,2026-06,451.1,0.0,0,823.33,ECS,Fargate API cluster
Security-Ops,lam-0988526,AWS,2026-06,0.0,0.0,22879576,160.15,Lambda,Data transformer
Finance-Systems,s3-079a209,AWS,2026-06,0.0,5356.6,8570632,391.04,S3,Media content bucket
Production-Secondary,vai-112f326,GCP,2026-06,661.9,0.0,0,3309.03,Vertex AI,Training pipelines
Partner-Integration,sb-08a4958,AZURE,2026-06,606.9,0.0,8429681,461.52,Service Bus,Premium messaging
Partner-Integration,sm-0ed5679,AWS,2026-06,0.0,0.0,1535628,6.15,Secrets Manager,Application secrets
Production-Main,r53-0012755,AWS,2026-06,0.0,0.0,13926663,20.89,Route 53,Health checks
Staging-Env,gcs-043e773,GCP,2026-06,0.0,11613.2,3871090,348.4,Cloud Storage,Data lake bucket
Shared-Services,clog-0ca9614,GCP,2026-06,0.0,278.1,0,69.53,Cloud Logging,Audit logs
DevOps-Central,redis-0ff6273,AZURE,2026-06,696.2,0.0,0,847.07,Azure Cache for Redis,Premium P1 cache
Edge-Network,ebs-0dd1202,AWS,2026-06,0.0,210.6,0,26.33,EBS,gp3 volumes staging
Customer-Portal,blob-09de529,AZURE,2026-06,0.0,5990.2,0,599.02,Blob Storage,Security audit logs
Data-Science,rds-0d7c680,AWS,2026-06,830.2,230.7,0,749.52,RDS,db.t3.large development DB
Shared-Services,vm-0b6d990,AZURE,2026-06,614.6,0.0,0,2243.19,Virtual Machines,E8s v3 memory-optimized
Mobile-Backend,sqldb-0c69847,AZURE,2026-06,740.3,257.1,0,1238.85,SQL Database,Standard S3 production
Staging-Env,fs-0414599,GCP,2026-06,601.3,16.7,41759536,438.47,Firestore,Session store
Finance-Systems,cr-0f69206,GCP,2026-06,645.3,0.0,2688660,838.86,Cloud Run,ETL pipeline service
DR-Recovery,azmon-02f9948,AZURE,2026-06,0.0,266.4,35519031,377.39,Azure Monitor,Logs and metrics
Production-Main,s3-0016611,AWS,2026-06,0.0,848.8,1697677,74.27,S3,Artifact storage
Edge-Network,ecs-0320455,AWS,2026-06,195.5,0.0,0,356.83,ECS,Fargate batch cluster
Partner-Integration,azmon-0f4d156,AZURE,2026-06,0.0,229.4,30584587,324.96,Azure Monitor,Logs and metrics
Finance-Systems,cr-0983776,GCP,2026-06,274.4,0.0,2286931,237.85,Cloud Run,Webhook handler
Analytics-Platform,clog-10d3731,GCP,2026-06,0.0,416.4,0,104.12,Cloud Logging,Application logs
Customer-Portal,sb-0267468,AZURE,2026-06,0.0,0.0,18317911,45.79,Service Bus,Standard messaging
Data-Science,gke-012d310,GCP,2026-06,600.4,0.0,0,1801.27,GKE,Batch processing cluster
Production-Secondary,app-0df0743,AZURE,2026-06,667.4,0.0,0,101.51,App Service,Web app B1
Marketing-Platform,sqs-01db272,AWS,2026-06,0.0,0.0,525900,0.26,SQS,Dead letter queue
Shared-Services,rds-09c6142,AWS,2026-06,587.7,408.1,0,1163.07,RDS,db.r5.large PostgreSQL replica
Partner-Integration,rds-086c113,AWS,2026-06,450.8,125.2,0,532.03,RDS,db.t3.medium MySQL staging
Production-Secondary,blob-0afc132,AZURE,2026-06,0.0,2712.5,6781179,440.78,Blob Storage,Media content
Marketing-Platform,i-0dcc735,AWS,2026-06,554.2,0.0,0,480.2,EC2,m5.large monitoring server
Security-Ops,lam-0e9d376,AWS,2026-06,0.0,0.0,22772189,159.4,Lambda,Data transformer
Security-Ops,lam-017b358,AWS,2026-06,0.0,0.0,58235696,407.65,Lambda,Auth token validator
Security-Ops,s3-0540342,AWS,2026-06,0.0,17508.1,3501617,612.78,S3,Data lake raw zone
Mobile-Backend,kin-0db1783,AWS,2026-06,604.3,0.0,25177568,367.59,Kinesis,Data stream ingestion
Production-Secondary,r53-0088920,AWS,2026-06,0.0,0.0,10195232,15.29,Route 53,Health checks
Analytics-Platform,aks-0a79530,AZURE,2026-06,1225.2,0.0,0,1837.85,AKS,Staging K8s cluster
Security-Ops,clog-06f4781,GCP,2026-06,0.0,538.1,0,134.52,Cloud Logging,Application logs
Finance-Systems,blob-0f5c178,AZURE,2026-06,0.0,2239.1,5597745,363.85,Blob Storage,Media content
DevOps-Central,ec-07fb671,AWS,2026-06,780.2,0.0,0,561.74,ElastiCache,Redis production cluster
Mobile-Backend,vm-0f40851,AZURE,2026-06,933.5,0.0,0,1135.76,Virtual Machines,D4s v3 CI runner
Marketing-Platform,vpn-0547838,AWS,2026-06,975.0,0.0,0,494.24,VPN Gateway,Site-to-site VPN
Analytics-Platform,mem-0be0769,GCP,2026-06,390.1,0.0,0,280.85,Memorystore,Redis staging cache
Security-Ops,sm-0192528,AWS,2026-06,0.0,0.0,1052034,4.21,Secrets Manager,Application secrets
Finance-Systems,cosmos-09b9465,AZURE,2026-06,598.5,166.1,33247180,1350.66,Cosmos DB,User data store
Marketing-Platform,rds-0dc3816,AWS,2026-06,695.6,483.1,0,1376.84,RDS,db.r5.large PostgreSQL replica
Customer-Portal,blob-0c6b861,AZURE,2026-06,0.0,4377.8,0,437.78,Blob Storage,Security audit logs
Analytics-Platform,ps-00b0784,GCP,2026-06,0.0,0.0,43955790,549.45,Pub/Sub,Log forwarding
Data-Science,ses-014b619,AWS,2026-06,0.0,0.0,386260,0.46,SES,Marketing email
Compliance-Audit,i-0b1a567,AWS,2026-06,720.6,0.0,0,624.53,EC2,m5.large monitoring server
Marketing-Platform,sm-0e0b262,AWS,2026-06,0.0,0.0,970659,3.88,Secrets Manager,Application secrets
Data-Science,cmon-0119114,GCP,2026-06,0.0,0.0,37604321,300.83,Cloud Monitoring,Metrics and alerting
DevOps-Central,vm-1176875,AZURE,2026-06,834.7,0.0,0,253.91,Virtual Machines,B2s development VM
Marketing-Platform,mem-0bec716,GCP,2026-06,641.6,0.0,0,461.96,Memorystore,Redis production cache
DevOps-Central,aks-0b9b612,AZURE,2026-06,377.9,0.0,0,566.84,AKS,Dev K8s cluster
Edge-Network,i-07f9917,AWS,2026-06,588.6,0.0,0,2040.48,EC2,m5.2xlarge batch processor
ML-Training,i-07b3955,AWS,2026-06,731.8,0.0,0,634.16,EC2,m5.large monitoring server
Data-Science,fd-0551933,AZURE,2026-06,0.0,0.0,37511988,281.34,Front Door,Global load balancer
Finance-Systems,cosmos-021a338,AZURE,2026-06,617.7,42.9,12869552,418.26,Cosmos DB,Config store
Analytics-Platform,clog-00b2916,GCP,2026-06,0.0,424.2,0,106.06,Cloud Logging,Application logs
Production-Secondary,rs-0085981,AWS,2026-06,953.9,2649.7,0,4835.75,Redshift,Data warehouse cluster
IoT-Platform,cr-07ba478,GCP,2026-06,614.4,0.0,12800667,921.65,Cloud Run,API gateway service
Staging-Env,gcf-07b5689,GCP,2026-06,0.0,0.0,6878291,103.18,Cloud Functions,Auth handlers
Marketing-Platform,csp-059d134,GCP,2026-06,1066.4,148.2,74055728,6487.28,Cloud Spanner,Global transaction DB
Finance-Systems,s3-0475629,AWS,2026-06,0.0,59.6,29801402,193.71,S3,Static website hosting
Marketing-Platform,gcf-0b09565,GCP,2026-06,0.0,0.0,2070736,31.07,Cloud Functions,Scheduled tasks
Partner-Integration,sqs-080f764,AWS,2026-06,0.0,0.0,458302,0.23,SQS,Dead letter queue
Edge-Network,lam-0f3f242,AWS,2026-06,0.0,0.0,21555763,150.89,Lambda,Data transformer
Customer-Portal,blob-09e3556,AZURE,2026-06,0.0,2680.0,6699988,435.49,Blob Storage,Media content
Compliance-Audit,rs-115c829,AWS,2026-06,0.0,0.0,4916483,245.82,Redshift,Spectrum queries
Edge-Network,vai-0cfa846,GCP,2026-06,675.7,0.0,7508463,1464.15,Vertex AI,Model serving endpoints
Customer-Portal,vpn-10ed434,AWS,2026-06,987.5,0.0,0,250.31,VPN Gateway,Client VPN endpoint
DR-Recovery,appi-0b58118,AZURE,2026-06,0.0,0.0,16972267,212.16,Application Insights,Custom metrics
Compliance-Audit,ses-1003965,AWS,2026-06,0.0,0.0,1641782,1.97,SES,Transactional email
Marketing-Platform,gke-10ee847,GCP,2026-06,4305.7,0.0,0,8611.49,GKE,GPU node pool
Mobile-Backend,vm-0433725,AZURE,2026-06,816.2,0.0,0,1159.0,Virtual Machines,F4s v2 compute node
Shared-Services,cosmos-05aa586,AZURE,2026-06,661.8,91.9,22978062,861.68,Cosmos DB,Event store
Internal-Tools,rds-0bea427,AWS,2026-06,982.1,1364.1,0,4364.78,RDS,db.r5.2xlarge Aurora cluster
ML-Training,r53-0370851,AWS,2026-06,0.0,0.0,48243443,72.37,Route 53,DNS hosting
Mobile-Backend,acr-0d36117,AZURE,2026-06,0.0,232.2,464312,153.22,Container Registry,Docker image registry
Finance-Systems,blob-1130845,AZURE,2026-06,0.0,9710.3,97101,291.31,Blob Storage,Backup storage
DR-Recovery,cosmos-02ee235,AZURE,2026-06,857.5,238.2,47639942,1935.37,Cosmos DB,User data store
Customer-Portal,acr-0939368,AZURE,2026-06,0.0,233.8,467565,154.3,Container Registry,Docker image registry
ML-Training,i-08d8148,AWS,2026-06,630.6,0.0,0,2186.27,EC2,r5.2xlarge database server
Shared-Services,sb-07c5344,AZURE,2026-06,527.7,0.0,7330275,401.33,Service Bus,Premium messaging
Production-Main,app-08b7973,AZURE,2026-06,531.7,0.0,0,646.84,App Service,API app P2v3
Mobile-Backend,azmon-0d40534,AZURE,2026-06,0.0,276.5,36867874,391.72,Azure Monitor,Logs and metrics
Analytics-Platform,eh-0d75846,AZURE,2026-06,630.6,0.0,26274542,287.71,Event Hubs,Standard throughput units
Production-Secondary,kv-0ae0339,AZURE,2026-06,0.0,0.0,2197479,6.59,Key Vault,Secrets management
Data-Science,bq-011d724,GCP,2026-06,0.0,1859.2,0,743.68,BigQuery,BI reporting views
Analytics-Platform,vai-108c424,GCP,2026-06,228.9,0.0,0,1144.68,Vertex AI,AutoML jobs
DevOps-Central,ddb-00cf819,AWS,2026-06,860.3,11.9,5974345,104.55,DynamoDB,Config store table
DevOps-Central,cosmos-00ed713,AZURE,2026-06,697.3,96.9,24212755,907.98,Cosmos DB,Event store
ML-Training,ec-0ee1247,AWS,2026-06,874.2,0.0,0,629.47,ElastiCache,Redis production cluster
Customer-Portal,blob-0c5b230,AZURE,2026-06,0.0,4762.0,0,476.2,Blob Storage,Security audit logs
Edge-Network,sns-103a136,AWS,2026-06,0.0,0.0,14319562,7.17,SNS,Alert notifications
Mobile-Backend,sb-0ad6340,AZURE,2026-06,0.0,0.0,14829328,37.07,Service Bus,Standard messaging
Edge-Network,sns-1116196,AWS,2026-06,0.0,0.0,11762652,5.88,SNS,Alert notifications
Compliance-Audit,sm-113a398,AWS,2026-06,0.0,0.0,1319396,5.27,Secrets Manager,Application secrets
Production-Secondary,aks-0bff445,AZURE,2026-06,1455.6,0.0,0,2183.41,AKS,Staging K8s cluster
Production-Main,i-0e83752,AWS,2026-06,588.4,0.0,0,2039.55,EC2,m5.2xlarge batch processor
IoT-Platform,csp-0ba0507,GCP,2026-06,1014.0,140.8,70412716,6168.15,Cloud Spanner,Global transaction DB
Shared-Services,r53-0b86525,AWS,2026-06,0.0,0.0,72835984,109.25,Route 53,DNS hosting
Internal-Tools,elb-02b8525,AWS,2026-06,556.7,0.0,23195536,168.86,ELB,Application load balancer
Shared-Services,func-01c9726,AZURE,2026-06,0.0,0.0,10123911,151.86,Azure Functions,Event processors
Security-Ops,ca-0176613,GCP,2026-06,0.0,0.0,112350408,421.31,Cloud Armor,WAF policies
Customer-Portal,app-026b326,AZURE,2026-06,787.5,0.0,0,958.14,App Service,API app P2v3
Production-Secondary,appi-0059233,AZURE,2026-06,0.0,0.0,46674478,583.43,Application Insights,APM telemetry
Staging-Env,gke-0c35243,GCP,2026-06,717.6,0.0,0,2152.68,GKE,Production API cluster
QA-Testing,ses-062e201,AWS,2026-06,0.0,0.0,2676878,3.21,SES,Transactional email
Marketing-Platform,mem-0fe3237,GCP,2026-06,559.7,0.0,0,402.98,Memorystore,Redis production cache
Data-Science,gcf-08ad127,GCP,2026-06,0.0,0.0,10410958,156.16,Cloud Functions,Auth handlers
Mobile-Backend,vm-0cf4927,AZURE,2026-06,933.3,0.0,0,2271.15,Virtual Machines,D8s v3 application server
Finance-Systems,gcf-08be587,GCP,2026-06,0.0,0.0,14947360,224.2,Cloud Functions,Data triggers
Edge-Network,i-0634118,AWS,2026-06,787.2,0.0,0,2728.93,EC2,r5.2xlarge database server
Edge-Network,s3-0319797,AWS,2026-06,0.0,12841.7,128416,295.36,S3,Backup storage bucket
Production-Main,lam-000b396,AWS,2026-06,0.0,0.0,17190575,120.33,Lambda,Event processor
Marketing-Platform,cmon-01fe252,GCP,2026-06,0.0,0.0,31905986,255.25,Cloud Monitoring,Metrics and alerting
Edge-Network,csql-10c6860,GCP,2026-06,683.5,189.9,0,821.14,Cloud SQL,PostgreSQL replica
Partner-Integration,elb-03db380,AWS,2026-06,506.4,0.0,21098983,153.6,ELB,Application load balancer
Shared-Services,r53-0197483,AWS,2026-06,0.0,0.0,69808387,104.71,Route 53,DNS hosting
Mobile-Backend,vm-0b72180,AZURE,2026-06,744.2,0.0,0,452.68,Virtual Machines,D2s v3 utility server
Edge-Network,s3-06b2129,AWS,2026-06,0.0,63.6,31778941,206.55,S3,Static website hosting
Data-Science,i-013d711,AWS,2026-06,696.0,0.0,0,603.18,EC2,m5.large monitoring server
Partner-Integration,elb-0f4c997,AWS,2026-06,647.0,0.0,8985059,130.82,ELB,Classic load balancer
DevOps-Central,vm-00e0218,AZURE,2026-06,631.2,0.0,0,1535.94,Virtual Machines,D8s v3 application server
ML-Training,i-0369482,AWS,2026-06,988.1,0.0,0,428.53,EC2,t3.medium API server
Customer-Portal,app-0f24784,AZURE,2026-06,686.4,0.0,0,835.1,App Service,API app P2v3
Partner-Integration,ddb-04cf704,AWS,2026-06,560.8,39.0,62315019,438.15,DynamoDB,Session store table
Compliance-Audit,i-0812373,AWS,2026-06,629.4,0.0,0,2181.67,EC2,r5.2xlarge database server
Marketing-Platform,r53-0aa1477,AWS,2026-06,0.0,0.0,51865182,77.79,Route 53,DNS hosting
Production-Main,blob-095d284,AZURE,2026-06,0.0,2609.5,6958578,339.23,Blob Storage,Build artifacts
Customer-Portal,cosmos-06d4992,AZURE,2026-06,762.3,52.9,15881085,516.14,Cosmos DB,Config store
DevOps-Central,app-0c88463,AZURE,2026-06,945.0,0.0,0,143.72,App Service,Web app B1
Internal-Tools,lam-0eb4918,AWS,2026-06,0.0,0.0,22774066,159.42,Lambda,Data transformer
Edge-Network,gke-0737724,GCP,2026-06,654.2,0.0,0,1962.67,GKE,Production API cluster
Security-Ops,bq-0164326,GCP,2026-06,0.0,1833.1,0,733.24,BigQuery,Data export queries
QA-Testing,sm-03ed358,AWS,2026-06,0.0,0.0,786516,3.15,Secrets Manager,Application secrets
Edge-Network,gke-0422340,GCP,2026-06,749.0,0.0,0,2246.98,GKE,Production API cluster
Edge-Network,gke-09da268,GCP,2026-06,961.1,0.0,0,2883.32,GKE,Production API cluster
Shared-Services,clog-10eb198,GCP,2026-06,0.0,252.7,0,63.17,Cloud Logging,Audit logs
Finance-Systems,vpn-0c5e853,AWS,2026-06,908.0,0.0,0,230.16,VPN Gateway,Client VPN endpoint
Marketing-Platform,mem-0206894,GCP,2026-06,449.3,0.0,0,323.49,Memorystore,Redis staging cache
Edge-Network,ecs-083f327,AWS,2026-06,293.8,0.0,0,536.09,ECS,Fargate worker cluster
Finance-Systems,app-0778754,AZURE,2026-06,1151.2,0.0,0,175.08,App Service,Web app B1
Shared-Services,gcs-0cc2493,GCP,2026-06,0.0,3123.4,3123365,226.44,Cloud Storage,Media assets bucket
Security-Ops,cdns-0449810,GCP,2026-06,0.0,0.0,24590930,36.88,Cloud DNS,DNS zones
Staging-Env,gke-0f11337,GCP,2026-06,3090.3,0.0,0,6180.61,GKE,ML training cluster
Production-Secondary,blob-07ab764,AZURE,2026-06,0.0,2224.9,5933011,289.23,Blob Storage,Build artifacts
IoT-Platform,cr-0e01602,GCP,2026-06,414.4,0.0,1726498,538.67,Cloud Run,ETL pipeline service
Finance-Systems,blob-0e03178,AZURE,2026-06,0.0,2407.4,6018551,391.2,Blob Storage,Media content
Finance-Systems,cr-0232515,GCP,2026-06,329.3,0.0,2744293,285.41,Cloud Run,Webhook handler
Customer-Portal,gcs-0a82442,GCP,2026-06,0.0,21821.2,54551,218.21,Cloud Storage,Archive bucket
Compliance-Audit,kin-0cdf374,AWS,2026-06,644.0,0.0,26831587,391.74,Kinesis,Data stream ingestion
Customer-Portal,cosmos-0404793,AZURE,2026-06,734.5,51.0,15303292,497.36,Cosmos DB,Config store
Customer-Portal,fd-0908832,AZURE,2026-06,0.0,0.0,63530865,476.48,Front Door,Global load balancer
Compliance-Audit,s3-038e331,AWS,2026-06,0.0,10255.4,102554,235.87,S3,Backup storage bucket
Finance-Systems,gcs-040c806,GCP,2026-06,0.0,456.5,7302978,84.44,Cloud Storage,Temp processing bucket
Customer-Portal,ses-09ba980,AWS,2026-06,0.0,0.0,2178273,2.62,SES,Transactional email
Data-Science,i-063f419,AWS,2026-06,352.7,0.0,0,1022.93,EC2,c5.2xlarge HPC node
Shared-Services,sb-0bf8929,AZURE,2026-06,535.2,0.0,7434550,407.04,Service Bus,Premium messaging
Compliance-Audit,i-0d76887,AWS,2026-06,680.9,0.0,0,590.08,EC2,m5.large monitoring server
Shared-Services,ado-0997765,AZURE,2026-06,512.2,0.0,0,256.04,Azure DevOps,Pipelines hosted
Production-Secondary,csql-10b0577,GCP,2026-06,539.0,149.7,0,865.92,Cloud SQL,PostgreSQL primary
Marketing-Platform,rs-0578755,AWS,2026-06,624.7,1735.3,0,3166.71,Redshift,Data warehouse cluster
Production-Main,i-07b0216,AWS,2026-06,411.0,0.0,0,1191.93,EC2,c5.2xlarge HPC node
Analytics-Platform,kv-00c2112,AZURE,2026-06,0.0,0.0,1543622,4.63,Key Vault,Secrets management
Mobile-Backend,vm-0348464,AZURE,2026-06,629.1,0.0,0,2296.22,Virtual Machines,E8s v3 memory-optimized
ML-Training,lam-04e8479,AWS,2026-06,0.0,0.0,11077809,77.55,Lambda,Notification dispatcher
Shared-Services,vm-01bb143,AZURE,2026-06,681.2,0.0,0,207.19,Virtual Machines,B2s development VM
Compliance-Audit,i-039c168,AWS,2026-06,964.7,0.0,0,70.43,EC2,t3.micro bastion host
DevOps-Central,appi-06d6774,AZURE,2026-06,0.0,0.0,15219563,190.25,Application Insights,Custom metrics
Internal-Tools,aks-05a1845,AZURE,2026-06,232.1,0.0,0,348.2,AKS,Dev K8s cluster
Security-Ops,sqs-0889881,AWS,2026-06,0.0,0.0,44514660,22.26,SQS,Event notification queue
Compliance-Audit,i-0954606,AWS,2026-06,812.3,0.0,0,704.0,EC2,m5.large monitoring server
Partner-Integration,cf-0ccc998,AWS,2026-06,0.0,0.0,39592974,197.96,CloudFront,CDN API distribution
Internal-Tools,aks-0295462,AZURE,2026-06,258.6,0.0,0,387.93,AKS,Dev K8s cluster
Production-Main,mem-0046643,GCP,2026-06,483.7,0.0,0,348.25,Memorystore,Redis staging cache
Internal-Tools,ebs-0fd8235,AWS,2026-06,0.0,5527.9,0,248.76,EBS,st1 volumes archive
Data-Science,gke-04d4364,GCP,2026-06,3259.6,0.0,0,6519.09,GKE,GPU node pool
Marketing-Platform,s3-01ee984,AWS,2026-06,0.0,13617.7,136176,313.21,S3,Backup storage bucket
Security-Ops,sqs-0cc7659,AWS,2026-06,0.0,0.0,57228476,28.62,SQS,Order processing queue
Internal-Tools,ebs-05fe716,AWS,2026-06,0.0,1390.9,0,173.86,EBS,gp3 volumes production
Marketing-Platform,gke-0dd4328,GCP,2026-06,2111.9,0.0,0,4223.85,GKE,ML training cluster
Production-Secondary,blob-0e56225,AZURE,2026-06,0.0,13476.4,33690,107.81,Blob Storage,Archive tier
Marketing-Platform,rds-0f32152,AWS,2026-06,910.5,632.4,0,2339.62,RDS,db.r5.xlarge PostgreSQL primary
Security-Ops,ps-0760142,GCP,2026-06,0.0,0.0,31282661,391.03,Pub/Sub,Event streaming
Staging-Env,gke-0ace497,GCP,2026-06,2647.8,0.0,0,5295.5,GKE,ML training cluster
Internal-Tools,lam-05b9579,AWS,2026-06,0.0,0.0,23607668,165.25,Lambda,Data transformer
Customer-Portal,func-1175826,AZURE,2026-06,0.0,0.0,2855822,42.84,Azure Functions,Webhook processor
Edge-Network,s3-05cb638,AWS,2026-06,0.0,62.3,31135176,202.37,S3,Static website hosting
Marketing-Platform,cr-01f6471,GCP,2026-06,787.2,0.0,16399077,1180.73,Cloud Run,API gateway service
Analytics-Platform,bq-00a9545,GCP,2026-06,0.0,10158.5,0,4063.39,BigQuery,Analytics data warehouse
Analytics-Platform,mem-00bc838,GCP,2026-06,620.2,0.0,0,446.54,Memorystore,Redis production cache
Marketing-Platform,vai-083e756,GCP,2026-06,395.7,0.0,0,1978.45,Vertex AI,Training pipelines
Marketing-Platform,gcf-0204526,GCP,2026-06,0.0,0.0,6213785,93.21,Cloud Functions,Auth handlers
Partner-Integration,s3-03cc842,AWS,2026-06,0.0,1218.6,2437286,106.63,S3,Artifact storage
Analytics-Platform,cmon-00b1971,GCP,2026-06,0.0,0.0,21602699,172.82,Cloud Monitoring,Metrics and alerting
DevOps-Central,kv-073f461,AZURE,2026-06,0.0,0.0,326406,0.99,Key Vault,Certificate store
DevOps-Central,sentinel-0612533,AZURE,2026-06,0.0,0.0,118423731,2960.6,Microsoft Sentinel,SIEM detection
Compliance-Audit,s3-0d91108,AWS,2026-06,0.0,894.6,1789392,78.29,S3,Artifact storage
Production-Secondary,acr-0964375,AZURE,2026-06,0.0,245.2,490352,161.82,Container Registry,Docker image registry
Data-Science,i-09a3137,AWS,2026-06,645.6,0.0,0,1119.01,EC2,r5.xlarge cache server
Production-Main,aks-0a3c748,AZURE,2026-06,1111.5,0.0,0,1667.21,AKS,Staging K8s cluster
Internal-Tools,s3-0d9a450,AWS,2026-06,0.0,6101.6,61014,140.33,S3,Backup storage bucket
Partner-Integration,mem-0f6b597,GCP,2026-06,268.7,0.0,0,193.44,Memorystore,Redis staging cache
Security-Ops,cdns-0b9e686,GCP,2026-06,0.0,0.0,21683109,32.52,Cloud DNS,DNS zones
Internal-Tools,cr-0d98506,GCP,2026-06,327.5,0.0,1364539,283.82,Cloud Run,Image processor
Finance-Systems,vm-04f6533,AZURE,2026-06,824.9,0.0,0,2007.11,Virtual Machines,D8s v3 application server
Finance-Systems,aks-04b2652,AZURE,2026-06,1314.8,0.0,0,1972.29,AKS,Staging K8s cluster
Marketing-Platform,ddb-0582661,AWS,2026-06,656.6,45.6,72957299,512.98,DynamoDB,Session store table
IoT-Platform,mem-0361916,GCP,2026-06,794.1,0.0,0,571.79,Memorystore,Redis production cache
Security-Ops,ecs-0f12611,AWS,2026-06,184.0,0.0,0,335.87,ECS,Fargate batch cluster
DevOps-Central,vm-0f6a520,AZURE,2026-06,935.3,0.0,0,568.96,Virtual Machines,D2s v3 utility server
DevOps-Central,blob-044f248,AZURE,2026-06,0.0,9456.3,3546112,502.36,Blob Storage,Data lake storage
Finance-Systems,cr-0605192,GCP,2026-06,640.0,0.0,2666835,832.05,Cloud Run,ETL pipeline service
Edge-Network,ebs-0311888,AWS,2026-06,0.0,6840.6,0,307.83,EBS,st1 volumes archive
Production-Secondary,ec-0cec280,AWS,2026-06,1051.9,0.0,0,378.72,ElastiCache,Redis staging cluster
Production-Secondary,i-06e3233,AWS,2026-06,1022.5,0.0,0,886.86,EC2,t3.large application server
Partner-Integration,rds-03c9787,AWS,2026-06,899.6,624.7,0,1780.43,RDS,db.r5.large PostgreSQL replica
Staging-Env,gke-0ed9571,GCP,2026-06,798.3,0.0,0,2394.8,GKE,Production API cluster
Finance-Systems,blob-020b988,AZURE,2026-06,0.0,2346.2,5865540,381.26,Blob Storage,Media content
QA-Testing,ses-07c3229,AWS,2026-06,0.0,0.0,2657614,3.19,SES,Transactional email
Finance-Systems,rs-07f1538,AWS,2026-06,571.9,1588.6,0,2899.1,Redshift,Data warehouse cluster
Staging-Env,gke-08b2777,GCP,2026-06,574.0,0.0,0,1722.11,GKE,Production API cluster
DevOps-Central,appi-0fc8335,AZURE,2026-06,0.0,0.0,72802274,910.02,Application Insights,APM telemetry
Production-Main,ado-0040969,AZURE,2026-06,647.3,0.0,0,323.63,Azure DevOps,Pipelines hosted
Internal-Tools,elb-0d39987,AWS,2026-06,1198.4,0.0,16645535,242.35,ELB,Classic load balancer
Customer-Portal,kv-1009619,AZURE,2026-06,0.0,0.0,401166,1.2,Key Vault,Certificate store
Production-Secondary,redis-0b3e355,AZURE,2026-06,1000.0,0.0,0,1216.67,Azure Cache for Redis,Premium P1 cache
Security-Ops,ecs-09ff179,AWS,2026-06,137.4,0.0,0,250.96,ECS,Fargate batch cluster
Shared-Services,fd-0ad2606,AZURE,2026-06,0.0,0.0,56499502,423.75,Front Door,Global load balancer
ML-Training,i-0b7f363,AWS,2026-06,673.5,0.0,0,2334.92,EC2,r5.2xlarge database server
Partner-Integration,ddb-03d3612,AWS,2026-06,952.3,132.3,198389736,1487.92,DynamoDB,Cache table
Internal-Tools,gcf-0e8d178,GCP,2026-06,0.0,0.0,11467752,172.02,Cloud Functions,Data triggers
Customer-Portal,cosmos-04b7344,AZURE,2026-06,626.7,43.5,13056424,424.34,Cosmos DB,Config store
Data-Science,i-0fdf856,AWS,2026-06,410.3,0.0,0,1422.33,EC2,m5.2xlarge batch processor
Production-Main,ebs-0c33147,AWS,2026-06,0.0,555.3,0,347.04,EBS,io2 volumes database
Partner-Integration,elb-1189487,AWS,2026-06,563.6,0.0,7827610,113.96,ELB,Classic load balancer
Shared-Services,gcs-01aa874,GCP,2026-06,0.0,22146.6,55366,221.47,Cloud Storage,Archive bucket
Edge-Network,bq-02ff101,GCP,2026-06,0.0,5962.9,0,2385.18,BigQuery,Log analytics
Edge-Network,s3-031a417,AWS,2026-06,0.0,1150.2,2300416,100.64,S3,Artifact storage
Internal-Tools,s3-02be827,AWS,2026-06,0.0,7312.8,73127,168.19,S3,Backup storage bucket
Customer-Portal,sb-0266467,AZURE,2026-06,773.0,0.0,10735550,587.77,Service Bus,Premium messaging
Edge-Network,vai-089b961,GCP,2026-06,732.7,0.0,8141964,1587.68,Vertex AI,Model serving endpoints
Analytics-Platform,gcs-0c9b859,GCP,2026-06,0.0,2786.4,2786337,202.0,Cloud Storage,Media assets bucket
Production-Main,s3-0015422,AWS,2026-06,0.0,10507.7,656728,262.69,S3,Log archive bucket
Compliance-Audit,rs-0f61772,AWS,2026-06,0.0,0.0,5704762,285.24,Redshift,Spectrum queries
IoT-Platform,gke-0e04484,GCP,2026-06,3287.5,0.0,0,6575.09,GKE,GPU node pool
Internal-Tools,gcs-02dc330,GCP,2026-06,0.0,361.4,5783092,66.87,Cloud Storage,Temp processing bucket
Shared-Services,vm-0dc1116,AZURE,2026-06,659.2,0.0,0,1202.97,Virtual Machines,E4s v3 SIEM collector
IoT-Platform,df-0360346,GCP,2026-06,628.9,0.0,0,1530.37,Dataflow,Streaming pipeline
Staging-Env,vai-00f3704,GCP,2026-06,189.2,0.0,0,946.05,Vertex AI,AutoML jobs
Production-Main,s3-079b598,AWS,2026-06,0.0,10109.4,631833,252.73,S3,Log archive bucket
Marketing-Platform,gke-0edf790,GCP,2026-06,2589.7,0.0,0,5179.41,GKE,ML training cluster
Marketing-Platform,df-0207274,GCP,2026-06,798.1,0.0,0,1942.03,Dataflow,Streaming pipeline
Production-Secondary,df-0089960,GCP,2026-06,441.4,0.0,0,1074.19,Dataflow,Batch pipeline
Production-Secondary,app-0bbf989,AZURE,2026-06,701.0,0.0,0,106.61,App Service,Web app B1
Finance-Systems,sentinel-0f92956,AZURE,2026-06,0.0,0.0,121142740,3028.57,Microsoft Sentinel,SIEM detection
Production-Main,sentinel-0d04759,AZURE,2026-06,0.0,0.0,51146645,1278.67,Microsoft Sentinel,Log analytics
Analytics-Platform,clog-069f805,GCP,2026-06,0.0,175.3,0,43.82,Cloud Logging,Audit logs
Customer-Portal,func-100b422,AZURE,2026-06,0.0,0.0,3071483,46.07,Azure Functions,Webhook processor
Analytics-Platform,eh-0f6c240,AZURE,2026-06,0.0,325.9,0,81.49,Event Hubs,Capture to storage
ML-Training,ebs-103e746,AWS,2026-06,0.0,647.2,0,404.45,EBS,io2 volumes database
Data-Science,mem-0d3b973,GCP,2026-06,317.5,0.0,0,228.67,Memorystore,Redis staging cache
Production-Main,aks-0c17786,AZURE,2026-06,670.1,0.0,0,3015.6,AKS,Production K8s cluster
Production-Main,aks-0021897,AZURE,2026-06,585.4,0.0,0,2634.39,AKS,Production K8s cluster
Production-Main,blob-0030160,AZURE,2026-06,0.0,23909.8,59774,191.28,Blob Storage,Archive tier
Marketing-Platform,gke-0961704,GCP,2026-06,3764.7,0.0,0,7529.32,GKE,GPU node pool
QA-Testing,lam-0684112,AWS,2026-06,0.0,0.0,4370315,30.8,Lambda,Image resizer
Internal-Tools,blob-0d60166,AZURE,2026-06,0.0,11140.9,111409,334.23,Blob Storage,Backup storage
Analytics-Platform,eh-00c5982,AZURE,2026-06,631.2,0.0,26302046,288.01,Event Hubs,Standard throughput units
Analytics-Platform,kv-051b219,AZURE,2026-06,0.0,0.0,1600959,4.8,Key Vault,Secrets management
Partner-Integration,vai-09ae701,GCP,2026-06,638.0,0.0,0,3190.04,Vertex AI,Training pipelines
Shared-Services,gcs-01ac446,GCP,2026-06,0.0,1893.2,946609,293.45,Cloud Storage,Model artifacts
Mobile-Backend,azmon-08f3239,AZURE,2026-06,0.0,300.1,40018048,425.19,Azure Monitor,Logs and metrics
Shared-Services,func-0949366,AZURE,2026-06,0.0,0.0,8663519,129.95,Azure Functions,Event processors
Production-Main,cf-0ad5324,AWS,2026-06,0.0,0.0,34441337,172.2,CloudFront,CDN API distribution
Finance-Systems,rds-1083102,AWS,2026-06,749.2,832.6,0,1748.31,RDS,db.m5.xlarge analytics DB
Marketing-Platform,ca-01ef502,GCP,2026-06,0.0,0.0,71622340,268.58,Cloud Armor,WAF policies
Partner-Integration,azmon-0fe9839,AZURE,2026-06,0.0,230.6,30744417,326.67,Azure Monitor,Logs and metrics
Security-Ops,s3-0d22917,AWS,2026-06,0.0,19340.2,3868034,676.9,S3,Data lake raw zone
QA-Testing,elb-0ecf520,AWS,2026-06,821.7,0.0,34236963,249.24,ELB,Application load balancer
Marketing-Platform,rs-1104859,AWS,2026-06,0.0,0.0,6922502,346.12,Redshift,Spectrum queries
Data-Science,ps-0f30230,GCP,2026-06,0.0,0.0,31358712,391.99,Pub/Sub,Log forwarding
Data-Science,fs-0127555,GCP,2026-06,613.5,17.0,42604438,447.35,Firestore,Session store
DevOps-Central,ec-03f6896,AWS,2026-06,846.1,0.0,0,609.16,ElastiCache,Redis production cluster
DevOps-Central,vm-00dc778,AZURE,2026-06,753.7,0.0,0,1375.53,Virtual Machines,E4s v3 SIEM collector
Production-Main,sentinel-10d5584,AZURE,2026-06,0.0,0.0,82342242,2058.56,Microsoft Sentinel,SIEM detection
Production-Secondary,sqs-08b9775,AWS,2026-06,0.0,0.0,23114438,11.56,SQS,Event notification queue
Production-Secondary,elb-0fae581,AWS,2026-06,597.6,0.0,41494460,258.93,ELB,Network load balancer
Customer-Portal,vm-0db6424,AZURE,2026-06,543.8,0.0,0,992.36,Virtual Machines,E4s v3 SIEM collector
Analytics-Platform,eh-0929123,AZURE,2026-06,493.7,0.0,20575249,225.3,Event Hubs,Standard throughput units
Security-Ops,ecs-0f2a294,AWS,2026-06,173.2,0.0,0,316.0,ECS,Fargate batch cluster
Partner-Integration,sm-0b57782,AWS,2026-06,0.0,0.0,1413229,5.65,Secrets Manager,Application secrets
Edge-Network,gcs-0cd2232,GCP,2026-06,0.0,18385.1,6128356,551.55,Cloud Storage,Data lake bucket
Shared-Services,sb-0606905,AZURE,2026-06,616.9,0.0,8568667,469.13,Service Bus,Premium messaging
IoT-Platform,cr-0729907,GCP,2026-06,474.7,0.0,1977832,617.08,Cloud Run,ETL pipeline service
Partner-Integration,azmon-058d378,AZURE,2026-06,0.0,277.3,36972886,392.84,Azure Monitor,Logs and metrics
Compliance-Audit,rds-0a00512,AWS,2026-06,1127.5,313.3,0,1017.9,RDS,db.t3.large development DB
Marketing-Platform,i-0880144,AWS,2026-06,654.1,0.0,0,1896.9,EC2,c5.2xlarge HPC node
Production-Main,blob-0b36257,AZURE,2026-06,0.0,2959.5,7892033,384.74,Blob Storage,Build artifacts
Internal-Tools,gcf-096c889,GCP,2026-06,0.0,0.0,2133837,32.0,Cloud Functions,Scheduled tasks
Internal-Tools,ps-0c20760,GCP,2026-06,0.0,0.0,47330571,591.63,Pub/Sub,Log forwarding
Customer-Portal,ps-0eaa382,GCP,2026-06,0.0,0.0,39471715,493.4,Pub/Sub,Log forwarding
Internal-Tools,s3-0d4d615,AWS,2026-06,0.0,39.8,19928070,129.54,S3,Static website hosting
Customer-Portal,i-09ed915,AWS,2026-06,685.0,0.0,0,594.15,EC2,t3.large application server
Partner-Integration,sb-0e5f113,AZURE,2026-06,615.9,0.0,8554015,468.33,Service Bus,Premium messaging
Customer-Portal,cosmos-0a9e872,AZURE,2026-06,989.7,68.6,20617918,670.09,Cosmos DB,Config store
Mobile-Backend,vm-0343411,AZURE,2026-06,911.0,0.0,0,2216.84,Virtual Machines,D8s v3 application server
Finance-Systems,vpn-0b15944,AWS,2026-06,927.0,0.0,0,234.95,VPN Gateway,Client VPN endpoint
Internal-Tools,vpn-02cf704,AWS,2026-06,967.0,0.0,0,490.22,VPN Gateway,Site-to-site VPN
Marketing-Platform,vai-049d843,GCP,2026-06,514.0,0.0,0,2569.84,Vertex AI,Training pipelines
Shared-Services,app-01c0794,AZURE,2026-06,931.7,0.0,0,566.8,App Service,Web app P1v3
Edge-Network,i-0324608,AWS,2026-06,820.3,0.0,0,1421.81,EC2,r5.xlarge cache server
IoT-Platform,cr-0d2c716,GCP,2026-06,493.1,0.0,2054235,640.92,Cloud Run,ETL pipeline service
Finance-Systems,app-0541727,AZURE,2026-06,944.0,0.0,0,1148.53,App Service,API app P2v3
Customer-Portal,vai-0ee8223,GCP,2026-06,213.3,0.0,0,1066.61,Vertex AI,AutoML jobs
Internal-Tools,blob-0fa5145,AZURE,2026-06,0.0,3231.4,8617174,420.09,Blob Storage,Build artifacts
Internal-Tools,ebs-077e364,AWS,2026-06,0.0,503.6,0,314.79,EBS,io2 volumes database
Partner-Integration,sqldb-0be5862,AZURE,2026-06,1181.3,410.2,0,1976.64,SQL Database,Standard S3 production
Edge-Network,ps-02fc480,GCP,2026-06,0.0,0.0,21881812,273.52,Pub/Sub,Event streaming
Compliance-Audit,s3-0660837,AWS,2026-06,0.0,15427.4,3085451,539.95,S3,Data lake raw zone
IoT-Platform,csql-06b1505,GCP,2026-06,851.9,236.6,0,1368.72,Cloud SQL,PostgreSQL primary
Security-Ops,vai-05da671,GCP,2026-06,251.1,0.0,0,1255.52,Vertex AI,AutoML jobs
Data-Science,rds-0535688,AWS,2026-06,833.5,578.7,0,2141.62,RDS,db.r5.xlarge PostgreSQL primary
Marketing-Platform,nat-01de756,AWS,2026-06,544.9,0.0,0,124.31,NAT Gateway,Staging VPC NAT
DR-Recovery,eh-09d6470,AZURE,2026-06,0.0,509.7,0,127.41,Event Hubs,Capture to storage
DevOps-Central,redis-055b854,AZURE,2026-06,869.2,0.0,0,1057.57,Azure Cache for Redis,Premium P1 cache
Production-Main,vm-0d79829,AZURE,2026-06,419.9,0.0,0,3831.65,Virtual Machines,NC6s v3 GPU VM
Internal-Tools,cosmos-02a2437,AZURE,2026-06,909.3,126.3,31571338,1183.93,Cosmos DB,Event store
Production-Main,aks-107b512,AZURE,2026-06,1350.7,0.0,0,2026.08,AKS,Staging K8s cluster
Production-Main,i-0010646,AWS,2026-06,824.0,0.0,0,714.16,EC2,m5.large monitoring server
Staging-Env,vai-10e1569,GCP,2026-06,553.6,0.0,0,2767.99,Vertex AI,Training pipelines
Marketing-Platform,sqs-0be6230,AWS,2026-06,0.0,0.0,537391,0.27,SQS,Dead letter queue
Data-Science,csp-0805807,GCP,2026-06,554.6,77.0,38514469,3373.87,Cloud Spanner,Global transaction DB
Production-Secondary,sqldb-118a991,AZURE,2026-06,483.6,167.9,0,809.18,SQL Database,Standard S3 production
Staging-Env,bq-109e582,GCP,2026-06,0.0,6314.2,0,2525.67,BigQuery,Log analytics
Data-Science,gke-0cd6991,GCP,2026-06,3086.0,0.0,0,6171.88,GKE,GPU node pool
Customer-Portal,azmon-0d29230,AZURE,2026-06,0.0,210.0,28001450,297.52,Azure Monitor,Logs and metrics
Mobile-Backend,azmon-0dc6635,AZURE,2026-06,0.0,280.0,37337574,396.71,Azure Monitor,Logs and metrics
Production-Secondary,sb-0d13494,AZURE,2026-06,823.6,0.0,11439058,626.29,Service Bus,Premium messaging
Production-Secondary,redis-0875552,AZURE,2026-06,781.1,0.0,0,950.42,Azure Cache for Redis,Premium P1 cache
Partner-Integration,sqldb-0577751,AZURE,2026-06,914.5,317.5,0,1530.18,SQL Database,Standard S3 production
DR-Recovery,appi-0faf736,AZURE,2026-06,0.0,0.0,23689181,296.12,Application Insights,Custom metrics
DevOps-Central,ebs-0eed939,AWS,2026-06,0.0,540.2,0,337.6,EBS,io2 volumes database
Customer-Portal,cr-1095673,GCP,2026-06,517.9,0.0,2157522,673.15,Cloud Run,ETL pipeline service
Security-Ops,bq-0c67516,GCP,2026-06,0.0,2079.2,0,831.67,BigQuery,Data export queries
Marketing-Platform,rds-0f55476,AWS,2026-06,1019.4,708.0,0,2619.38,RDS,db.r5.xlarge PostgreSQL primary
Security-Ops,lam-0777578,AWS,2026-06,0.0,0.0,25953611,181.67,Lambda,Data transformer
Finance-Systems,cosmos-05bd564,AZURE,2026-06,537.1,149.1,29837585,1212.15,Cosmos DB,User data store
Staging-Env,cdns-0b0c213,GCP,2026-06,0.0,0.0,18005823,27.01,Cloud DNS,DNS zones
Internal-Tools,gke-10e2100,GCP,2026-06,579.6,0.0,0,1738.82,GKE,Production API cluster
Partner-Integration,ddb-040d764,AWS,2026-06,1038.0,144.2,216238806,1621.79,DynamoDB,Cache table
Finance-Systems,cosmos-0bc5468,AZURE,2026-06,419.3,116.4,23293420,946.29,Cosmos DB,User data store
Production-Secondary,sqldb-0afe717,AZURE,2026-06,445.1,154.5,0,744.77,SQL Database,Standard S3 production
IoT-Platform,gke-0dce191,GCP,2026-06,739.5,0.0,0,2218.68,GKE,Production API cluster
Edge-Network,sns-0686722,AWS,2026-06,0.0,0.0,12912611,6.46,SNS,Alert notifications
Production-Secondary,sqldb-0d9f715,AZURE,2026-06,480.0,166.6,0,803.26,SQL Database,Standard S3 production
Partner-Integration,rs-092a741,AWS,2026-06,809.5,2248.6,0,4103.87,Redshift,Data warehouse cluster
DevOps-Central,blob-0a8f732,AZURE,2026-06,0.0,4734.9,0,473.49,Blob Storage,Security audit logs
DevOps-Central,sqldb-0d3e220,AZURE,2026-06,685.9,238.1,0,1147.76,SQL Database,Standard S3 production
Compliance-Audit,ses-077a783,AWS,2026-06,0.0,0.0,1667732,2.01,SES,Transactional email
Shared-Services,vm-05f4840,AZURE,2026-06,871.1,0.0,0,1059.82,Virtual Machines,D4s v3 CI runner
Edge-Network,gke-066d574,GCP,2026-06,839.7,0.0,0,2519.1,GKE,Production API cluster
Internal-Tools,lam-02c8433,AWS,2026-06,0.0,0.0,24926156,174.48,Lambda,Data transformer
Internal-Tools,mem-0e40840,GCP,2026-06,657.3,0.0,0,473.27,Memorystore,Redis production cache
Data-Science,gcf-058c752,GCP,2026-06,0.0,0.0,9759264,146.39,Cloud Functions,Auth handlers
ML-Training,ec-0a90713,AWS,2026-06,1051.0,0.0,0,756.74,ElastiCache,Redis production cluster
Customer-Portal,cosmos-0254162,AZURE,2026-06,655.5,91.0,22758766,853.45,Cosmos DB,Event store
Internal-Tools,gcf-05f0371,GCP,2026-06,0.0,0.0,9862859,147.94,Cloud Functions,Auth handlers
Internal-Tools,elb-0cc9306,AWS,2026-06,558.1,0.0,23254498,169.29,ELB,Application load balancer
Internal-Tools,appi-029f352,AZURE,2026-06,0.0,0.0,17523796,219.05,Application Insights,Custom metrics
Data-Science,i-078f171,AWS,2026-06,385.7,0.0,0,1118.76,EC2,c5.2xlarge HPC node
Security-Ops,bq-074c856,GCP,2026-06,0.0,8907.7,0,3563.07,BigQuery,Analytics data warehouse
Internal-Tools,s3-05e0714,AWS,2026-06,0.0,6299.0,62987,144.87,S3,Backup storage bucket
Edge-Network,kin-115a265,AWS,2026-06,554.9,0.0,15412593,225.03,Kinesis,Firehose delivery
Shared-Services,cosmos-05d3731,AZURE,2026-06,574.1,79.7,19933239,747.5,Cosmos DB,Event store
Edge-Network,ecs-0bcd990,AWS,2026-06,304.8,0.0,0,556.25,ECS,Fargate worker cluster
Edge-Network,s3-0c38314,AWS,2026-06,0.0,12826.4,128262,295.01,S3,Backup storage bucket
Partner-Integration,cdns-03b4991,GCP,2026-06,0.0,0.0,16486171,24.73,Cloud DNS,DNS zones
ML-Training,rds-0967983,AWS,2026-06,627.2,696.9,0,1463.46,RDS,db.m5.xlarge analytics DB
Partner-Integration,s3-06f7590,AWS,2026-06,0.0,8950.6,559416,223.77,S3,Log archive bucket
QA-Testing,elb-0846481,AWS,2026-06,797.5,0.0,33231372,241.92,ELB,Application load balancer
Internal-Tools,ps-0d1d253,GCP,2026-06,0.0,0.0,20745173,259.32,Pub/Sub,Data pipeline
Production-Secondary,ps-0d00639,GCP,2026-06,0.0,0.0,13531602,169.14,Pub/Sub,Data pipeline
Internal-Tools,gcs-085a603,GCP,2026-06,0.0,439.7,7036007,81.36,Cloud Storage,Temp processing bucket
Staging-Env,ps-0941340,GCP,2026-06,0.0,0.0,12570035,157.12,Pub/Sub,Data pipeline
Edge-Network,sns-0459907,AWS,2026-06,0.0,0.0,11822177,5.91,SNS,Alert notifications
Data-Science,i-08de409,AWS,2026-06,561.5,0.0,0,973.3,EC2,r5.xlarge cache server
Shared-Services,vm-0446739,AZURE,2026-06,740.9,0.0,0,901.37,Virtual Machines,D4s v3 CI runner
Compliance-Audit,ec-10e5547,AWS,2026-06,727.3,0.0,0,523.63,ElastiCache,Redis production cluster
ML-Training,i-0b4c167,AWS,2026-06,883.2,0.0,0,1531.53,EC2,m5.xlarge web server
Security-Ops,sqs-0a52870,AWS,2026-06,0.0,0.0,42652594,21.33,SQS,Event notification queue
Data-Science,gcf-10cd207,GCP,2026-06,0.0,0.0,19461208,291.92,Cloud Functions,Pub/Sub processors
Partner-Integration,appi-097e230,AZURE,2026-06,0.0,0.0,70359052,879.49,Application Insights,APM telemetry
Analytics-Platform,csp-00b4295,GCP,2026-06,764.4,106.2,53081953,4649.98,Cloud Spanner,Global transaction DB
Production-Main,sentinel-0036541,AZURE,2026-06,0.0,0.0,76785156,1919.63,Microsoft Sentinel,SIEM detection
Internal-Tools,lam-02cc497,AWS,2026-06,0.0,0.0,2758148,19.31,Lambda,Webhook processor
Customer-Portal,eh-0699582,AZURE,2026-06,0.0,547.1,0,136.77,Event Hubs,Capture to storage
Staging-Env,gcf-0773719,GCP,2026-06,0.0,0.0,12673213,190.1,Cloud Functions,Data triggers
Customer-Portal,bq-0e8c121,GCP,2026-06,0.0,1033.2,0,413.27,BigQuery,Data export queries
Production-Main,r53-0d5a947,AWS,2026-06,0.0,0.0,15070481,22.61,Route 53,Health checks
Internal-Tools,s3-0e38705,AWS,2026-06,0.0,3726.2,1863111,139.74,S3,Analytics export bucket
Production-Secondary,fs-1006849,GCP,2026-06,1038.4,72.1,43264171,594.88,Firestore,User profiles DB
Production-Secondary,redis-0609368,AZURE,2026-06,925.8,0.0,0,1126.41,Azure Cache for Redis,Premium P1 cache
Production-Secondary,clog-0f4a330,GCP,2026-06,0.0,496.6,0,124.13,Cloud Logging,Application logs
Edge-Network,vpn-0a43272,AWS,2026-06,719.5,0.0,0,182.37,VPN Gateway,Client VPN endpoint
ML-Training,lam-0372889,AWS,2026-06,0.0,0.0,43835444,304.66,Lambda,API gateway handler
ML-Training,kin-0b4b498,AWS,2026-06,682.9,0.0,28453630,415.42,Kinesis,Data stream ingestion
Staging-Env,gcs-0103697,GCP,2026-06,0.0,2096.7,1048367,324.99,Cloud Storage,Model artifacts
Staging-Env,fs-07ac747,GCP,2026-06,516.3,14.4,35857588,376.5,Firestore,Session store
Production-Secondary,blob-005c665,AZURE,2026-06,0.0,7667.6,2875353,407.34,Blob Storage,Data lake storage
Finance-Systems,elb-0452249,AWS,2026-06,594.8,0.0,8261239,120.28,ELB,Classic load balancer
Security-Ops,sm-045e298,AWS,2026-06,0.0,0.0,1139188,4.56,Secrets Manager,Application secrets
Staging-Env,gcs-1174757,GCP,2026-06,0.0,16899.8,42247,169.01,Cloud Storage,Archive bucket
ML-Training,lam-0d73769,AWS,2026-06,0.0,0.0,12020164,84.15,Lambda,Notification dispatcher
Security-Ops,vm-0160506,AZURE,2026-06,682.5,0.0,0,2491.13,Virtual Machines,E8s v3 memory-optimized
Finance-Systems,csql-0f2e549,GCP,2026-06,751.6,208.8,0,902.97,Cloud SQL,PostgreSQL replica
Marketing-Platform,rs-0ba2171,AWS,2026-06,424.2,1178.3,0,2150.43,Redshift,Data warehouse cluster
Internal-Tools,lam-02cb754,AWS,2026-06,0.0,0.0,62558327,437.91,Lambda,Auth token validator
Marketing-Platform,clog-0b5d855,GCP,2026-06,0.0,528.7,0,132.18,Cloud Logging,Application logs
Internal-Tools,cr-0ca3732,GCP,2026-06,418.1,0.0,3484533,362.39,Cloud Run,Webhook handler
Partner-Integration,rds-0c9f949,AWS,2026-06,367.9,102.1,0,434.26,RDS,db.t3.medium MySQL staging
Internal-Tools,s3-0fe8428,AWS,2026-06,0.0,6616.4,413516,165.4,S3,Log archive bucket
Edge-Network,sns-074f285,AWS,2026-06,0.0,0.0,12376106,6.19,SNS,Alert notifications
Finance-Systems,cr-0f68426,GCP,2026-06,639.3,0.0,2663710,831.08,Cloud Run,ETL pipeline service
Security-Ops,lam-0f58332,AWS,2026-06,0.0,0.0,1285754,9.64,Lambda,Cron job runner
Security-Ops,df-04d5515,GCP,2026-06,381.7,0.0,0,928.91,Dataflow,Batch pipeline
Marketing-Platform,i-01eb577,AWS,2026-06,664.8,0.0,0,576.65,EC2,t3.large application server
Production-Secondary,csp-008f517,GCP,2026-06,536.4,74.5,37248009,3262.93,Cloud Spanner,Global transaction DB
Finance-Systems,cr-04c2369,GCP,2026-06,625.9,0.0,2607957,813.68,Cloud Run,ETL pipeline service
Production-Secondary,blob-005b954,AZURE,2026-06,0.0,10819.1,108191,324.57,Blob Storage,Backup storage
Finance-Systems,gcs-1075162,GCP,2026-06,0.0,10754.6,3584882,322.63,Cloud Storage,Data lake bucket
Marketing-Platform,lam-1106899,AWS,2026-06,0.0,0.0,18296100,128.07,Lambda,Data transformer
Analytics-Platform,clog-0dc5460,GCP,2026-06,0.0,170.6,0,42.64,Cloud Logging,Audit logs
Analytics-Platform,aks-05f7197,AZURE,2026-06,1351.2,0.0,0,2026.84,AKS,Staging K8s cluster
IoT-Platform,fs-06c5998,GCP,2026-06,798.7,22.2,55462971,582.36,Firestore,Session store
Edge-Network,sns-030d402,AWS,2026-06,0.0,0.0,12234905,6.12,SNS,Alert notifications
Internal-Tools,ec-0ef0731,AWS,2026-06,606.4,0.0,0,436.57,ElastiCache,Redis production cluster
Customer-Portal,ps-08bf500,GCP,2026-06,0.0,0.0,47775286,597.2,Pub/Sub,Log forwarding
DevOps-Central,blob-00db441,AZURE,2026-06,0.0,9435.7,94357,283.07,Blob Storage,Backup storage
Security-Ops,r53-018e416,AWS,2026-06,0.0,0.0,10738078,16.11,Route 53,Health checks
Customer-Portal,blob-0ee9309,AZURE,2026-06,0.0,4611.8,0,461.18,Blob Storage,Security audit logs
Finance-Systems,blob-09be448,AZURE,2026-06,0.0,1962.2,4905479,318.85,Blob Storage,Media content
Shared-Services,rds-0c01640,AWS,2026-06,703.3,195.4,0,634.97,RDS,db.t3.large development DB
Customer-Portal,vpn-0ca0711,AWS,2026-06,1030.6,0.0,0,261.23,VPN Gateway,Client VPN endpoint
Production-Main,ebs-0000818,AWS,2026-06,0.0,600.6,0,375.38,EBS,io2 volumes database
Staging-Env,gke-0463966,GCP,2026-06,588.2,0.0,0,1764.51,GKE,Production API cluster
Production-Main,blob-002d702,AZURE,2026-06,0.0,2810.0,7493279,365.3,Blob Storage,Build artifacts
Compliance-Audit,s3-0a24119,AWS,2026-06,0.0,12759.7,2551924,446.58,S3,Data lake raw zone
Production-Secondary,i-007f340,AWS,2026-06,983.8,0.0,0,853.32,EC2,t3.large application server
Data-Science,i-0f03164,AWS,2026-06,521.6,0.0,0,904.18,EC2,r5.xlarge cache server
Shared-Services,vm-01b7776,AZURE,2026-06,544.4,0.0,0,993.45,Virtual Machines,E4s v3 SIEM collector
Data-Science,i-013e564,AWS,2026-06,771.4,0.0,0,334.54,EC2,t3.medium API server
Analytics-Platform,gcs-03f9608,GCP,2026-06,0.0,1570.4,785211,243.41,Cloud Storage,Model artifacts
Data-Science,gcf-0cf2936,GCP,2026-06,0.0,0.0,9754621,146.32,Cloud Functions,Auth handlers
Finance-Systems,eks-07ae725,AWS,2026-06,854.1,0.0,0,2562.34,EKS,Production K8s cluster
Analytics-Platform,cr-08c3475,GCP,2026-06,584.9,0.0,12185365,877.34,Cloud Run,API gateway service
Internal-Tools,eh-02a4811,AZURE,2026-06,0.0,462.2,0,115.56,Event Hubs,Capture to storage
Production-Main,eh-0640655,AZURE,2026-06,0.0,719.9,0,179.98,Event Hubs,Capture to storage
Production-Main,cf-0753522,AWS,2026-06,0.0,0.0,85693170,428.47,CloudFront,CDN media distribution
ML-Training,ebs-094c540,AWS,2026-06,0.0,701.5,0,438.44,EBS,io2 volumes database
Finance-Systems,cr-0b2a572,GCP,2026-06,637.4,0.0,2655662,828.56,Cloud Run,ETL pipeline service
QA-Testing,ses-0bb1203,AWS,2026-06,0.0,0.0,2795388,3.36,SES,Transactional email
DevOps-Central,kin-0afa513,AWS,2026-06,915.3,0.0,25425264,371.22,Kinesis,Firehose delivery
Finance-Systems,elb-0dfb753,AWS,2026-06,904.1,0.0,62787079,391.79,ELB,Network load balancer
Internal-Tools,ps-02e5404,GCP,2026-06,0.0,0.0,49037673,612.97,Pub/Sub,Log forwarding
Finance-Systems,fd-115e311,AZURE,2026-06,0.0,0.0,52694443,395.21,Front Door,Global load balancer
Security-Ops,ec-1071526,AWS,2026-06,642.5,0.0,0,231.33,ElastiCache,Redis staging cluster
Security-Ops,cdns-10ba243,GCP,2026-06,0.0,0.0,25238622,37.85,Cloud DNS,DNS zones
Shared-Services,cosmos-0afb701,AZURE,2026-06,656.6,91.2,22800007,855.0,Cosmos DB,Event store
Customer-Portal,clog-082d219,GCP,2026-06,0.0,521.7,0,130.44,Cloud Logging,Application logs
Finance-Systems,s3-0ffa665,AWS,2026-06,0.0,5230.0,8368001,381.79,S3,Media content bucket
Finance-Systems,appi-0409195,AZURE,2026-06,0.0,0.0,50603528,632.55,Application Insights,APM telemetry
Partner-Integration,blob-03ad516,AZURE,2026-06,0.0,13394.0,133940,401.82,Blob Storage,Backup storage
DevOps-Central,vm-00de137,AZURE,2026-06,591.5,0.0,0,5397.69,Virtual Machines,NC6s v3 GPU VM
Marketing-Platform,rds-09c8470,AWS,2026-06,1012.2,703.0,0,2600.93,RDS,db.r5.xlarge PostgreSQL primary
Internal-Tools,elb-05c6198,AWS,2026-06,1084.9,0.0,15068941,219.4,ELB,Classic load balancer
Partner-Integration,gcs-0ac7974,GCP,2026-06,0.0,15694.1,39233,156.94,Cloud Storage,Archive bucket
ML-Training,kin-036d547,AWS,2026-06,873.1,0.0,36379392,531.14,Kinesis,Data stream ingestion
Compliance-Audit,ec-0ebf584,AWS,2026-06,577.8,0.0,0,415.98,ElastiCache,Redis production cluster
Partner-Integration,cf-08c7521,AWS,2026-06,0.0,0.0,39756496,198.78,CloudFront,CDN API distribution
Mobile-Backend,sqldb-034a278,AZURE,2026-06,917.3,318.5,0,1534.99,SQL Database,Standard S3 production
Shared-Services,appi-01b5631,AZURE,2026-06,0.0,0.0,26940346,336.75,Application Insights,Custom metrics
Internal-Tools,s3-0d89977,AWS,2026-06,0.0,4166.7,6666618,304.16,S3,Media content bucket
Analytics-Platform,csql-0c47529,GCP,2026-06,604.4,419.7,0,1192.08,Cloud SQL,MySQL analytics
Marketing-Platform,lam-01cd667,AWS,2026-06,0.0,0.0,21551964,150.86,Lambda,Data transformer
Shared-Services,vm-0a13145,AZURE,2026-06,721.5,0.0,0,2633.43,Virtual Machines,E8s v3 memory-optimized
Mobile-Backend,vm-0346435,AZURE,2026-06,925.3,0.0,0,1313.93,Virtual Machines,F4s v2 compute node
Finance-Systems,func-0f8a387,AZURE,2026-06,0.0,0.0,6317522,94.77,Azure Functions,API handlers
Production-Secondary,redis-1100231,AZURE,2026-06,819.8,0.0,0,997.41,Azure Cache for Redis,Premium P1 cache
Partner-Integration,sm-1004542,AWS,2026-06,0.0,0.0,1287751,5.15,Secrets Manager,Application secrets
Partner-Integration,sb-0cac510,AZURE,2026-06,644.5,0.0,8951569,490.1,Service Bus,Premium messaging
Customer-Portal,s3-0739784,AWS,2026-06,0.0,18445.0,3689017,645.58,S3,Data lake raw zone
Data-Science,fs-0490914,GCP,2026-06,576.3,16.0,40023331,420.25,Firestore,Session store
Marketing-Platform,i-01e8508,AWS,2026-06,678.1,0.0,0,1175.32,EC2,r5.xlarge cache server
Data-Science,csql-0648221,GCP,2026-06,810.1,562.6,0,1597.73,Cloud SQL,MySQL analytics
Shared-Services,gcs-042a567,GCP,2026-06,0.0,3930.1,3930085,284.93,Cloud Storage,Media assets bucket
Security-Ops,bq-053b223,GCP,2026-06,0.0,7829.9,0,3131.96,BigQuery,Analytics data warehouse
Edge-Network,eks-0321899,AWS,2026-06,568.0,0.0,0,1703.92,EKS,Production K8s cluster
Finance-Systems,s3-055a789,AWS,2026-06,0.0,1182.4,2364699,103.46,S3,Artifact storage
Internal-Tools,ec-0419804,AWS,2026-06,556.9,0.0,0,400.94,ElastiCache,Redis production cluster
Mobile-Backend,aks-0339617,AZURE,2026-06,398.4,0.0,0,597.53,AKS,Dev K8s cluster
QA-Testing,lam-099e683,AWS,2026-06,0.0,0.0,2874143,20.12,Lambda,Webhook processor
ML-Training,lam-10da892,AWS,2026-06,0.0,0.0,10744164,75.21,Lambda,Notification dispatcher
Shared-Services,eh-0962257,AZURE,2026-06,0.0,693.5,0,173.36,Event Hubs,Capture to storage
Marketing-Platform,gke-0f28289,GCP,2026-06,1840.7,0.0,0,3681.46,GKE,ML training cluster
Mobile-Backend,sb-0e69292,AZURE,2026-06,0.0,0.0,16309551,40.77,Service Bus,Standard messaging
IoT-Platform,csp-0c02813,GCP,2026-06,948.0,131.6,65829690,5766.68,Cloud Spanner,Global transaction DB
Production-Main,ecs-001e666,AWS,2026-06,513.8,0.0,0,937.65,ECS,Fargate API cluster
Production-Secondary,r53-0e61207,AWS,2026-06,0.0,0.0,8932006,13.4,Route 53,Health checks
Customer-Portal,gcf-026f655,GCP,2026-06,0.0,0.0,12501857,187.53,Cloud Functions,Data triggers
ML-Training,i-0367966,AWS,2026-06,894.3,0.0,0,1550.71,EC2,m5.xlarge web server
IoT-Platform,gcs-065a787,GCP,2026-06,0.0,11529.6,3843199,345.89,Cloud Storage,Data lake bucket
Internal-Tools,sentinel-02a0411,AZURE,2026-06,0.0,0.0,77488065,1937.2,Microsoft Sentinel,SIEM detection
Customer-Portal,ses-0825680,AWS,2026-06,0.0,0.0,683291,0.82,SES,Marketing email
Internal-Tools,ebs-0b3f304,AWS,2026-06,0.0,1561.5,0,195.18,EBS,gp3 volumes production
Data-Science,ses-014a460,AWS,2026-06,0.0,0.0,2240574,2.69,SES,Transactional email
Analytics-Platform,gcs-0597249,GCP,2026-06,0.0,2010.0,1005009,311.55,Cloud Storage,Model artifacts
Production-Main,ecs-001d579,AWS,2026-06,348.2,0.0,0,635.41,ECS,Fargate worker cluster
Marketing-Platform,sm-07dd433,AWS,2026-06,0.0,0.0,1003349,4.01,Secrets Manager,Application secrets
Partner-Integration,blob-03ac316,AZURE,2026-06,0.0,1663.1,4157774,270.26,Blob Storage,Media content
Production-Secondary,r53-10c5816,AWS,2026-06,0.0,0.0,7596580,11.39,Route 53,Health checks
Edge-Network,ecs-0fc0400,AWS,2026-06,414.0,0.0,0,755.63,ECS,Fargate API cluster
ML-Training,rs-0942720,AWS,2026-06,0.0,0.0,4914752,245.74,Redshift,Spectrum queries
Analytics-Platform,gcs-00a4800,GCP,2026-06,0.0,1822.2,911107,282.44,Cloud Storage,Model artifacts
Partner-Integration,cf-08ff891,AWS,2026-06,0.0,0.0,39084338,195.42,CloudFront,CDN API distribution
Staging-Env,gcs-06a3232,GCP,2026-06,0.0,12631.9,4210652,378.96,Cloud Storage,Data lake bucket
Internal-Tools,sentinel-0a7f164,AZURE,2026-06,0.0,0.0,33431580,835.79,Microsoft Sentinel,Log analytics
Security-Ops,mem-07e0582,GCP,2026-06,569.8,0.0,0,410.25,Memorystore,Redis production cache
Production-Main,cdns-0ac8252,GCP,2026-06,0.0,0.0,15667967,23.5,Cloud DNS,DNS zones
Analytics-Platform,redis-0829391,AZURE,2026-06,471.3,0.0,0,573.47,Azure Cache for Redis,Premium P1 cache
Production-Main,r53-0a68605,AWS,2026-06,0.0,0.0,12572310,18.86,Route 53,Health checks
Finance-Systems,rds-08ea254,AWS,2026-06,546.7,759.3,0,2429.62,RDS,db.r5.2xlarge Aurora cluster
Customer-Portal,eh-0e73541,AZURE,2026-06,0.0,611.5,0,152.87,Event Hubs,Capture to storage
Shared-Services,func-091a460,AZURE,2026-06,0.0,0.0,10987375,164.81,Azure Functions,API handlers
Marketing-Platform,cdns-051c997,GCP,2026-06,0.0,0.0,16447965,24.67,Cloud DNS,DNS zones
Finance-Systems,gcf-0802515,GCP,2026-06,0.0,0.0,2736481,41.04,Cloud Functions,Scheduled tasks
Finance-Systems,csql-0233402,GCP,2026-06,825.9,573.5,0,1628.88,Cloud SQL,MySQL analytics
Customer-Portal,vm-116f206,AZURE,2026-06,590.7,0.0,0,1077.93,Virtual Machines,E4s v3 SIEM collector
Customer-Portal,vm-0d1f996,AZURE,2026-06,542.8,0.0,0,330.16,Virtual Machines,D2s v3 utility server
Compliance-Audit,ses-0381310,AWS,2026-06,0.0,0.0,1541760,1.85,SES,Transactional email
Finance-Systems,gcf-0e59594,GCP,2026-06,0.0,0.0,13998582,209.97,Cloud Functions,Data triggers
Analytics-Platform,vai-00ad706,GCP,2026-06,613.4,0.0,0,3067.23,Vertex AI,Training pipelines
Compliance-Audit,rs-07a8173,AWS,2026-06,0.0,0.0,5447245,272.36,Redshift,Spectrum queries
Edge-Network,bq-0fd3223,GCP,2026-06,0.0,4138.1,0,1655.26,BigQuery,Log analytics
Production-Secondary,sqldb-0917961,AZURE,2026-06,428.4,148.7,0,716.85,SQL Database,Standard S3 production
Production-Secondary,redis-0063919,AZURE,2026-06,939.8,0.0,0,476.41,Azure Cache for Redis,Standard C2 cache
Security-Ops,ecs-0ba6598,AWS,2026-06,170.0,0.0,0,310.27,ECS,Fargate batch cluster
ML-Training,i-0c81746,AWS,2026-06,654.4,0.0,0,567.13,EC2,m5.large monitoring server
Partner-Integration,appi-03a3584,AZURE,2026-06,0.0,0.0,55020813,687.76,Application Insights,APM telemetry
Shared-Services,func-042c439,AZURE,2026-06,0.0,0.0,10966535,164.5,Azure Functions,API handlers
Security-Ops,gke-0bdc440,GCP,2026-06,2658.4,0.0,0,5316.8,GKE,ML training cluster
Customer-Portal,cf-028b887,AWS,2026-06,0.0,0.0,28152447,140.76,CloudFront,CDN static assets
Edge-Network,ebs-072d290,AWS,2026-06,0.0,714.9,0,89.36,EBS,gp3 volumes production
IoT-Platform,cdns-0350687,GCP,2026-06,0.0,0.0,14708927,22.06,Cloud DNS,DNS zones
Security-Ops,vai-016e746,GCP,2026-06,246.8,0.0,0,1233.89,Vertex AI,AutoML jobs
Customer-Portal,sb-0d6e915,AZURE,2026-06,0.0,0.0,15700383,39.25,Service Bus,Standard messaging
Production-Secondary,blob-0da3800,AZURE,2026-06,0.0,2738.4,7302385,355.99,Blob Storage,Build artifacts
Production-Secondary,sqldb-0655765,AZURE,2026-06,526.4,182.9,0,880.91,SQL Database,Standard S3 production
Shared-Services,sb-0d2f609,AZURE,2026-06,561.8,0.0,7804605,427.3,Service Bus,Premium messaging
Mobile-Backend,sqs-0865398,AWS,2026-06,0.0,0.0,345633,0.17,SQS,Dead letter queue
Staging-Env,clog-00fe878,GCP,2026-06,0.0,277.0,0,69.24,Cloud Logging,Audit logs
Finance-Systems,cr-08b8136,GCP,2026-06,629.0,0.0,2620877,817.71,Cloud Run,ETL pipeline service
Finance-Systems,gcf-0668150,GCP,2026-06,0.0,0.0,13821698,207.32,Cloud Functions,Data triggers
Production-Secondary,ps-07e1546,GCP,2026-06,0.0,0.0,13526881,169.09,Pub/Sub,Data pipeline
Partner-Integration,sb-103f867,AZURE,2026-06,610.3,0.0,8475709,464.04,Service Bus,Premium messaging
Customer-Portal,ses-1122543,AWS,2026-06,0.0,0.0,2657759,3.19,SES,Transactional email
Data-Science,gcs-069a980,GCP,2026-06,0.0,475.0,7600680,87.88,Cloud Storage,Temp processing bucket
Staging-Env,gcs-0a2c640,GCP,2026-06,0.0,10828.3,3609442,324.85,Cloud Storage,Data lake bucket
Staging-Env,fs-0c85106,GCP,2026-06,845.4,58.7,35225818,484.35,Firestore,User profiles DB
Marketing-Platform,ddb-0f43677,AWS,2026-06,554.8,7.7,3852766,67.42,DynamoDB,Config store table
Marketing-Platform,sqs-0b48223,AWS,2026-06,0.0,0.0,547104,0.27,SQS,Dead letter queue
Security-Ops,bq-10ec881,GCP,2026-06,0.0,1847.5,0,738.98,BigQuery,Data export queries
Partner-Integration,ps-03c2959,GCP,2026-06,0.0,0.0,34413495,430.17,Pub/Sub,Event streaming
Internal-Tools,vm-029d382,AZURE,2026-06,588.3,0.0,0,178.93,Virtual Machines,B2s development VM
Customer-Portal,vpn-0e39121,AWS,2026-06,801.6,0.0,0,203.17,VPN Gateway,Client VPN endpoint
Compliance-Audit,rds-116e550,AWS,2026-06,1126.1,782.1,0,2228.81,RDS,db.r5.large PostgreSQL replica
Customer-Portal,gcf-026c850,GCP,2026-06,0.0,0.0,20451605,306.77,Cloud Functions,Pub/Sub processors
Finance-Systems,rds-023d564,AWS,2026-06,911.6,633.0,0,1804.17,RDS,db.r5.large PostgreSQL replica
Data-Science,gcf-0116331,GCP,2026-06,0.0,0.0,1597059,23.96,Cloud Functions,Scheduled tasks
QA-Testing,elb-0d3a401,AWS,2026-06,712.2,0.0,9891815,144.02,ELB,Classic load balancer
DR-Recovery,azmon-07f2353,AZURE,2026-06,0.0,288.4,38450879,408.55,Azure Monitor,Logs and metrics
Finance-Systems,func-021c663,AZURE,2026-06,0.0,0.0,5629016,84.44,Azure Functions,API handlers
DevOps-Central,sqldb-00e4234,AZURE,2026-06,638.6,221.7,0,1068.58,SQL Database,Standard S3 production
Marketing-Platform,mem-082f478,GCP,2026-06,441.3,0.0,0,317.75,Memorystore,Redis staging cache
Customer-Portal,fd-0efe463,AZURE,2026-06,0.0,0.0,64681090,485.1,Front Door,Global load balancer
Marketing-Platform,vai-052f464,GCP,2026-06,357.2,0.0,0,1786.05,Vertex AI,AutoML jobs
Staging-Env,vai-0486756,GCP,2026-06,507.7,0.0,0,2538.4,Vertex AI,Training pipelines
Production-Secondary,csql-008d254,GCP,2026-06,544.6,151.3,0,875.01,Cloud SQL,PostgreSQL primary
Internal-Tools,ec-0cbe439,AWS,2026-06,552.6,0.0,0,397.87,ElastiCache,Redis production cluster
Internal-Tools,gcf-02d9518,GCP,2026-06,0.0,0.0,2314297,34.71,Cloud Functions,Scheduled tasks
Partner-Integration,sqs-0654966,AWS,2026-06,0.0,0.0,25643254,12.82,SQS,Event notification queue
Compliance-Audit,ecs-0daa871,AWS,2026-06,460.3,0.0,0,840.07,ECS,Fargate worker cluster
Data-Science,cr-06f2731,GCP,2026-06,601.7,0.0,2506943,782.17,Cloud Run,ETL pipeline service
Data-Science,i-0f62656,AWS,2026-06,468.8,0.0,0,812.66,EC2,r5.xlarge cache server
Compliance-Audit,rds-08cd532,AWS,2026-06,355.1,98.6,0,419.2,RDS,db.t3.medium MySQL staging
Internal-Tools,blob-1061535,AZURE,2026-06,0.0,6644.0,0,664.4,Blob Storage,Security audit logs
Production-Main,s3-050b772,AWS,2026-06,0.0,9567.4,597958,239.18,S3,Log archive bucket
Shared-Services,func-0c05155,AZURE,2026-06,0.0,0.0,9614397,144.21,Azure Functions,Event processors
Shared-Services,appi-05e6663,AZURE,2026-06,0.0,0.0,42673492,533.42,Application Insights,APM telemetry
Staging-Env,fs-07a2116,GCP,2026-06,1166.6,81.0,48608807,668.37,Firestore,User profiles DB
Data-Science,rds-08d7648,AWS,2026-06,840.6,583.7,0,2159.75,RDS,db.r5.xlarge PostgreSQL primary
Data-Science,i-1072168,AWS,2026-06,613.5,0.0,0,531.71,EC2,m5.large monitoring server
Internal-Tools,s3-0c32773,AWS,2026-06,0.0,7144.0,71438,164.31,S3,Backup storage bucket
ML-Training,sns-0a08133,AWS,2026-06,0.0,0.0,9259828,4.63,SNS,Alert notifications
Internal-Tools,cr-108f960,GCP,2026-06,1051.1,0.0,21897342,1576.6,Cloud Run,API gateway service
Production-Secondary,aks-1097469,AZURE,2026-06,481.3,0.0,0,2165.74,AKS,Production K8s cluster
Customer-Portal,blob-0a49959,AZURE,2026-06,0.0,5542.5,0,554.25,Blob Storage,Security audit logs
Internal-Tools,blob-029b273,AZURE,2026-06,0.0,5898.6,0,589.86,Blob Storage,Security audit logs
Production-Secondary,app-0bcc721,AZURE,2026-06,676.8,0.0,0,102.93,App Service,Web app B1
Production-Secondary,sqldb-0f87366,AZURE,2026-06,463.0,160.7,0,774.7,SQL Database,Standard S3 production
Production-Main,gcs-09ac843,GCP,2026-06,0.0,24952.1,62379,249.52,Cloud Storage,Archive bucket
Security-Ops,bq-0d35102,GCP,2026-06,0.0,7301.7,0,2920.65,BigQuery,Analytics data warehouse
Production-Main,ecs-074b718,AWS,2026-06,373.4,0.0,0,681.43,ECS,Fargate worker cluster
Production-Secondary,fs-0460277,GCP,2026-06,904.6,62.8,37689083,518.22,Firestore,User profiles DB
Production-Main,redis-0e3f197,AZURE,2026-06,835.0,0.0,0,1015.9,Azure Cache for Redis,Premium P1 cache
Production-Secondary,blob-0944504,AZURE,2026-06,0.0,11473.4,114733,344.2,Blob Storage,Backup storage
Partner-Integration,rds-071b467,AWS,2026-06,418.3,116.2,0,493.72,RDS,db.t3.medium MySQL staging
Customer-Portal,vpn-0282677,AWS,2026-06,957.3,0.0,0,242.64,VPN Gateway,Client VPN endpoint
Staging-Env,bq-08e2660,GCP,2026-06,0.0,1512.6,0,605.03,BigQuery,BI reporting views
DevOps-Central,ec-1050337,AWS,2026-06,794.1,0.0,0,571.7,ElastiCache,Redis production cluster
IoT-Platform,bq-0acc903,GCP,2026-06,0.0,2982.1,0,1192.84,BigQuery,BI reporting views
Customer-Portal,vm-025c560,AZURE,2026-06,543.9,0.0,0,992.53,Virtual Machines,E4s v3 SIEM collector
Production-Main,s3-10fa940,AWS,2026-06,0.0,10008.2,625511,250.21,S3,Log archive bucket
Internal-Tools,s3-05e5658,AWS,2026-06,0.0,7674.4,479651,191.87,S3,Log archive bucket
Data-Science,sm-0142508,AWS,2026-06,0.0,0.0,1279193,5.12,Secrets Manager,Application secrets
Edge-Network,sns-06be252,AWS,2026-06,0.0,0.0,10959994,5.48,SNS,Alert notifications
Production-Secondary,s3-0076278,AWS,2026-06,0.0,1223.7,2447388,107.07,S3,Artifact storage
Marketing-Platform,cdns-0b8a679,GCP,2026-06,0.0,0.0,14042240,21.07,Cloud DNS,DNS zones
Shared-Services,app-04bc337,AZURE,2026-06,1004.8,0.0,0,611.26,App Service,Web app P1v3
Marketing-Platform,rds-0d1a186,AWS,2026-06,626.5,435.1,0,1240.03,RDS,db.r5.large PostgreSQL replica
Mobile-Backend,vm-0344813,AZURE,2026-06,920.5,0.0,0,1119.94,Virtual Machines,D4s v3 CI runner
Partner-Integration,rds-042d472,AWS,2026-06,452.6,125.7,0,534.29,RDS,db.t3.medium MySQL staging
Partner-Integration,rs-04c5955,AWS,2026-06,0.0,0.0,5317149,265.86,Redshift,Spectrum queries
Data-Science,gcf-0ecd801,GCP,2026-06,0.0,0.0,9766158,146.5,Cloud Functions,Auth handlers
Customer-Portal,ebs-06c4378,AWS,2026-06,0.0,590.5,0,369.01,EBS,io2 volumes database
Security-Ops,vai-0604556,GCP,2026-06,288.6,0.0,0,1442.86,Vertex AI,AutoML jobs
Security-Ops,vai-03f8402,GCP,2026-06,261.9,0.0,0,1309.2,Vertex AI,AutoML jobs
Partner-Integration,cf-0e49841,AWS,2026-06,0.0,0.0,39713449,198.57,CloudFront,CDN API distribution
Compliance-Audit,i-0810870,AWS,2026-06,872.3,0.0,0,756.03,EC2,m5.large monitoring server
Marketing-Platform,i-0860850,AWS,2026-06,548.2,0.0,0,1900.52,EC2,r5.2xlarge database server
Mobile-Backend,acr-1172245,AZURE,2026-06,0.0,243.1,486116,160.42,Container Registry,Docker image registry
Staging-Env,gcf-00f8446,GCP,2026-06,0.0,0.0,2756885,41.35,Cloud Functions,Scheduled tasks
Staging-Env,vai-04ba249,GCP,2026-06,532.0,0.0,0,2659.8,Vertex AI,Training pipelines
Partner-Integration,rds-10b5322,AWS,2026-06,991.8,688.7,0,1962.76,RDS,db.r5.large PostgreSQL replica
Production-Main,cmon-0b33281,GCP,2026-06,0.0,0.0,24272452,194.18,Cloud Monitoring,Metrics and alerting
Edge-Network,gcs-1041858,GCP,2026-06,0.0,16350.9,5450302,490.53,Cloud Storage,Data lake bucket
Finance-Systems,gcs-0bce903,GCP,2026-06,0.0,11887.8,3962595,356.63,Cloud Storage,Data lake bucket
Shared-Services,sb-0506723,AZURE,2026-06,605.4,0.0,8408328,460.35,Service Bus,Premium messaging
Internal-Tools,blob-07c1390,AZURE,2026-06,0.0,3338.1,8901490,433.95,Blob Storage,Build artifacts
Marketing-Platform,vai-051e486,GCP,2026-06,620.0,0.0,6889268,1343.41,Vertex AI,Model serving endpoints
Analytics-Platform,bq-0a72102,GCP,2026-06,0.0,2873.3,0,1149.29,BigQuery,BI reporting views
Production-Secondary,blob-109a113,AZURE,2026-06,0.0,7197.8,2699199,382.38,Blob Storage,Data lake storage
ML-Training,ebs-0ac5539,AWS,2026-06,0.0,3902.5,0,175.61,EBS,st1 volumes archive
Production-Secondary,aks-07b8164,AZURE,2026-06,501.9,0.0,0,2258.46,AKS,Production K8s cluster
Mobile-Backend,sqs-05b2924,AWS,2026-06,0.0,0.0,399755,0.2,SQS,Dead letter queue
Production-Secondary,blob-0df7960,AZURE,2026-06,0.0,2081.1,5202816,338.19,Blob Storage,Media content
Production-Main,ec-000c489,AWS,2026-06,940.7,0.0,0,677.31,ElastiCache,Redis production cluster
Compliance-Audit,ebs-0392523,AWS,2026-06,0.0,253.1,0,31.64,EBS,gp3 volumes staging
Customer-Portal,gcf-03f2528,GCP,2026-06,0.0,0.0,21683157,325.24,Cloud Functions,Pub/Sub processors
Production-Secondary,cosmos-0794762,AZURE,2026-06,584.6,81.2,20298539,761.19,Cosmos DB,Event store
Staging-Env,cmon-00f1584,GCP,2026-06,0.0,0.0,27681702,221.45,Cloud Monitoring,Metrics and alerting
Finance-Systems,blob-0e84394,AZURE,2026-06,0.0,8398.3,83980,251.94,Blob Storage,Backup storage
Finance-Systems,elb-024a650,AWS,2026-06,563.8,0.0,7830432,114.01,ELB,Classic load balancer
Staging-Env,cdns-0ede162,GCP,2026-06,0.0,0.0,17094589,25.64,Cloud DNS,DNS zones
DR-Recovery,appi-0c93294,AZURE,2026-06,0.0,0.0,15436945,192.97,Application Insights,Custom metrics
Partner-Integration,ado-1163263,AZURE,2026-06,676.1,0.0,0,338.1,Azure DevOps,Pipelines hosted
Internal-Tools,cr-0df5466,GCP,2026-06,705.9,0.0,2941521,917.75,Cloud Run,ETL pipeline service
Data-Science,gke-1160915,GCP,2026-06,4398.4,0.0,0,8796.62,GKE,GPU node pool
Marketing-Platform,clog-0441451,GCP,2026-06,0.0,522.8,0,130.7,Cloud Logging,Application logs
Compliance-Audit,sns-0767851,AWS,2026-06,0.0,0.0,17482907,8.74,SNS,Event fanout topic
Production-Main,i-0c80371,AWS,2026-06,404.5,0.0,0,1173.22,EC2,c5.2xlarge HPC node
Analytics-Platform,csql-0cc5770,GCP,2026-06,523.7,363.6,0,1032.72,Cloud SQL,MySQL analytics
Data-Science,appi-014d674,AZURE,2026-06,0.0,0.0,20007573,250.09,Application Insights,Custom metrics
Marketing-Platform,rs-0dba560,AWS,2026-06,0.0,0.0,6161412,308.06,Redshift,Spectrum queries
Customer-Portal,func-025f994,AZURE,2026-06,0.0,0.0,561022,8.42,Azure Functions,Timer triggers
Security-Ops,ebs-0625274,AWS,2026-06,0.0,626.6,0,391.62,EBS,io2 volumes database
DevOps-Central,redis-0cc8842,AZURE,2026-06,731.2,0.0,0,889.6,Azure Cache for Redis,Premium P1 cache
Data-Science,csp-0f46712,GCP,2026-06,651.9,90.6,45276537,3966.23,Cloud Spanner,Global transaction DB
Shared-Services,gcs-09d5972,GCP,2026-06,0.0,551.6,8825859,102.05,Cloud Storage,Temp processing bucket
Production-Main,clog-004f676,GCP,2026-06,0.0,510.4,0,127.6,Cloud Logging,Application logs
Customer-Portal,elb-0784552,AWS,2026-06,678.1,0.0,28251958,205.68,ELB,Application load balancer
Analytics-Platform,ado-0af3187,AZURE,2026-06,0.0,118.3,0,29.58,Azure DevOps,Artifacts storage
Internal-Tools,lam-0bda239,AWS,2026-06,0.0,0.0,31837039,221.27,Lambda,API gateway handler
Internal-Tools,sqs-03fc213,AWS,2026-06,0.0,0.0,47159237,23.58,SQS,Order processing queue
Marketing-Platform,gcf-0a40516,GCP,2026-06,0.0,0.0,1943815,29.15,Cloud Functions,Scheduled tasks
Partner-Integration,ado-03a9963,AZURE,2026-06,0.0,91.8,0,22.94,Azure DevOps,Artifacts storage
IoT-Platform,fs-0928954,GCP,2026-06,1155.0,32.1,80208703,842.2,Firestore,Session store
Production-Main,app-0e07775,AZURE,2026-06,714.8,0.0,0,108.71,App Service,Web app B1
Partner-Integration,azmon-0bc1733,AZURE,2026-06,0.0,234.7,31294014,332.51,Azure Monitor,Logs and metrics
IoT-Platform,csql-10ca290,GCP,2026-06,785.5,218.1,0,943.66,Cloud SQL,PostgreSQL replica
Security-Ops,fs-054c237,GCP,2026-06,542.7,37.7,22613646,310.93,Firestore,User profiles DB
Finance-Systems,blob-0f8b380,AZURE,2026-06,0.0,2245.8,5614642,364.95,Blob Storage,Media content
Internal-Tools,blob-0573578,AZURE,2026-06,0.0,12206.1,122061,366.18,Blob Storage,Backup storage
Production-Secondary,csql-117d833,GCP,2026-06,521.2,361.8,0,1027.79,Cloud SQL,MySQL analytics
Shared-Services,sb-10bc304,AZURE,2026-06,574.9,0.0,7984625,437.15,Service Bus,Premium messaging
Internal-Tools,gcs-0ff0142,GCP,2026-06,0.0,3734.6,3734590,270.76,Cloud Storage,Media assets bucket
Mobile-Backend,fd-0500920,AZURE,2026-06,0.0,0.0,45671297,342.53,Front Door,Global load balancer
Partner-Integration,bq-03bc722,GCP,2026-06,0.0,1285.0,0,513.98,BigQuery,Data export queries
Finance-Systems,s3-113d678,AWS,2026-06,0.0,69.8,34917188,226.97,S3,Static website hosting
Edge-Network,vpn-0e0d648,AWS,2026-06,740.3,0.0,0,187.65,VPN Gateway,Client VPN endpoint
Edge-Network,ecs-0c03661,AWS,2026-06,303.9,0.0,0,554.55,ECS,Fargate worker cluster
Partner-Integration,appi-1065534,AZURE,2026-06,0.0,0.0,47412457,592.66,Application Insights,APM telemetry
Production-Main,ebs-0fb8180,AWS,2026-06,0.0,638.2,0,398.87,EBS,io2 volumes database
ML-Training,rs-0727239,AWS,2026-06,0.0,0.0,3864765,193.24,Redshift,Spectrum queries
Production-Main,gcf-0048169,GCP,2026-06,0.0,0.0,14959298,224.39,Cloud Functions,Pub/Sub processors
Production-Secondary,ps-0f67350,GCP,2026-06,0.0,0.0,15094797,188.68,Pub/Sub,Data pipeline
Internal-Tools,ebs-0793510,AWS,2026-06,0.0,253.2,0,31.66,EBS,gp3 volumes staging
Internal-Tools,sqs-10ac145,AWS,2026-06,0.0,0.0,48508048,24.26,SQS,Order processing queue
Edge-Network,gcf-05e9391,GCP,2026-06,0.0,0.0,23627193,354.42,Cloud Functions,Pub/Sub processors
Finance-Systems,blob-020c758,AZURE,2026-06,0.0,3613.9,9637177,469.81,Blob Storage,Build artifacts
QA-Testing,ebs-0a44533,AWS,2026-06,0.0,1196.1,0,149.51,EBS,gp3 volumes production
Marketing-Platform,rds-0e92796,AWS,2026-06,535.8,372.1,0,1060.5,RDS,db.r5.large PostgreSQL replica
Edge-Network,bq-0482941,GCP,2026-06,0.0,5216.8,0,2086.73,BigQuery,Log analytics
Staging-Env,gcs-0db0711,GCP,2026-06,0.0,19449.2,48621,194.49,Cloud Storage,Archive bucket
Finance-Systems,fd-0212792,AZURE,2026-06,0.0,0.0,47118712,353.39,Front Door,Global load balancer
Security-Ops,ses-0ecc552,AWS,2026-06,0.0,0.0,2074446,2.49,SES,Transactional email
Production-Main,ecs-06dd673,AWS,2026-06,355.6,0.0,0,648.96,ECS,Fargate batch cluster
Mobile-Backend,kin-04f8523,AWS,2026-06,744.8,0.0,31034144,453.1,Kinesis,Data stream ingestion
Production-Secondary,sqs-0aca971,AWS,2026-06,0.0,0.0,25989444,13.0,SQS,Event notification queue
Customer-Portal,ses-0289612,AWS,2026-06,0.0,0.0,2413828,2.9,SES,Transactional email
Finance-Systems,blob-04ed338,AZURE,2026-06,0.0,8118.0,3044272,431.27,Blob Storage,Data lake storage
IoT-Platform,cr-1142323,GCP,2026-06,671.6,0.0,13992094,1007.43,Cloud Run,API gateway service
Compliance-Audit,s3-104d117,AWS,2026-06,0.0,613.0,1226220,53.65,S3,Artifact storage
Mobile-Backend,fd-06a9855,AZURE,2026-06,0.0,0.0,49736945,373.02,Front Door,Global load balancer
ML-Training,rds-0376427,AWS,2026-06,678.8,754.2,0,1583.85,RDS,db.m5.xlarge analytics DB
Data-Science,gcf-07e8576,GCP,2026-06,0.0,0.0,9201489,138.02,Cloud Functions,Auth handlers
Data-Science,ps-0d84890,GCP,2026-06,0.0,0.0,17961352,224.52,Pub/Sub,Event streaming
Partner-Integration,kin-03c3921,AWS,2026-06,909.9,0.0,37914026,553.54,Kinesis,Data stream ingestion
Marketing-Platform,vai-0f66664,GCP,2026-06,463.7,0.0,5152234,1004.69,Vertex AI,Model serving endpoints
Security-Ops,ecs-04a1561,AWS,2026-06,532.5,0.0,0,971.76,ECS,Fargate API cluster
Production-Secondary,redis-0d6b439,AZURE,2026-06,1052.4,0.0,0,1280.43,Azure Cache for Redis,Premium P1 cache
Security-Ops,s3-052c304,AWS,2026-06,0.0,5700.4,356273,142.51,S3,Log archive bucket
Staging-Env,df-0112294,GCP,2026-06,614.4,0.0,0,1494.99,Dataflow,Streaming pipeline
Shared-Services,eh-01b2547,AZURE,2026-06,0.0,629.8,0,157.44,Event Hubs,Capture to storage
Internal-Tools,blob-05a7913,AZURE,2026-06,0.0,3192.7,8513881,415.05,Blob Storage,Build artifacts
Staging-Env,vai-00f4202,GCP,2026-06,671.3,0.0,7459170,1454.54,Vertex AI,Model serving endpoints
DevOps-Central,ec-0f73376,AWS,2026-06,858.9,0.0,0,618.42,ElastiCache,Redis production cluster
Edge-Network,gke-0ac4487,GCP,2026-06,2209.6,0.0,0,4419.19,GKE,ML training cluster
Analytics-Platform,cr-0ca8929,GCP,2026-06,234.4,0.0,976562,203.13,Cloud Run,Image processor
Analytics-Platform,fs-06ec873,GCP,2026-06,1130.9,31.4,78537079,824.63,Firestore,Session store
Shared-Services,sb-07fc849,AZURE,2026-06,526.7,0.0,7315301,400.51,Service Bus,Premium messaging
Finance-Systems,blob-07c8190,AZURE,2026-06,0.0,2115.9,5289801,343.83,Blob Storage,Media content
Edge-Network,gcf-030a980,GCP,2026-06,0.0,0.0,2361192,35.42,Cloud Functions,Scheduled tasks
DevOps-Central,ec-0a03550,AWS,2026-06,812.1,0.0,0,584.74,ElastiCache,Redis production cluster
Compliance-Audit,s3-0471757,AWS,2026-06,0.0,685.2,1370519,59.96,S3,Artifact storage
Marketing-Platform,df-1035631,GCP,2026-06,835.2,0.0,0,2032.29,Dataflow,Streaming pipeline
Production-Secondary,appi-10d8998,AZURE,2026-06,0.0,0.0,35605647,445.07,Application Insights,APM telemetry
Internal-Tools,gke-0abc203,GCP,2026-06,659.1,0.0,0,1977.28,GKE,Production API cluster
Data-Science,mem-0646678,GCP,2026-06,368.8,0.0,0,265.57,Memorystore,Redis staging cache
Edge-Network,sns-07f5105,AWS,2026-06,0.0,0.0,12649744,6.33,SNS,Alert notifications
Production-Secondary,aks-0058383,AZURE,2026-06,1435.0,0.0,0,2152.45,AKS,Staging K8s cluster
Customer-Portal,bq-0cb0413,GCP,2026-06,0.0,950.6,0,380.25,BigQuery,Data export queries
Internal-Tools,mem-0c8f375,GCP,2026-06,411.8,0.0,0,296.43,Memorystore,Redis staging cache
Internal-Tools,gcs-0455204,GCP,2026-06,0.0,20459.3,6819748,613.77,Cloud Storage,Data lake bucket
Customer-Portal,ado-0265894,AZURE,2026-06,0.0,108.6,0,27.16,Azure DevOps,Artifacts storage
Compliance-Audit,ec-078e845,AWS,2026-06,656.8,0.0,0,472.88,ElastiCache,Redis production cluster
Security-Ops,ps-0b98182,GCP,2026-06,0.0,0.0,33590734,419.88,Pub/Sub,Event streaming
Production-Main,bq-0043693,GCP,2026-06,0.0,2756.2,0,1102.48,BigQuery,BI reporting views
Data-Science,rds-0e50804,AWS,2026-06,678.2,188.4,0,612.26,RDS,db.t3.large development DB
Marketing-Platform,ddb-0fab389,AWS,2026-06,469.1,32.7,52129714,366.53,DynamoDB,Session store table
Staging-Env,gke-0b91792,GCP,2026-06,2762.0,0.0,0,5524.1,GKE,ML training cluster
Mobile-Backend,sqs-097c579,AWS,2026-06,0.0,0.0,302494,0.15,SQS,Dead letter queue
Edge-Network,vpn-10a9783,AWS,2026-06,499.1,0.0,0,253.0,VPN Gateway,Site-to-site VPN
Internal-Tools,rds-02c3290,AWS,2026-06,821.4,228.2,0,741.54,RDS,db.t3.large development DB
Marketing-Platform,ddb-10a5298,AWS,2026-06,557.3,38.8,61932535,435.46,DynamoDB,Session store table
Production-Main,vm-0039243,AZURE,2026-06,774.3,0.0,0,2826.15,Virtual Machines,E8s v3 memory-optimized
Customer-Portal,blob-0c83136,AZURE,2026-06,0.0,5568.3,0,556.83,Blob Storage,Security audit logs
Staging-Env,vai-0d82386,GCP,2026-06,478.0,0.0,0,2389.68,Vertex AI,Training pipelines
Customer-Portal,sqldb-0263872,AZURE,2026-06,563.1,391.1,0,2283.79,SQL Database,Premium P1 analytics
Mobile-Backend,fd-0ef5396,AZURE,2026-06,0.0,0.0,41760561,313.2,Front Door,Global load balancer
Finance-Systems,csql-0511461,GCP,2026-06,665.9,185.0,0,1070.03,Cloud SQL,PostgreSQL primary
Finance-Systems,rs-023b632,AWS,2026-06,669.4,1859.4,0,3393.34,Redshift,Data warehouse cluster
Production-Secondary,redis-0064522,AZURE,2026-06,912.6,0.0,0,1110.37,Azure Cache for Redis,Premium P1 cache
Data-Science,sb-0e7b324,AZURE,2026-06,0.0,0.0,25596367,63.98,Service Bus,Standard messaging
Internal-Tools,cr-062b119,GCP,2026-06,556.5,0.0,4637781,482.33,Cloud Run,Webhook handler
Finance-Systems,s3-0245238,AWS,2026-06,0.0,2478.0,1238980,92.92,S3,Analytics export bucket
Internal-Tools,blob-0ba1272,AZURE,2026-06,0.0,3109.5,8291778,404.23,Blob Storage,Build artifacts
Production-Main,i-0bf4805,AWS,2026-06,658.9,0.0,0,2283.88,EC2,m5.2xlarge batch processor
DevOps-Central,redis-0ffe600,AZURE,2026-06,664.3,0.0,0,808.24,Azure Cache for Redis,Premium P1 cache
Analytics-Platform,gcs-076b169,GCP,2026-06,0.0,7853.4,196334,180.63,Cloud Storage,Backup bucket
Compliance-Audit,i-0673829,AWS,2026-06,524.0,0.0,0,227.28,EC2,t3.medium API server
Data-Science,i-0530222,AWS,2026-06,822.3,0.0,0,60.03,EC2,t3.micro bastion host
Internal-Tools,gke-0762542,GCP,2026-06,2672.7,0.0,0,5345.56,GKE,ML training cluster
Analytics-Platform,mem-0770708,GCP,2026-06,537.8,0.0,0,387.18,Memorystore,Redis production cache
Production-Main,gcs-0abd240,GCP,2026-06,0.0,30535.6,76338,305.36,Cloud Storage,Archive bucket
Compliance-Audit,s3-0b32274,AWS,2026-06,0.0,816.0,1632106,71.41,S3,Artifact storage
Data-Science,i-0b3a756,AWS,2026-06,491.7,0.0,0,1704.56,EC2,m5.2xlarge batch processor
Staging-Env,ps-0aaa443,GCP,2026-06,0.0,0.0,12819287,160.24,Pub/Sub,Data pipeline
Production-Main,s3-0965144,AWS,2026-06,0.0,13904.2,2780849,486.64,S3,Data lake raw zone
Partner-Integration,sqldb-03a6150,AZURE,2026-06,852.0,59.2,0,177.08,SQL Database,Basic dev database
Edge-Network,gcf-030b202,GCP,2026-06,0.0,0.0,10224855,153.37,Cloud Functions,Data triggers
Production-Main,vm-08bc212,AZURE,2026-06,1094.4,0.0,0,1553.97,Virtual Machines,F4s v2 compute node
Production-Secondary,sqldb-0ad7535,AZURE,2026-06,482.0,167.5,0,806.54,SQL Database,Standard S3 production
Analytics-Platform,ado-07d3760,AZURE,2026-06,0.0,107.2,0,26.8,Azure DevOps,Artifacts storage
QA-Testing,ec-10c3544,AWS,2026-06,942.8,0.0,0,678.81,ElastiCache,Redis production cluster
Production-Main,lam-0cef839,AWS,2026-06,0.0,0.0,34848368,243.94,Lambda,Data transformer
Edge-Network,s3-0b73418,AWS,2026-06,0.0,57.2,28615658,185.99,S3,Static website hosting
Marketing-Platform,rds-0fff478,AWS,2026-06,527.2,146.5,0,622.39,RDS,db.t3.medium MySQL staging
Finance-Systems,csql-05ba713,GCP,2026-06,917.0,636.8,0,1808.54,Cloud SQL,MySQL analytics
Production-Main,gcs-0736576,GCP,2026-06,0.0,18332.9,6110977,549.99,Cloud Storage,Data lake bucket
Finance-Systems,gcs-051a174,GCP,2026-06,0.0,402.6,6440784,74.47,Cloud Storage,Temp processing bucket
Data-Science,rds-0432834,AWS,2026-06,664.3,461.2,0,1706.76,RDS,db.r5.xlarge PostgreSQL primary
ML-Training,rds-091b932,AWS,2026-06,705.7,784.1,0,1646.56,RDS,db.m5.xlarge analytics DB
Staging-Env,cdns-010d688,GCP,2026-06,0.0,0.0,22006917,33.01,Cloud DNS,DNS zones
Customer-Portal,blob-1177805,AZURE,2026-06,0.0,4998.3,0,499.83,Blob Storage,Security audit logs
Customer-Portal,blob-0ddb390,AZURE,2026-06,0.0,5107.1,0,510.71,Blob Storage,Security audit logs
Internal-Tools,s3-0969861,AWS,2026-06,0.0,4354.3,6966794,317.86,S3,Media content bucket
ML-Training,ebs-10d1413,AWS,2026-06,0.0,4639.5,0,208.78,EBS,st1 volumes archive
Security-Ops,fs-0169362,GCP,2026-06,555.8,38.6,23158895,318.43,Firestore,User profiles DB
Production-Main,appi-0031980,AZURE,2026-06,0.0,0.0,66689700,833.62,Application Insights,APM telemetry
Internal-Tools,rds-0e18966,AWS,2026-06,375.9,104.4,0,443.81,RDS,db.t3.medium MySQL staging
Data-Science,eks-0147675,AWS,2026-06,799.6,0.0,0,2398.74,EKS,Production K8s cluster
Security-Ops,ps-10f7545,GCP,2026-06,0.0,0.0,25612696,320.15,Pub/Sub,Event streaming
Marketing-Platform,gcf-09ea653,GCP,2026-06,0.0,0.0,6251943,93.78,Cloud Functions,Auth handlers
Staging-Env,gcf-00f7900,GCP,2026-06,0.0,0.0,6019038,90.29,Cloud Functions,Auth handlers
IoT-Platform,csql-0e1c599,GCP,2026-06,906.1,251.7,0,1088.52,Cloud SQL,PostgreSQL replica
Finance-Systems,gcs-07e7387,GCP,2026-06,0.0,395.9,6334032,73.23,Cloud Storage,Temp processing bucket
Staging-Env,mem-0101350,GCP,2026-06,360.5,0.0,0,259.58,Memorystore,Redis staging cache
Staging-Env,bq-00fc800,GCP,2026-06,0.0,1728.7,0,691.47,BigQuery,BI reporting views
Data-Science,i-1025803,AWS,2026-06,718.5,0.0,0,622.77,EC2,m5.large monitoring server
Analytics-Platform,clog-0d05888,GCP,2026-06,0.0,156.8,0,39.18,Cloud Logging,Audit logs
Analytics-Platform,gcs-1032121,GCP,2026-06,0.0,2626.6,2626574,190.42,Cloud Storage,Media assets bucket
Customer-Portal,clog-0fa8308,GCP,2026-06,0.0,455.6,0,113.9,Cloud Logging,Application logs
Production-Main,sns-001c263,AWS,2026-06,0.0,0.0,8069889,4.03,SNS,Alert notifications
DR-Recovery,appi-0b7c490,AZURE,2026-06,0.0,0.0,16693170,208.67,Application Insights,Custom metrics
Partner-Integration,elb-03da159,AWS,2026-06,662.0,0.0,9193898,133.86,ELB,Classic load balancer
Production-Main,kin-10af674,AWS,2026-06,647.5,0.0,17987738,262.62,Kinesis,Firehose delivery
Marketing-Platform,ddb-0b9f375,AWS,2026-06,718.5,49.9,79834867,561.34,DynamoDB,Session store table
Edge-Network,csql-0f64979,GCP,2026-06,717.1,199.2,0,861.49,Cloud SQL,PostgreSQL replica
Compliance-Audit,ec-037d484,AWS,2026-06,676.3,0.0,0,486.92,ElastiCache,Redis production cluster
Edge-Network,ps-0491111,GCP,2026-06,0.0,0.0,24884379,311.05,Pub/Sub,Event streaming
Shared-Services,app-081b214,AZURE,2026-06,885.2,0.0,0,1077.02,App Service,API app P2v3
Security-Ops,ecs-0be1976,AWS,2026-06,186.4,0.0,0,340.15,ECS,Fargate batch cluster
Finance-Systems,cr-0d01927,GCP,2026-06,351.7,0.0,2930985,304.83,Cloud Run,Webhook handler
Customer-Portal,cr-0d92397,GCP,2026-06,566.5,0.0,2360182,736.38,Cloud Run,ETL pipeline service
Compliance-Audit,rds-097a830,AWS,2026-06,776.9,863.3,0,1812.96,RDS,db.m5.xlarge analytics DB
IoT-Platform,bq-0650720,GCP,2026-06,0.0,3308.6,0,1323.47,BigQuery,BI reporting views
Internal-Tools,blob-0299348,AZURE,2026-06,0.0,2661.6,6653976,432.51,Blob Storage,Media content
Production-Secondary,app-0df4564,AZURE,2026-06,623.3,0.0,0,94.79,App Service,Web app B1
Internal-Tools,ec-0c53926,AWS,2026-06,498.5,0.0,0,358.9,ElastiCache,Redis production cluster
Edge-Network,df-02fe412,GCP,2026-06,703.8,0.0,0,1712.47,Dataflow,Streaming pipeline
Shared-Services,vm-0c46763,AZURE,2026-06,887.7,0.0,0,1080.05,Virtual Machines,D4s v3 CI runner
Data-Science,rds-0136144,AWS,2026-06,980.5,680.9,0,1940.55,RDS,db.r5.large PostgreSQL replica
Marketing-Platform,clog-01fb303,GCP,2026-06,0.0,245.7,0,61.42,Cloud Logging,Audit logs
Edge-Network,gke-0307108,GCP,2026-06,771.4,0.0,0,2314.13,GKE,Production API cluster
Customer-Portal,blob-0934606,AZURE,2026-06,0.0,5048.1,0,504.81,Blob Storage,Security audit logs
Shared-Services,rds-1070832,AWS,2026-06,518.4,360.0,0,1025.89,RDS,db.r5.large PostgreSQL replica
Compliance-Audit,rds-0d55733,AWS,2026-06,756.5,525.4,0,1497.26,RDS,db.r5.large PostgreSQL replica
Production-Secondary,mem-0dbc292,GCP,2026-06,562.7,0.0,0,405.15,Memorystore,Redis production cache
Production-Secondary,r53-1192859,AWS,2026-06,0.0,0.0,8503918,12.75,Route 53,Health checks
Internal-Tools,s3-10d4811,AWS,2026-06,0.0,3907.9,6252622,285.28,S3,Media content bucket
Compliance-Audit,r53-1052440,AWS,2026-06,0.0,0.0,7446485,11.17,Route 53,Health checks
Production-Main,s3-0019862,AWS,2026-06,0.0,2393.2,1196611,89.75,S3,Analytics export bucket
Finance-Systems,func-081f530,AZURE,2026-06,0.0,0.0,5584949,83.78,Azure Functions,API handlers
DR-Recovery,sqldb-02f5967,AZURE,2026-06,941.9,654.1,0,3820.05,SQL Database,Premium P1 analytics
Mobile-Backend,sqs-0da8365,AWS,2026-06,0.0,0.0,315988,0.16,SQS,Dead letter queue
Staging-Env,bq-00fa654,GCP,2026-06,0.0,8853.3,0,3541.32,BigQuery,Analytics data warehouse
Analytics-Platform,gcs-0978625,GCP,2026-06,0.0,2129.3,2129234,154.36,Cloud Storage,Media assets bucket
Finance-Systems,blob-049b662,AZURE,2026-06,0.0,7909.8,79096,237.29,Blob Storage,Backup storage
Shared-Services,rds-0781760,AWS,2026-06,639.0,177.5,0,576.85,RDS,db.t3.large development DB
Marketing-Platform,sm-0de2274,AWS,2026-06,0.0,0.0,904888,3.62,Secrets Manager,Application secrets
DevOps-Central,appi-09af973,AZURE,2026-06,0.0,0.0,69187638,864.84,Application Insights,APM telemetry
Marketing-Platform,gcf-0c68192,GCP,2026-06,0.0,0.0,1627253,24.41,Cloud Functions,Scheduled tasks
Edge-Network,i-0328891,AWS,2026-06,388.9,0.0,0,1127.68,EC2,c5.2xlarge HPC node
Compliance-Audit,s3-079d136,AWS,2026-06,0.0,12749.6,2549906,446.23,S3,Data lake raw zone
Edge-Network,vpn-0315511,AWS,2026-06,717.5,0.0,0,181.86,VPN Gateway,Client VPN endpoint
Marketing-Platform,rds-0878977,AWS,2026-06,390.1,108.4,0,460.52,RDS,db.t3.medium MySQL staging
Internal-Tools,s3-0a01897,AWS,2026-06,0.0,4431.3,7090040,323.48,S3,Media content bucket
Marketing-Platform,gke-0c63614,GCP,2026-06,2244.0,0.0,0,4488.05,GKE,ML training cluster
Internal-Tools,gcf-0e65257,GCP,2026-06,0.0,0.0,1959814,29.39,Cloud Functions,Scheduled tasks
Data-Science,ec-0145951,AWS,2026-06,537.8,0.0,0,193.62,ElastiCache,Redis staging cluster
DevOps-Central,ebs-00cc665,AWS,2026-06,0.0,434.0,0,271.22,EBS,io2 volumes database
Internal-Tools,vai-0ba7212,GCP,2026-06,913.3,0.0,10147885,1978.84,Vertex AI,Model serving endpoints
Partner-Integration,gcs-03ba985,GCP,2026-06,0.0,2118.6,1059296,328.38,Cloud Storage,Model artifacts
Partner-Integration,elb-0a75516,AWS,2026-06,875.8,0.0,12163526,177.09,ELB,Classic load balancer
Production-Main,i-000f723,AWS,2026-06,830.6,0.0,0,360.22,EC2,t3.medium API server
Internal-Tools,gcf-0a2a982,GCP,2026-06,0.0,0.0,1842557,27.63,Cloud Functions,Scheduled tasks
Security-Ops,clog-0177930,GCP,2026-06,0.0,507.7,0,126.92,Cloud Logging,Application logs
Compliance-Audit,s3-0c23914,AWS,2026-06,0.0,4471.6,2235746,167.68,S3,Analytics export bucket
Data-Science,appi-014c926,AZURE,2026-06,0.0,0.0,55093500,688.67,Application Insights,APM telemetry
Production-Main,cf-0a65604,AWS,2026-06,0.0,0.0,40002420,200.01,CloudFront,CDN API distribution
Finance-Systems,gcf-0238323,GCP,2026-06,0.0,0.0,23297322,349.46,Cloud Functions,Pub/Sub processors
DevOps-Central,sentinel-00e6345,AZURE,2026-06,0.0,0.0,112621016,2815.53,Microsoft Sentinel,SIEM detection
Marketing-Platform,gke-01f3108,GCP,2026-06,3888.1,0.0,0,7776.21,GKE,GPU node pool
Marketing-Platform,mem-0de1859,GCP,2026-06,495.3,0.0,0,356.61,Memorystore,Redis staging cache
Shared-Services,cmon-01b1417,GCP,2026-06,0.0,0.0,27627512,221.02,Cloud Monitoring,Metrics and alerting
Data-Science,nat-054b109,AWS,2026-06,526.1,0.0,0,120.02,NAT Gateway,Staging VPC NAT
Mobile-Backend,vm-0a18879,AZURE,2026-06,905.1,0.0,0,1285.29,Virtual Machines,F4s v2 compute node
IoT-Platform,gke-0e3c961,GCP,2026-06,493.4,0.0,0,1480.02,GKE,Batch processing cluster
Compliance-Audit,sns-0bfb153,AWS,2026-06,0.0,0.0,14635150,7.31,SNS,Alert notifications
DevOps-Central,vm-0952136,AZURE,2026-06,673.8,0.0,0,204.95,Virtual Machines,B2s development VM
Customer-Portal,ps-027f109,GCP,2026-06,0.0,0.0,11089206,138.62,Pub/Sub,Data pipeline
Analytics-Platform,bq-0bdf860,GCP,2026-06,0.0,11325.8,0,4530.34,BigQuery,Analytics data warehouse
Production-Main,lam-1147471,AWS,2026-06,0.0,0.0,32227156,225.59,Lambda,Data transformer
Compliance-Audit,s3-0575814,AWS,2026-06,0.0,3435.6,1717780,128.83,S3,Analytics export bucket
Production-Main,sentinel-0037520,AZURE,2026-06,0.0,0.0,47400414,1185.01,Microsoft Sentinel,Log analytics
Production-Main,app-0027586,AZURE,2026-06,568.7,0.0,0,691.93,App Service,API app P2v3
Data-Science,rds-0134211,AWS,2026-06,762.7,529.6,0,1959.64,RDS,db.r5.xlarge PostgreSQL primary
Security-Ops,bq-0165272,GCP,2026-06,0.0,7931.8,0,3172.7,BigQuery,Analytics data warehouse
Partner-Integration,ses-03ca997,AWS,2026-06,0.0,0.0,644223,0.77,SES,Marketing email
Mobile-Backend,azmon-0aa4532,AZURE,2026-06,0.0,332.4,44324416,470.94,Azure Monitor,Logs and metrics
Customer-Portal,mem-0276381,GCP,2026-06,770.8,0.0,0,555.0,Memorystore,Redis production cache
DevOps-Central,sentinel-0d56288,AZURE,2026-06,0.0,0.0,35940042,898.5,Microsoft Sentinel,Log analytics
Edge-Network,vpn-05f9490,AWS,2026-06,710.9,0.0,0,180.18,VPN Gateway,Client VPN endpoint
Partner-Integration,ado-0a99621,AZURE,2026-06,608.2,0.0,0,304.15,Azure DevOps,Pipelines hosted
Data-Science,clog-0130248,GCP,2026-06,0.0,447.0,0,111.76,Cloud Logging,Application logs
QA-Testing,cf-03e3566,AWS,2026-06,0.0,0.0,163670923,818.35,CloudFront,CDN media distribution
Shared-Services,appi-01b6184,AZURE,2026-06,0.0,0.0,44335224,554.19,Application Insights,APM telemetry
Finance-Systems,sqldb-020e330,AZURE,2026-06,785.3,545.3,0,3184.73,SQL Database,Premium P1 analytics
Production-Secondary,blob-005e473,AZURE,2026-06,0.0,14585.6,36464,116.68,Blob Storage,Archive tier
Finance-Systems,s3-0ab5299,AWS,2026-06,0.0,8637.8,539865,215.94,S3,Log archive bucket
Marketing-Platform,vai-0824781,GCP,2026-06,454.8,0.0,0,2273.75,Vertex AI,Training pipelines
Production-Main,lam-0519516,AWS,2026-06,0.0,0.0,30750444,215.25,Lambda,Data transformer
Security-Ops,sentinel-015b316,AZURE,2026-06,0.0,0.0,91099355,2277.48,Microsoft Sentinel,SIEM detection
Production-Main,vai-0732821,GCP,2026-06,717.9,0.0,7976205,1555.36,Vertex AI,Model serving endpoints
Data-Science,blob-0155153,AZURE,2026-06,0.0,2234.7,5586783,363.14,Blob Storage,Media content
Marketing-Platform,ddb-0fb7490,AWS,2026-06,587.3,40.9,65255836,458.82,DynamoDB,Session store table
Production-Secondary,sqldb-0481357,AZURE,2026-06,472.7,164.1,0,791.03,SQL Database,Standard S3 production
Partner-Integration,azmon-07d2786,AZURE,2026-06,0.0,220.6,29416370,312.56,Azure Monitor,Logs and metrics
Edge-Network,vpn-0316649,AWS,2026-06,545.5,0.0,0,276.56,VPN Gateway,Site-to-site VPN
Internal-Tools,lam-0aba667,AWS,2026-06,0.0,0.0,35895798,249.48,Lambda,API gateway handler
Partner-Integration,elb-0bca587,AWS,2026-06,806.4,0.0,11199614,163.06,ELB,Classic load balancer
Marketing-Platform,clog-058a522,GCP,2026-06,0.0,571.2,0,142.81,Cloud Logging,Application logs
Finance-Systems,func-021e999,AZURE,2026-06,0.0,0.0,9848352,147.73,Azure Functions,Event processors
Customer-Portal,vpn-0579455,AWS,2026-06,1052.8,0.0,0,266.86,VPN Gateway,Client VPN endpoint
Analytics-Platform,cmon-0d1b282,GCP,2026-06,0.0,0.0,22279984,178.24,Cloud Monitoring,Metrics and alerting
Compliance-Audit,s3-06ca918,AWS,2026-06,0.0,48.0,24007626,156.05,S3,Static website hosting
Internal-Tools,blob-0833224,AZURE,2026-06,0.0,2688.5,6721133,436.88,Blob Storage,Media content
DevOps-Central,kv-05de284,AZURE,2026-06,0.0,0.0,343783,1.04,Key Vault,Certificate store
Data-Science,vai-055e755,GCP,2026-06,410.2,0.0,0,2050.96,Vertex AI,Training pipelines
Edge-Network,sqs-0600636,AWS,2026-06,0.0,0.0,29798364,14.9,SQS,Event notification queue
Production-Secondary,i-0453402,AWS,2026-06,1040.1,0.0,0,902.11,EC2,t3.large application server
Production-Secondary,vai-0093499,GCP,2026-06,654.5,0.0,7272230,1418.09,Vertex AI,Model serving endpoints
Mobile-Backend,fd-0636613,AZURE,2026-06,0.0,0.0,42962891,322.22,Front Door,Global load balancer
Analytics-Platform,eh-10c2682,AZURE,2026-06,0.0,335.0,0,83.74,Event Hubs,Capture to storage
Internal-Tools,lam-0785135,AWS,2026-06,0.0,0.0,21900807,153.3,Lambda,Data transformer
Mobile-Backend,sqs-0331305,AWS,2026-06,0.0,0.0,352789,0.18,SQS,Dead letter queue
Compliance-Audit,vpn-0617551,AWS,2026-06,856.1,0.0,0,217.01,VPN Gateway,Client VPN endpoint
Production-Main,eh-04d7845,AZURE,2026-06,0.0,758.8,0,189.7,Event Hubs,Capture to storage
ML-Training,lam-115f800,AWS,2026-06,0.0,0.0,12002405,84.02,Lambda,Notification dispatcher
Internal-Tools,cf-092d732,AWS,2026-06,0.0,0.0,101219232,506.1,CloudFront,CDN web distribution
Production-Main,cosmos-002b765,AZURE,2026-06,1005.6,69.8,20949068,680.84,Cosmos DB,Config store
Production-Main,func-0a97169,AZURE,2026-06,0.0,0.0,2761459,41.42,Azure Functions,Webhook processor
Finance-Systems,vm-0217306,AZURE,2026-06,745.5,0.0,0,1813.94,Virtual Machines,D8s v3 application server
Production-Secondary,elb-0080147,AWS,2026-06,578.3,0.0,40157388,250.58,ELB,Network load balancer
Security-Ops,ecs-08d2791,AWS,2026-06,438.1,0.0,0,799.5,ECS,Fargate API cluster
Analytics-Platform,eh-0553442,AZURE,2026-06,621.7,0.0,25906369,283.68,Event Hubs,Standard throughput units
Data-Science,eks-0148786,AWS,2026-06,393.5,0.0,0,1180.63,EKS,Staging K8s cluster
Partner-Integration,s3-1146713,AWS,2026-06,0.0,8730.9,545684,218.28,S3,Log archive bucket
DR-Recovery,appi-045d659,AZURE,2026-06,0.0,0.0,21883623,273.55,Application Insights,Custom metrics
Analytics-Platform,gcs-00a5223,GCP,2026-06,0.0,22405.8,56014,224.06,Cloud Storage,Archive bucket
Compliance-Audit,sns-0566288,AWS,2026-06,0.0,0.0,16267297,8.13,SNS,Event fanout topic
Finance-Systems,eks-06ed234,AWS,2026-06,842.9,0.0,0,2528.78,EKS,Production K8s cluster
ML-Training,sqs-072e691,AWS,2026-06,0.0,0.0,533524,0.27,SQS,Dead letter queue
Production-Secondary,ec-106a729,AWS,2026-06,797.2,0.0,0,287.01,ElastiCache,Redis staging cluster
Internal-Tools,ec-04e7101,AWS,2026-06,485.6,0.0,0,349.58,ElastiCache,Redis production cluster
Partner-Integration,ec-03d2749,AWS,2026-06,531.1,0.0,0,191.18,ElastiCache,Redis staging cluster
Internal-Tools,cr-0cfb121,GCP,2026-06,319.8,0.0,1332306,277.12,Cloud Run,Image processor
DevOps-Central,kv-00d5790,AZURE,2026-06,0.0,0.0,381964,1.15,Key Vault,Certificate store
Finance-Systems,aks-111d841,AZURE,2026-06,1357.9,0.0,0,2036.99,AKS,Staging K8s cluster
Partner-Integration,appi-0518688,AZURE,2026-06,0.0,0.0,62113774,776.42,Application Insights,APM telemetry
Marketing-Platform,gcf-07d5924,GCP,2026-06,0.0,0.0,1962202,29.43,Cloud Functions,Scheduled tasks
Production-Secondary,blob-0060140,AZURE,2026-06,0.0,6902.7,0,690.27,Blob Storage,Security audit logs
Finance-Systems,cr-0853952,GCP,2026-06,517.5,0.0,2156059,672.69,Cloud Run,ETL pipeline service
Edge-Network,sns-0e85289,AWS,2026-06,0.0,0.0,11701901,5.85,SNS,Alert notifications
Customer-Portal,ps-0836856,GCP,2026-06,0.0,0.0,9440111,118.01,Pub/Sub,Data pipeline
Edge-Network,ebs-0312701,AWS,2026-06,0.0,375.5,0,234.72,EBS,io2 volumes database
DevOps-Central,aks-040b567,AZURE,2026-06,357.3,0.0,0,535.99,AKS,Dev K8s cluster
DevOps-Central,ddb-05d7644,AWS,2026-06,918.4,12.7,6377921,111.61,DynamoDB,Config store table
Internal-Tools,ec-02b4327,AWS,2026-06,553.7,0.0,0,398.66,ElastiCache,Redis production cluster
Production-Secondary,ecs-0c4a227,AWS,2026-06,270.3,0.0,0,493.22,ECS,Fargate batch cluster
Compliance-Audit,s3-0c98607,AWS,2026-06,0.0,690.3,1380729,60.41,S3,Artifact storage
Marketing-Platform,cmon-09f3686,GCP,2026-06,0.0,0.0,31415305,251.32,Cloud Monitoring,Metrics and alerting
Edge-Network,s3-1096283,AWS,2026-06,0.0,1183.5,2367277,103.55,S3,Artifact storage
Internal-Tools,s3-07ea402,AWS,2026-06,0.0,35.7,17873959,116.18,S3,Static website hosting
ML-Training,ebs-09a5794,AWS,2026-06,0.0,755.0,0,471.79,EBS,io2 volumes database
Compliance-Audit,ecs-1030728,AWS,2026-06,521.4,0.0,0,951.52,ECS,Fargate worker cluster
Edge-Network,vpn-0e76532,AWS,2026-06,517.5,0.0,0,262.38,VPN Gateway,Site-to-site VPN
Internal-Tools,cr-0e27539,GCP,2026-06,651.7,0.0,2715562,847.26,Cloud Run,ETL pipeline service
Partner-Integration,redis-0521982,AZURE,2026-06,601.0,0.0,0,304.66,Azure Cache for Redis,Standard C2 cache
Marketing-Platform,i-0a25644,AWS,2026-06,592.7,0.0,0,513.6,EC2,m5.large monitoring server
Edge-Network,i-0327476,AWS,2026-06,592.3,0.0,0,2053.25,EC2,m5.2xlarge batch processor
Shared-Services,sb-01c6216,AZURE,2026-06,629.8,0.0,8747281,478.91,Service Bus,Premium messaging
Customer-Portal,ado-0264345,AZURE,2026-06,469.3,0.0,0,234.63,Azure DevOps,Pipelines hosted
Production-Secondary,app-0e45756,AZURE,2026-06,710.7,0.0,0,108.08,App Service,Web app B1
Staging-Env,vai-04cd524,GCP,2026-06,526.7,0.0,0,2633.57,Vertex AI,Training pipelines
Partner-Integration,rds-09fc828,AWS,2026-06,809.7,562.2,0,1602.41,RDS,db.r5.large PostgreSQL replica
Finance-Systems,app-0228579,AZURE,2026-06,932.9,0.0,0,141.88,App Service,Web app B1
Shared-Services,rds-0c0c979,AWS,2026-06,564.4,391.9,0,1116.86,RDS,db.r5.large PostgreSQL replica
Data-Science,csql-011a788,GCP,2026-06,733.2,509.2,0,1446.06,Cloud SQL,MySQL analytics
Customer-Portal,app-05eb327,AZURE,2026-06,563.7,0.0,0,342.95,App Service,Web app P1v3
Security-Ops,eh-015c222,AZURE,2026-06,0.0,451.3,0,112.83,Event Hubs,Capture to storage
Edge-Network,gcf-0cd5507,GCP,2026-06,0.0,0.0,10963238,164.45,Cloud Functions,Data triggers
Customer-Portal,ses-0f91414,AWS,2026-06,0.0,0.0,1859595,2.24,SES,Transactional email
Production-Secondary,blob-0911942,AZURE,2026-06,0.0,11917.8,29794,95.34,Blob Storage,Archive tier
Marketing-Platform,rs-07de855,AWS,2026-06,498.8,1385.5,0,2528.51,Redshift,Data warehouse cluster
QA-Testing,lam-0aa9972,AWS,2026-06,0.0,0.0,4534126,31.96,Lambda,Image resizer
Analytics-Platform,vai-0728925,GCP,2026-06,546.6,0.0,0,2733.41,Vertex AI,Training pipelines
Compliance-Audit,rds-0fa3116,AWS,2026-06,1069.5,742.7,0,2116.65,RDS,db.r5.large PostgreSQL replica
Production-Main,i-0926303,AWS,2026-06,810.7,0.0,0,59.18,EC2,t3.micro bastion host
DR-Recovery,appi-095b779,AZURE,2026-06,0.0,0.0,22298847,278.74,Application Insights,Custom metrics
Compliance-Audit,vpn-070e694,AWS,2026-06,402.9,0.0,0,204.2,VPN Gateway,Site-to-site VPN
Mobile-Backend,ebs-05cc362,AWS,2026-06,0.0,4247.7,0,191.16,EBS,st1 volumes archive
Production-Secondary,clog-1027901,GCP,2026-06,0.0,523.8,0,130.94,Cloud Logging,Application logs
Data-Science,ec-0b5f483,AWS,2026-06,466.8,0.0,0,168.06,ElastiCache,Redis staging cluster
Internal-Tools,nat-02ba419,AWS,2026-06,575.4,0.0,0,131.26,NAT Gateway,Dev VPC NAT
Finance-Systems,blob-07a1954,AZURE,2026-06,0.0,2067.9,5169877,336.04,Blob Storage,Media content
Partner-Integration,elb-0611191,AWS,2026-06,755.1,0.0,10487075,152.68,ELB,Classic load balancer
Finance-Systems,elb-0790493,AWS,2026-06,545.9,0.0,7581785,110.39,ELB,Classic load balancer
Production-Secondary,blob-0618339,AZURE,2026-06,0.0,12196.0,121959,365.88,Blob Storage,Backup storage
Finance-Systems,gcs-022b197,GCP,2026-06,0.0,2941.7,2941749,213.28,Cloud Storage,Media assets bucket
Analytics-Platform,gcs-00a1807,GCP,2026-06,0.0,11298.0,3765987,338.94,Cloud Storage,Data lake bucket
Edge-Network,ec-1098417,AWS,2026-06,645.7,0.0,0,464.87,ElastiCache,Redis production cluster
Data-Science,blob-071e425,AZURE,2026-06,0.0,10002.7,100026,300.08,Blob Storage,Backup storage
Customer-Portal,aks-0258969,AZURE,2026-06,371.3,0.0,0,556.99,AKS,Dev K8s cluster
Internal-Tools,lam-0a9f654,AWS,2026-06,0.0,0.0,22270446,155.89,Lambda,Data transformer
Marketing-Platform,kin-01d0507,AWS,2026-06,537.1,0.0,22380710,326.76,Kinesis,Data stream ingestion
Production-Main,blob-105c374,AZURE,2026-06,0.0,27397.5,68492,219.18,Blob Storage,Archive tier
Data-Science,i-047f834,AWS,2026-06,460.4,0.0,0,797.97,EC2,r5.xlarge cache server
Partner-Integration,cf-0fef875,AWS,2026-06,0.0,0.0,34582870,172.92,CloudFront,CDN API distribution
Shared-Services,s3-0f8f356,AWS,2026-06,0.0,13350.1,2670028,467.26,S3,Data lake raw zone
Internal-Tools,vm-08d6906,AZURE,2026-06,730.6,0.0,0,444.48,Virtual Machines,D2s v3 utility server
Finance-Systems,rds-08fc684,AWS,2026-06,676.1,751.2,0,1577.54,RDS,db.m5.xlarge analytics DB
Customer-Portal,ses-0288805,AWS,2026-06,0.0,0.0,626674,0.75,SES,Marketing email
Data-Science,mem-068e783,GCP,2026-06,389.7,0.0,0,280.61,Memorystore,Redis staging cache
Edge-Network,cmon-0f20795,GCP,2026-06,0.0,0.0,26567154,212.54,Cloud Monitoring,Metrics and alerting
DR-Recovery,sqldb-0884129,AZURE,2026-06,703.2,48.9,0,146.15,SQL Database,Basic dev database
Internal-Tools,cr-10e6257,GCP,2026-06,326.8,0.0,1361614,283.21,Cloud Run,Image processor
Production-Secondary,cosmos-0ffc140,AZURE,2026-06,745.3,207.0,41406191,1682.13,Cosmos DB,User data store
Internal-Tools,vm-029c164,AZURE,2026-06,752.5,0.0,0,1068.6,Virtual Machines,F4s v2 compute node
Analytics-Platform,cr-1118381,GCP,2026-06,674.0,0.0,14042114,1011.03,Cloud Run,API gateway service
Customer-Portal,i-028e796,AWS,2026-06,721.7,0.0,0,1251.36,EC2,m5.xlarge web server
Production-Secondary,redis-08fd634,AZURE,2026-06,1213.6,0.0,0,615.22,Azure Cache for Redis,Standard C2 cache
Shared-Services,rds-019f754,AWS,2026-06,624.2,866.9,0,2774.1,RDS,db.r5.2xlarge Aurora cluster
Partner-Integration,elb-04da950,AWS,2026-06,596.6,0.0,8285265,120.63,ELB,Classic load balancer
Internal-Tools,sentinel-04a2413,AZURE,2026-06,0.0,0.0,80192609,2004.81,Microsoft Sentinel,SIEM detection
Internal-Tools,lam-02cd701,AWS,2026-06,0.0,0.0,9023327,63.16,Lambda,Notification dispatcher
DevOps-Central,r53-056a999,AWS,2026-06,0.0,0.0,6856613,10.29,Route 53,Health checks
Edge-Network,ebs-0799406,AWS,2026-06,0.0,393.6,0,246.04,EBS,io2 volumes database
Production-Main,s3-0725116,AWS,2026-06,0.0,12771.4,2554284,447.0,S3,Data lake raw zone
Analytics-Platform,csql-0955826,GCP,2026-06,745.7,207.1,0,895.86,Cloud SQL,PostgreSQL replica
Compliance-Audit,rds-050c134,AWS,2026-06,875.9,608.3,0,1733.58,RDS,db.r5.large PostgreSQL replica
Partner-Integration,rs-09f8831,AWS,2026-06,851.4,2364.9,0,4316.16,Redshift,Data warehouse cluster
Production-Main,cf-05ce313,AWS,2026-06,0.0,0.0,46458324,232.29,CloudFront,CDN API distribution
Staging-Env,cr-010e679,GCP,2026-06,321.2,0.0,2676408,278.35,Cloud Run,Webhook handler
Edge-Network,gcf-04eb923,GCP,2026-06,0.0,0.0,6097781,91.47,Cloud Functions,Auth handlers
ML-Training,i-0368473,AWS,2026-06,769.3,0.0,0,666.69,EC2,m5.large monitoring server
Customer-Portal,eh-0268839,AZURE,2026-06,0.0,631.0,0,157.75,Event Hubs,Capture to storage
Mobile-Backend,sb-033f307,AZURE,2026-06,0.0,0.0,15045624,37.61,Service Bus,Standard messaging
Data-Science,gcs-05b5140,GCP,2026-06,0.0,495.7,7931605,91.71,Cloud Storage,Temp processing bucket
Production-Main,lam-0503943,AWS,2026-06,0.0,0.0,6536414,45.76,Lambda,Notification dispatcher
Security-Ops,df-0170417,GCP,2026-06,379.8,0.0,0,924.3,Dataflow,Batch pipeline
Production-Main,s3-054d837,AWS,2026-06,0.0,9616.2,601008,240.4,S3,Log archive bucket
Security-Ops,bq-0f8d684,GCP,2026-06,0.0,6584.6,0,2633.83,BigQuery,Analytics data warehouse
Production-Main,kv-0023471,AZURE,2026-06,0.0,0.0,389153,1.17,Key Vault,Certificate store
Production-Secondary,aks-0057749,AZURE,2026-06,529.6,0.0,0,2383.21,AKS,Production K8s cluster
Security-Ops,vm-015f925,AZURE,2026-06,924.0,0.0,0,1312.09,Virtual Machines,F4s v2 compute node
Analytics-Platform,gcs-0da7529,GCP,2026-06,0.0,10165.1,254125,233.8,Cloud Storage,Backup bucket
Production-Main,cmon-0cb1336,GCP,2026-06,0.0,0.0,25243179,201.95,Cloud Monitoring,Metrics and alerting
Finance-Systems,gcf-0ad1638,GCP,2026-06,0.0,0.0,13765049,206.46,Cloud Functions,Data triggers
Edge-Network,s3-0b63436,AWS,2026-06,0.0,53.9,26956442,175.2,S3,Static website hosting
Internal-Tools,ebs-1066922,AWS,2026-06,0.0,4981.8,0,224.19,EBS,st1 volumes archive
Compliance-Audit,rds-0f34396,AWS,2026-06,869.0,603.6,0,2233.0,RDS,db.r5.xlarge PostgreSQL primary
Compliance-Audit,ebs-1114137,AWS,2026-06,0.0,242.3,0,30.28,EBS,gp3 volumes staging
Shared-Services,sb-09c4900,AZURE,2026-06,719.5,0.0,9992875,547.11,Service Bus,Premium messaging
Customer-Portal,elb-1008327,AWS,2026-06,751.4,0.0,10436709,151.96,ELB,Classic load balancer
Data-Science,mem-07c9408,GCP,2026-06,383.5,0.0,0,276.16,Memorystore,Redis staging cache
Internal-Tools,rds-103d389,AWS,2026-06,841.1,1168.3,0,3738.4,RDS,db.r5.2xlarge Aurora cluster
IoT-Platform,bq-0b87482,GCP,2026-06,0.0,3775.6,0,1510.27,BigQuery,BI reporting views
Production-Secondary,app-077f551,AZURE,2026-06,616.9,0.0,0,93.82,App Service,Web app B1
Marketing-Platform,gke-0f74407,GCP,2026-06,4540.5,0.0,0,9080.94,GKE,GPU node pool
Compliance-Audit,rds-105e420,AWS,2026-06,1084.1,752.9,0,2145.6,RDS,db.r5.large PostgreSQL replica
Customer-Portal,eh-0269959,AZURE,2026-06,740.6,0.0,30859298,337.91,Event Hubs,Standard throughput units
Partner-Integration,sqldb-0fa2831,AZURE,2026-06,610.8,424.1,0,2477.1,SQL Database,Premium P1 analytics
Production-Main,cosmos-0c6d534,AZURE,2026-06,1145.0,79.5,23853654,775.24,Cosmos DB,Config store
Customer-Portal,elb-0c08248,AWS,2026-06,732.1,0.0,30506202,222.08,ELB,Application load balancer
Production-Secondary,redis-0a42245,AZURE,2026-06,978.5,0.0,0,496.06,Azure Cache for Redis,Standard C2 cache
DevOps-Central,azmon-0c06770,AZURE,2026-06,0.0,303.5,40465381,429.95,Azure Monitor,Logs and metrics
Internal-Tools,lam-0cbd665,AWS,2026-06,0.0,0.0,17320357,121.24,Lambda,Data transformer
DevOps-Central,aks-0f42341,AZURE,2026-06,461.0,0.0,0,691.59,AKS,Dev K8s cluster
Customer-Portal,blob-045f799,AZURE,2026-06,0.0,5384.4,0,538.44,Blob Storage,Security audit logs
Internal-Tools,rds-02c1573,AWS,2026-06,786.2,545.9,0,1555.95,RDS,db.r5.large PostgreSQL replica
Internal-Tools,blob-0aac997,AZURE,2026-06,0.0,3293.4,8782234,428.13,Blob Storage,Build artifacts
Staging-Env,gke-114f799,GCP,2026-06,835.7,0.0,0,2507.01,GKE,Production API cluster
Customer-Portal,appi-062c764,AZURE,2026-06,0.0,0.0,44656078,558.2,Application Insights,APM telemetry
IoT-Platform,gcs-034d761,GCP,2026-06,0.0,12576.4,4192126,377.29,Cloud Storage,Data lake bucket
IoT-Platform,csql-0c56201,GCP,2026-06,706.2,196.1,0,848.38,Cloud SQL,PostgreSQL replica
Production-Main,cf-0716452,AWS,2026-06,0.0,0.0,61042802,305.21,CloudFront,CDN API distribution
Finance-Systems,blob-0c99432,AZURE,2026-06,0.0,7726.9,77266,231.8,Blob Storage,Backup storage
Partner-Integration,appi-1023507,AZURE,2026-06,0.0,0.0,18477225,230.96,Application Insights,Custom metrics
Production-Main,appi-0847459,AZURE,2026-06,0.0,0.0,62381219,779.76,Application Insights,APM telemetry
Production-Secondary,i-0626908,AWS,2026-06,818.2,0.0,0,709.14,EC2,m5.large monitoring server
Edge-Network,sns-0c0e157,AWS,2026-06,0.0,0.0,13180749,6.59,SNS,Alert notifications
Customer-Portal,cdns-0281439,GCP,2026-06,0.0,0.0,23028701,34.54,Cloud DNS,DNS zones
IoT-Platform,csql-08d3614,GCP,2026-06,758.3,210.6,0,910.95,Cloud SQL,PostgreSQL replica
IoT-Platform,bq-0d52533,GCP,2026-06,0.0,3397.3,0,1358.91,BigQuery,BI reporting views
ML-Training,ebs-0379809,AWS,2026-06,0.0,4233.9,0,190.53,EBS,st1 volumes archive
Mobile-Backend,sqs-0330567,AWS,2026-06,0.0,0.0,22814095,11.41,SQS,Event notification queue
Compliance-Audit,r53-1067995,AWS,2026-06,0.0,0.0,6194457,9.29,Route 53,Health checks
Shared-Services,func-0d86552,AZURE,2026-06,0.0,0.0,3330445,49.97,Azure Functions,Webhook processor
Shared-Services,vai-09fa696,GCP,2026-06,283.0,0.0,0,1414.94,Vertex AI,AutoML jobs
Internal-Tools,eh-04ce593,AZURE,2026-06,0.0,492.7,0,123.2,Event Hubs,Capture to storage
Edge-Network,rds-0b2c110,AWS,2026-06,530.5,368.4,0,1363.05,RDS,db.r5.xlarge PostgreSQL primary
Staging-Env,gke-0a6f794,GCP,2026-06,533.8,0.0,0,1601.39,GKE,Production API cluster
Internal-Tools,nat-0c40267,AWS,2026-06,532.2,0.0,0,121.42,NAT Gateway,Dev VPC NAT
Shared-Services,vm-01bd545,AZURE,2026-06,813.9,0.0,0,990.23,Virtual Machines,D4s v3 CI runner
Production-Secondary,mem-0786845,GCP,2026-06,535.4,0.0,0,385.47,Memorystore,Redis production cache
Finance-Systems,s3-0242170,AWS,2026-06,0.0,3489.7,20938298,872.43,S3,Production asset storage
Data-Science,i-116b161,AWS,2026-06,514.9,0.0,0,892.57,EC2,r5.xlarge cache server
ML-Training,i-036a778,AWS,2026-06,859.1,0.0,0,745.14,EC2,t3.large application server
Partner-Integration,azmon-0c44748,AZURE,2026-06,0.0,200.7,26768940,284.43,Azure Monitor,Logs and metrics
Edge-Network,cf-0a4d407,AWS,2026-06,0.0,0.0,188577952,942.89,CloudFront,CDN media distribution
Analytics-Platform,fs-0cbc199,GCP,2026-06,992.5,27.6,68929034,723.75,Firestore,Session store
Staging-Env,fs-0688519,GCP,2026-06,1060.6,73.7,44191673,607.63,Firestore,User profiles DB
Production-Secondary,sqldb-08c5740,AZURE,2026-06,641.3,445.3,0,2600.64,SQL Database,Premium P1 analytics
Analytics-Platform,cr-0769806,GCP,2026-06,532.1,0.0,2217205,691.78,Cloud Run,ETL pipeline service
Customer-Portal,gcs-1099477,GCP,2026-06,0.0,19164.1,47908,191.64,Cloud Storage,Archive bucket
Production-Main,sentinel-0d4b259,AZURE,2026-06,0.0,0.0,71873264,1796.83,Microsoft Sentinel,SIEM detection
Customer-Portal,vm-1155432,AZURE,2026-06,657.3,0.0,0,399.84,Virtual Machines,D2s v3 utility server
Edge-Network,csql-0d03946,GCP,2026-06,749.3,208.1,0,900.12,Cloud SQL,PostgreSQL replica
Compliance-Audit,s3-10df441,AWS,2026-06,0.0,658.0,1316036,57.58,S3,Artifact storage
Edge-Network,ec-030e215,AWS,2026-06,753.4,0.0,0,542.46,ElastiCache,Redis production cluster
ML-Training,rds-0378786,AWS,2026-06,918.1,637.6,0,1817.11,RDS,db.r5.large PostgreSQL replica
Internal-Tools,gke-0da5170,GCP,2026-06,522.9,0.0,0,1568.89,GKE,Production API cluster
Marketing-Platform,i-0c14600,AWS,2026-06,865.3,0.0,0,63.17,EC2,t3.micro bastion host
Marketing-Platform,vai-087a180,GCP,2026-06,533.5,0.0,0,2667.7,Vertex AI,Training pipelines
Finance-Systems,sb-0221337,AZURE,2026-06,0.0,0.0,23132182,57.83,Service Bus,Standard messaging
QA-Testing,ec-0e37563,AWS,2026-06,727.4,0.0,0,523.7,ElastiCache,Redis production cluster
Partner-Integration,sqs-0aa5305,AWS,2026-06,0.0,0.0,386790,0.2,SQS,Dead letter queue
Production-Secondary,blob-0537327,AZURE,2026-06,0.0,11839.4,29598,94.72,Blob Storage,Archive tier
Production-Main,blob-0567340,AZURE,2026-06,0.0,6064.5,2274210,322.18,Blob Storage,Data lake storage
Production-Secondary,i-05d1861,AWS,2026-06,523.9,0.0,0,908.14,EC2,r5.xlarge cache server
DevOps-Central,vm-1132587,AZURE,2026-06,656.7,0.0,0,5992.12,Virtual Machines,NC6s v3 GPU VM
Customer-Portal,i-0b42325,AWS,2026-06,701.6,0.0,0,2432.18,EC2,r5.2xlarge database server
Finance-Systems,blob-071a100,AZURE,2026-06,0.0,9126.2,91259,273.78,Blob Storage,Backup storage
Production-Secondary,eh-073c647,AZURE,2026-06,722.8,0.0,30113910,329.74,Event Hubs,Standard throughput units
Production-Main,s3-075e916,AWS,2026-06,0.0,47.9,23912272,155.43,S3,Static website hosting
Customer-Portal,mem-06af663,GCP,2026-06,724.6,0.0,0,521.75,Memorystore,Redis production cache
Compliance-Audit,s3-06bc313,AWS,2026-06,0.0,692.6,1385273,60.61,S3,Artifact storage
Staging-Env,fs-067e266,GCP,2026-06,1184.6,82.3,49359457,678.69,Firestore,User profiles DB
IoT-Platform,cr-0354135,GCP,2026-06,474.6,0.0,3955189,411.34,Cloud Run,Webhook handler
Production-Secondary,sentinel-05a5323,AZURE,2026-06,0.0,0.0,79474041,1986.85,Microsoft Sentinel,SIEM detection
Compliance-Audit,i-0e33874,AWS,2026-06,631.5,0.0,0,547.31,EC2,m5.large monitoring server
Marketing-Platform,vai-0200731,GCP,2026-06,585.9,0.0,6510011,1269.45,Vertex AI,Model serving endpoints
Marketing-Platform,ddb-066f897,AWS,2026-06,526.0,36.6,58450140,410.98,DynamoDB,Session store table
Compliance-Audit,i-03a1817,AWS,2026-06,510.2,0.0,0,221.28,EC2,t3.medium API server
Mobile-Backend,acr-1156740,AZURE,2026-06,0.0,181.2,362336,119.57,Container Registry,Docker image registry
Finance-Systems,elb-0fac721,AWS,2026-06,483.4,0.0,6713878,97.75,ELB,Classic load balancer
Customer-Portal,blob-075b799,AZURE,2026-06,0.0,4960.3,0,496.03,Blob Storage,Security audit logs
Analytics-Platform,vai-00ae972,GCP,2026-06,213.1,0.0,0,1065.45,Vertex AI,AutoML jobs
Finance-Systems,eks-024d574,AWS,2026-06,997.2,0.0,0,2991.48,EKS,Production K8s cluster
Internal-Tools,lam-0f04460,AWS,2026-06,0.0,0.0,18499612,129.5,Lambda,Event processor
Security-Ops,bq-0e31926,GCP,2026-06,0.0,7447.7,0,2979.1,BigQuery,ML training datasets
DevOps-Central,aks-0d90350,AZURE,2026-06,394.9,0.0,0,592.38,AKS,Dev K8s cluster
DR-Recovery,azmon-05e3748,AZURE,2026-06,0.0,259.4,34584986,367.47,Azure Monitor,Logs and metrics
Shared-Services,gcs-0eef797,GCP,2026-06,0.0,4309.4,4309361,312.43,Cloud Storage,Media assets bucket
Production-Secondary,sqldb-041d260,AZURE,2026-06,446.6,155.1,0,747.34,SQL Database,Standard S3 production
Finance-Systems,csql-0637740,GCP,2026-06,753.7,209.4,0,905.53,Cloud SQL,PostgreSQL replica
Internal-Tools,lam-02ca983,AWS,2026-06,0.0,0.0,17672947,123.71,Lambda,Event processor
ML-Training,lam-0a31794,AWS,2026-06,0.0,0.0,12580507,88.07,Lambda,Notification dispatcher
Internal-Tools,s3-0496761,AWS,2026-06,0.0,4294.3,6870807,313.48,S3,Media content bucket
Customer-Portal,sentinel-024f652,AZURE,2026-06,0.0,0.0,50363698,1259.09,Microsoft Sentinel,Log analytics
Compliance-Audit,rds-0394586,AWS,2026-06,940.9,261.4,0,849.44,RDS,db.t3.large development DB
Edge-Network,s3-05c3799,AWS,2026-06,0.0,11646.9,116468,267.88,S3,Backup storage bucket
Production-Secondary,mem-0895141,GCP,2026-06,585.9,0.0,0,421.82,Memorystore,Redis production cache
Partner-Integration,rds-0744686,AWS,2026-06,920.7,639.3,0,1822.17,RDS,db.r5.large PostgreSQL replica
Internal-Tools,aks-0b96889,AZURE,2026-06,220.8,0.0,0,331.18,AKS,Dev K8s cluster
Security-Ops,bq-07aa733,GCP,2026-06,0.0,6700.2,0,2680.08,BigQuery,Analytics data warehouse
Finance-Systems,elb-0747229,AWS,2026-06,698.9,0.0,29120482,212.0,ELB,Application load balancer
DevOps-Central,kv-0cb8429,AZURE,2026-06,0.0,0.0,400347,1.21,Key Vault,Certificate store
Partner-Integration,cf-0585487,AWS,2026-06,0.0,0.0,34643659,173.22,CloudFront,CDN API distribution
DevOps-Central,ddb-0400759,AWS,2026-06,964.8,13.3,6699832,117.25,DynamoDB,Config store table
Mobile-Backend,aks-09cd525,AZURE,2026-06,1121.7,0.0,0,1682.56,AKS,Staging K8s cluster
QA-Testing,lam-07d9172,AWS,2026-06,0.0,0.0,3171121,22.2,Lambda,Webhook processor
Compliance-Audit,s3-0c9a509,AWS,2026-06,0.0,12675.8,2535156,443.64,S3,Data lake raw zone
Partner-Integration,s3-03cd881,AWS,2026-06,0.0,10126.7,632920,253.17,S3,Log archive bucket
Security-Ops,sm-0731134,AWS,2026-06,0.0,0.0,1165281,4.66,Secrets Manager,Application secrets
IoT-Platform,bq-0630303,GCP,2026-06,0.0,2798.6,0,1119.46,BigQuery,BI reporting views
Edge-Network,gke-110f445,GCP,2026-06,2350.0,0.0,0,4699.93,GKE,ML training cluster
Production-Main,app-0af8774,AZURE,2026-06,568.7,0.0,0,691.89,App Service,API app P2v3
Customer-Portal,bq-0fcc698,GCP,2026-06,0.0,1004.6,0,401.82,BigQuery,Data export queries
Edge-Network,kin-062d489,AWS,2026-06,502.1,0.0,13946878,203.63,Kinesis,Firehose delivery
Production-Secondary,app-0d9d259,AZURE,2026-06,613.5,0.0,0,93.3,App Service,Web app B1
Customer-Portal,s3-0924852,AWS,2026-06,0.0,18325.3,3665073,641.39,S3,Data lake raw zone
DevOps-Central,ebs-0f0a583,AWS,2026-06,0.0,454.4,0,283.98,EBS,io2 volumes database
Production-Main,gcs-0a61796,GCP,2026-06,0.0,2837.3,1418675,439.79,Cloud Storage,Model artifacts
Production-Main,gcs-0051350,GCP,2026-06,0.0,2633.2,1316604,408.15,Cloud Storage,Model artifacts
Data-Science,gke-012e883,GCP,2026-06,538.6,0.0,0,1615.74,GKE,Production API cluster
Compliance-Audit,rds-08ba268,AWS,2026-06,404.6,112.3,0,477.63,RDS,db.t3.medium MySQL staging
Finance-Systems,blob-0904360,AZURE,2026-06,0.0,7857.5,78572,235.72,Blob Storage,Backup storage
Production-Secondary,clog-0090952,GCP,2026-06,0.0,148.7,0,37.18,Cloud Logging,Audit logs
Marketing-Platform,rds-0a0d483,AWS,2026-06,718.6,199.6,0,648.72,RDS,db.t3.large development DB
Customer-Portal,elb-0d9e318,AWS,2026-06,606.0,0.0,25247479,183.81,ELB,Application load balancer
Customer-Portal,ca-0d0d656,GCP,2026-06,0.0,0.0,116714530,437.68,Cloud Armor,WAF policies
Production-Secondary,sqldb-0e2d429,AZURE,2026-06,494.9,171.9,0,828.23,SQL Database,Standard S3 production
QA-Testing,lam-0633601,AWS,2026-06,0.0,0.0,33570047,233.32,Lambda,API gateway handler
Staging-Env,ca-00ef814,GCP,2026-06,0.0,0.0,130872117,490.77,Cloud Armor,WAF policies
Production-Main,lam-0900698,AWS,2026-06,0.0,0.0,6201656,43.42,Lambda,Notification dispatcher
Production-Main,i-000e799,AWS,2026-06,643.3,0.0,0,2230.07,EC2,m5.2xlarge batch processor
Shared-Services,func-0ced650,AZURE,2026-06,0.0,0.0,3523483,52.86,Azure Functions,Webhook processor
Production-Main,s3-0018371,AWS,2026-06,0.0,51.1,25529907,165.94,S3,Static website hosting
Partner-Integration,bq-03bd412,GCP,2026-06,0.0,10740.3,0,4296.1,BigQuery,Analytics data warehouse
Security-Ops,bq-0c31657,GCP,2026-06,0.0,6513.9,0,2605.53,BigQuery,Analytics data warehouse
Marketing-Platform,lam-0e68625,AWS,2026-06,0.0,0.0,18284792,127.99,Lambda,Data transformer
Production-Secondary,blob-0b81720,AZURE,2026-06,0.0,2460.6,6561455,319.87,Blob Storage,Build artifacts
Analytics-Platform,ca-009d584,GCP,2026-06,0.0,0.0,86698145,325.12,Cloud Armor,WAF policies
Compliance-Audit,rs-05ed666,AWS,2026-06,0.0,0.0,5320596,266.03,Redshift,Spectrum queries
QA-Testing,lam-0d6c615,AWS,2026-06,0.0,0.0,4890178,34.46,Lambda,Image resizer
Internal-Tools,elb-02b7594,AWS,2026-06,1006.8,0.0,13983919,203.61,ELB,Classic load balancer
Analytics-Platform,gcs-0dc7280,GCP,2026-06,0.0,2274.1,2274036,164.86,Cloud Storage,Media assets bucket
Production-Main,gcf-0047290,GCP,2026-06,0.0,0.0,9072936,136.09,Cloud Functions,Data triggers
Analytics-Platform,kv-0d2b592,AZURE,2026-06,0.0,0.0,1598176,4.79,Key Vault,Secrets management
Marketing-Platform,clog-10bf457,GCP,2026-06,0.0,541.2,0,135.3,Cloud Logging,Application logs
Staging-Env,gcs-068f405,GCP,2026-06,0.0,15263.5,5087855,457.91,Cloud Storage,Data lake bucket
Staging-Env,gke-010a534,GCP,2026-06,654.8,0.0,0,1964.32,GKE,Production API cluster
Production-Secondary,sentinel-0af4539,AZURE,2026-06,0.0,0.0,71040502,1776.01,Microsoft Sentinel,SIEM detection
DevOps-Central,app-0bbb994,AZURE,2026-06,868.9,0.0,0,528.59,App Service,Web app P1v3
Edge-Network,bq-0e8a566,GCP,2026-06,0.0,5662.6,0,2265.08,BigQuery,Log analytics
Production-Secondary,csql-0514662,GCP,2026-06,758.0,210.5,0,910.58,Cloud SQL,PostgreSQL replica
Production-Secondary,elb-0e09451,AWS,2026-06,511.9,0.0,35545799,221.8,ELB,Network load balancer
Finance-Systems,elb-024b230,AWS,2026-06,702.1,0.0,29254231,212.97,ELB,Application load balancer
Customer-Portal,i-0293489,AWS,2026-06,639.1,0.0,0,2215.4,EC2,r5.2xlarge database server
Customer-Portal,vpn-08e8844,AWS,2026-06,1241.6,0.0,0,314.72,VPN Gateway,Client VPN endpoint
Internal-Tools,gcs-049a971,GCP,2026-06,0.0,450.9,7215330,83.43,Cloud Storage,Temp processing bucket
Mobile-Backend,sqs-114d103,AWS,2026-06,0.0,0.0,322661,0.16,SQS,Dead letter queue
Staging-Env,vai-0e58387,GCP,2026-06,481.1,0.0,0,2405.89,Vertex AI,Training pipelines
Marketing-Platform,rds-03ee310,AWS,2026-06,451.3,125.4,0,532.78,RDS,db.t3.medium MySQL staging
Finance-Systems,appi-0cbb472,AZURE,2026-06,0.0,0.0,57409624,717.63,Application Insights,APM telemetry
Edge-Network,gke-070c760,GCP,2026-06,2308.7,0.0,0,4617.47,GKE,ML training cluster
Production-Secondary,ado-0067979,AZURE,2026-06,0.0,131.1,0,32.76,Azure DevOps,Artifacts storage
Security-Ops,lam-0d8c482,AWS,2026-06,0.0,0.0,27648137,193.53,Lambda,Data transformer
Internal-Tools,s3-0b89139,AWS,2026-06,0.0,3794.2,6070657,276.97,S3,Media content bucket
Marketing-Platform,sm-0a87882,AWS,2026-06,0.0,0.0,991648,3.97,Secrets Manager,Application secrets
Internal-Tools,cf-055f727,AWS,2026-06,0.0,0.0,137602642,688.01,CloudFront,CDN media distribution
Edge-Network,rds-031c544,AWS,2026-06,547.5,380.2,0,1406.65,RDS,db.r5.xlarge PostgreSQL primary
Security-Ops,s3-0d81273,AWS,2026-06,0.0,5879.1,9406568,429.17,S3,Media content bucket
DR-Recovery,appi-02f1748,AZURE,2026-06,0.0,0.0,20327884,254.1,Application Insights,Custom metrics
Compliance-Audit,sns-039a143,AWS,2026-06,0.0,0.0,16698165,8.35,SNS,Event fanout topic
DevOps-Central,r53-0d09187,AWS,2026-06,0.0,0.0,7582152,11.38,Route 53,Health checks
Marketing-Platform,cr-0816644,GCP,2026-06,780.2,0.0,16252291,1170.16,Cloud Run,API gateway service
Security-Ops,bq-04ab183,GCP,2026-06,0.0,1627.7,0,651.09,BigQuery,BI reporting views
Customer-Portal,csp-0273566,GCP,2026-06,614.2,85.3,42655188,3736.59,Cloud Spanner,Global transaction DB
Internal-Tools,gke-117b326,GCP,2026-06,3852.7,0.0,0,7705.44,GKE,GPU node pool
DevOps-Central,blob-0eeb156,AZURE,2026-06,0.0,8328.5,3123186,442.44,Blob Storage,Data lake storage
DevOps-Central,redis-00e7665,AZURE,2026-06,781.6,0.0,0,950.97,Azure Cache for Redis,Premium P1 cache
Security-Ops,vai-0a4e225,GCP,2026-06,636.0,0.0,7066643,1378.0,Vertex AI,Model serving endpoints
Production-Main,i-0cdb323,AWS,2026-06,577.7,0.0,0,2002.6,EC2,m5.2xlarge batch processor
Marketing-Platform,rs-10ad805,AWS,2026-06,0.0,0.0,6083708,304.18,Redshift,Spectrum queries
Security-Ops,sqs-105a137,AWS,2026-06,0.0,0.0,50466309,25.24,SQS,Event notification queue
Marketing-Platform,cmon-10a4978,GCP,2026-06,0.0,0.0,30127896,241.03,Cloud Monitoring,Metrics and alerting
Security-Ops,bq-0403972,GCP,2026-06,0.0,8822.1,0,3528.81,BigQuery,Analytics data warehouse
Staging-Env,gcs-0eb2738,GCP,2026-06,0.0,20308.6,50769,203.09,Cloud Storage,Archive bucket
Customer-Portal,fs-0271522,GCP,2026-06,889.2,61.8,37051115,509.45,Firestore,User profiles DB
Shared-Services,app-0fa0693,AZURE,2026-06,981.0,0.0,0,1193.52,App Service,API app P2v3
Shared-Services,ec-0919815,AWS,2026-06,801.2,0.0,0,288.41,ElastiCache,Redis staging cluster
Partner-Integration,gke-10ce108,GCP,2026-06,778.3,0.0,0,2334.88,GKE,Production API cluster
Partner-Integration,sm-0516935,AWS,2026-06,0.0,0.0,1235982,4.94,Secrets Manager,Application secrets
Internal-Tools,vm-0b99997,AZURE,2026-06,878.1,0.0,0,534.17,Virtual Machines,D2s v3 utility server
IoT-Platform,gke-035d930,GCP,2026-06,3112.6,0.0,0,6225.23,GKE,GPU node pool
Customer-Portal,s3-1138674,AWS,2026-06,0.0,21050.2,4210056,736.76,S3,Data lake raw zone
Analytics-Platform,cr-1158908,GCP,2026-06,551.9,0.0,2299513,717.45,Cloud Run,ETL pipeline service
Shared-Services,vm-0ebb781,AZURE,2026-06,1033.9,0.0,0,1257.92,Virtual Machines,D4s v3 CI runner
Analytics-Platform,csql-00a8530,GCP,2026-06,510.4,354.4,0,1006.58,Cloud SQL,MySQL analytics
Production-Main,kv-098d208,AZURE,2026-06,0.0,0.0,2574943,7.72,Key Vault,Secrets management
Finance-Systems,blob-0712300,AZURE,2026-06,0.0,7117.8,71176,213.53,Blob Storage,Backup storage
Edge-Network,s3-0fd4667,AWS,2026-06,0.0,59.1,29523044,191.89,S3,Static website hosting
ML-Training,lam-0702545,AWS,2026-06,0.0,0.0,47574352,330.65,Lambda,API gateway handler
Data-Science,i-05ef571,AWS,2026-06,514.1,0.0,0,1782.02,EC2,m5.2xlarge batch processor
Production-Main,app-09d8629,AZURE,2026-06,1045.3,0.0,0,635.87,App Service,Web app P1v3
Edge-Network,csql-06f9688,GCP,2026-06,835.4,232.1,0,1003.54,Cloud SQL,PostgreSQL replica
QA-Testing,lam-03de810,AWS,2026-06,0.0,0.0,4370880,30.81,Lambda,Image resizer
Data-Science,gcs-0114363,GCP,2026-06,0.0,10250.6,256266,235.76,Cloud Storage,Backup bucket
Production-Secondary,cosmos-0f2c465,AZURE,2026-06,584.7,81.2,20303716,761.38,Cosmos DB,Event store
Data-Science,blob-0156872,AZURE,2026-06,0.0,2426.7,6471247,315.47,Blob Storage,Build artifacts
IoT-Platform,bq-0cde410,GCP,2026-06,0.0,3804.0,0,1521.63,BigQuery,BI reporting views
Internal-Tools,rds-0635463,AWS,2026-06,858.5,1192.4,0,3815.52,RDS,db.r5.2xlarge Aurora cluster
Production-Secondary,ps-009b435,GCP,2026-06,0.0,0.0,22052735,275.66,Pub/Sub,Event streaming
Partner-Integration,ado-03a8410,AZURE,2026-06,610.6,0.0,0,305.32,Azure DevOps,Pipelines hosted
Production-Main,cf-0dd5490,AWS,2026-06,0.0,0.0,34061042,170.3,CloudFront,CDN API distribution
Shared-Services,app-01bf246,AZURE,2026-06,984.2,0.0,0,1197.45,App Service,API app P2v3
Production-Main,ca-07a9600,GCP,2026-06,0.0,0.0,124211258,465.79,Cloud Armor,WAF policies
Production-Secondary,csql-0780305,GCP,2026-06,619.1,429.8,0,1220.83,Cloud SQL,MySQL analytics
Production-Secondary,vai-0092460,GCP,2026-06,248.1,0.0,0,1240.66,Vertex AI,AutoML jobs
Customer-Portal,ses-084a395,AWS,2026-06,0.0,0.0,770345,0.93,SES,Marketing email
Finance-Systems,sentinel-0208778,AZURE,2026-06,0.0,0.0,109262074,2731.55,Microsoft Sentinel,SIEM detection
Mobile-Backend,eh-0336161,AZURE,2026-06,715.6,0.0,29816132,326.49,Event Hubs,Standard throughput units
Finance-Systems,blob-1031652,AZURE,2026-06,0.0,5481.1,54809,164.43,Blob Storage,Backup storage
Partner-Integration,rds-08e0524,AWS,2026-06,784.1,544.5,0,1551.83,RDS,db.r5.large PostgreSQL replica
Security-Ops,mem-0162208,GCP,2026-06,362.1,0.0,0,260.68,Memorystore,Redis staging cache
Mobile-Backend,azmon-033b163,AZURE,2026-06,0.0,334.3,44573081,473.59,Azure Monitor,Logs and metrics
Production-Main,vm-1165798,AZURE,2026-06,676.2,0.0,0,822.79,Virtual Machines,D4s v3 CI runner
Security-Ops,s3-0cf8570,AWS,2026-06,0.0,17235.8,3447153,603.25,S3,Data lake raw zone
Shared-Services,vm-01bc461,AZURE,2026-06,870.3,0.0,0,3176.65,Virtual Machines,E8s v3 memory-optimized
Analytics-Platform,vai-0f1e752,GCP,2026-06,183.9,0.0,0,919.35,Vertex AI,AutoML jobs
Customer-Portal,i-10b9488,AWS,2026-06,603.5,0.0,0,2092.02,EC2,r5.2xlarge database server
Production-Secondary,blob-0bcf230,AZURE,2026-06,0.0,2307.5,5768531,374.96,Blob Storage,Media content
Customer-Portal,bq-0495859,GCP,2026-06,0.0,991.1,0,396.44,BigQuery,Data export queries
Finance-Systems,gcs-0894469,GCP,2026-06,0.0,414.2,6626446,76.61,Cloud Storage,Temp processing bucket
Shared-Services,aks-048e500,AZURE,2026-06,369.4,0.0,0,554.03,AKS,Dev K8s cluster
Mobile-Backend,kv-065f722,AZURE,2026-06,0.0,0.0,498391,1.49,Key Vault,Certificate store
Analytics-Platform,eh-0b1e568,AZURE,2026-06,0.0,447.1,0,111.8,Event Hubs,Capture to storage
Mobile-Backend,vm-0b70277,AZURE,2026-06,817.1,0.0,0,994.14,Virtual Machines,D4s v3 CI runner
Mobile-Backend,aks-0ae4200,AZURE,2026-06,1131.0,0.0,0,1696.55,AKS,Staging K8s cluster
Analytics-Platform,kv-041a844,AZURE,2026-06,0.0,0.0,539823,1.62,Key Vault,Certificate store
Customer-Portal,i-0c96590,AWS,2026-06,574.5,0.0,0,41.93,EC2,t3.micro bastion host
Compliance-Audit,rds-053c805,AWS,2026-06,924.8,642.2,0,1830.32,RDS,db.r5.large PostgreSQL replica
Partner-Integration,df-0897714,GCP,2026-06,915.9,0.0,0,2228.58,Dataflow,Streaming pipeline
DR-Recovery,fd-02ef948,AZURE,2026-06,0.0,0.0,71878583,539.09,Front Door,Global load balancer
Staging-Env,cr-0110150,GCP,2026-06,879.3,0.0,18319022,1318.97,Cloud Run,API gateway service
Analytics-Platform,gke-07d1585,GCP,2026-06,5876.6,0.0,0,11753.38,GKE,GPU node pool
Marketing-Platform,rds-0f2b947,AWS,2026-06,438.5,121.9,0,517.7,RDS,db.t3.medium MySQL staging
Marketing-Platform,sns-01d8631,AWS,2026-06,0.0,0.0,27264763,13.63,SNS,Event fanout topic
Marketing-Platform,vpn-01d4232,AWS,2026-06,891.0,0.0,0,451.67,VPN Gateway,Site-to-site VPN
Internal-Tools,clog-0a33159,GCP,2026-06,0.0,223.7,0,55.93,Cloud Logging,Audit logs
Marketing-Platform,ps-0eb7413,GCP,2026-06,0.0,0.0,44258000,553.23,Pub/Sub,Log forwarding
Edge-Network,gcf-1145460,GCP,2026-06,0.0,0.0,11127917,166.92,Cloud Functions,Data triggers
Customer-Portal,fd-0b08398,AZURE,2026-06,0.0,0.0,65607390,492.05,Front Door,Global load balancer
Partner-Integration,sm-0a9b348,AWS,2026-06,0.0,0.0,1490765,5.97,Secrets Manager,Application secrets
Production-Secondary,app-0d65909,AZURE,2026-06,1076.3,0.0,0,654.7,App Service,Web app P1v3
Internal-Tools,sqs-072f342,AWS,2026-06,0.0,0.0,52065739,26.03,SQS,Order processing queue
Customer-Portal,elb-0b22743,AWS,2026-06,736.0,0.0,30667744,223.26,ELB,Application load balancer
Analytics-Platform,bq-00ab376,GCP,2026-06,0.0,16510.0,0,6603.99,BigQuery,ML training datasets
Internal-Tools,gcs-0653898,GCP,2026-06,0.0,8527.0,213175,196.13,Cloud Storage,Backup bucket
Internal-Tools,rds-0b14107,AWS,2026-06,501.7,557.3,0,1170.43,RDS,db.m5.xlarge analytics DB
Internal-Tools,blob-0a06232,AZURE,2026-06,0.0,3549.6,9465356,461.44,Blob Storage,Build artifacts
Production-Main,cosmos-002a508,AZURE,2026-06,863.3,239.8,47962571,1948.48,Cosmos DB,User data store
DR-Recovery,fd-1129787,AZURE,2026-06,0.0,0.0,74906025,561.79,Front Door,Global load balancer
Customer-Portal,vpn-0e20680,AWS,2026-06,851.9,0.0,0,215.94,VPN Gateway,Client VPN endpoint
Staging-Env,fs-07cf154,GCP,2026-06,974.8,67.7,40617882,558.49,Firestore,User profiles DB
Edge-Network,gke-0308268,GCP,2026-06,2434.8,0.0,0,4869.61,GKE,ML training cluster
Customer-Portal,i-0473915,AWS,2026-06,629.7,0.0,0,909.48,EC2,c5.xlarge compute worker
Security-Ops,gke-0c59907,GCP,2026-06,2800.2,0.0,0,5600.42,GKE,ML training cluster
DevOps-Central,appi-1157479,AZURE,2026-06,0.0,0.0,58733304,734.16,Application Insights,APM telemetry
Marketing-Platform,sqs-06a7298,AWS,2026-06,0.0,0.0,59199616,29.6,SQS,Order processing queue
Production-Main,app-0029993,AZURE,2026-06,637.6,0.0,0,96.97,App Service,Web app B1
Internal-Tools,s3-0b0b520,AWS,2026-06,0.0,37.0,18499881,120.25,S3,Static website hosting
Shared-Services,gcs-068c251,GCP,2026-06,0.0,492.8,7884318,91.16,Cloud Storage,Temp processing bucket
Compliance-Audit,s3-045c748,AWS,2026-06,0.0,13672.9,2734574,478.55,S3,Data lake raw zone
Mobile-Backend,aks-0bc9456,AZURE,2026-06,1220.6,0.0,0,1830.94,AKS,Staging K8s cluster
DevOps-Central,appi-0a74430,AZURE,2026-06,0.0,0.0,73150004,914.37,Application Insights,APM telemetry
Mobile-Backend,vm-0347828,AZURE,2026-06,578.8,0.0,0,1056.23,Virtual Machines,E4s v3 SIEM collector
Mobile-Backend,vm-04f4258,AZURE,2026-06,774.7,0.0,0,471.26,Virtual Machines,D2s v3 utility server
Marketing-Platform,gcf-0a04526,GCP,2026-06,0.0,0.0,2098604,31.48,Cloud Functions,Scheduled tasks
Production-Main,sentinel-0b5c731,AZURE,2026-06,0.0,0.0,70625586,1765.64,Microsoft Sentinel,SIEM detection
Analytics-Platform,eh-0920184,AZURE,2026-06,538.2,0.0,22429101,245.6,Event Hubs,Standard throughput units
Security-Ops,ec-0f25929,AWS,2026-06,530.0,0.0,0,190.8,ElastiCache,Redis staging cluster
Production-Main,lam-06c3822,AWS,2026-06,0.0,0.0,34045007,238.32,Lambda,Data transformer
Finance-Systems,gcf-0421328,GCP,2026-06,0.0,0.0,12803228,192.04,Cloud Functions,Data triggers
Mobile-Backend,vm-0ab2945,AZURE,2026-06,610.3,0.0,0,2227.55,Virtual Machines,E8s v3 memory-optimized
Customer-Portal,ses-0dea201,AWS,2026-06,0.0,0.0,614905,0.74,SES,Marketing email
Shared-Services,fd-0c84968,AZURE,2026-06,0.0,0.0,73156841,548.69,Front Door,Global load balancer
Marketing-Platform,vai-0994295,GCP,2026-06,521.8,0.0,5797387,1130.49,Vertex AI,Model serving endpoints
Internal-Tools,gke-0f44955,GCP,2026-06,689.0,0.0,0,2067.09,GKE,Batch processing cluster
Customer-Portal,gke-027e488,GCP,2026-06,1653.4,0.0,0,3306.75,GKE,ML training cluster
Analytics-Platform,gke-0c27957,GCP,2026-06,5107.8,0.0,0,10215.8,GKE,GPU node pool
Internal-Tools,s3-066e839,AWS,2026-06,0.0,3938.9,6302151,287.53,S3,Media content bucket
Marketing-Platform,r53-05f2407,AWS,2026-06,0.0,0.0,53810223,80.71,Route 53,DNS hosting
Partner-Integration,sqldb-03a7375,AZURE,2026-06,879.9,305.5,0,1472.3,SQL Database,Standard S3 production
Analytics-Platform,aks-063d802,AZURE,2026-06,510.7,0.0,0,766.08,AKS,Dev K8s cluster
Internal-Tools,fs-02d5561,GCP,2026-06,662.5,46.0,27606180,379.58,Firestore,User profiles DB
Data-Science,mem-054a856,GCP,2026-06,1081.3,0.0,0,778.51,Memorystore,Redis production cache
Marketing-Platform,i-0c79279,AWS,2026-06,614.6,0.0,0,2130.75,EC2,r5.2xlarge database server
Partner-Integration,r53-03d8284,AWS,2026-06,0.0,0.0,65183788,97.78,Route 53,DNS hosting
Security-Ops,bq-0cc3233,GCP,2026-06,0.0,8853.1,0,3541.23,BigQuery,Analytics data warehouse
Production-Main,lam-04a5904,AWS,2026-06,0.0,0.0,31268250,218.88,Lambda,Data transformer
Production-Main,kv-0c89603,AZURE,2026-06,0.0,0.0,2315640,6.95,Key Vault,Secrets management
Mobile-Backend,ebs-0b07495,AWS,2026-06,0.0,3258.0,0,146.62,EBS,st1 volumes archive
Shared-Services,func-0ed4230,AZURE,2026-06,0.0,0.0,8695245,130.43,Azure Functions,Event processors
Finance-Systems,elb-0eae911,AWS,2026-06,712.9,0.0,29702854,216.24,ELB,Application load balancer
Analytics-Platform,cr-00b9666,GCP,2026-06,230.0,0.0,958314,199.33,Cloud Run,Image processor
Production-Main,vm-003f653,AZURE,2026-06,832.7,0.0,0,2026.19,Virtual Machines,D8s v3 application server
Production-Main,kin-09ce928,AWS,2026-06,634.0,0.0,17611059,257.12,Kinesis,Firehose delivery
Shared-Services,rds-0a3f668,AWS,2026-06,576.7,800.9,0,2562.98,RDS,db.r5.2xlarge Aurora cluster
Marketing-Platform,cr-0c41360,GCP,2026-06,517.9,0.0,2157891,673.27,Cloud Run,ETL pipeline service
IoT-Platform,fs-034e949,GCP,2026-06,960.2,66.7,40006637,550.09,Firestore,User profiles DB
Finance-Systems,gcs-07ec274,GCP,2026-06,0.0,457.3,7315623,84.59,Cloud Storage,Temp processing bucket
Mobile-Backend,vm-0341972,AZURE,2026-06,491.7,0.0,0,4486.62,Virtual Machines,NC6s v3 GPU VM
Security-Ops,df-0b6c552,GCP,2026-06,311.3,0.0,0,757.58,Dataflow,Batch pipeline
Data-Science,mem-012a968,GCP,2026-06,992.0,0.0,0,714.22,Memorystore,Redis production cache
Security-Ops,nat-0d72337,AWS,2026-06,750.1,0.0,0,171.1,NAT Gateway,Staging VPC NAT
IoT-Platform,bq-0b66868,GCP,2026-06,0.0,2764.7,0,1105.9,BigQuery,BI reporting views
Compliance-Audit,s3-038b490,AWS,2026-06,0.0,12441.3,2488250,435.44,S3,Data lake raw zone
Customer-Portal,blob-105b713,AZURE,2026-06,0.0,5856.8,0,585.68,Blob Storage,Security audit logs
Partner-Integration,sqldb-0750133,AZURE,2026-06,974.1,338.3,0,1630.02,SQL Database,Standard S3 production
QA-Testing,elb-0c75777,AWS,2026-06,650.0,0.0,9027824,131.44,ELB,Classic load balancer
ML-Training,eks-036e675,AWS,2026-06,430.2,0.0,0,1290.63,EKS,Staging K8s cluster
Analytics-Platform,gke-00b7195,GCP,2026-06,5421.8,0.0,0,10843.66,GKE,GPU node pool
Staging-Env,cr-0e13304,GCP,2026-06,668.5,0.0,2785242,869.0,Cloud Run,ETL pipeline service
Marketing-Platform,rds-0ae5139,AWS,2026-06,370.8,103.0,0,437.76,RDS,db.t3.medium MySQL staging
Customer-Portal,s3-05ee685,AWS,2026-06,0.0,17581.4,3516293,615.35,S3,Data lake raw zone
Internal-Tools,cf-0823451,AWS,2026-06,0.0,0.0,133957206,669.78,CloudFront,CDN media distribution
Internal-Tools,gcs-02da914,GCP,2026-06,0.0,3287.3,3287335,238.33,Cloud Storage,Media assets bucket
Staging-Env,ca-0862572,GCP,2026-06,0.0,0.0,116978881,438.67,Cloud Armor,WAF policies
Partner-Integration,mem-0822632,GCP,2026-06,284.9,0.0,0,205.15,Memorystore,Redis staging cache
Edge-Network,gke-0bd1995,GCP,2026-06,2538.6,0.0,0,5077.17,GKE,ML training cluster
DevOps-Central,kin-0e6b990,AWS,2026-06,862.3,0.0,23954260,349.74,Kinesis,Firehose delivery
Data-Science,rds-0af2839,AWS,2026-06,905.6,628.8,0,2326.67,RDS,db.r5.xlarge PostgreSQL primary
IoT-Platform,bq-107d256,GCP,2026-06,0.0,3168.0,0,1267.19,BigQuery,BI reporting views
Shared-Services,cosmos-089a538,AZURE,2026-06,698.6,97.0,24258136,909.68,Cosmos DB,Event store
Finance-Systems,blob-0dfa184,AZURE,2026-06,0.0,5337.8,53376,160.13,Blob Storage,Backup storage
Finance-Systems,elb-0c7f397,AWS,2026-06,631.1,0.0,8764361,127.61,ELB,Classic load balancer
Partner-Integration,df-0628108,GCP,2026-06,979.5,0.0,0,2383.3,Dataflow,Streaming pipeline
Production-Main,cmon-1020557,GCP,2026-06,0.0,0.0,23670559,189.36,Cloud Monitoring,Metrics and alerting
Partner-Integration,elb-10fd576,AWS,2026-06,891.0,0.0,12375760,180.18,ELB,Classic load balancer
Production-Secondary,ecs-0072782,AWS,2026-06,379.8,0.0,0,693.13,ECS,Fargate worker cluster
Production-Main,i-088c201,AWS,2026-06,995.3,0.0,0,72.66,EC2,t3.micro bastion host
Finance-Systems,appi-0fa4969,AZURE,2026-06,0.0,0.0,18397670,229.98,Application Insights,Custom metrics
Marketing-Platform,ddb-0bd3653,AWS,2026-06,599.7,41.7,66634532,468.52,DynamoDB,Session store table
Production-Secondary,redis-0d5e966,AZURE,2026-06,903.1,0.0,0,1098.85,Azure Cache for Redis,Premium P1 cache
Compliance-Audit,s3-0a41751,AWS,2026-06,0.0,578.9,1157913,50.65,S3,Artifact storage
Internal-Tools,rds-02c6302,AWS,2026-06,813.5,1129.9,0,3615.6,RDS,db.r5.2xlarge Aurora cluster
Edge-Network,ebs-118e723,AWS,2026-06,0.0,639.9,0,79.98,EBS,gp3 volumes production
Finance-Systems,appi-0fdc444,AZURE,2026-06,0.0,0.0,39789671,497.37,Application Insights,APM telemetry
Finance-Systems,cr-0fa9949,GCP,2026-06,335.3,0.0,2794494,290.63,Cloud Run,Webhook handler
Mobile-Backend,acr-0d0e656,AZURE,2026-06,0.0,193.1,386216,127.45,Container Registry,Docker image registry
Marketing-Platform,vai-0f53537,GCP,2026-06,573.5,0.0,6372751,1242.68,Vertex AI,Model serving endpoints
Security-Ops,vai-016d169,GCP,2026-06,386.7,0.0,0,1933.61,Vertex AI,Training pipelines
Edge-Network,gcs-0302936,GCP,2026-06,0.0,17803.8,5934589,534.11,Cloud Storage,Data lake bucket
Security-Ops,ecs-0c7d446,AWS,2026-06,641.9,0.0,0,1171.39,ECS,Fargate API cluster
Compliance-Audit,vpn-0870914,AWS,2026-06,907.7,0.0,0,230.1,VPN Gateway,Client VPN endpoint
DevOps-Central,vm-00e1513,AZURE,2026-06,993.0,0.0,0,1410.02,Virtual Machines,F4s v2 compute node
Security-Ops,bq-0b2e575,GCP,2026-06,0.0,8229.9,0,3291.97,BigQuery,Analytics data warehouse
Customer-Portal,bq-0af1701,GCP,2026-06,0.0,971.6,0,388.66,BigQuery,Data export queries
Shared-Services,ado-0498358,AZURE,2026-06,0.0,99.4,0,24.85,Azure DevOps,Artifacts storage
Shared-Services,gcs-0eea952,GCP,2026-06,0.0,6895.6,172388,158.6,Cloud Storage,Backup bucket
Marketing-Platform,ps-0df1128,GCP,2026-06,0.0,0.0,47428036,592.85,Pub/Sub,Log forwarding
Customer-Portal,clog-0c8b599,GCP,2026-06,0.0,137.1,0,34.29,Cloud Logging,Audit logs
Security-Ops,ecs-0f17873,AWS,2026-06,190.0,0.0,0,346.8,ECS,Fargate batch cluster
Analytics-Platform,aks-07be261,AZURE,2026-06,442.2,0.0,0,663.43,AKS,Dev K8s cluster
Analytics-Platform,gcs-08fa192,GCP,2026-06,0.0,2409.8,2409850,174.71,Cloud Storage,Media assets bucket
Shared-Services,ado-0524335,AZURE,2026-06,594.1,0.0,0,297.05,Azure DevOps,Pipelines hosted
Shared-Services,gcs-01ab145,GCP,2026-06,0.0,13991.4,4663815,419.74,Cloud Storage,Data lake bucket
Shared-Services,r53-07dc433,AWS,2026-06,0.0,0.0,74983005,112.47,Route 53,DNS hosting
Production-Secondary,sb-0061462,AZURE,2026-06,0.0,0.0,23337067,58.34,Service Bus,Standard messaging
Data-Science,rds-10d2290,AWS,2026-06,825.2,572.9,0,2120.32,RDS,db.r5.xlarge PostgreSQL primary
Data-Science,aks-0151245,AZURE,2026-06,1412.0,0.0,0,2117.99,AKS,Staging K8s cluster
Analytics-Platform,bq-0608863,GCP,2026-06,0.0,10084.9,0,4033.96,BigQuery,Analytics data warehouse
Compliance-Audit,i-06f6166,AWS,2026-06,732.1,0.0,0,634.53,EC2,m5.large monitoring server
Security-Ops,gcs-0e02175,GCP,2026-06,0.0,5196.1,129900,119.51,Cloud Storage,Backup bucket
Finance-Systems,gcf-1131750,GCP,2026-06,0.0,0.0,12112537,181.68,Cloud Functions,Data triggers
Internal-Tools,blob-0a05230,AZURE,2026-06,0.0,5269.2,0,526.92,Blob Storage,Security audit logs
Data-Science,blob-04af932,AZURE,2026-06,0.0,2053.3,5133253,333.67,Blob Storage,Media content
Edge-Network,lam-032b472,AWS,2026-06,0.0,0.0,21965612,153.76,Lambda,Data transformer
Staging-Env,gcs-0c37460,GCP,2026-06,0.0,12919.0,4306346,387.57,Cloud Storage,Data lake bucket
Marketing-Platform,cr-0e17356,GCP,2026-06,591.3,0.0,2463778,768.71,Cloud Run,ETL pipeline service
Finance-Systems,cmon-022a754,GCP,2026-06,0.0,0.0,33830044,270.64,Cloud Monitoring,Metrics and alerting
Partner-Integration,rs-0c70645,AWS,2026-06,765.5,2126.4,0,3880.72,Redshift,Data warehouse cluster
ML-Training,rds-0485498,AWS,2026-06,641.4,712.7,0,1496.61,RDS,db.m5.xlarge analytics DB
Mobile-Backend,ado-0337337,AZURE,2026-06,0.0,76.5,0,19.13,Azure DevOps,Artifacts storage
Customer-Portal,bq-0a4a962,GCP,2026-06,0.0,1124.2,0,449.71,BigQuery,Data export queries
QA-Testing,lam-08bd801,AWS,2026-06,0.0,0.0,3323409,23.27,Lambda,Webhook processor
Analytics-Platform,ado-0c1c621,AZURE,2026-06,0.0,111.7,0,27.94,Azure DevOps,Artifacts storage
Data-Science,i-064e209,AWS,2026-06,814.0,0.0,0,706.02,EC2,t3.large application server
Production-Main,lam-0858407,AWS,2026-06,0.0,0.0,5367840,37.58,Lambda,Notification dispatcher
Security-Ops,ecs-0882716,AWS,2026-06,190.1,0.0,0,347.11,ECS,Fargate batch cluster
Data-Science,i-0b3c554,AWS,2026-06,372.8,0.0,0,1081.34,EC2,c5.2xlarge HPC node
Mobile-Backend,acr-0933982,AZURE,2026-06,0.0,183.4,366850,121.06,Container Registry,Docker image registry
Partner-Integration,rs-0902323,AWS,2026-06,0.0,0.0,5493785,274.69,Redshift,Spectrum queries
Shared-Services,ebs-086f615,AWS,2026-06,0.0,550.6,0,344.11,EBS,io2 volumes database
Internal-Tools,elb-0520569,AWS,2026-06,1146.1,0.0,15918896,231.78,ELB,Classic load balancer
Marketing-Platform,gcf-1078297,GCP,2026-06,0.0,0.0,2150762,32.27,Cloud Functions,Scheduled tasks
Finance-Systems,blob-0a9d546,AZURE,2026-06,0.0,8865.4,88653,265.96,Blob Storage,Backup storage
Security-Ops,gke-0174910,GCP,2026-06,522.3,0.0,0,1566.75,GKE,Batch processing cluster
Staging-Env,bq-0ffd650,GCP,2026-06,0.0,5915.4,0,2366.15,BigQuery,Log analytics
QA-Testing,lam-0e28351,AWS,2026-06,0.0,0.0,4501908,31.73,Lambda,Image resizer
Production-Secondary,r53-0e6c250,AWS,2026-06,0.0,0.0,8698141,13.05,Route 53,Health checks
Shared-Services,nat-0d10205,AWS,2026-06,606.4,0.0,0,138.34,NAT Gateway,Staging VPC NAT
ML-Training,rds-0b52197,AWS,2026-06,636.1,706.8,0,1484.27,RDS,db.m5.xlarge analytics DB
Marketing-Platform,gcf-0a8d204,GCP,2026-06,0.0,0.0,2055691,30.84,Cloud Functions,Scheduled tasks
Security-Ops,sqldb-07af165,AZURE,2026-06,969.1,67.2,0,201.41,SQL Database,Basic dev database
Staging-Env,ps-00f0976,GCP,2026-06,0.0,0.0,14521193,181.51,Pub/Sub,Data pipeline
Marketing-Platform,ps-0d0f145,GCP,2026-06,0.0,0.0,15865177,198.32,Pub/Sub,Data pipeline
Analytics-Platform,bq-00aa634,GCP,2026-06,0.0,4116.5,0,1646.59,BigQuery,Log analytics
Partner-Integration,sb-0677216,AZURE,2026-06,684.4,0.0,9505423,520.42,Service Bus,Premium messaging
Edge-Network,csql-0303589,GCP,2026-06,853.8,237.2,0,1025.74,Cloud SQL,PostgreSQL replica
Edge-Network,gcf-0d2e351,GCP,2026-06,0.0,0.0,12423640,186.36,Cloud Functions,Data triggers
Partner-Integration,ddb-03d4797,AWS,2026-06,564.4,39.2,62709692,440.93,DynamoDB,Session store table
Finance-Systems,s3-0243583,AWS,2026-06,0.0,69.5,34757401,225.92,S3,Static website hosting
Internal-Tools,eh-0fe7790,AZURE,2026-06,0.0,558.4,0,139.61,Event Hubs,Capture to storage
Partner-Integration,kin-1069401,AWS,2026-06,892.3,0.0,37180155,542.83,Kinesis,Data stream ingestion
Analytics-Platform,gcs-0569506,GCP,2026-06,0.0,2113.1,2113071,153.19,Cloud Storage,Media assets bucket
Staging-Env,fs-010c209,GCP,2026-06,934.1,64.9,38920044,535.15,Firestore,User profiles DB
Mobile-Backend,vm-08df543,AZURE,2026-06,948.8,0.0,0,1347.4,Virtual Machines,F4s v2 compute node
Production-Main,kin-0ab3175,AWS,2026-06,729.5,0.0,30395440,443.77,Kinesis,Data stream ingestion
Marketing-Platform,sqs-01dc694,AWS,2026-06,0.0,0.0,55713295,27.86,SQS,Order processing queue
Production-Main,blob-072a535,AZURE,2026-06,0.0,2624.9,6999908,341.25,Blob Storage,Build artifacts
Finance-Systems,sqldb-0638934,AZURE,2026-06,1089.7,378.4,0,1823.38,SQL Database,Standard S3 production
Customer-Portal,ebs-0da4750,AWS,2026-06,0.0,549.7,0,343.53,EBS,io2 volumes database
Marketing-Platform,vai-0a89162,GCP,2026-06,284.2,0.0,0,1420.63,Vertex AI,AutoML jobs
DevOps-Central,redis-0746127,AZURE,2026-06,759.3,0.0,0,923.76,Azure Cache for Redis,Premium P1 cache
Production-Secondary,ado-0f7a776,AZURE,2026-06,0.0,116.7,0,29.17,Azure DevOps,Artifacts storage
Shared-Services,vm-0ef9933,AZURE,2026-06,538.5,0.0,0,982.71,Virtual Machines,E4s v3 SIEM collector
Customer-Portal,gcs-027b506,GCP,2026-06,0.0,17742.5,44356,177.43,Cloud Storage,Archive bucket
QA-Testing,lam-0e97658,AWS,2026-06,0.0,0.0,3394509,23.76,Lambda,Webhook processor
Edge-Network,kin-0317180,AWS,2026-06,546.1,0.0,15170359,221.49,Kinesis,Firehose delivery
IoT-Platform,bq-07f6141,GCP,2026-06,0.0,1973.3,0,789.3,BigQuery,Data export queries
Shared-Services,r53-0198426,AWS,2026-06,0.0,0.0,8571771,12.86,Route 53,Health checks
Internal-Tools,sqs-02ad468,AWS,2026-06,0.0,0.0,37605139,18.8,SQS,Event notification queue
Internal-Tools,vm-084b534,AZURE,2026-06,781.9,0.0,0,475.67,Virtual Machines,D2s v3 utility server
Internal-Tools,ses-0971417,AWS,2026-06,0.0,0.0,2947165,3.54,SES,Transactional email
Internal-Tools,cr-02e2142,GCP,2026-06,306.2,0.0,1275827,265.37,Cloud Run,Image processor
Partner-Integration,gke-0e1d533,GCP,2026-06,724.5,0.0,0,2173.65,GKE,Production API cluster
Internal-Tools,sqs-0595574,AWS,2026-06,0.0,0.0,54204309,27.1,SQS,Order processing queue
Data-Science,i-0e57691,AWS,2026-06,345.0,0.0,0,1000.84,EC2,c5.2xlarge HPC node
Partner-Integration,sm-04a9467,AWS,2026-06,0.0,0.0,1294997,5.18,Secrets Manager,Application secrets
Partner-Integration,ec-10a3752,AWS,2026-06,460.4,0.0,0,165.72,ElastiCache,Redis staging cluster
Customer-Portal,bq-0f5a146,GCP,2026-06,0.0,960.9,0,384.38,BigQuery,Data export queries
Finance-Systems,blob-0899517,AZURE,2026-06,0.0,8375.7,83754,251.26,Blob Storage,Backup storage
Analytics-Platform,gcf-009e362,GCP,2026-06,0.0,0.0,8204190,123.06,Cloud Functions,Auth handlers
Production-Main,s3-09f4341,AWS,2026-06,0.0,10360.0,647497,259.0,S3,Log archive bucket
Production-Secondary,i-007c627,AWS,2026-06,546.7,0.0,0,947.68,EC2,r5.xlarge cache server
Customer-Portal,ses-071f490,AWS,2026-06,0.0,0.0,692009,0.83,SES,Marketing email
Compliance-Audit,sm-10f2477,AWS,2026-06,0.0,0.0,1373288,5.49,Secrets Manager,Application secrets
Analytics-Platform,cr-0d62306,GCP,2026-06,432.0,0.0,1800226,561.68,Cloud Run,ETL pipeline service
Internal-Tools,gcf-02d7493,GCP,2026-06,0.0,0.0,10039079,150.59,Cloud Functions,Data triggers
Internal-Tools,ebs-0f72121,AWS,2026-06,0.0,1487.0,0,185.88,EBS,gp3 volumes production
Security-Ops,ecs-0d3c531,AWS,2026-06,500.1,0.0,0,912.67,ECS,Fargate API cluster
Finance-Systems,app-070d322,AZURE,2026-06,884.1,0.0,0,134.45,App Service,Web app B1
Internal-Tools,gke-02d4601,GCP,2026-06,2351.0,0.0,0,4702.06,GKE,ML training cluster
Shared-Services,r53-0ff4269,AWS,2026-06,0.0,0.0,66611420,99.91,Route 53,DNS hosting
ML-Training,ebs-05fc988,AWS,2026-06,0.0,4127.9,0,185.76,EBS,st1 volumes archive
QA-Testing,lam-0998741,AWS,2026-06,0.0,0.0,4286681,30.22,Lambda,Image resizer
Customer-Portal,cr-0279346,GCP,2026-06,512.2,0.0,2134139,665.85,Cloud Run,ETL pipeline service
Customer-Portal,elb-0aee879,AWS,2026-06,767.1,0.0,31960949,232.68,ELB,Application load balancer
Security-Ops,ecs-018d725,AWS,2026-06,496.3,0.0,0,905.81,ECS,Fargate worker cluster
Shared-Services,ado-0586532,AZURE,2026-06,524.1,0.0,0,262.02,Azure DevOps,Pipelines hosted
Compliance-Audit,nat-037e195,AWS,2026-06,541.8,0.0,0,123.6,NAT Gateway,Dev VPC NAT
Data-Science,vai-0d5f388,GCP,2026-06,352.1,0.0,0,1760.57,Vertex AI,Training pipelines
Internal-Tools,clog-02e8220,GCP,2026-06,0.0,503.7,0,125.92,Cloud Logging,Application logs
Security-Ops,sqldb-07f8643,AZURE,2026-06,718.3,49.9,0,149.3,SQL Database,Basic dev database
Partner-Integration,sm-09ef617,AWS,2026-06,0.0,0.0,1515950,6.07,Secrets Manager,Application secrets
Internal-Tools,ddb-0a2f287,AWS,2026-06,834.2,57.9,92682416,651.68,DynamoDB,Session store table
Edge-Network,cdns-0304848,GCP,2026-06,0.0,0.0,19362978,29.04,Cloud DNS,DNS zones
Internal-Tools,rds-02c2514,AWS,2026-06,620.9,689.8,0,1448.66,RDS,db.m5.xlarge analytics DB
Data-Science,bq-011c674,GCP,2026-06,0.0,3587.6,0,1435.03,BigQuery,Log analytics
Compliance-Audit,ec-0fb1705,AWS,2026-06,712.5,0.0,0,512.95,ElastiCache,Redis production cluster
Customer-Portal,sentinel-0903319,AZURE,2026-06,0.0,0.0,107466391,2686.66,Microsoft Sentinel,SIEM detection
Shared-Services,ec-0d88472,AWS,2026-06,798.4,0.0,0,287.39,ElastiCache,Redis staging cluster
Production-Secondary,cosmos-0071690,AZURE,2026-06,562.3,78.1,19523801,732.14,Cosmos DB,Event store
Analytics-Platform,aks-04e6233,AZURE,2026-06,459.3,0.0,0,689.04,AKS,Dev K8s cluster
Compliance-Audit,ses-0627154,AWS,2026-06,0.0,0.0,1705082,2.05,SES,Transactional email
Production-Main,redis-053a503,AZURE,2026-06,959.5,0.0,0,1167.45,Azure Cache for Redis,Premium P1 cache
Production-Main,r53-0013324,AWS,2026-06,0.0,0.0,59085668,88.63,Route 53,DNS hosting
Production-Main,func-0033235,AZURE,2026-06,0.0,0.0,8499657,127.49,Azure Functions,Event processors
Internal-Tools,rds-0877129,AWS,2026-06,835.7,580.3,0,1653.93,RDS,db.r5.large PostgreSQL replica
Production-Main,lam-0007733,AWS,2026-06,0.0,0.0,1280583,9.6,Lambda,Cron job runner
Production-Main,s3-0dd8940,AWS,2026-06,0.0,48.4,24201087,157.3,S3,Static website hosting
Security-Ops,ebs-0187240,AWS,2026-06,0.0,4172.0,0,187.74,EBS,st1 volumes archive
Security-Ops,ecs-05f8138,AWS,2026-06,562.6,0.0,0,1026.71,ECS,Fargate API cluster
Customer-Portal,ses-0aec941,AWS,2026-06,0.0,0.0,885481,1.07,SES,Marketing email
Security-Ops,ecs-0ef6702,AWS,2026-06,559.3,0.0,0,1020.6,ECS,Fargate API cluster
Staging-Env,gcf-08e9473,GCP,2026-06,0.0,0.0,14565190,218.48,Cloud Functions,Data triggers
Staging-Env,bq-00f9877,GCP,2026-06,0.0,5693.8,0,2277.52,BigQuery,Log analytics
Edge-Network,s3-09b2918,AWS,2026-06,0.0,12681.0,126809,291.67,S3,Backup storage bucket
Production-Main,gcs-0053656,GCP,2026-06,0.0,8053.8,201345,185.24,Cloud Storage,Backup bucket
Staging-Env,cdns-041f176,GCP,2026-06,0.0,0.0,26876955,40.31,Cloud DNS,DNS zones
Production-Main,gcf-0861266,GCP,2026-06,0.0,0.0,10012747,150.19,Cloud Functions,Data triggers
Edge-Network,s3-0cf5556,AWS,2026-06,0.0,64.4,32203124,209.31,S3,Static website hosting
Internal-Tools,vm-0c07552,AZURE,2026-06,732.8,0.0,0,445.8,Virtual Machines,D2s v3 utility server
Analytics-Platform,fs-073a652,GCP,2026-06,945.5,65.6,39395274,541.69,Firestore,User profiles DB
Customer-Portal,cr-056f855,GCP,2026-06,470.6,0.0,1960861,611.79,Cloud Run,ETL pipeline service
Data-Science,fd-014e379,AZURE,2026-06,0.0,0.0,43216033,324.12,Front Door,Global load balancer
Production-Main,i-0a20226,AWS,2026-06,670.5,0.0,0,2324.05,EC2,m5.2xlarge batch processor
Data-Science,i-0a5b952,AWS,2026-06,704.1,0.0,0,610.17,EC2,m5.large monitoring server
Shared-Services,r53-059e889,AWS,2026-06,0.0,0.0,68988165,103.48,Route 53,DNS hosting
Compliance-Audit,i-03a0994,AWS,2026-06,734.9,0.0,0,636.92,EC2,m5.large monitoring server
Mobile-Backend,eh-0335343,AZURE,2026-06,0.0,421.8,0,105.45,Event Hubs,Capture to storage
Compliance-Audit,rds-1171475,AWS,2026-06,1056.7,733.8,0,2091.29,RDS,db.r5.large PostgreSQL replica
Internal-Tools,nat-042b155,AWS,2026-06,551.8,0.0,0,125.88,NAT Gateway,Dev VPC NAT
DR-Recovery,eh-02f3384,AZURE,2026-06,0.0,530.5,0,132.62,Event Hubs,Capture to storage
Marketing-Platform,vai-1033821,GCP,2026-06,452.1,0.0,5023642,979.61,Vertex AI,Model serving endpoints
Finance-Systems,sqldb-10e9583,AZURE,2026-06,1027.0,356.7,0,1718.47,SQL Database,Standard S3 production
IoT-Platform,cr-0d33810,GCP,2026-06,500.3,0.0,4169492,433.63,Cloud Run,Webhook handler
Production-Secondary,clog-06e2446,GCP,2026-06,0.0,469.0,0,117.23,Cloud Logging,Application logs
Production-Secondary,r53-114c994,AWS,2026-06,0.0,0.0,8012816,12.02,Route 53,Health checks
Internal-Tools,fs-02d6986,GCP,2026-06,816.2,22.7,56679349,595.13,Firestore,Session store
Mobile-Backend,fd-05ae464,AZURE,2026-06,0.0,0.0,39643402,297.32,Front Door,Global load balancer
Internal-Tools,aks-0ec9743,AZURE,2026-06,1447.5,0.0,0,2171.2,AKS,Staging K8s cluster
Security-Ops,sns-0188907,AWS,2026-06,0.0,0.0,9070544,4.54,SNS,Alert notifications
DR-Recovery,cosmos-02ed229,AZURE,2026-06,941.0,65.3,19603999,637.13,Cosmos DB,Config store
Data-Science,gcf-057e580,GCP,2026-06,0.0,0.0,9928921,148.93,Cloud Functions,Auth handlers
DevOps-Central,ec-1079988,AWS,2026-06,728.3,0.0,0,524.36,ElastiCache,Redis production cluster
Customer-Portal,bq-0797763,GCP,2026-06,0.0,1056.0,0,422.4,BigQuery,Data export queries
ML-Training,ebs-0b24521,AWS,2026-06,0.0,4753.1,0,213.89,EBS,st1 volumes archive
Shared-Services,r53-0619259,AWS,2026-06,0.0,0.0,9048428,13.58,Route 53,Health checks
Partner-Integration,sb-0685610,AZURE,2026-06,726.8,0.0,10094584,552.68,Service Bus,Premium messaging
Analytics-Platform,gcs-0ce0329,GCP,2026-06,0.0,2315.8,2315805,167.89,Cloud Storage,Media assets bucket
Compliance-Audit,sm-0632353,AWS,2026-06,0.0,0.0,1088670,4.35,Secrets Manager,Application secrets
Data-Science,blob-10e3276,AZURE,2026-06,0.0,9401.9,94018,282.06,Blob Storage,Backup storage
Edge-Network,gke-0b37321,GCP,2026-06,2210.4,0.0,0,4420.89,GKE,ML training cluster
Security-Ops,cdns-092f274,GCP,2026-06,0.0,0.0,27937335,41.9,Cloud DNS,DNS zones
Edge-Network,i-1150768,AWS,2026-06,707.7,0.0,0,2453.55,EC2,r5.2xlarge database server
Security-Ops,s3-0181856,AWS,2026-06,0.0,5959.9,9535852,435.07,S3,Media content bucket
Data-Science,i-0dfc213,AWS,2026-06,507.8,0.0,0,1759.93,EC2,m5.2xlarge batch processor
Marketing-Platform,vai-054f681,GCP,2026-06,595.3,0.0,0,2976.53,Vertex AI,Training pipelines
Marketing-Platform,i-01e9479,AWS,2026-06,569.9,0.0,0,1975.67,EC2,r5.2xlarge database server
Finance-Systems,app-0ba8317,AZURE,2026-06,897.4,0.0,0,1091.91,App Service,API app P2v3
Shared-Services,ado-0e6e571,AZURE,2026-06,520.3,0.0,0,260.13,Azure DevOps,Pipelines hosted
Internal-Tools,s3-0a63927,AWS,2026-06,0.0,6709.9,419363,167.74,S3,Log archive bucket
Production-Secondary,ec-0078540,AWS,2026-06,648.6,0.0,0,467.0,ElastiCache,Redis production cluster
Internal-Tools,ps-02e6133,GCP,2026-06,0.0,0.0,19685503,246.07,Pub/Sub,Data pipeline
Internal-Tools,gcs-02de679,GCP,2026-06,0.0,18697.8,6232590,560.93,Cloud Storage,Data lake bucket
Finance-Systems,blob-0c24932,AZURE,2026-06,0.0,7583.9,75836,227.51,Blob Storage,Backup storage
Internal-Tools,sqs-0c61528,AWS,2026-06,0.0,0.0,49680585,24.84,SQS,Order processing queue
Internal-Tools,sqs-1152733,AWS,2026-06,0.0,0.0,50166062,25.08,SQS,Order processing queue
Data-Science,sb-03fb113,AZURE,2026-06,0.0,0.0,22498513,56.24,Service Bus,Standard messaging
Edge-Network,rds-031d726,AWS,2026-06,562.5,390.6,0,1113.2,RDS,db.r5.large PostgreSQL replica
Internal-Tools,redis-0e82275,AZURE,2026-06,635.3,0.0,0,322.06,Azure Cache for Redis,Standard C2 cache
Internal-Tools,redis-0294559,AZURE,2026-06,598.4,0.0,0,303.38,Azure Cache for Redis,Standard C2 cache
Marketing-Platform,cmon-0baf450,GCP,2026-06,0.0,0.0,29769199,238.16,Cloud Monitoring,Metrics and alerting
Shared-Services,vm-069e641,AZURE,2026-06,510.4,0.0,0,4656.64,Virtual Machines,NC6s v3 GPU VM
Finance-Systems,s3-0879414,AWS,2026-06,0.0,9736.9,608555,243.42,S3,Log archive bucket
Staging-Env,gcs-0104572,GCP,2026-06,0.0,16003.6,40009,160.04,Cloud Storage,Archive bucket
QA-Testing,sm-09d2871,AWS,2026-06,0.0,0.0,704311,2.82,Secrets Manager,Application secrets
Data-Science,ps-0122650,GCP,2026-06,0.0,0.0,30721375,384.02,Pub/Sub,Log forwarding
Internal-Tools,s3-0c64538,AWS,2026-06,0.0,4005.5,6408723,292.4,S3,Media content bucket
Marketing-Platform,i-01ea208,AWS,2026-06,763.5,0.0,0,331.14,EC2,t3.medium API server
DevOps-Central,ddb-1093975,AWS,2026-06,954.8,13.2,6630576,116.03,DynamoDB,Config store table
Staging-Env,gcs-05bb643,GCP,2026-06,0.0,10351.2,3450413,310.54,Cloud Storage,Data lake bucket
Customer-Portal,vpn-0c12742,AWS,2026-06,1253.2,0.0,0,317.65,VPN Gateway,Client VPN endpoint
Finance-Systems,appi-0b64759,AZURE,2026-06,0.0,0.0,42418898,530.24,Application Insights,APM telemetry
DevOps-Central,acr-00d8552,AZURE,2026-06,0.0,265.8,531637,175.44,Container Registry,Docker image registry
Staging-Env,gcf-09c0254,GCP,2026-06,0.0,0.0,13549229,203.24,Cloud Functions,Data triggers
Production-Main,kin-001b193,AWS,2026-06,760.8,0.0,31700052,462.82,Kinesis,Data stream ingestion
Production-Secondary,aks-0508393,AZURE,2026-06,1591.3,0.0,0,2386.9,AKS,Staging K8s cluster
Production-Secondary,s3-0963950,AWS,2026-06,0.0,1069.9,2139797,93.61,S3,Artifact storage
Production-Main,vm-0ae6301,AZURE,2026-06,996.0,0.0,0,1414.26,Virtual Machines,F4s v2 compute node
Internal-Tools,cf-08a2303,AWS,2026-06,0.0,0.0,101743298,508.72,CloudFront,CDN web distribution
Production-Secondary,cosmos-0c42811,AZURE,2026-06,531.8,73.9,18464773,692.43,Cosmos DB,Event store
Customer-Portal,sentinel-024e511,AZURE,2026-06,0.0,0.0,121837875,3045.95,Microsoft Sentinel,SIEM detection
Staging-Env,cdns-0683103,GCP,2026-06,0.0,0.0,25046736,37.57,Cloud DNS,DNS zones
Customer-Portal,blob-0e7d167,AZURE,2026-06,0.0,4694.0,0,469.4,Blob Storage,Security audit logs
Analytics-Platform,eh-0daf110,AZURE,2026-06,520.3,0.0,21683140,237.43,Event Hubs,Standard throughput units
DR-Recovery,redis-091e910,AZURE,2026-06,780.0,0.0,0,949.0,Azure Cache for Redis,Premium P1 cache
Partner-Integration,df-03b8762,GCP,2026-06,936.0,0.0,0,2277.56,Dataflow,Streaming pipeline
ML-Training,ec-0549300,AWS,2026-06,1080.4,0.0,0,777.91,ElastiCache,Redis production cluster
Compliance-Audit,s3-04df487,AWS,2026-06,0.0,2320.6,13923365,580.14,S3,Production asset storage
Customer-Portal,fs-0acb600,GCP,2026-06,915.9,63.8,38165760,524.77,Firestore,User profiles DB
Production-Secondary,blob-107a413,AZURE,2026-06,0.0,2807.8,7487431,365.01,Blob Storage,Build artifacts
Internal-Tools,gcs-089d790,GCP,2026-06,0.0,15964.9,5321608,478.94,Cloud Storage,Data lake bucket
ML-Training,i-04f5359,AWS,2026-06,804.3,0.0,0,697.01,EC2,m5.large monitoring server
Production-Main,eh-0f89343,AZURE,2026-06,726.1,0.0,30252894,331.27,Event Hubs,Standard throughput units
ML-Training,rds-0a96205,AWS,2026-06,569.3,632.6,0,1328.45,RDS,db.m5.xlarge analytics DB
ML-Training,r53-0371230,AWS,2026-06,0.0,0.0,11819489,17.73,Route 53,Health checks
Marketing-Platform,rds-0657267,AWS,2026-06,447.8,124.4,0,528.6,RDS,db.t3.medium MySQL staging
Finance-Systems,ado-0222957,AZURE,2026-06,476.4,0.0,0,238.2,Azure DevOps,Pipelines hosted
Analytics-Platform,gke-0c3a292,GCP,2026-06,4994.2,0.0,0,9988.42,GKE,GPU node pool
Customer-Portal,cosmos-0b44271,AZURE,2026-06,527.8,73.3,18323690,687.13,Cosmos DB,Event store
Production-Main,vm-06e4791,AZURE,2026-06,487.1,0.0,0,4445.05,Virtual Machines,NC6s v3 GPU VM
IoT-Platform,cr-07da555,GCP,2026-06,437.0,0.0,1820772,568.08,Cloud Run,ETL pipeline service
Marketing-Platform,rds-10d6482,AWS,2026-06,628.0,174.4,0,566.92,RDS,db.t3.large development DB
Analytics-Platform,gcs-0b6a812,GCP,2026-06,0.0,1712.4,856221,265.42,Cloud Storage,Model artifacts
Production-Secondary,cosmos-0070623,AZURE,2026-06,723.9,201.1,40219028,1633.9,Cosmos DB,User data store
Analytics-Platform,clog-0ba4541,GCP,2026-06,0.0,443.0,0,110.76,Cloud Logging,Application logs
Security-Ops,sqldb-0408548,AZURE,2026-06,835.2,58.0,0,173.59,SQL Database,Basic dev database
Production-Secondary,cosmos-091d756,AZURE,2026-06,780.8,216.9,43379947,1762.31,Cosmos DB,User data store
Shared-Services,gcs-046a617,GCP,2026-06,0.0,3421.0,3420954,248.02,Cloud Storage,Media assets bucket
Analytics-Platform,bq-0b80564,GCP,2026-06,0.0,16741.1,0,6696.47,BigQuery,ML training datasets
Staging-Env,fs-010b493,GCP,2026-06,604.4,16.8,41972594,440.71,Firestore,Session store
ML-Training,r53-05ab480,AWS,2026-06,0.0,0.0,13247675,19.87,Route 53,Health checks
Finance-Systems,csql-0ae9870,GCP,2026-06,792.3,220.1,0,951.86,Cloud SQL,PostgreSQL replica
Staging-Env,gcs-0105570,GCP,2026-06,0.0,573.3,9172265,106.05,Cloud Storage,Temp processing bucket
Customer-Portal,vm-025d194,AZURE,2026-06,931.0,0.0,0,283.17,Virtual Machines,B2s development VM
Marketing-Platform,sm-0b4d765,AWS,2026-06,0.0,0.0,1085383,4.35,Secrets Manager,Application secrets
Marketing-Platform,rds-07a0415,AWS,2026-06,453.2,125.9,0,535.03,RDS,db.t3.medium MySQL staging
Security-Ops,sentinel-0f54548,AZURE,2026-06,0.0,0.0,91196728,2279.92,Microsoft Sentinel,SIEM detection
DevOps-Central,app-00eb594,AZURE,2026-06,713.4,0.0,0,867.98,App Service,API app P2v3
Marketing-Platform,ca-0a67990,GCP,2026-06,0.0,0.0,60061078,225.22,Cloud Armor,WAF policies
Edge-Network,s3-08f1673,AWS,2026-06,0.0,1075.9,2151933,94.14,S3,Artifact storage
ML-Training,rs-072c560,AWS,2026-06,0.0,0.0,4381546,219.08,Redshift,Spectrum queries
Marketing-Platform,gcf-0dcb547,GCP,2026-06,0.0,0.0,2171971,32.58,Cloud Functions,Scheduled tasks
Production-Secondary,fd-005a664,AZURE,2026-06,0.0,0.0,73131698,548.49,Front Door,Global load balancer
Internal-Tools,s3-02bd407,AWS,2026-06,0.0,7385.9,461618,184.65,S3,Log archive bucket
Staging-Env,gcs-0108793,GCP,2026-06,0.0,10646.8,266169,244.88,Cloud Storage,Backup bucket
Production-Main,csql-0f51153,GCP,2026-06,816.3,566.9,0,1609.91,Cloud SQL,MySQL analytics
ML-Training,ebs-0974587,AWS,2026-06,0.0,707.3,0,442.01,EBS,io2 volumes database
IoT-Platform,bq-0f8e380,GCP,2026-06,0.0,2850.6,0,1140.28,BigQuery,BI reporting views
Staging-Env,cr-0ddc370,GCP,2026-06,798.9,0.0,3328432,1038.47,Cloud Run,ETL pipeline service
Shared-Services,ado-09e6900,AZURE,2026-06,585.1,0.0,0,292.49,Azure DevOps,Pipelines hosted
Finance-Systems,clog-1076168,GCP,2026-06,0.0,217.8,0,54.48,Cloud Logging,Audit logs
DevOps-Central,blob-00d9603,AZURE,2026-06,0.0,5721.7,0,572.17,Blob Storage,Security audit logs
Customer-Portal,i-0930835,AWS,2026-06,544.8,0.0,0,39.76,EC2,t3.micro bastion host
IoT-Platform,mem-044e635,GCP,2026-06,867.5,0.0,0,624.68,Memorystore,Redis production cache
Security-Ops,s3-0771322,AWS,2026-06,0.0,19577.4,3915473,685.2,S3,Data lake raw zone
Analytics-Platform,aks-1048569,AZURE,2026-06,582.0,0.0,0,2618.69,AKS,Production K8s cluster
Data-Science,i-0d23982,AWS,2026-06,392.0,0.0,0,1136.65,EC2,c5.2xlarge HPC node
Finance-Systems,s3-08dd455,AWS,2026-06,0.0,5239.5,8383207,382.49,S3,Media content bucket
Finance-Systems,gcf-0a51450,GCP,2026-06,0.0,0.0,9755896,146.33,Cloud Functions,Auth handlers
Partner-Integration,ado-0b3b205,AZURE,2026-06,647.7,0.0,0,323.9,Azure DevOps,Pipelines hosted
Partner-Integration,gke-0b7b939,GCP,2026-06,700.7,0.0,0,2101.98,GKE,Production API cluster
Compliance-Audit,ses-0592338,AWS,2026-06,0.0,0.0,1646803,1.98,SES,Transactional email
Internal-Tools,ec-0eb3410,AWS,2026-06,544.6,0.0,0,392.03,ElastiCache,Redis production cluster
Partner-Integration,sqldb-03a5439,AZURE,2026-06,703.5,488.5,0,2853.0,SQL Database,Premium P1 analytics
Internal-Tools,s3-09aa761,AWS,2026-06,0.0,37.0,18531881,120.46,S3,Static website hosting
DevOps-Central,aks-0e66233,AZURE,2026-06,395.4,0.0,0,593.18,AKS,Dev K8s cluster
Compliance-Audit,sm-1017804,AWS,2026-06,0.0,0.0,1095276,4.38,Secrets Manager,Application secrets
Shared-Services,vai-01ad930,GCP,2026-06,822.4,0.0,9137720,1781.86,Vertex AI,Model serving endpoints
Data-Science,mem-0504714,GCP,2026-06,349.3,0.0,0,251.52,Memorystore,Redis staging cache
Internal-Tools,ps-0890488,GCP,2026-06,0.0,0.0,33430622,417.89,Pub/Sub,Event streaming
Analytics-Platform,vai-079c548,GCP,2026-06,684.3,0.0,0,3421.69,Vertex AI,Training pipelines
Compliance-Audit,elb-0f00262,AWS,2026-06,778.2,0.0,32423585,236.04,ELB,Application load balancer
Production-Secondary,blob-081e798,AZURE,2026-06,0.0,7191.8,2696939,382.06,Blob Storage,Data lake storage
Production-Main,sns-0c8c772,AWS,2026-06,0.0,0.0,7236181,3.61,SNS,Alert notifications
Shared-Services,rds-0f6e315,AWS,2026-06,708.2,196.7,0,639.31,RDS,db.t3.large development DB
Finance-Systems,sqldb-020f404,AZURE,2026-06,978.5,339.8,0,1637.37,SQL Database,Standard S3 production
Analytics-Platform,cr-0943616,GCP,2026-06,438.1,0.0,1825243,569.48,Cloud Run,ETL pipeline service
IoT-Platform,cr-10a0129,GCP,2026-06,369.0,0.0,1537680,479.75,Cloud Run,ETL pipeline service
Security-Ops,gcs-0cba289,GCP,2026-06,0.0,6066.0,151649,139.52,Cloud Storage,Backup bucket
IoT-Platform,cr-03f3623,GCP,2026-06,764.0,0.0,15916495,1145.99,Cloud Run,API gateway service
DevOps-Central,kv-0b3d149,AZURE,2026-06,0.0,0.0,2646068,7.94,Key Vault,Secrets management
Production-Secondary,app-10d9619,AZURE,2026-06,665.6,0.0,0,101.23,App Service,Web app B1
Customer-Portal,elb-0525461,AWS,2026-06,768.9,0.0,32036242,233.23,ELB,Application load balancer
Marketing-Platform,vai-0ff7365,GCP,2026-06,581.7,0.0,0,2908.45,Vertex AI,Training pipelines
Production-Main,cmon-0b17682,GCP,2026-06,0.0,0.0,23467034,187.73,Cloud Monitoring,Metrics and alerting
Data-Science,i-013b699,AWS,2026-06,818.7,0.0,0,1182.5,EC2,c5.xlarge compute worker
QA-Testing,lam-05b6672,AWS,2026-06,0.0,0.0,3352701,23.47,Lambda,Webhook processor
QA-Testing,ses-08a5385,AWS,2026-06,0.0,0.0,2570857,3.09,SES,Transactional email
Production-Secondary,sqldb-051f349,AZURE,2026-06,470.4,163.3,0,787.15,SQL Database,Standard S3 production
Partner-Integration,ps-03c1778,GCP,2026-06,0.0,0.0,10577149,132.21,Pub/Sub,Data pipeline
Production-Secondary,clog-05d5179,GCP,2026-06,0.0,163.6,0,40.91,Cloud Logging,Audit logs
Shared-Services,vm-05ec122,AZURE,2026-06,602.5,0.0,0,1099.47,Virtual Machines,E4s v3 SIEM collector
Analytics-Platform,ps-06e6283,GCP,2026-06,0.0,0.0,42986113,537.33,Pub/Sub,Log forwarding
IoT-Platform,cdns-0437748,GCP,2026-06,0.0,0.0,12707779,19.06,Cloud DNS,DNS zones
Internal-Tools,sentinel-0cd3679,AZURE,2026-06,0.0,0.0,69257029,1731.42,Microsoft Sentinel,SIEM detection
Shared-Services,rds-0cda288,AWS,2026-06,546.6,151.8,0,493.4,RDS,db.t3.large development DB
IoT-Platform,cr-05d2913,GCP,2026-06,469.8,0.0,1957416,610.71,Cloud Run,ETL pipeline service
Partner-Integration,azmon-0cbf470,AZURE,2026-06,0.0,282.9,37723661,400.83,Azure Monitor,Logs and metrics
Edge-Network,ebs-0b4e168,AWS,2026-06,0.0,179.4,0,22.42,EBS,gp3 volumes staging
Shared-Services,sb-042f463,AZURE,2026-06,535.7,0.0,7440954,407.39,Service Bus,Premium messaging
Partner-Integration,sqs-0bf2947,AWS,2026-06,0.0,0.0,427301,0.22,SQS,Dead letter queue
Finance-Systems,vpn-1134255,AWS,2026-06,1016.7,0.0,0,257.69,VPN Gateway,Client VPN endpoint
Mobile-Backend,aks-0e51488,AZURE,2026-06,1219.8,0.0,0,1829.76,AKS,Staging K8s cluster
Customer-Portal,vpn-0a09478,AWS,2026-06,1084.8,0.0,0,274.96,VPN Gateway,Client VPN endpoint
Production-Main,vai-0664562,GCP,2026-06,556.3,0.0,0,2781.56,Vertex AI,Training pipelines
Shared-Services,sb-094b954,AZURE,2026-06,585.4,0.0,8130985,445.17,Service Bus,Premium messaging
Production-Secondary,sqldb-084c701,AZURE,2026-06,535.7,186.0,0,896.32,SQL Database,Standard S3 production
Production-Main,ecs-0de7751,AWS,2026-06,316.0,0.0,0,576.71,ECS,Fargate batch cluster
Production-Secondary,aks-0e26217,AZURE,2026-06,328.1,0.0,0,492.15,AKS,Dev K8s cluster
Edge-Network,ebs-0313368,AWS,2026-06,0.0,747.3,0,93.41,EBS,gp3 volumes production
Data-Science,eks-0916603,AWS,2026-06,431.7,0.0,0,1295.1,EKS,Staging K8s cluster
Marketing-Platform,rs-08d1200,AWS,2026-06,0.0,0.0,5891877,294.59,Redshift,Spectrum queries
Compliance-Audit,ses-08e6753,AWS,2026-06,0.0,0.0,1551625,1.87,SES,Transactional email
Finance-Systems,elb-06a1968,AWS,2026-06,851.7,0.0,59151603,369.1,ELB,Network load balancer
DevOps-Central,redis-0705828,AZURE,2026-06,759.1,0.0,0,923.65,Azure Cache for Redis,Premium P1 cache
Finance-Systems,s3-0ead914,AWS,2026-06,0.0,1149.1,2298028,100.55,S3,Artifact storage
Shared-Services,fd-07bb349,AZURE,2026-06,0.0,0.0,53066375,398.0,Front Door,Global load balancer
Production-Secondary,sentinel-10f6292,AZURE,2026-06,0.0,0.0,68508675,1712.72,Microsoft Sentinel,SIEM detection
Production-Main,gcs-0055926,GCP,2026-06,0.0,27773.9,69434,277.74,Cloud Storage,Archive bucket
QA-Testing,vpn-03e6329,AWS,2026-06,513.6,0.0,0,130.19,VPN Gateway,Client VPN endpoint
Internal-Tools,cr-04bf565,GCP,2026-06,857.2,0.0,17859629,1285.89,Cloud Run,API gateway service
Production-Main,func-0032597,AZURE,2026-06,0.0,0.0,2684802,40.27,Azure Functions,Webhook processor
Customer-Portal,cosmos-0253523,AZURE,2026-06,766.7,53.2,15973136,519.13,Cosmos DB,Config store
Staging-Env,vai-1137133,GCP,2026-06,467.6,0.0,0,2337.93,Vertex AI,Training pipelines
Finance-Systems,vm-0cfc281,AZURE,2026-06,741.5,0.0,0,1804.14,Virtual Machines,D8s v3 application server
Finance-Systems,cr-0a5d466,GCP,2026-06,702.9,0.0,2928825,913.79,Cloud Run,ETL pipeline service
Compliance-Audit,vpn-0e3e760,AWS,2026-06,782.2,0.0,0,198.29,VPN Gateway,Client VPN endpoint
Compliance-Audit,i-039d669,AWS,2026-06,547.9,0.0,0,791.36,EC2,c5.xlarge compute worker
QA-Testing,ebs-03ec526,AWS,2026-06,0.0,1182.8,0,147.85,EBS,gp3 volumes production
Production-Main,sns-101d656,AWS,2026-06,0.0,0.0,7448581,3.72,SNS,Alert notifications
Compliance-Audit,ses-0b1f287,AWS,2026-06,0.0,0.0,1915233,2.3,SES,Transactional email
Production-Main,lam-0d54228,AWS,2026-06,0.0,0.0,5170668,36.2,Lambda,Notification dispatcher
Compliance-Audit,rds-0397974,AWS,2026-06,351.5,97.6,0,414.95,RDS,db.t3.medium MySQL staging
Production-Main,app-0e8f585,AZURE,2026-06,584.7,0.0,0,711.44,App Service,API app P2v3
Production-Secondary,eh-006b891,AZURE,2026-06,0.0,652.5,0,163.13,Event Hubs,Capture to storage
Edge-Network,ebs-0461141,AWS,2026-06,0.0,134.9,0,16.87,EBS,gp3 volumes staging
Production-Secondary,elb-0e5b461,AWS,2026-06,571.5,0.0,39685080,247.64,ELB,Network load balancer
Customer-Portal,gcs-027a462,GCP,2026-06,0.0,438.3,7013541,81.09,Cloud Storage,Temp processing bucket
Production-Main,i-10f4869,AWS,2026-06,419.9,0.0,0,1217.63,EC2,c5.2xlarge HPC node
Internal-Tools,lam-03ef109,AWS,2026-06,0.0,0.0,1329841,9.98,Lambda,Cron job runner
Analytics-Platform,ca-0eaf212,GCP,2026-06,0.0,0.0,77106885,289.15,Cloud Armor,WAF policies
Mobile-Backend,ebs-0d37236,AWS,2026-06,0.0,4322.1,0,194.51,EBS,st1 volumes archive
Customer-Portal,ado-0714795,AZURE,2026-06,0.0,110.9,0,27.73,Azure DevOps,Artifacts storage
Customer-Portal,vm-0e9c963,AZURE,2026-06,603.4,0.0,0,1101.06,Virtual Machines,E4s v3 SIEM collector
Finance-Systems,eh-052e307,AZURE,2026-06,0.0,560.5,0,140.12,Event Hubs,Capture to storage
Data-Science,gcf-0fd1891,GCP,2026-06,0.0,0.0,9567606,143.51,Cloud Functions,Auth handlers
Finance-Systems,gcs-091f304,GCP,2026-06,0.0,7040.3,176007,161.93,Cloud Storage,Backup bucket
Internal-Tools,s3-09d0481,AWS,2026-06,0.0,6466.9,404178,161.67,S3,Log archive bucket
Partner-Integration,rs-04b3252,AWS,2026-06,0.0,0.0,5083312,254.17,Redshift,Spectrum queries
Marketing-Platform,gke-1060979,GCP,2026-06,4560.2,0.0,0,9120.25,GKE,GPU node pool
Mobile-Backend,vm-0d08853,AZURE,2026-06,651.3,0.0,0,792.36,Virtual Machines,D4s v3 CI runner
Data-Science,rds-0bc7339,AWS,2026-06,878.0,609.6,0,2255.94,RDS,db.r5.xlarge PostgreSQL primary
Compliance-Audit,rds-0d85584,AWS,2026-06,314.5,87.3,0,371.19,RDS,db.t3.medium MySQL staging
Shared-Services,gcs-01a8772,GCP,2026-06,0.0,6950.3,173757,159.86,Cloud Storage,Backup bucket
Edge-Network,sns-1054312,AWS,2026-06,0.0,0.0,12458383,6.23,SNS,Alert notifications
Finance-Systems,eh-0220761,AZURE,2026-06,665.9,0.0,27744521,303.8,Event Hubs,Standard throughput units
Data-Science,clog-0f98724,GCP,2026-06,0.0,468.4,0,117.11,Cloud Logging,Application logs
Production-Secondary,ps-1166581,GCP,2026-06,0.0,0.0,15021685,187.77,Pub/Sub,Data pipeline
Production-Main,r53-0886456,AWS,2026-06,0.0,0.0,13975296,20.97,Route 53,Health checks
Staging-Env,fs-0571274,GCP,2026-06,941.6,65.4,39232287,539.44,Firestore,User profiles DB
Internal-Tools,sentinel-0b74350,AZURE,2026-06,0.0,0.0,82641186,2066.03,Microsoft Sentinel,SIEM detection
Customer-Portal,acr-0255148,AZURE,2026-06,0.0,272.3,544547,179.7,Container Registry,Docker image registry
Security-Ops,ebs-0436210,AWS,2026-06,0.0,726.0,0,453.76,EBS,io2 volumes database
Customer-Portal,blob-0e3d646,AZURE,2026-06,0.0,4129.2,0,412.92,Blob Storage,Security audit logs
Analytics-Platform,vai-0679493,GCP,2026-06,214.6,0.0,0,1073.06,Vertex AI,AutoML jobs
Marketing-Platform,cr-0f6f935,GCP,2026-06,757.1,0.0,15771271,1135.53,Cloud Run,API gateway service
Data-Science,mem-0991932,GCP,2026-06,360.8,0.0,0,259.82,Memorystore,Redis staging cache
Partner-Integration,cf-0b62712,AWS,2026-06,0.0,0.0,42768185,213.84,CloudFront,CDN API distribution
Customer-Portal,gcf-0dee262,GCP,2026-06,0.0,0.0,15378266,230.68,Cloud Functions,Data triggers
Security-Ops,nat-017e771,AWS,2026-06,660.4,0.0,0,150.64,NAT Gateway,Staging VPC NAT
Edge-Network,sns-0f3e442,AWS,2026-06,0.0,0.0,10173771,5.09,SNS,Alert notifications
Data-Science,i-0137554,AWS,2026-06,751.1,0.0,0,651.47,EC2,t3.large application server
Analytics-Platform,clog-0b21991,GCP,2026-06,0.0,391.1,0,97.78,Cloud Logging,Application logs
Mobile-Backend,vm-09e5814,AZURE,2026-06,734.2,0.0,0,2680.12,Virtual Machines,E8s v3 memory-optimized
Shared-Services,sb-10c0746,AZURE,2026-06,566.2,0.0,7864072,430.55,Service Bus,Premium messaging
Internal-Tools,gcf-02d8617,GCP,2026-06,0.0,0.0,10997442,164.96,Cloud Functions,Auth handlers
QA-Testing,ebs-0df8926,AWS,2026-06,0.0,1263.1,0,157.89,EBS,gp3 volumes production
Compliance-Audit,s3-08f5280,AWS,2026-06,0.0,717.8,1435757,62.81,S3,Artifact storage
Marketing-Platform,i-0c1b224,AWS,2026-06,588.3,0.0,0,510.33,EC2,t3.large application server
Production-Secondary,elb-04bd339,AWS,2026-06,537.4,0.0,37318547,232.87,ELB,Network load balancer
Production-Main,gcs-08f7185,GCP,2026-06,0.0,2281.9,1140966,353.7,Cloud Storage,Model artifacts
IoT-Platform,csql-0f63852,GCP,2026-06,796.3,221.2,0,956.64,Cloud SQL,PostgreSQL replica
DR-Recovery,cosmos-0b34859,AZURE,2026-06,808.0,56.1,16832607,547.06,Cosmos DB,Config store
Security-Ops,bq-0819283,GCP,2026-06,0.0,6932.8,0,2773.1,BigQuery,Analytics data warehouse
Edge-Network,s3-04f7382,AWS,2026-06,0.0,1087.6,2175323,95.16,S3,Artifact storage
Internal-Tools,cosmos-094f603,AZURE,2026-06,685.7,190.4,38094702,1547.59,Cosmos DB,User data store
Edge-Network,gcf-0309730,GCP,2026-06,0.0,0.0,26878517,403.18,Cloud Functions,Pub/Sub processors
Shared-Services,func-01c8820,AZURE,2026-06,0.0,0.0,9939801,149.1,Azure Functions,API handlers
Production-Main,fd-0041592,AZURE,2026-06,0.0,0.0,59069390,443.02,Front Door,Global load balancer
Analytics-Platform,ado-0fea891,AZURE,2026-06,0.0,112.4,0,28.11,Azure DevOps,Artifacts storage
Internal-Tools,cf-02b2509,AWS,2026-06,0.0,0.0,140907639,704.54,CloudFront,CDN media distribution
Customer-Portal,cf-028c709,AWS,2026-06,0.0,0.0,45188226,225.94,CloudFront,CDN API distribution
DevOps-Central,app-0c13134,AZURE,2026-06,1013.2,0.0,0,154.09,App Service,Web app B1
Staging-Env,gke-05c8132,GCP,2026-06,2657.6,0.0,0,5315.28,GKE,ML training cluster
Shared-Services,gcs-0701705,GCP,2026-06,0.0,24232.2,60580,242.33,Cloud Storage,Archive bucket
DevOps-Central,appi-0ce4354,AZURE,2026-06,0.0,0.0,15772435,197.16,Application Insights,Custom metrics
Finance-Systems,gcs-0564899,GCP,2026-06,0.0,3283.8,3283896,238.09,Cloud Storage,Media assets bucket
Marketing-Platform,cdns-059c553,GCP,2026-06,0.0,0.0,14042117,21.07,Cloud DNS,DNS zones
Customer-Portal,i-0e71663,AWS,2026-06,566.6,0.0,0,1964.15,EC2,r5.2xlarge database server
Finance-Systems,gcs-0b51970,GCP,2026-06,0.0,450.4,7205451,83.3,Cloud Storage,Temp processing bucket
Production-Secondary,redis-0ffb272,AZURE,2026-06,1055.1,0.0,0,1283.77,Azure Cache for Redis,Premium P1 cache
QA-Testing,lam-043c899,AWS,2026-06,0.0,0.0,35656742,247.82,Lambda,API gateway handler
DR-Recovery,appi-0f14890,AZURE,2026-06,0.0,0.0,20742677,259.29,Application Insights,Custom metrics
Compliance-Audit,i-0e5a884,AWS,2026-06,480.8,0.0,0,694.45,EC2,c5.xlarge compute worker
Analytics-Platform,clog-0c1a111,GCP,2026-06,0.0,413.1,0,103.29,Cloud Logging,Application logs
Edge-Network,fs-02fa805,GCP,2026-06,606.0,16.8,42081137,441.85,Firestore,Session store
Partner-Integration,rs-0e5c348,AWS,2026-06,853.3,2370.4,0,4326.06,Redshift,Data warehouse cluster
Compliance-Audit,s3-07f4252,AWS,2026-06,0.0,746.3,1492744,65.3,S3,Artifact storage
ML-Training,r53-09f2874,AWS,2026-06,0.0,0.0,11752594,17.63,Route 53,Health checks
Production-Main,blob-1125912,AZURE,2026-06,0.0,2682.5,7153355,348.73,Blob Storage,Build artifacts
Data-Science,vai-067f829,GCP,2026-06,333.8,0.0,0,1668.99,Vertex AI,Training pipelines
Security-Ops,ecs-0a3b167,AWS,2026-06,153.2,0.0,0,279.66,ECS,Fargate batch cluster
Security-Ops,gke-0172619,GCP,2026-06,2441.9,0.0,0,4883.79,GKE,ML training cluster
Analytics-Platform,cr-0b8d600,GCP,2026-06,591.0,0.0,12313274,886.56,Cloud Run,API gateway service
Finance-Systems,blob-0e74551,AZURE,2026-06,0.0,9289.3,92889,278.67,Blob Storage,Backup storage
Data-Science,rds-04e4902,AWS,2026-06,569.8,158.4,0,514.5,RDS,db.t3.large development DB
Internal-Tools,ec-0d42588,AWS,2026-06,545.7,0.0,0,392.94,ElastiCache,Redis production cluster
Production-Secondary,r53-10a6788,AWS,2026-06,0.0,0.0,9683426,14.52,Route 53,Health checks
Partner-Integration,azmon-03a4247,AZURE,2026-06,0.0,267.8,35711595,379.44,Azure Monitor,Logs and metrics
Analytics-Platform,vai-0e80203,GCP,2026-06,207.6,0.0,0,1038.26,Vertex AI,AutoML jobs
Analytics-Platform,cr-0ce1398,GCP,2026-06,519.6,0.0,2164872,675.44,Cloud Run,ETL pipeline service
Internal-Tools,eh-0bd6129,AZURE,2026-06,0.0,576.5,0,144.16,Event Hubs,Capture to storage
Analytics-Platform,vai-089c476,GCP,2026-06,774.4,0.0,0,3872.41,Vertex AI,Training pipelines
Production-Secondary,fs-09dc756,GCP,2026-06,972.2,27.0,67513152,708.89,Firestore,Session store
Partner-Integration,rds-05a0419,AWS,2026-06,410.9,114.1,0,484.99,RDS,db.t3.medium MySQL staging
Internal-Tools,vpn-0557720,AWS,2026-06,1073.6,0.0,0,544.25,VPN Gateway,Site-to-site VPN
Security-Ops,cdns-016c878,GCP,2026-06,0.0,0.0,24562241,36.84,Cloud DNS,DNS zones
Edge-Network,ps-0db4850,GCP,2026-06,0.0,0.0,47585438,594.82,Pub/Sub,Log forwarding
Mobile-Backend,acr-07ff591,AZURE,2026-06,0.0,201.3,402624,132.86,Container Registry,Docker image registry
Customer-Portal,acr-0d83191,AZURE,2026-06,0.0,224.2,448394,147.97,Container Registry,Docker image registry
Internal-Tools,s3-02c0211,AWS,2026-06,0.0,4700.8,7521236,343.16,S3,Media content bucket
Internal-Tools,vm-0d0c590,AZURE,2026-06,709.0,0.0,0,1006.85,Virtual Machines,F4s v2 compute node
Compliance-Audit,rs-0e67494,AWS,2026-06,660.6,1834.9,0,3348.67,Redshift,Data warehouse cluster
Analytics-Platform,cr-0593605,GCP,2026-06,589.3,0.0,12277883,884.01,Cloud Run,API gateway service
Customer-Portal,vm-0c0d537,AZURE,2026-06,523.8,0.0,0,955.77,Virtual Machines,E4s v3 SIEM collector
Partner-Integration,redis-066b401,AZURE,2026-06,683.4,0.0,0,831.52,Azure Cache for Redis,Premium P1 cache
Production-Secondary,blob-0bd9587,AZURE,2026-06,0.0,2281.7,6084362,296.61,Blob Storage,Build artifacts
Data-Science,cosmos-0fe6107,AZURE,2026-06,651.4,45.2,13571911,441.09,Cosmos DB,Config store
Production-Main,aks-0a5f479,AZURE,2026-06,430.0,0.0,0,644.88,AKS,Dev K8s cluster
Analytics-Platform,kv-08c1391,AZURE,2026-06,0.0,0.0,1624589,4.87,Key Vault,Secrets management
DR-Recovery,appi-0e3a902,AZURE,2026-06,0.0,0.0,17566886,219.59,Application Insights,Custom metrics
Production-Main,eh-0c55388,AZURE,2026-06,0.0,662.3,0,165.59,Event Hubs,Capture to storage
Partner-Integration,rs-08ef216,AWS,2026-06,775.3,2153.6,0,3930.41,Redshift,Data warehouse cluster
IoT-Platform,bq-0359656,GCP,2026-06,0.0,2791.7,0,1116.69,BigQuery,BI reporting views
Customer-Portal,i-0291352,AWS,2026-06,652.9,0.0,0,943.04,EC2,c5.xlarge compute worker
Analytics-Platform,kv-0e54871,AZURE,2026-06,0.0,0.0,1774772,5.32,Key Vault,Secrets management
Customer-Portal,sentinel-0c4c755,AZURE,2026-06,0.0,0.0,45467537,1136.68,Microsoft Sentinel,Log analytics
Edge-Network,i-0435944,AWS,2026-06,750.3,0.0,0,1300.5,EC2,r5.xlarge cache server
Production-Main,eh-0f23188,AZURE,2026-06,726.4,0.0,30267703,331.44,Event Hubs,Standard throughput units
Internal-Tools,blob-0b2f184,AZURE,2026-06,0.0,3299.4,8798295,428.92,Blob Storage,Build artifacts
Production-Secondary,r53-0754776,AWS,2026-06,0.0,0.0,9509240,14.26,Route 53,Health checks
Analytics-Platform,fs-0531779,GCP,2026-06,1042.4,29.0,72392155,760.11,Firestore,Session store
Analytics-Platform,kv-00c3580,AZURE,2026-06,0.0,0.0,550922,1.65,Key Vault,Certificate store
Edge-Network,elb-0c8a626,AWS,2026-06,738.7,0.0,10258946,149.37,ELB,Classic load balancer
Compliance-Audit,s3-0722468,AWS,2026-06,0.0,661.5,1323069,57.88,S3,Artifact storage
Shared-Services,fd-046d439,AZURE,2026-06,0.0,0.0,58995294,442.47,Front Door,Global load balancer
Production-Secondary,df-0f1d560,GCP,2026-06,702.6,0.0,0,1709.66,Dataflow,Streaming pipeline
Shared-Services,gcs-05a3592,GCP,2026-06,0.0,3484.6,3484580,252.63,Cloud Storage,Media assets bucket
ML-Training,r53-0581711,AWS,2026-06,0.0,0.0,12876026,19.31,Route 53,Health checks
Internal-Tools,elb-0aed112,AWS,2026-06,1085.9,0.0,15082394,219.61,ELB,Classic load balancer
Compliance-Audit,rds-0d18388,AWS,2026-06,309.5,85.9,0,365.37,RDS,db.t3.medium MySQL staging
Data-Science,i-05bc939,AWS,2026-06,685.4,0.0,0,594.02,EC2,m5.large monitoring server
Data-Science,blob-040e812,AZURE,2026-06,0.0,1975.3,4938252,320.99,Blob Storage,Media content
Shared-Services,kv-0d97187,AZURE,2026-06,0.0,0.0,405104,1.22,Key Vault,Certificate store
Marketing-Platform,i-1182333,AWS,2026-06,535.5,0.0,0,1553.01,EC2,c5.2xlarge HPC node
DR-Recovery,kv-0baa296,AZURE,2026-06,0.0,0.0,3002755,9.0,Key Vault,Secrets management
Production-Secondary,ecs-0074667,AWS,2026-06,285.1,0.0,0,520.36,ECS,Fargate batch cluster
Staging-Env,bq-0cd4810,GCP,2026-06,0.0,6196.7,0,2478.66,BigQuery,Log analytics
Marketing-Platform,cr-1081890,GCP,2026-06,491.5,0.0,2047942,638.97,Cloud Run,ETL pipeline service
DevOps-Central,blob-04ad851,AZURE,2026-06,0.0,8595.1,3223166,456.61,Blob Storage,Data lake storage
Security-Ops,sqs-0194667,AWS,2026-06,0.0,0.0,65594093,32.8,SQS,Order processing queue
ML-Training,rs-0543817,AWS,2026-06,0.0,0.0,3939536,196.98,Redshift,Spectrum queries
Production-Secondary,redis-0a16837,AZURE,2026-06,918.9,0.0,0,1118.04,Azure Cache for Redis,Premium P1 cache
Production-Secondary,sb-0062995,AZURE,2026-06,897.2,0.0,12460813,682.23,Service Bus,Premium messaging
Internal-Tools,ps-02e4769,GCP,2026-06,0.0,0.0,30379802,379.75,Pub/Sub,Event streaming
Partner-Integration,eks-0912980,AWS,2026-06,407.4,0.0,0,1222.21,EKS,Staging K8s cluster
ML-Training,lam-0374425,AWS,2026-06,0.0,0.0,49647433,347.53,Lambda,Auth token validator
Production-Secondary,app-0069940,AZURE,2026-06,680.2,0.0,0,103.45,App Service,Web app B1
Internal-Tools,lam-0ab4217,AWS,2026-06,0.0,0.0,20279111,141.95,Lambda,Data transformer
Shared-Services,func-06e8816,AZURE,2026-06,0.0,0.0,9536154,143.04,Azure Functions,API handlers
Finance-Systems,cr-0c71114,GCP,2026-06,565.6,0.0,2356654,735.27,Cloud Run,ETL pipeline service
Production-Secondary,mem-0f3c369,GCP,2026-06,492.6,0.0,0,354.63,Memorystore,Redis production cache
Internal-Tools,sentinel-0a0c256,AZURE,2026-06,0.0,0.0,69132816,1728.32,Microsoft Sentinel,SIEM detection
Analytics-Platform,fs-0ce2384,GCP,2026-06,1031.7,28.7,71645431,752.27,Firestore,Session store
Production-Main,blob-0d02486,AZURE,2026-06,0.0,24650.7,61626,197.21,Blob Storage,Archive tier
DR-Recovery,sb-10f8769,AZURE,2026-06,0.0,0.0,16229123,40.57,Service Bus,Standard messaging
Production-Secondary,fs-0098646,GCP,2026-06,998.3,69.3,41595161,571.93,Firestore,User profiles DB
Internal-Tools,s3-0e9b779,AWS,2026-06,0.0,3801.2,6081889,277.49,S3,Media content bucket
Shared-Services,gcs-0dd0869,GCP,2026-06,0.0,6942.8,173569,159.69,Cloud Storage,Backup bucket
Mobile-Backend,kin-092c972,AWS,2026-06,854.5,0.0,23737027,346.56,Kinesis,Firehose delivery
Compliance-Audit,rds-075f423,AWS,2026-06,339.1,94.1,0,400.26,RDS,db.t3.medium MySQL staging
ML-Training,i-0da2988,AWS,2026-06,744.2,0.0,0,645.46,EC2,t3.large application server
Edge-Network,lam-0ff8208,AWS,2026-06,0.0,0.0,25384201,177.7,Lambda,Data transformer
Finance-Systems,sqldb-0c9c210,AZURE,2026-06,969.2,336.6,0,1621.76,SQL Database,Standard S3 production
Data-Science,appi-0a5a764,AZURE,2026-06,0.0,0.0,59842095,748.03,Application Insights,APM telemetry
QA-Testing,lam-058e428,AWS,2026-06,0.0,0.0,4038296,28.46,Lambda,Image resizer
Analytics-Platform,gcs-00a3891,GCP,2026-06,0.0,2314.0,2313992,167.76,Cloud Storage,Media assets bucket
Partner-Integration,elb-0be8163,AWS,2026-06,685.8,0.0,9525311,138.68,ELB,Classic load balancer
Staging-Env,vai-0b7e256,GCP,2026-06,541.7,0.0,0,2708.77,Vertex AI,Training pipelines
Compliance-Audit,s3-064c941,AWS,2026-06,0.0,13358.0,2671591,467.52,S3,Data lake raw zone
Data-Science,i-100c822,AWS,2026-06,526.4,0.0,0,912.37,EC2,r5.xlarge cache server
Finance-Systems,s3-0e8b782,AWS,2026-06,0.0,12335.5,2467097,431.74,S3,Data lake raw zone
Production-Secondary,sqs-09a9219,AWS,2026-06,0.0,0.0,28500327,14.25,SQS,Event notification queue
Internal-Tools,cr-1040486,GCP,2026-06,675.5,0.0,2814499,878.13,Cloud Run,ETL pipeline service
Staging-Env,fs-0ac3233,GCP,2026-06,535.2,14.9,37168746,390.27,Firestore,Session store
Finance-Systems,csql-0948424,GCP,2026-06,582.5,161.8,0,699.78,Cloud SQL,PostgreSQL replica
Internal-Tools,ec-05c5519,AWS,2026-06,454.0,0.0,0,326.84,ElastiCache,Redis production cluster
Partner-Integration,sqs-03d1971,AWS,2026-06,0.0,0.0,452917,0.23,SQS,Dead letter queue
Staging-Env,gcs-0c39939,GCP,2026-06,0.0,14224.1,35559,142.25,Cloud Storage,Archive bucket
Marketing-Platform,rds-01e1409,AWS,2026-06,827.5,1149.3,0,3677.87,RDS,db.r5.2xlarge Aurora cluster
Marketing-Platform,rds-0fcf531,AWS,2026-06,796.5,553.2,0,2046.67,RDS,db.r5.xlarge PostgreSQL primary
Edge-Network,s3-0935976,AWS,2026-06,0.0,1090.7,2181579,95.43,S3,Artifact storage
Production-Secondary,sqldb-1063866,AZURE,2026-06,470.3,163.3,0,786.86,SQL Database,Standard S3 production
Production-Main,cf-0a48593,AWS,2026-06,0.0,0.0,30955557,154.77,CloudFront,CDN static assets
Compliance-Audit,s3-0cb2590,AWS,2026-06,0.0,45.5,22786752,148.11,S3,Static website hosting
Edge-Network,vpn-0d69869,AWS,2026-06,521.0,0.0,0,132.06,VPN Gateway,Client VPN endpoint
Finance-Systems,cosmos-0972198,AZURE,2026-06,507.2,70.5,17610810,660.4,Cosmos DB,Event store
Shared-Services,vm-01b9536,AZURE,2026-06,807.7,0.0,0,1146.96,Virtual Machines,F4s v2 compute node
Shared-Services,nat-09a0830,AWS,2026-06,649.7,0.0,0,296.43,NAT Gateway,Production VPC NAT
Analytics-Platform,bq-00ac651,GCP,2026-06,0.0,2262.3,0,904.91,BigQuery,BI reporting views
Production-Main,blob-061f857,AZURE,2026-06,0.0,5164.4,0,516.44,Blob Storage,Security audit logs
Data-Science,i-10ab373,AWS,2026-06,470.7,0.0,0,815.89,EC2,r5.xlarge cache server
Data-Science,gcs-0ded742,GCP,2026-06,0.0,11068.2,276707,254.56,Cloud Storage,Backup bucket
Security-Ops,vm-084d410,AZURE,2026-06,609.5,0.0,0,2224.81,Virtual Machines,E8s v3 memory-optimized
Production-Main,vm-0e62704,AZURE,2026-06,562.8,0.0,0,342.37,Virtual Machines,D2s v3 utility server
Shared-Services,ado-0603789,AZURE,2026-06,0.0,86.0,0,21.51,Azure DevOps,Artifacts storage
Partner-Integration,ddb-090c493,AWS,2026-06,644.8,9.0,4477481,78.36,DynamoDB,Config store table
DevOps-Central,ebs-0d66422,AWS,2026-06,0.0,407.6,0,254.71,EBS,io2 volumes database
Security-Ops,gcs-09b4232,GCP,2026-06,0.0,6891.4,172284,158.5,Cloud Storage,Backup bucket
ML-Training,ebs-08f8987,AWS,2026-06,0.0,564.9,0,353.05,EBS,io2 volumes database
Production-Main,vai-1173315,GCP,2026-06,788.0,0.0,8755214,1707.27,Vertex AI,Model serving endpoints
Internal-Tools,gcf-0b56804,GCP,2026-06,0.0,0.0,1987225,29.8,Cloud Functions,Scheduled tasks
Shared-Services,ado-0d38457,AZURE,2026-06,489.7,0.0,0,244.81,Azure DevOps,Pipelines hosted
Shared-Services,ado-0c7e652,AZURE,2026-06,0.0,90.4,0,22.59,Azure DevOps,Artifacts storage
Shared-Services,gcs-01a9890,GCP,2026-06,0.0,569.9,9118238,105.43,Cloud Storage,Temp processing bucket
IoT-Platform,bq-0440809,GCP,2026-06,0.0,3193.3,0,1277.33,BigQuery,BI reporting views
Shared-Services,rds-0aa6904,AWS,2026-06,647.4,899.1,0,2877.07,RDS,db.r5.2xlarge Aurora cluster
Customer-Portal,vpn-06f0884,AWS,2026-06,1098.4,0.0,0,278.42,VPN Gateway,Client VPN endpoint
Internal-Tools,gke-0975533,GCP,2026-06,620.3,0.0,0,1860.91,GKE,Production API cluster
Compliance-Audit,s3-038a496,AWS,2026-06,0.0,9194.5,574653,229.86,S3,Log archive bucket
Data-Science,gke-07eb913,GCP,2026-06,2924.0,0.0,0,5847.86,GKE,GPU node pool
Compliance-Audit,rds-0ed7512,AWS,2026-06,304.4,84.5,0,359.24,RDS,db.t3.medium MySQL staging
QA-Testing,lam-03e2943,AWS,2026-06,0.0,0.0,816914,6.13,Lambda,Cron job runner
Shared-Services,clog-07c4377,GCP,2026-06,0.0,234.2,0,58.55,Cloud Logging,Audit logs
IoT-Platform,gke-0ce5101,GCP,2026-06,671.6,0.0,0,2014.84,GKE,Production API cluster
Security-Ops,fs-0b68310,GCP,2026-06,517.1,35.9,21546700,296.26,Firestore,User profiles DB
Shared-Services,rds-019e148,AWS,2026-06,655.8,182.2,0,592.02,RDS,db.t3.large development DB
Customer-Portal,gcf-1092282,GCP,2026-06,0.0,0.0,16079939,241.21,Cloud Functions,Data triggers
Data-Science,blob-0154681,AZURE,2026-06,0.0,18541.4,46353,148.33,Blob Storage,Archive tier
Edge-Network,ps-05b4841,GCP,2026-06,0.0,0.0,40702536,508.78,Pub/Sub,Log forwarding
Internal-Tools,lam-0f01981,AWS,2026-06,0.0,0.0,23612189,165.28,Lambda,Data transformer
ML-Training,rs-0d61874,AWS,2026-06,538.3,1495.4,0,2729.26,Redshift,Data warehouse cluster
Partner-Integration,gcs-0aab436,GCP,2026-06,0.0,14374.1,35933,143.74,Cloud Storage,Archive bucket
Compliance-Audit,ses-1028890,AWS,2026-06,0.0,0.0,1563369,1.88,SES,Transactional email
Shared-Services,cosmos-0fc1348,AZURE,2026-06,619.7,86.0,21517859,806.92,Cosmos DB,Event store
Finance-Systems,blob-0820121,AZURE,2026-06,0.0,9777.0,97766,293.3,Blob Storage,Backup storage
IoT-Platform,mem-0a3e700,GCP,2026-06,881.6,0.0,0,634.81,Memorystore,Redis production cache
Analytics-Platform,kv-0406146,AZURE,2026-06,0.0,0.0,1706279,5.12,Key Vault,Secrets management
Customer-Portal,vpn-0e79543,AWS,2026-06,1070.8,0.0,0,271.43,VPN Gateway,Client VPN endpoint
Customer-Portal,cf-0469288,AWS,2026-06,0.0,0.0,73871101,369.35,CloudFront,CDN web distribution
Customer-Portal,s3-0bb8451,AWS,2026-06,0.0,18540.6,3708134,648.92,S3,Data lake raw zone
Marketing-Platform,ec-0b95778,AWS,2026-06,734.8,0.0,0,529.02,ElastiCache,Redis production cluster
Marketing-Platform,gke-0d7a344,GCP,2026-06,2367.1,0.0,0,4734.27,GKE,ML training cluster
Production-Secondary,sqs-047b744,AWS,2026-06,0.0,0.0,23374841,11.69,SQS,Event notification queue
DevOps-Central,appi-0c51901,AZURE,2026-06,0.0,0.0,70842390,885.52,Application Insights,APM telemetry
Security-Ops,bq-0e95411,GCP,2026-06,0.0,1825.9,0,730.35,BigQuery,Data export queries
Shared-Services,vai-01ae833,GCP,2026-06,381.3,0.0,0,1906.55,Vertex AI,Training pipelines
Finance-Systems,s3-0a35431,AWS,2026-06,0.0,8975.8,560992,224.39,S3,Log archive bucket
DevOps-Central,aks-00e8216,AZURE,2026-06,2008.2,0.0,0,3012.29,AKS,Staging K8s cluster
Finance-Systems,rds-06bf447,AWS,2026-06,628.8,873.4,0,2794.75,RDS,db.r5.2xlarge Aurora cluster
Partner-Integration,elb-06eb646,AWS,2026-06,793.8,0.0,11024653,160.51,ELB,Classic load balancer
ML-Training,ec-0b39148,AWS,2026-06,959.1,0.0,0,690.57,ElastiCache,Redis production cluster
Marketing-Platform,rds-0d63346,AWS,2026-06,464.0,129.0,0,547.76,RDS,db.t3.medium MySQL staging
Partner-Integration,sb-07e9878,AZURE,2026-06,709.5,0.0,9853948,539.5,Service Bus,Premium messaging
Customer-Portal,azmon-0aa3619,AZURE,2026-06,0.0,207.6,27684165,294.14,Azure Monitor,Logs and metrics
Production-Secondary,ecs-0d99511,AWS,2026-06,264.9,0.0,0,483.32,ECS,Fargate batch cluster
Data-Science,i-0de8277,AWS,2026-06,403.2,0.0,0,1169.42,EC2,c5.2xlarge HPC node
QA-Testing,ses-03dc848,AWS,2026-06,0.0,0.0,2147295,2.58,SES,Transactional email
QA-Testing,elb-0f2f994,AWS,2026-06,861.2,0.0,35885770,261.25,ELB,Application load balancer
Marketing-Platform,cdns-0dd7912,GCP,2026-06,0.0,0.0,13892956,20.84,Cloud DNS,DNS zones
Shared-Services,func-0995812,AZURE,2026-06,0.0,0.0,2955617,44.34,Azure Functions,Webhook processor
Marketing-Platform,r53-09a7690,AWS,2026-06,0.0,0.0,54430486,81.64,Route 53,DNS hosting
Production-Main,ecs-0bb5632,AWS,2026-06,335.2,0.0,0,611.71,ECS,Fargate worker cluster
Security-Ops,ps-016a878,GCP,2026-06,0.0,0.0,28041982,350.52,Pub/Sub,Event streaming
Shared-Services,clog-01a6144,GCP,2026-06,0.0,262.3,0,65.57,Cloud Logging,Audit logs
Shared-Services,s3-085d679,AWS,2026-06,0.0,14694.2,2938848,514.3,S3,Data lake raw zone
Production-Secondary,app-1000684,AZURE,2026-06,620.4,0.0,0,94.34,App Service,Web app B1
Data-Science,gcs-04a8439,GCP,2026-06,0.0,564.7,9034623,104.46,Cloud Storage,Temp processing bucket
Marketing-Platform,vai-0c22165,GCP,2026-06,515.5,0.0,5727718,1116.9,Vertex AI,Model serving endpoints
Marketing-Platform,rds-07cb642,AWS,2026-06,678.3,188.4,0,612.37,RDS,db.t3.large development DB
Partner-Integration,cf-0cb6427,AWS,2026-06,0.0,0.0,41717039,208.58,CloudFront,CDN API distribution
Finance-Systems,gcf-0dd9858,GCP,2026-06,0.0,0.0,10352473,155.28,Cloud Functions,Auth handlers
Mobile-Backend,vm-0b10826,AZURE,2026-06,758.9,0.0,0,461.67,Virtual Machines,D2s v3 utility server
Partner-Integration,df-0b5b821,GCP,2026-06,937.0,0.0,0,2279.9,Dataflow,Streaming pipeline
Shared-Services,vm-10e0416,AZURE,2026-06,745.1,0.0,0,1813.17,Virtual Machines,D8s v3 application server
Internal-Tools,cf-02b1760,AWS,2026-06,0.0,0.0,43770168,218.85,CloudFront,CDN API distribution
ML-Training,sqs-095c104,AWS,2026-06,0.0,0.0,530261,0.27,SQS,Dead letter queue
Analytics-Platform,gcs-06d0310,GCP,2026-06,0.0,2425.5,2425416,175.83,Cloud Storage,Media assets bucket
Security-Ops,lam-0776812,AWS,2026-06,0.0,0.0,4285867,30.22,Lambda,Image resizer
Customer-Portal,ps-0a07220,GCP,2026-06,0.0,0.0,10468908,130.87,Pub/Sub,Data pipeline
Marketing-Platform,lam-01ce578,AWS,2026-06,0.0,0.0,1100594,8.25,Lambda,Cron job runner
Production-Secondary,blob-0416770,AZURE,2026-06,0.0,12674.9,31687,101.4,Blob Storage,Archive tier
Internal-Tools,ec-0e42669,AWS,2026-06,514.5,0.0,0,370.42,ElastiCache,Redis production cluster
Edge-Network,ps-0d68507,GCP,2026-06,0.0,0.0,43775733,547.19,Pub/Sub,Log forwarding
DevOps-Central,blob-061a187,AZURE,2026-06,0.0,4878.8,0,487.88,Blob Storage,Security audit logs
Analytics-Platform,csql-00a7449,GCP,2026-06,759.0,210.8,0,911.86,Cloud SQL,PostgreSQL replica
Customer-Portal,ps-045a155,GCP,2026-06,0.0,0.0,54342895,679.29,Pub/Sub,Log forwarding
Customer-Portal,acr-0e00958,AZURE,2026-06,0.0,214.9,429749,141.82,Container Registry,Docker image registry
Production-Secondary,eh-0576711,AZURE,2026-06,611.9,0.0,25498088,279.2,Event Hubs,Standard throughput units
Finance-Systems,gcf-0b85483,GCP,2026-06,0.0,0.0,2925600,43.88,Cloud Functions,Scheduled tasks
Production-Secondary,ecs-0e91146,AWS,2026-06,307.0,0.0,0,560.16,ECS,Fargate batch cluster
Edge-Network,ecs-0c11707,AWS,2026-06,307.0,0.0,0,560.23,ECS,Fargate worker cluster
Internal-Tools,lam-10f5761,AWS,2026-06,0.0,0.0,19474590,136.32,Lambda,Data transformer
Internal-Tools,mem-0ee0154,GCP,2026-06,498.5,0.0,0,358.91,Memorystore,Redis staging cache
Customer-Portal,clog-0275664,GCP,2026-06,0.0,140.9,0,35.23,Cloud Logging,Audit logs
Production-Secondary,app-0745398,AZURE,2026-06,712.1,0.0,0,108.3,App Service,Web app B1
DevOps-Central,ddb-09c2548,AWS,2026-06,587.1,81.6,122304739,917.28,DynamoDB,Cache table
Edge-Network,ps-0be2328,GCP,2026-06,0.0,0.0,43355246,541.94,Pub/Sub,Log forwarding
DevOps-Central,redis-08a8623,AZURE,2026-06,812.5,0.0,0,988.47,Azure Cache for Redis,Premium P1 cache
Marketing-Platform,vai-01ff426,GCP,2026-06,324.5,0.0,0,1622.35,Vertex AI,AutoML jobs
Mobile-Backend,vm-0d27691,AZURE,2026-06,566.8,0.0,0,689.51,Virtual Machines,D4s v3 CI runner
Shared-Services,func-04c7461,AZURE,2026-06,0.0,0.0,9988620,149.83,Azure Functions,API handlers
Internal-Tools,gcs-0703657,GCP,2026-06,0.0,443.0,7088227,81.96,Cloud Storage,Temp processing bucket
DevOps-Central,sqldb-0a91564,AZURE,2026-06,674.2,234.0,0,1128.04,SQL Database,Standard S3 production
Partner-Integration,mem-03b7150,GCP,2026-06,258.9,0.0,0,186.42,Memorystore,Redis staging cache
Production-Secondary,sqldb-0789138,AZURE,2026-06,400.0,138.8,0,669.28,SQL Database,Standard S3 production
Internal-Tools,gcs-0993189,GCP,2026-06,0.0,460.0,7362200,85.13,Cloud Storage,Temp processing bucket
Partner-Integration,elb-0a0e128,AWS,2026-06,559.7,0.0,7773189,113.17,ELB,Classic load balancer
Finance-Systems,app-0c58925,AZURE,2026-06,760.7,0.0,0,925.49,App Service,API app P2v3
Shared-Services,nat-01a4526,AWS,2026-06,625.2,0.0,0,285.27,NAT Gateway,Production VPC NAT
Finance-Systems,cmon-0863154,GCP,2026-06,0.0,0.0,32382647,259.06,Cloud Monitoring,Metrics and alerting
Security-Ops,vai-04fa668,GCP,2026-06,237.2,0.0,0,1185.85,Vertex AI,AutoML jobs
DevOps-Central,sentinel-0854602,AZURE,2026-06,0.0,0.0,113091069,2827.28,Microsoft Sentinel,SIEM detection
Marketing-Platform,nat-01e0885,AWS,2026-06,832.2,0.0,0,189.84,NAT Gateway,Dev VPC NAT
Mobile-Backend,acr-0ff3421,AZURE,2026-06,0.0,204.3,408625,134.85,Container Registry,Docker image registry
Production-Main,cosmos-002c629,AZURE,2026-06,692.2,96.1,24034858,901.31,Cosmos DB,Event store
Production-Main,i-053d315,AWS,2026-06,743.9,0.0,0,54.3,EC2,t3.micro bastion host
Internal-Tools,ps-0c2b811,GCP,2026-06,0.0,0.0,33679079,420.99,Pub/Sub,Event streaming
Production-Secondary,app-0468902,AZURE,2026-06,948.6,0.0,0,577.04,App Service,Web app P1v3
Marketing-Platform,sm-0ed6873,AWS,2026-06,0.0,0.0,910481,3.64,Secrets Manager,Application secrets
Finance-Systems,s3-0247530,AWS,2026-06,0.0,9216.9,576058,230.42,S3,Log archive bucket
DevOps-Central,redis-0718230,AZURE,2026-06,847.4,0.0,0,1031.04,Azure Cache for Redis,Premium P1 cache
Security-Ops,ca-112a285,GCP,2026-06,0.0,0.0,115876724,434.53,Cloud Armor,WAF policies
Marketing-Platform,ps-0f37394,GCP,2026-06,0.0,0.0,42559970,532.0,Pub/Sub,Log forwarding
Internal-Tools,blob-0ac1639,AZURE,2026-06,0.0,4260.8,11362056,553.9,Blob Storage,Build artifacts
Security-Ops,sqldb-095f436,AZURE,2026-06,756.4,52.5,0,157.22,SQL Database,Basic dev database
DevOps-Central,sqldb-0bd5208,AZURE,2026-06,689.0,239.1,0,1152.81,SQL Database,Standard S3 production
Production-Secondary,sentinel-0b9d521,AZURE,2026-06,0.0,0.0,63158482,1578.96,Microsoft Sentinel,SIEM detection
Marketing-Platform,ps-01f9738,GCP,2026-06,0.0,0.0,51108716,638.86,Pub/Sub,Log forwarding
Internal-Tools,ec-066c806,AWS,2026-06,546.6,0.0,0,393.53,ElastiCache,Redis production cluster
Security-Ops,bq-0e48207,GCP,2026-06,0.0,6229.2,0,2491.66,BigQuery,Analytics data warehouse
Finance-Systems,rds-023f159,AWS,2026-06,734.2,815.8,0,1713.2,RDS,db.m5.xlarge analytics DB
Data-Science,rs-046b649,AWS,2026-06,703.5,1954.0,0,3566.17,Redshift,Data warehouse cluster
Data-Science,clog-0f1f300,GCP,2026-06,0.0,261.6,0,65.38,Cloud Logging,Audit logs
Data-Science,bq-0120409,GCP,2026-06,0.0,16038.9,0,6415.54,BigQuery,ML training datasets
Edge-Network,sns-059b224,AWS,2026-06,0.0,0.0,13439744,6.72,SNS,Alert notifications
Production-Main,app-110c575,AZURE,2026-06,573.3,0.0,0,697.54,App Service,API app P2v3
Partner-Integration,azmon-03fa592,AZURE,2026-06,0.0,244.3,32579980,346.17,Azure Monitor,Logs and metrics
Edge-Network,s3-0318881,AWS,2026-06,0.0,16657.6,3331518,583.02,S3,Data lake raw zone
Security-Ops,cmon-0976930,GCP,2026-06,0.0,0.0,23466412,187.73,Cloud Monitoring,Metrics and alerting
Staging-Env,cdns-0641241,GCP,2026-06,0.0,0.0,20070906,30.11,Cloud DNS,DNS zones
IoT-Platform,fs-06b4788,GCP,2026-06,749.1,20.8,52020032,546.22,Firestore,Session store
Finance-Systems,kv-0a56102,AZURE,2026-06,0.0,0.0,2918878,8.76,Key Vault,Secrets management
Customer-Portal,i-028d484,AWS,2026-06,512.5,0.0,0,1776.65,EC2,m5.2xlarge batch processor
Shared-Services,aks-0c94504,AZURE,2026-06,318.5,0.0,0,477.62,AKS,Dev K8s cluster
Production-Main,lam-0642919,AWS,2026-06,0.0,0.0,31656168,221.6,Lambda,Data transformer
QA-Testing,lam-03e1413,AWS,2026-06,0.0,0.0,3157006,22.1,Lambda,Webhook processor
Security-Ops,ecs-0f75161,AWS,2026-06,569.9,0.0,0,1040.01,ECS,Fargate API cluster
Finance-Systems,s3-0c3b952,AWS,2026-06,0.0,10182.3,2036455,356.38,S3,Data lake raw zone
Customer-Portal,i-0290733,AWS,2026-06,547.2,0.0,0,39.94,EC2,t3.micro bastion host
DevOps-Central,appi-0d28385,AZURE,2026-06,0.0,0.0,17317969,216.48,Application Insights,Custom metrics
Compliance-Audit,sns-0f94109,AWS,2026-06,0.0,0.0,14951032,7.47,SNS,Event fanout topic
Finance-Systems,elb-024c328,AWS,2026-06,870.8,0.0,60475034,377.36,ELB,Network load balancer
Finance-Systems,rds-023e525,AWS,2026-06,570.5,792.4,0,2535.56,RDS,db.r5.2xlarge Aurora cluster
Internal-Tools,eks-0690150,AWS,2026-06,551.3,0.0,0,1654.14,EKS,Staging K8s cluster
Production-Main,eh-0c15276,AZURE,2026-06,0.0,801.6,0,200.4,Event Hubs,Capture to storage
Staging-Env,vai-00f2137,GCP,2026-06,502.4,0.0,0,2512.15,Vertex AI,Training pipelines
Staging-Env,df-0111460,GCP,2026-06,405.0,0.0,0,985.45,Dataflow,Batch pipeline
QA-Testing,elb-0980148,AWS,2026-06,779.1,0.0,32462068,236.32,ELB,Application load balancer
Production-Secondary,cosmos-09cf617,AZURE,2026-06,556.8,77.3,19332247,724.95,Cosmos DB,Event store
Analytics-Platform,clog-0f3d446,GCP,2026-06,0.0,360.8,0,90.21,Cloud Logging,Application logs
Internal-Tools,rds-0ec4795,AWS,2026-06,716.9,497.9,0,1841.93,RDS,db.r5.xlarge PostgreSQL primary
IoT-Platform,bq-0357916,GCP,2026-06,0.0,1724.8,0,689.91,BigQuery,Data export queries
Staging-Env,gcs-04fc822,GCP,2026-06,0.0,13211.1,4403730,396.34,Cloud Storage,Data lake bucket
Compliance-Audit,i-0f6d336,AWS,2026-06,778.1,0.0,0,674.33,EC2,m5.large monitoring server
DR-Recovery,eh-08e4690,AZURE,2026-06,0.0,519.3,0,129.8,Event Hubs,Capture to storage
Analytics-Platform,fs-0b55279,GCP,2026-06,943.9,26.3,65548902,688.26,Firestore,Session store
Customer-Portal,ps-0405218,GCP,2026-06,0.0,0.0,46621106,582.77,Pub/Sub,Log forwarding
Data-Science,nat-0132859,AWS,2026-06,530.4,0.0,0,121.0,NAT Gateway,Staging VPC NAT
Production-Main,cf-0001263,AWS,2026-06,0.0,0.0,49246606,246.23,CloudFront,CDN API distribution
Data-Science,rds-04cc470,AWS,2026-06,661.3,183.8,0,597.07,RDS,db.t3.large development DB
Staging-Env,df-0f02823,GCP,2026-06,571.3,0.0,0,1390.16,Dataflow,Streaming pipeline
Internal-Tools,blob-0b8b546,AZURE,2026-06,0.0,2417.4,6043596,392.84,Blob Storage,Media content
Shared-Services,ado-10cc486,AZURE,2026-06,467.2,0.0,0,233.55,Azure DevOps,Pipelines hosted
Finance-Systems,gcf-0526817,GCP,2026-06,0.0,0.0,12940165,194.09,Cloud Functions,Data triggers
Data-Science,ses-077c383,AWS,2026-06,0.0,0.0,418790,0.5,SES,Marketing email
Marketing-Platform,i-079f164,AWS,2026-06,675.9,0.0,0,1171.52,EC2,r5.xlarge cache server
Customer-Portal,gcs-1062875,GCP,2026-06,0.0,422.0,6751976,78.07,Cloud Storage,Temp processing bucket
QA-Testing,ec-06bd918,AWS,2026-06,821.2,0.0,0,591.23,ElastiCache,Redis production cluster
Data-Science,i-0859781,AWS,2026-06,342.2,0.0,0,992.62,EC2,c5.2xlarge HPC node
Data-Science,cmon-0e6a268,GCP,2026-06,0.0,0.0,35098050,280.78,Cloud Monitoring,Metrics and alerting
Edge-Network,ec-063c794,AWS,2026-06,758.1,0.0,0,545.83,ElastiCache,Redis production cluster
Mobile-Backend,vm-1082854,AZURE,2026-06,1081.6,0.0,0,1536.03,Virtual Machines,F4s v2 compute node
Mobile-Backend,kv-111e842,AZURE,2026-06,0.0,0.0,1744283,5.24,Key Vault,Secrets management
Analytics-Platform,acr-00c8676,AZURE,2026-06,0.0,201.1,402219,132.73,Container Registry,Docker image registry
DevOps-Central,aks-0474653,AZURE,2026-06,1939.4,0.0,0,2909.16,AKS,Staging K8s cluster
Mobile-Backend,kv-033c971,AZURE,2026-06,0.0,0.0,1808346,5.43,Key Vault,Secrets management
Internal-Tools,cf-0dbb199,AWS,2026-06,0.0,0.0,164394696,821.96,CloudFront,CDN media distribution
Security-Ops,bq-06c8903,GCP,2026-06,0.0,7989.8,0,3195.91,BigQuery,ML training datasets
Edge-Network,ecs-09c1206,AWS,2026-06,303.0,0.0,0,552.86,ECS,Fargate worker cluster
Shared-Services,ado-0fd5860,AZURE,2026-06,0.0,88.5,0,22.13,Azure DevOps,Artifacts storage
Compliance-Audit,s3-08a7782,AWS,2026-06,0.0,11592.9,2318580,405.74,S3,Data lake raw zone
Customer-Portal,gcf-026e659,GCP,2026-06,0.0,0.0,1595941,23.94,Cloud Functions,Scheduled tasks
Security-Ops,bq-0b75354,GCP,2026-06,0.0,7214.2,0,2885.69,BigQuery,ML training datasets
Compliance-Audit,s3-0c04431,AWS,2026-06,0.0,11744.3,2348851,411.04,S3,Data lake raw zone
Finance-Systems,gcs-0ee3791,GCP,2026-06,0.0,9694.9,3231643,290.85,Cloud Storage,Data lake bucket
Shared-Services,ado-0d7d199,AZURE,2026-06,574.2,0.0,0,287.08,Azure DevOps,Pipelines hosted
DevOps-Central,blob-0fc7470,AZURE,2026-06,0.0,7394.9,2773073,392.85,Blob Storage,Data lake storage
Mobile-Backend,vm-09e4739,AZURE,2026-06,702.2,0.0,0,2563.21,Virtual Machines,E8s v3 memory-optimized
Internal-Tools,ses-0dbe321,AWS,2026-06,0.0,0.0,2589166,3.11,SES,Transactional email
Internal-Tools,cr-0a26381,GCP,2026-06,679.1,0.0,2829881,882.92,Cloud Run,ETL pipeline service
Data-Science,i-0a28926,AWS,2026-06,449.7,0.0,0,1558.88,EC2,m5.2xlarge batch processor
Internal-Tools,eks-02a6314,AWS,2026-06,489.6,0.0,0,1468.89,EKS,Staging K8s cluster
Data-Science,aks-0ae2613,AZURE,2026-06,1325.0,0.0,0,1987.43,AKS,Staging K8s cluster
Shared-Services,cf-019a583,AWS,2026-06,0.0,0.0,161061278,805.31,CloudFront,CDN media distribution
Partner-Integration,gke-118b595,GCP,2026-06,774.1,0.0,0,2322.31,GKE,Production API cluster
Staging-Env,gcf-05fd332,GCP,2026-06,0.0,0.0,29098813,436.49,Cloud Functions,Pub/Sub processors
Marketing-Platform,gcf-1167527,GCP,2026-06,0.0,0.0,1501890,22.53,Cloud Functions,Scheduled tasks
Edge-Network,i-087e912,AWS,2026-06,723.8,0.0,0,1254.53,EC2,r5.xlarge cache server
Marketing-Platform,gke-0f27659,GCP,2026-06,2182.1,0.0,0,4364.22,GKE,ML training cluster
Analytics-Platform,fs-0b19394,GCP,2026-06,1060.7,29.5,73660431,773.43,Firestore,Session store
Partner-Integration,redis-03af826,AZURE,2026-06,537.1,0.0,0,272.27,Azure Cache for Redis,Standard C2 cache
Finance-Systems,gcf-08a1204,GCP,2026-06,0.0,0.0,14630421,219.45,Cloud Functions,Data triggers
Production-Secondary,redis-05cd720,AZURE,2026-06,876.0,0.0,0,1065.85,Azure Cache for Redis,Premium P1 cache
Production-Secondary,aks-0887612,AZURE,2026-06,303.9,0.0,0,455.95,AKS,Dev K8s cluster
Production-Secondary,mem-0ccd673,GCP,2026-06,703.1,0.0,0,506.22,Memorystore,Redis production cache
Analytics-Platform,aks-00c0825,AZURE,2026-06,1312.7,0.0,0,1969.03,AKS,Staging K8s cluster
Data-Science,i-0866884,AWS,2026-06,539.3,0.0,0,934.85,EC2,r5.xlarge cache server
Production-Main,aks-087d143,AZURE,2026-06,1394.3,0.0,0,2091.5,AKS,Staging K8s cluster
Data-Science,gke-0dc2614,GCP,2026-06,3647.5,0.0,0,7294.84,GKE,GPU node pool
Analytics-Platform,aks-0901861,AZURE,2026-06,557.6,0.0,0,836.37,AKS,Dev K8s cluster
Customer-Portal,gcf-026d273,GCP,2026-06,0.0,0.0,10051862,150.78,Cloud Functions,Auth handlers
DevOps-Central,appi-1091671,AZURE,2026-06,0.0,0.0,78199852,977.5,Application Insights,APM telemetry
Production-Main,clog-099d699,GCP,2026-06,0.0,309.7,0,77.4,Cloud Logging,Audit logs
Internal-Tools,ebs-0868993,AWS,2026-06,0.0,1411.8,0,176.47,EBS,gp3 volumes production
Marketing-Platform,gke-05a9143,GCP,2026-06,2059.6,0.0,0,4119.21,GKE,ML training cluster
Customer-Portal,mem-0be9967,GCP,2026-06,346.7,0.0,0,249.57,Memorystore,Redis staging cache
Finance-Systems,app-0bbc103,AZURE,2026-06,1111.5,0.0,0,169.05,App Service,Web app B1
Mobile-Backend,kin-032d614,AWS,2026-06,691.9,0.0,28828971,420.9,Kinesis,Data stream ingestion
Production-Main,bq-0044162,GCP,2026-06,0.0,14580.2,0,5832.08,BigQuery,ML training datasets
Partner-Integration,ecs-0c6a269,AWS,2026-06,511.3,0.0,0,933.21,ECS,Fargate API cluster
Compliance-Audit,s3-038c556,AWS,2026-06,0.0,47.9,23964529,155.77,S3,Static website hosting
Production-Secondary,acr-0ae3180,AZURE,2026-06,0.0,218.4,436713,144.12,Container Registry,Docker image registry
Customer-Portal,vm-1043820,AZURE,2026-06,932.3,0.0,0,283.55,Virtual Machines,B2s development VM
Finance-Systems,s3-0244518,AWS,2026-06,0.0,10833.2,2166643,379.16,S3,Data lake raw zone
Edge-Network,ecs-031e824,AWS,2026-06,376.1,0.0,0,686.44,ECS,Fargate API cluster
Internal-Tools,mem-082c959,GCP,2026-06,465.1,0.0,0,334.86,Memorystore,Redis staging cache
Marketing-Platform,fs-0e2b804,GCP,2026-06,487.4,13.6,33849258,355.42,Firestore,Session store
Finance-Systems,s3-0f0f949,AWS,2026-06,0.0,5679.6,9087481,414.62,S3,Media content bucket
Analytics-Platform,bq-0d1e739,GCP,2026-06,0.0,2386.4,0,954.56,BigQuery,BI reporting views
Security-Ops,ps-065c549,GCP,2026-06,0.0,0.0,31635028,395.43,Pub/Sub,Event streaming
Internal-Tools,mem-02eb311,GCP,2026-06,608.1,0.0,0,437.86,Memorystore,Redis production cache
Mobile-Backend,vm-0813383,AZURE,2026-06,869.5,0.0,0,1234.74,Virtual Machines,F4s v2 compute node
Customer-Portal,ses-0ddf126,AWS,2026-06,0.0,0.0,499965,0.6,SES,Marketing email
Data-Science,blob-0153838,AZURE,2026-06,0.0,9590.4,95903,287.71,Blob Storage,Backup storage
Data-Science,gcf-102b155,GCP,2026-06,0.0,0.0,9277623,139.17,Cloud Functions,Auth handlers
Compliance-Audit,i-08da194,AWS,2026-06,568.4,0.0,0,820.93,EC2,c5.xlarge compute worker
Staging-Env,gcs-06fa515,GCP,2026-06,0.0,16041.8,40104,160.42,Cloud Storage,Archive bucket
Marketing-Platform,lam-073d564,AWS,2026-06,0.0,0.0,16467480,115.27,Lambda,Data transformer
Production-Secondary,aks-04e9539,AZURE,2026-06,1520.1,0.0,0,2280.07,AKS,Staging K8s cluster
Production-Main,app-058f647,AZURE,2026-06,509.4,0.0,0,619.72,App Service,API app P2v3
DR-Recovery,appi-0df9366,AZURE,2026-06,0.0,0.0,14872448,185.91,Application Insights,Custom metrics
DevOps-Central,blob-0f60507,AZURE,2026-06,0.0,7640.3,2865120,405.89,Blob Storage,Data lake storage
QA-Testing,lam-04bb141,AWS,2026-06,0.0,0.0,4946754,34.87,Lambda,Image resizer
Production-Secondary,sb-0b67850,AZURE,2026-06,0.0,0.0,21439833,53.6,Service Bus,Standard messaging
Marketing-Platform,nat-08ce373,AWS,2026-06,575.3,0.0,0,131.26,NAT Gateway,Staging VPC NAT
Marketing-Platform,i-01ec560,AWS,2026-06,565.8,0.0,0,490.32,EC2,m5.large monitoring server
Shared-Services,sb-01c7290,AZURE,2026-06,0.0,0.0,14362786,35.91,Service Bus,Standard messaging
Internal-Tools,mem-0d47243,GCP,2026-06,602.6,0.0,0,433.89,Memorystore,Redis production cache
Staging-Env,fs-111a954,GCP,2026-06,1097.3,76.2,45720809,628.65,Firestore,User profiles DB
Partner-Integration,appi-03a2597,AZURE,2026-06,0.0,0.0,19362608,242.03,Application Insights,Custom metrics
Security-Ops,s3-0183786,AWS,2026-06,0.0,765.4,1530834,66.97,S3,Artifact storage
Marketing-Platform,mem-0205771,GCP,2026-06,637.8,0.0,0,459.24,Memorystore,Redis production cache
Customer-Portal,blob-08b1911,AZURE,2026-06,0.0,5667.4,0,566.74,Blob Storage,Security audit logs
Production-Secondary,app-0068571,AZURE,2026-06,915.6,0.0,0,556.97,App Service,Web app P1v3
Internal-Tools,fs-1014977,GCP,2026-06,926.6,25.8,64345221,675.62,Firestore,Session store
Production-Main,lam-06d3145,AWS,2026-06,0.0,0.0,56023886,389.36,Lambda,API gateway handler
Analytics-Platform,gke-118c166,GCP,2026-06,4363.4,0.0,0,8727.05,GKE,GPU node pool
Shared-Services,ec-0c82412,AWS,2026-06,775.6,0.0,0,279.21,ElastiCache,Redis staging cluster
Staging-Env,mem-0102679,GCP,2026-06,771.7,0.0,0,555.63,Memorystore,Redis production cache
Security-Ops,ecs-0f85647,AWS,2026-06,486.1,0.0,0,887.25,ECS,Fargate worker cluster
Shared-Services,rds-084e637,AWS,2026-06,646.2,897.5,0,2871.98,RDS,db.r5.2xlarge Aurora cluster
Edge-Network,csql-0c36420,GCP,2026-06,780.4,216.8,0,937.43,Cloud SQL,PostgreSQL replica
Partner-Integration,elb-057a924,AWS,2026-06,669.9,0.0,9303309,135.45,ELB,Classic load balancer
Customer-Portal,cosmos-0db3851,AZURE,2026-06,671.7,93.3,23320886,874.52,Cosmos DB,Event store
Partner-Integration,azmon-0ab0934,AZURE,2026-06,0.0,269.0,35866462,381.09,Azure Monitor,Logs and metrics
Security-Ops,ecs-018b473,AWS,2026-06,175.3,0.0,0,320.0,ECS,Fargate batch cluster
Production-Main,lam-1011255,AWS,2026-06,0.0,0.0,29427124,206.0,Lambda,Data transformer
Data-Science,rds-074d478,AWS,2026-06,766.7,851.9,0,1789.09,RDS,db.m5.xlarge analytics DB
Shared-Services,r53-08c8350,AWS,2026-06,0.0,0.0,59808239,89.71,Route 53,DNS hosting
Staging-Env,cr-0c5a970,GCP,2026-06,598.5,0.0,2493784,778.06,Cloud Run,ETL pipeline service
Analytics-Platform,kv-07cc983,AZURE,2026-06,0.0,0.0,570576,1.71,Key Vault,Certificate store
Production-Main,i-0df3860,AWS,2026-06,782.1,0.0,0,57.09,EC2,t3.micro bastion host
Staging-Env,fs-0ce9401,GCP,2026-06,1187.3,82.5,49472610,680.24,Firestore,User profiles DB
Production-Secondary,i-0574661,AWS,2026-06,1175.8,0.0,0,1019.8,EC2,t3.large application server
DevOps-Central,redis-0415551,AZURE,2026-06,872.5,0.0,0,1061.55,Azure Cache for Redis,Premium P1 cache
Edge-Network,cmon-02fb997,GCP,2026-06,0.0,0.0,24338526,194.71,Cloud Monitoring,Metrics and alerting
Shared-Services,nat-0e47148,AWS,2026-06,536.9,0.0,0,244.99,NAT Gateway,Production VPC NAT
Shared-Services,rds-0f7b881,AWS,2026-06,567.5,157.6,0,512.24,RDS,db.t3.large development DB
Internal-Tools,clog-0565633,GCP,2026-06,0.0,280.1,0,70.03,Cloud Logging,Audit logs
Mobile-Backend,sqs-0ec8187,AWS,2026-06,0.0,0.0,331734,0.17,SQS,Dead letter queue
Production-Main,ca-083b242,GCP,2026-06,0.0,0.0,139123110,521.71,Cloud Armor,WAF policies
Marketing-Platform,i-0c4b661,AWS,2026-06,577.6,0.0,0,1674.96,EC2,c5.2xlarge HPC node
Production-Main,i-0a7c855,AWS,2026-06,885.5,0.0,0,64.64,EC2,t3.micro bastion host
Security-Ops,ec-0478184,AWS,2026-06,550.3,0.0,0,198.14,ElastiCache,Redis staging cluster
DevOps-Central,ddb-0beb915,AWS,2026-06,1000.4,13.8,6947185,121.57,DynamoDB,Config store table
Marketing-Platform,rds-01e2924,AWS,2026-06,747.4,207.6,0,674.74,RDS,db.t3.large development DB
Security-Ops,csql-0709515,GCP,2026-06,641.8,178.3,0,770.98,Cloud SQL,PostgreSQL replica
Marketing-Platform,sm-08bb419,AWS,2026-06,0.0,0.0,982483,3.93,Secrets Manager,Application secrets
Security-Ops,eks-0434972,AWS,2026-06,453.2,0.0,0,1359.61,EKS,Staging K8s cluster
Shared-Services,ado-09f0961,AZURE,2026-06,0.0,102.7,0,25.68,Azure DevOps,Artifacts storage
Staging-Env,bq-0740271,GCP,2026-06,0.0,1438.6,0,575.41,BigQuery,BI reporting views
ML-Training,eks-036f728,AWS,2026-06,853.6,0.0,0,2560.66,EKS,Production K8s cluster
Staging-Env,bq-073b727,GCP,2026-06,0.0,1569.7,0,627.84,BigQuery,BI reporting views
Security-Ops,sqldb-067d679,AZURE,2026-06,989.4,68.7,0,205.63,SQL Database,Basic dev database
Compliance-Audit,i-0fb9329,AWS,2026-06,559.9,0.0,0,485.28,EC2,m5.large monitoring server
Internal-Tools,blob-0f88578,AZURE,2026-06,0.0,3029.1,7572833,492.24,Blob Storage,Media content
Finance-Systems,s3-0d12329,AWS,2026-06,0.0,9212.2,1842433,322.42,S3,Data lake raw zone
Compliance-Audit,i-0de9629,AWS,2026-06,587.5,0.0,0,254.84,EC2,t3.medium API server
Finance-Systems,vpn-0a0f703,AWS,2026-06,618.9,0.0,0,313.75,VPN Gateway,Site-to-site VPN
Edge-Network,clog-0301555,GCP,2026-06,0.0,531.8,0,132.95,Cloud Logging,Application logs
Partner-Integration,sqs-0580884,AWS,2026-06,0.0,0.0,425689,0.22,SQS,Dead letter queue
Production-Main,i-0db9952,AWS,2026-06,952.3,0.0,0,412.98,EC2,t3.medium API server
DevOps-Central,ebs-07bd747,AWS,2026-06,0.0,471.9,0,294.9,EBS,io2 volumes database
Partner-Integration,azmon-07b1730,AZURE,2026-06,0.0,251.3,33508288,356.03,Azure Monitor,Logs and metrics
Data-Science,cosmos-0927286,AZURE,2026-06,694.4,192.9,38581434,1567.37,Cosmos DB,User data store
Production-Main,blob-002f172,AZURE,2026-06,0.0,6833.2,2562456,363.01,Blob Storage,Data lake storage
Internal-Tools,s3-0529282,AWS,2026-06,0.0,3156.3,1578119,118.36,S3,Analytics export bucket
Finance-Systems,eks-0659376,AWS,2026-06,971.5,0.0,0,2914.44,EKS,Production K8s cluster
Internal-Tools,aks-0297432,AZURE,2026-06,1610.8,0.0,0,2416.24,AKS,Staging K8s cluster
Partner-Integration,nat-03ce770,AWS,2026-06,957.4,0.0,0,218.41,NAT Gateway,Dev VPC NAT
Analytics-Platform,kv-0cb7100,AZURE,2026-06,0.0,0.0,1396245,4.19,Key Vault,Secrets management
Finance-Systems,ado-0d5d179,AZURE,2026-06,452.0,0.0,0,226.0,Azure DevOps,Pipelines hosted
Production-Secondary,cmon-008b179,GCP,2026-06,0.0,0.0,26766546,214.13,Cloud Monitoring,Metrics and alerting
Mobile-Backend,sqldb-0a27822,AZURE,2026-06,847.2,294.2,0,1417.7,SQL Database,Standard S3 production
Finance-Systems,vpn-0249799,AWS,2026-06,693.3,0.0,0,351.48,VPN Gateway,Site-to-site VPN
Production-Main,vm-003a385,AZURE,2026-06,716.6,0.0,0,435.95,Virtual Machines,D2s v3 utility server
Internal-Tools,mem-02ea903,GCP,2026-06,407.3,0.0,0,293.23,Memorystore,Redis staging cache
Edge-Network,nat-032a145,AWS,2026-06,760.4,0.0,0,173.48,NAT Gateway,Dev VPC NAT
Production-Secondary,i-0cb5459,AWS,2026-06,489.4,0.0,0,848.35,EC2,r5.xlarge cache server
Analytics-Platform,eh-00c4152,AZURE,2026-06,0.0,414.5,0,103.63,Event Hubs,Capture to storage
Internal-Tools,gcs-0a1c146,GCP,2026-06,0.0,8115.1,202878,186.66,Cloud Storage,Backup bucket
Production-Secondary,r53-0629377,AWS,2026-06,0.0,0.0,9854645,14.78,Route 53,Health checks
Finance-Systems,blob-0ccb663,AZURE,2026-06,0.0,2129.2,5323048,346.0,Blob Storage,Media content
Production-Main,lam-0e7f833,AWS,2026-06,0.0,0.0,33034259,231.24,Lambda,Data transformer
ML-Training,lam-0bf7821,AWS,2026-06,0.0,0.0,10988606,76.93,Lambda,Notification dispatcher
Production-Secondary,csql-008c653,GCP,2026-06,673.3,187.0,0,808.86,Cloud SQL,PostgreSQL replica
Customer-Portal,azmon-110e151,AZURE,2026-06,0.0,218.8,29170020,309.94,Azure Monitor,Logs and metrics
Marketing-Platform,mem-0ef4659,GCP,2026-06,473.3,0.0,0,340.79,Memorystore,Redis staging cache
Internal-Tools,rds-0bc8856,AWS,2026-06,637.0,442.4,0,1636.72,RDS,db.r5.xlarge PostgreSQL primary
Data-Science,i-0945672,AWS,2026-06,457.4,0.0,0,1585.41,EC2,m5.2xlarge batch processor
Customer-Portal,cosmos-0252776,AZURE,2026-06,945.6,262.7,52535233,2134.24,Cosmos DB,User data store
Analytics-Platform,cr-0a94901,GCP,2026-06,590.9,0.0,2461620,768.02,Cloud Run,ETL pipeline service
Production-Main,s3-05ff747,AWS,2026-06,0.0,15242.7,3048545,533.49,S3,Data lake raw zone
Edge-Network,bq-06c0962,GCP,2026-06,0.0,7493.9,0,2997.55,BigQuery,Analytics data warehouse
Internal-Tools,ps-053f365,GCP,2026-06,0.0,0.0,31407654,392.6,Pub/Sub,Event streaming
Finance-Systems,cosmos-021b523,AZURE,2026-06,530.5,147.3,29469750,1197.21,Cosmos DB,User data store
Security-Ops,s3-0fee392,AWS,2026-06,0.0,6634.1,10614494,484.28,S3,Media content bucket
DR-Recovery,appi-0c28938,AZURE,2026-06,0.0,0.0,22559621,282.0,Application Insights,Custom metrics
Internal-Tools,ec-0444818,AWS,2026-06,523.3,0.0,0,376.75,ElastiCache,Redis production cluster
Production-Secondary,df-0e23359,GCP,2026-06,938.8,0.0,0,2284.45,Dataflow,Streaming pipeline
Production-Secondary,r53-093c580,AWS,2026-06,0.0,0.0,8327446,12.49,Route 53,Health checks
Security-Ops,ps-0845974,GCP,2026-06,0.0,0.0,28293855,353.67,Pub/Sub,Event streaming
Customer-Portal,blob-0851669,AZURE,2026-06,0.0,5246.3,0,524.63,Blob Storage,Security audit logs
Compliance-Audit,s3-0973601,AWS,2026-06,0.0,14112.8,2822534,493.94,S3,Data lake raw zone
Finance-Systems,app-0fe4884,AZURE,2026-06,1005.9,0.0,0,153.0,App Service,Web app B1
Finance-Systems,gcs-0764373,GCP,2026-06,0.0,10048.3,3349437,301.45,Cloud Storage,Data lake bucket
Edge-Network,eks-10ea823,AWS,2026-06,668.5,0.0,0,2005.54,EKS,Production K8s cluster
Production-Main,i-106d831,AWS,2026-06,409.4,0.0,0,1187.14,EC2,c5.2xlarge HPC node
Internal-Tools,s3-0542610,AWS,2026-06,0.0,7018.7,70185,161.42,S3,Backup storage bucket
Production-Main,blob-04d1230,AZURE,2026-06,0.0,2593.9,6917054,337.21,Blob Storage,Build artifacts
Edge-Network,lam-0fd2997,AWS,2026-06,0.0,0.0,24600645,172.21,Lambda,Data transformer
Edge-Network,csql-101e324,GCP,2026-06,673.1,187.0,0,808.62,Cloud SQL,PostgreSQL replica
DR-Recovery,sqldb-02f4102,AZURE,2026-06,669.0,46.5,0,139.03,SQL Database,Basic dev database
Finance-Systems,func-0402202,AZURE,2026-06,0.0,0.0,5568691,83.54,Azure Functions,API handlers
Compliance-Audit,i-039e433,AWS,2026-06,704.3,0.0,0,1220.73,EC2,r5.xlarge cache server
Finance-Systems,blob-03ff840,AZURE,2026-06,0.0,2047.1,5117768,332.65,Blob Storage,Media content
Shared-Services,vai-01af568,GCP,2026-06,298.4,0.0,0,1492.0,Vertex AI,AutoML jobs
Production-Secondary,ec-09d7888,AWS,2026-06,884.5,0.0,0,318.43,ElastiCache,Redis staging cluster
ML-Training,ebs-0e30384,AWS,2026-06,0.0,658.5,0,82.3,EBS,gp3 volumes production
Edge-Network,s3-0484514,AWS,2026-06,0.0,1133.3,2266686,99.16,S3,Artifact storage
Customer-Portal,ses-0676835,AWS,2026-06,0.0,0.0,781024,0.94,SES,Marketing email
Mobile-Backend,kv-0b79582,AZURE,2026-06,0.0,0.0,480107,1.44,Key Vault,Certificate store
Security-Ops,s3-0184470,AWS,2026-06,0.0,49.8,24909611,161.91,S3,Static website hosting
Production-Secondary,i-1026374,AWS,2026-06,688.1,0.0,0,596.37,EC2,m5.large monitoring server
Data-Science,aks-0150773,AZURE,2026-06,288.1,0.0,0,432.15,AKS,Dev K8s cluster
Finance-Systems,blob-0a8c725,AZURE,2026-06,0.0,6167.1,61669,185.01,Blob Storage,Backup storage
Compliance-Audit,i-039b844,AWS,2026-06,665.2,0.0,0,2305.87,EC2,r5.2xlarge database server
Finance-Systems,vpn-0248486,AWS,2026-06,942.3,0.0,0,238.84,VPN Gateway,Client VPN endpoint
Production-Secondary,aks-0f13431,AZURE,2026-06,1369.2,0.0,0,2053.77,AKS,Staging K8s cluster
Finance-Systems,eh-0ce3909,AZURE,2026-06,620.0,0.0,25833768,282.88,Event Hubs,Standard throughput units
Finance-Systems,aks-0213923,AZURE,2026-06,985.1,0.0,0,4433.05,AKS,Production K8s cluster
Marketing-Platform,nat-083c511,AWS,2026-06,513.5,0.0,0,117.15,NAT Gateway,Staging VPC NAT
Compliance-Audit,sm-0382839,AWS,2026-06,0.0,0.0,1188037,4.75,Secrets Manager,Application secrets
Marketing-Platform,gcf-0203789,GCP,2026-06,0.0,0.0,19157009,287.36,Cloud Functions,Pub/Sub processors
Edge-Network,r53-0323539,AWS,2026-06,0.0,0.0,46725385,70.09,Route 53,DNS hosting
Internal-Tools,eks-0923427,AWS,2026-06,599.7,0.0,0,1799.36,EKS,Staging K8s cluster
Staging-Env,gke-0da1584,GCP,2026-06,2888.5,0.0,0,5777.01,GKE,ML training cluster
Staging-Env,gcf-0d4c132,GCP,2026-06,0.0,0.0,16122962,241.85,Cloud Functions,Data triggers
IoT-Platform,gke-0bfa929,GCP,2026-06,2969.9,0.0,0,5939.91,GKE,ML training cluster
Data-Science,vai-07e2724,GCP,2026-06,337.9,0.0,0,1689.65,Vertex AI,Training pipelines
Staging-Env,vai-07a5769,GCP,2026-06,458.9,0.0,0,2294.86,Vertex AI,Training pipelines
Security-Ops,ec-018a285,AWS,2026-06,581.7,0.0,0,209.43,ElastiCache,Redis staging cluster
Compliance-Audit,rds-0b76559,AWS,2026-06,339.3,94.2,0,400.64,RDS,db.t3.medium MySQL staging
Production-Main,s3-0ab1484,AWS,2026-06,0.0,10502.6,656409,262.56,S3,Log archive bucket
Staging-Env,gcs-09d1780,GCP,2026-06,0.0,12103.8,4034617,363.12,Cloud Storage,Data lake bucket
Edge-Network,r53-0f4f980,AWS,2026-06,0.0,0.0,47204589,70.81,Route 53,DNS hosting
Finance-Systems,app-05d9740,AZURE,2026-06,872.8,0.0,0,1061.96,App Service,API app P2v3
Partner-Integration,rds-08a3964,AWS,2026-06,830.6,576.8,0,1643.88,RDS,db.r5.large PostgreSQL replica
Marketing-Platform,gcf-0a80128,GCP,2026-06,0.0,0.0,2177487,32.66,Cloud Functions,Scheduled tasks
Partner-Integration,cf-052a323,AWS,2026-06,0.0,0.0,35828991,179.15,CloudFront,CDN API distribution
Finance-Systems,sqldb-020d385,AZURE,2026-06,986.5,68.5,0,205.03,SQL Database,Basic dev database
Edge-Network,ebs-041c946,AWS,2026-06,0.0,152.3,0,19.04,EBS,gp3 volumes staging
Data-Science,cosmos-0e72317,AZURE,2026-06,716.1,99.5,24863648,932.39,Cosmos DB,Event store
Compliance-Audit,rds-1110124,AWS,2026-06,839.1,932.4,0,1958.09,RDS,db.m5.xlarge analytics DB
Production-Secondary,i-0783728,AWS,2026-06,801.3,0.0,0,694.51,EC2,m5.large monitoring server
Security-Ops,ecs-079e707,AWS,2026-06,150.3,0.0,0,274.44,ECS,Fargate batch cluster
Edge-Network,sns-102d146,AWS,2026-06,0.0,0.0,12444083,6.22,SNS,Alert notifications
Production-Main,cf-0002448,AWS,2026-06,0.0,0.0,35660927,178.3,CloudFront,CDN static assets
Production-Secondary,blob-0a30257,AZURE,2026-06,0.0,13695.1,34237,109.56,Blob Storage,Archive tier
Shared-Services,nat-0cf3375,AWS,2026-06,578.1,0.0,0,131.88,NAT Gateway,Staging VPC NAT
Shared-Services,aks-09a6162,AZURE,2026-06,978.7,0.0,0,1467.95,AKS,Staging K8s cluster
Production-Main,ebs-0db5569,AWS,2026-06,0.0,586.3,0,366.42,EBS,io2 volumes database
Partner-Integration,ddb-118f465,AWS,2026-06,995.2,138.3,207317075,1554.87,DynamoDB,Cache table
Staging-Env,cdns-070b939,GCP,2026-06,0.0,0.0,25771128,38.66,Cloud DNS,DNS zones
Data-Science,aks-0896218,AZURE,2026-06,273.2,0.0,0,409.87,AKS,Dev K8s cluster
IoT-Platform,csql-0e5e176,GCP,2026-06,844.1,234.5,0,1014.14,Cloud SQL,PostgreSQL replica
Staging-Env,ps-0db2431,GCP,2026-06,0.0,0.0,13009404,162.61,Pub/Sub,Data pipeline
Marketing-Platform,vpn-06a4632,AWS,2026-06,832.4,0.0,0,210.98,VPN Gateway,Client VPN endpoint
Analytics-Platform,cr-0fbb528,GCP,2026-06,496.6,0.0,2069043,645.55,Cloud Run,ETL pipeline service
Shared-Services,aks-076e357,AZURE,2026-06,1148.5,0.0,0,1722.7,AKS,Staging K8s cluster
Data-Science,nat-0f38347,AWS,2026-06,535.9,0.0,0,122.25,NAT Gateway,Staging VPC NAT
Production-Main,i-10a7273,AWS,2026-06,750.5,0.0,0,2601.36,EC2,m5.2xlarge batch processor
Finance-Systems,eh-021f394,AZURE,2026-06,0.0,614.6,0,153.64,Event Hubs,Capture to storage
Finance-Systems,eks-0d6f989,AWS,2026-06,845.8,0.0,0,2537.41,EKS,Production K8s cluster
Customer-Portal,s3-10a8780,AWS,2026-06,0.0,18631.5,3726311,652.1,S3,Data lake raw zone
ML-Training,ebs-0720778,AWS,2026-06,0.0,634.0,0,396.2,EBS,io2 volumes database
DevOps-Central,aks-0b28145,AZURE,2026-06,325.9,0.0,0,488.94,AKS,Dev K8s cluster
Production-Secondary,i-007a915,AWS,2026-06,495.0,0.0,0,1435.47,EC2,c5.2xlarge HPC node
Mobile-Backend,fd-0334773,AZURE,2026-06,0.0,0.0,42061405,315.46,Front Door,Global load balancer
Production-Main,cmon-050f770,GCP,2026-06,0.0,0.0,22528043,180.22,Cloud Monitoring,Metrics and alerting
Analytics-Platform,bq-056e499,GCP,2026-06,0.0,2367.4,0,946.94,BigQuery,BI reporting views
Internal-Tools,gcs-0c10220,GCP,2026-06,0.0,11061.0,276524,254.41,Cloud Storage,Backup bucket
Security-Ops,lam-017c772,AWS,2026-06,0.0,0.0,54297610,377.37,Lambda,API gateway handler
Analytics-Platform,aks-0d0b935,AZURE,2026-06,623.2,0.0,0,934.83,AKS,Dev K8s cluster
QA-Testing,ec-049e465,AWS,2026-06,777.9,0.0,0,560.06,ElastiCache,Redis production cluster
Data-Science,gcf-0118506,GCP,2026-06,0.0,0.0,14065012,210.98,Cloud Functions,Data triggers
Analytics-Platform,aks-113f390,AZURE,2026-06,665.4,0.0,0,2993.88,AKS,Production K8s cluster
IoT-Platform,cr-1013303,GCP,2026-06,448.6,0.0,3738472,388.8,Cloud Run,Webhook handler
Finance-Systems,csql-0a9c161,GCP,2026-06,899.5,624.6,0,1774.03,Cloud SQL,MySQL analytics
DevOps-Central,appi-00d3140,AZURE,2026-06,0.0,0.0,15126185,189.08,Application Insights,Custom metrics
DevOps-Central,aks-00e9220,AZURE,2026-06,368.3,0.0,0,552.43,AKS,Dev K8s cluster
Security-Ops,ecs-0a46735,AWS,2026-06,171.7,0.0,0,313.35,ECS,Fargate batch cluster
Shared-Services,func-087c893,AZURE,2026-06,0.0,0.0,8841419,132.62,Azure Functions,Event processors
Customer-Portal,vm-0bf1249,AZURE,2026-06,625.0,0.0,0,380.17,Virtual Machines,D2s v3 utility server
Analytics-Platform,fs-0cea740,GCP,2026-06,1194.2,33.2,82930888,870.77,Firestore,Session store
Shared-Services,ecs-09cb472,AWS,2026-06,237.9,0.0,0,434.15,ECS,Fargate worker cluster
Customer-Portal,gcf-0687702,GCP,2026-06,0.0,0.0,19978069,299.66,Cloud Functions,Pub/Sub processors
Security-Ops,ecs-0feb605,AWS,2026-06,518.1,0.0,0,945.38,ECS,Fargate API cluster
Staging-Env,gcf-00f5519,GCP,2026-06,0.0,0.0,14468528,217.03,Cloud Functions,Data triggers
Data-Science,rds-0532882,AWS,2026-06,770.0,534.7,0,1978.45,RDS,db.r5.xlarge PostgreSQL primary
Compliance-Audit,rs-0380544,AWS,2026-06,587.2,1631.0,0,2976.57,Redshift,Data warehouse cluster
Data-Science,rs-0bae486,AWS,2026-06,676.9,1880.2,0,3431.39,Redshift,Data warehouse cluster
Edge-Network,ps-107f204,GCP,2026-06,0.0,0.0,37807823,472.6,Pub/Sub,Log forwarding
Finance-Systems,s3-04d8321,AWS,2026-06,0.0,12286.8,2457354,430.03,S3,Data lake raw zone
Analytics-Platform,cr-0596438,GCP,2026-06,640.8,0.0,13351306,961.3,Cloud Run,API gateway service
Compliance-Audit,rs-0584267,AWS,2026-06,0.0,0.0,4851455,242.57,Redshift,Spectrum queries
Production-Main,eh-0d6a232,AZURE,2026-06,0.0,768.6,0,192.17,Event Hubs,Capture to storage
Security-Ops,bq-050a549,GCP,2026-06,0.0,9422.1,0,3768.84,BigQuery,ML training datasets
Production-Main,sentinel-0d46883,AZURE,2026-06,0.0,0.0,49865342,1246.64,Microsoft Sentinel,Log analytics
Shared-Services,func-0be4858,AZURE,2026-06,0.0,0.0,8714639,130.72,Azure Functions,API handlers
Production-Secondary,sentinel-0960796,AZURE,2026-06,0.0,0.0,67019214,1675.48,Microsoft Sentinel,SIEM detection
Production-Main,gcf-06b6593,GCP,2026-06,0.0,0.0,15612954,234.19,Cloud Functions,Pub/Sub processors
Marketing-Platform,cr-01f5683,GCP,2026-06,235.3,0.0,980407,203.92,Cloud Run,Image processor
Data-Science,i-013f540,AWS,2026-06,758.8,0.0,0,55.39,EC2,t3.micro bastion host
Security-Ops,ebs-0f08503,AWS,2026-06,0.0,4073.0,0,183.28,EBS,st1 volumes archive
Shared-Services,fd-047c534,AZURE,2026-06,0.0,0.0,62396938,467.98,Front Door,Global load balancer
QA-Testing,lam-04fb414,AWS,2026-06,0.0,0.0,4048017,28.53,Lambda,Image resizer
Shared-Services,func-0418785,AZURE,2026-06,0.0,0.0,3086764,46.31,Azure Functions,Webhook processor
Production-Main,ca-004b678,GCP,2026-06,0.0,0.0,116016121,435.06,Cloud Armor,WAF policies
Analytics-Platform,gke-05ac611,GCP,2026-06,5013.1,0.0,0,10026.23,GKE,GPU node pool
Shared-Services,ado-114b393,AZURE,2026-06,0.0,95.3,0,23.84,Azure DevOps,Artifacts storage
Internal-Tools,ses-0480175,AWS,2026-06,0.0,0.0,548377,0.65,SES,Marketing email
Security-Ops,gke-0173694,GCP,2026-06,4186.7,0.0,0,8373.35,GKE,GPU node pool
Internal-Tools,rds-0a58813,AWS,2026-06,792.3,1100.5,0,3521.41,RDS,db.r5.2xlarge Aurora cluster
Security-Ops,sentinel-08ca167,AZURE,2026-06,0.0,0.0,102315207,2557.88,Microsoft Sentinel,SIEM detection
Production-Secondary,elb-0081586,AWS,2026-06,627.4,0.0,26141693,190.31,ELB,Application load balancer
Production-Main,lam-0f15914,AWS,2026-06,0.0,0.0,39210703,274.48,Lambda,Data transformer
Production-Secondary,sqs-0c78882,AWS,2026-06,0.0,0.0,29343527,14.68,SQS,Event notification queue
Internal-Tools,cf-02b3439,AWS,2026-06,0.0,0.0,117025262,585.13,CloudFront,CDN web distribution
Shared-Services,vai-0756962,GCP,2026-06,305.4,0.0,0,1526.8,Vertex AI,AutoML jobs
Marketing-Platform,ddb-099f108,AWS,2026-06,603.1,41.9,67013217,471.19,DynamoDB,Session store table
DR-Recovery,eh-0de4297,AZURE,2026-06,0.0,593.1,0,148.24,Event Hubs,Capture to storage
Finance-Systems,vm-0216865,AZURE,2026-06,834.6,0.0,0,3046.33,Virtual Machines,E8s v3 memory-optimized
Customer-Portal,fd-09eb623,AZURE,2026-06,0.0,0.0,65776679,493.32,Front Door,Global load balancer
Security-Ops,ebs-0b88756,AWS,2026-06,0.0,624.6,0,390.39,EBS,io2 volumes database
Compliance-Audit,ec-1085586,AWS,2026-06,576.8,0.0,0,415.29,ElastiCache,Redis production cluster
Mobile-Backend,redis-0333751,AZURE,2026-06,776.9,0.0,0,393.86,Azure Cache for Redis,Standard C2 cache
Shared-Services,vm-0ccf546,AZURE,2026-06,768.5,0.0,0,2805.12,Virtual Machines,E8s v3 memory-optimized
Production-Secondary,ca-0d70255,GCP,2026-06,0.0,0.0,104416237,391.56,Cloud Armor,WAF policies
Production-Main,cmon-0c29871,GCP,2026-06,0.0,0.0,23983544,191.86,Cloud Monitoring,Metrics and alerting
Production-Main,vm-003b995,AZURE,2026-06,491.4,0.0,0,4484.42,Virtual Machines,NC6s v3 GPU VM
Internal-Tools,gke-10b2192,GCP,2026-06,4113.8,0.0,0,8227.66,GKE,GPU node pool
Production-Main,gcs-0e9f520,GCP,2026-06,0.0,15997.8,5332582,479.94,Cloud Storage,Data lake bucket
Compliance-Audit,rds-0395341,AWS,2026-06,792.6,550.5,0,2036.67,RDS,db.r5.xlarge PostgreSQL primary
DevOps-Central,kin-1047535,AWS,2026-06,1033.8,0.0,28716264,419.27,Kinesis,Firehose delivery
Production-Main,i-10be601,AWS,2026-06,616.4,0.0,0,44.99,EC2,t3.micro bastion host
Marketing-Platform,ca-0f4b589,GCP,2026-06,0.0,0.0,57362972,215.1,Cloud Armor,WAF policies
Mobile-Backend,vm-0b83258,AZURE,2026-06,809.6,0.0,0,984.97,Virtual Machines,D4s v3 CI runner
Shared-Services,vai-1038265,GCP,2026-06,286.2,0.0,0,1430.7,Vertex AI,AutoML jobs
Internal-Tools,clog-02e7189,GCP,2026-06,0.0,260.7,0,65.18,Cloud Logging,Audit logs
ML-Training,rds-06bb423,AWS,2026-06,684.7,760.8,0,1597.62,RDS,db.m5.xlarge analytics DB
Edge-Network,s3-061c989,AWS,2026-06,0.0,1226.8,2453805,107.34,S3,Artifact storage
Shared-Services,sb-0d48406,AZURE,2026-06,539.6,0.0,7495773,410.39,Service Bus,Premium messaging
Finance-Systems,gcs-0a23868,GCP,2026-06,0.0,7086.2,177155,162.99,Cloud Storage,Backup bucket
Production-Secondary,blob-0b77983,AZURE,2026-06,0.0,2304.3,5760519,374.44,Blob Storage,Media content
Production-Secondary,appi-0fa6211,AZURE,2026-06,0.0,0.0,38016577,475.21,Application Insights,APM telemetry
Partner-Integration,r53-03d9599,AWS,2026-06,0.0,0.0,12452588,18.68,Route 53,Health checks
Partner-Integration,ddb-06b5916,AWS,2026-06,783.3,10.9,5439591,95.2,DynamoDB,Config store table
Finance-Systems,cr-0536882,GCP,2026-06,328.4,0.0,2736723,284.62,Cloud Run,Webhook handler
QA-Testing,ec-03e4601,AWS,2026-06,676.7,0.0,0,243.63,ElastiCache,Redis staging cluster
Compliance-Audit,s3-1036303,AWS,2026-06,0.0,663.9,1327963,58.1,S3,Artifact storage
Security-Ops,ses-059a356,AWS,2026-06,0.0,0.0,2602901,3.12,SES,Transactional email
DR-Recovery,sb-02f8539,AZURE,2026-06,0.0,0.0,17049619,42.62,Service Bus,Standard messaging
IoT-Platform,bq-03fd605,GCP,2026-06,0.0,1763.2,0,705.26,BigQuery,Data export queries
Production-Main,vai-0c2d231,GCP,2026-06,666.0,0.0,7399362,1442.88,Vertex AI,Model serving endpoints
Edge-Network,i-0694281,AWS,2026-06,650.5,0.0,0,2255.08,EC2,m5.2xlarge batch processor
Shared-Services,rds-065b167,AWS,2026-06,672.5,933.9,0,2988.63,RDS,db.r5.2xlarge Aurora cluster
Edge-Network,gcf-0cc6556,GCP,2026-06,0.0,0.0,5795961,86.94,Cloud Functions,Auth handlers
Customer-Portal,i-0e08975,AWS,2026-06,639.7,0.0,0,46.69,EC2,t3.micro bastion host
Shared-Services,appi-0e4c650,AZURE,2026-06,0.0,0.0,46720828,584.01,Application Insights,APM telemetry
Security-Ops,kin-0193241,AWS,2026-06,907.8,0.0,37826443,552.27,Kinesis,Data stream ingestion
Internal-Tools,cr-0c2c557,GCP,2026-06,427.2,0.0,3560422,370.28,Cloud Run,Webhook handler
Marketing-Platform,sm-1101565,AWS,2026-06,0.0,0.0,1016725,4.08,Secrets Manager,Application secrets
Compliance-Audit,i-0e34427,AWS,2026-06,692.1,0.0,0,599.84,EC2,m5.large monitoring server
DevOps-Central,ddb-00d0172,AWS,2026-06,937.2,65.1,104137976,732.22,DynamoDB,Session store table
Finance-Systems,aks-10e7263,AZURE,2026-06,211.2,0.0,0,316.77,AKS,Dev K8s cluster
Data-Science,rds-03f0203,AWS,2026-06,744.6,517.0,0,1913.12,RDS,db.r5.xlarge PostgreSQL primary
Production-Main,i-0e11185,AWS,2026-06,663.2,0.0,0,48.41,EC2,t3.micro bastion host
Finance-Systems,blob-0464577,AZURE,2026-06,0.0,8002.8,80026,240.08,Blob Storage,Backup storage
DevOps-Central,vm-00df422,AZURE,2026-06,733.2,0.0,0,223.02,Virtual Machines,B2s development VM
Compliance-Audit,ecs-0b5e734,AWS,2026-06,520.5,0.0,0,949.93,ECS,Fargate worker cluster
Finance-Systems,redis-06f3501,AZURE,2026-06,746.0,0.0,0,378.18,Azure Cache for Redis,Standard C2 cache
Staging-Env,gke-0774882,GCP,2026-06,630.4,0.0,0,1891.22,GKE,Production API cluster
Production-Secondary,ec-08ac154,AWS,2026-06,791.9,0.0,0,285.09,ElastiCache,Redis staging cluster
Shared-Services,ado-0d93508,AZURE,2026-06,0.0,77.2,0,19.3,Azure DevOps,Artifacts storage
IoT-Platform,mem-0539653,GCP,2026-06,347.6,0.0,0,250.28,Memorystore,Redis staging cache
Marketing-Platform,rs-09b1953,AWS,2026-06,0.0,0.0,7081885,354.09,Redshift,Spectrum queries
Shared-Services,s3-0674192,AWS,2026-06,0.0,18128.7,3625758,634.51,S3,Data lake raw zone
Finance-Systems,s3-06ae169,AWS,2026-06,0.0,6777.9,67779,155.89,S3,Backup storage bucket
Data-Science,mem-075d545,GCP,2026-06,355.5,0.0,0,256.0,Memorystore,Redis staging cache
ML-Training,i-1111465,AWS,2026-06,685.5,0.0,0,2376.34,EC2,r5.2xlarge database server
DR-Recovery,sqldb-0a7a105,AZURE,2026-06,692.4,48.1,0,143.91,SQL Database,Basic dev database
Finance-Systems,gcf-0237921,GCP,2026-06,0.0,0.0,2460290,36.9,Cloud Functions,Scheduled tasks
Production-Secondary,blob-0b27268,AZURE,2026-06,0.0,11520.1,28799,92.17,Blob Storage,Archive tier
Internal-Tools,gcs-0413983,GCP,2026-06,0.0,19322.4,6440805,579.67,Cloud Storage,Data lake bucket
Data-Science,ddb-0143420,AWS,2026-06,661.5,91.9,137817576,1033.63,DynamoDB,Cache table
DevOps-Central,kv-00d6689,AZURE,2026-06,0.0,0.0,2570342,7.71,Key Vault,Secrets management
Mobile-Backend,aks-033a939,AZURE,2026-06,1142.6,0.0,0,1713.87,AKS,Staging K8s cluster
Edge-Network,gcf-05cf952,GCP,2026-06,0.0,0.0,27460744,411.92,Cloud Functions,Pub/Sub processors
Internal-Tools,s3-09df817,AWS,2026-06,0.0,4394.8,7031529,320.81,S3,Media content bucket
Staging-Env,gcs-0698537,GCP,2026-06,0.0,13283.8,4427960,398.52,Cloud Storage,Data lake bucket
Production-Secondary,aks-04be630,AZURE,2026-06,556.4,0.0,0,2503.74,AKS,Production K8s cluster
Internal-Tools,sqs-060b238,AWS,2026-06,0.0,0.0,48193731,24.09,SQS,Order processing queue
IoT-Platform,gke-04e2720,GCP,2026-06,468.7,0.0,0,1406.04,GKE,Batch processing cluster
Production-Main,blob-0b59559,AZURE,2026-06,0.0,6672.5,2502184,354.47,Blob Storage,Data lake storage
Security-Ops,s3-0669507,AWS,2026-06,0.0,46.7,23349118,151.77,S3,Static website hosting
Production-Main,kv-0ea5380,AZURE,2026-06,0.0,0.0,2330715,6.99,Key Vault,Secrets management
Analytics-Platform,clog-0a73765,GCP,2026-06,0.0,420.0,0,105.02,Cloud Logging,Application logs
Security-Ops,mem-0721292,GCP,2026-06,621.9,0.0,0,447.77,Memorystore,Redis production cache
Finance-Systems,blob-0848995,AZURE,2026-06,0.0,9281.0,3480385,493.05,Blob Storage,Data lake storage
Security-Ops,sqs-10d7510,AWS,2026-06,0.0,0.0,45626073,22.82,SQS,Event notification queue
Production-Secondary,blob-0dab457,AZURE,2026-06,0.0,2061.0,5152465,334.91,Blob Storage,Media content
Compliance-Audit,s3-0a50616,AWS,2026-06,0.0,2805.9,16835417,701.48,S3,Production asset storage
Finance-Systems,app-0735979,AZURE,2026-06,879.7,0.0,0,1070.37,App Service,API app P2v3
Production-Main,mem-0045614,GCP,2026-06,798.4,0.0,0,574.87,Memorystore,Redis production cache
Production-Secondary,gcs-009a238,GCP,2026-06,0.0,17248.9,5749623,517.47,Cloud Storage,Data lake bucket
Data-Science,rds-0c7a236,AWS,2026-06,700.8,194.7,0,632.69,RDS,db.t3.large development DB
Production-Main,func-0034684,AZURE,2026-06,0.0,0.0,9650774,144.76,Azure Functions,API handlers
DevOps-Central,kv-0966849,AZURE,2026-06,0.0,0.0,309261,0.94,Key Vault,Certificate store
Shared-Services,gcs-0cd8493,GCP,2026-06,0.0,26054.9,65136,260.56,Cloud Storage,Archive bucket
Analytics-Platform,df-00af561,GCP,2026-06,644.6,0.0,0,1568.48,Dataflow,Streaming pipeline
Marketing-Platform,vpn-0dd6580,AWS,2026-06,809.6,0.0,0,410.42,VPN Gateway,Site-to-site VPN
Marketing-Platform,rds-0e87973,AWS,2026-06,485.7,134.9,0,573.41,RDS,db.t3.medium MySQL staging
Edge-Network,sns-0adf491,AWS,2026-06,0.0,0.0,11955350,5.98,SNS,Alert notifications
Analytics-Platform,gcs-05d0754,GCP,2026-06,0.0,2291.8,2291818,166.15,Cloud Storage,Media assets bucket
Analytics-Platform,aks-10a1281,AZURE,2026-06,487.6,0.0,0,731.55,AKS,Dev K8s cluster
Edge-Network,csql-0a92538,GCP,2026-06,865.7,240.5,0,1039.99,Cloud SQL,PostgreSQL replica
Internal-Tools,s3-04de710,AWS,2026-06,0.0,8321.7,520107,208.05,S3,Log archive bucket
Production-Main,func-0e70460,AZURE,2026-06,0.0,0.0,2787045,41.8,Azure Functions,Webhook processor
Mobile-Backend,eh-0ee7100,AZURE,2026-06,632.9,0.0,26369764,288.75,Event Hubs,Standard throughput units
Data-Science,gcs-08dc643,GCP,2026-06,0.0,546.5,8743615,101.1,Cloud Storage,Temp processing bucket
Edge-Network,csql-0dca965,GCP,2026-06,805.7,223.9,0,967.88,Cloud SQL,PostgreSQL replica
Security-Ops,sqldb-116c948,AZURE,2026-06,827.1,57.4,0,171.92,SQL Database,Basic dev database
DevOps-Central,sentinel-061b348,AZURE,2026-06,0.0,0.0,120715593,3017.89,Microsoft Sentinel,SIEM detection
Security-Ops,sqs-0efd772,AWS,2026-06,0.0,0.0,44577364,22.29,SQS,Event notification queue
Internal-Tools,lam-02ce460,AWS,2026-06,0.0,0.0,3899812,27.49,Lambda,Image resizer
Security-Ops,ecs-106e357,AWS,2026-06,187.5,0.0,0,342.13,ECS,Fargate batch cluster
Production-Main,ebs-0510188,AWS,2026-06,0.0,686.3,0,428.94,EBS,io2 volumes database
Compliance-Audit,eks-0398875,AWS,2026-06,564.6,0.0,0,1693.87,EKS,Production K8s cluster
DR-Recovery,appi-02f2887,AZURE,2026-06,0.0,0.0,62810952,785.14,Application Insights,APM telemetry
Customer-Portal,app-026a146,AZURE,2026-06,661.7,0.0,0,402.54,App Service,Web app P1v3
Finance-Systems,appi-0225717,AZURE,2026-06,0.0,0.0,45443727,568.05,Application Insights,APM telemetry
Production-Main,kv-0aae335,AZURE,2026-06,0.0,0.0,2421917,7.26,Key Vault,Secrets management
DevOps-Central,vm-090b907,AZURE,2026-06,775.1,0.0,0,235.78,Virtual Machines,B2s development VM
IoT-Platform,csql-0fbe637,GCP,2026-06,937.3,260.3,0,1505.82,Cloud SQL,PostgreSQL primary
Security-Ops,lam-0a77629,AWS,2026-06,0.0,0.0,25919155,181.43,Lambda,Data transformer
Partner-Integration,cdns-1022426,GCP,2026-06,0.0,0.0,14884676,22.33,Cloud DNS,DNS zones
Staging-Env,gcs-0106109,GCP,2026-06,0.0,13180.9,4393643,395.43,Cloud Storage,Data lake bucket
Internal-Tools,sqs-0dfd225,AWS,2026-06,0.0,0.0,59582116,29.78,SQS,Order processing queue
Production-Secondary,ses-0084349,AWS,2026-06,0.0,0.0,523032,0.63,SES,Marketing email
Internal-Tools,eh-10fe850,AZURE,2026-06,0.0,440.9,0,110.23,Event Hubs,Capture to storage
QA-Testing,cf-1064548,AWS,2026-06,0.0,0.0,147280768,736.4,CloudFront,CDN media distribution
Marketing-Platform,i-01ed199,AWS,2026-06,629.0,0.0,0,908.48,EC2,c5.xlarge compute worker
Security-Ops,ses-0189997,AWS,2026-06,0.0,0.0,2326700,2.79,SES,Transactional email
Shared-Services,fd-0f90890,AZURE,2026-06,0.0,0.0,76515422,573.88,Front Door,Global load balancer
Customer-Portal,appi-0cae731,AZURE,2026-06,0.0,0.0,23223262,290.29,Application Insights,Custom metrics
IoT-Platform,fs-0dac648,GCP,2026-06,745.0,20.7,51733275,543.21,Firestore,Session store
Production-Secondary,sqldb-0d25557,AZURE,2026-06,420.7,146.0,0,703.98,SQL Database,Standard S3 production
Partner-Integration,sqs-03d0699,AWS,2026-06,0.0,0.0,28805331,14.4,SQS,Event notification queue
DevOps-Central,appi-047d948,AZURE,2026-06,0.0,0.0,60288811,753.61,Application Insights,APM telemetry
Analytics-Platform,app-00bd383,AZURE,2026-06,876.3,0.0,0,533.06,App Service,Web app P1v3
Customer-Portal,i-082b392,AWS,2026-06,918.3,0.0,0,795.84,EC2,m5.large monitoring server
Security-Ops,bq-0849554,GCP,2026-06,0.0,8270.4,0,3308.16,BigQuery,ML training datasets
Partner-Integration,ado-065e537,AZURE,2026-06,0.0,102.5,0,25.61,Azure DevOps,Artifacts storage
Analytics-Platform,vai-0aa8578,GCP,2026-06,724.3,0.0,0,3621.63,Vertex AI,Training pipelines
Security-Ops,lam-0b97493,AWS,2026-06,0.0,0.0,3996715,28.18,Lambda,Image resizer
Edge-Network,i-0ebe182,AWS,2026-06,718.4,0.0,0,2490.69,EC2,r5.2xlarge database server
Finance-Systems,gcf-0749730,GCP,2026-06,0.0,0.0,13698754,205.48,Cloud Functions,Data triggers
Production-Main,blob-0efc134,AZURE,2026-06,0.0,2877.9,7674327,374.13,Blob Storage,Build artifacts
DevOps-Central,ebs-0a47271,AWS,2026-06,0.0,424.6,0,265.39,EBS,io2 volumes database
ML-Training,r53-05e4431,AWS,2026-06,0.0,0.0,12975984,19.46,Route 53,Health checks
Internal-Tools,lam-06df377,AWS,2026-06,0.0,0.0,9156959,64.1,Lambda,Notification dispatcher
Analytics-Platform,aks-0e44813,AZURE,2026-06,1270.7,0.0,0,1906.02,AKS,Staging K8s cluster
DevOps-Central,app-0b8f534,AZURE,2026-06,1043.2,0.0,0,158.66,App Service,Web app B1
Shared-Services,ado-0a0b685,AZURE,2026-06,500.0,0.0,0,250.0,Azure DevOps,Pipelines hosted
Finance-Systems,gcs-022d354,GCP,2026-06,0.0,8273.7,206843,190.3,Cloud Storage,Backup bucket
ML-Training,ebs-047e173,AWS,2026-06,0.0,653.0,0,408.1,EBS,io2 volumes database
Analytics-Platform,clog-00b3386,GCP,2026-06,0.0,176.2,0,44.04,Cloud Logging,Audit logs
Production-Secondary,mem-0953822,GCP,2026-06,496.9,0.0,0,357.74,Memorystore,Redis production cache
Security-Ops,df-0857910,GCP,2026-06,328.9,0.0,0,800.41,Dataflow,Batch pipeline
Compliance-Audit,i-0a7d533,AWS,2026-06,1103.1,0.0,0,80.53,EC2,t3.micro bastion host
Security-Ops,csql-07d8129,GCP,2026-06,611.1,169.8,0,734.17,Cloud SQL,PostgreSQL replica
Production-Main,lam-0e06405,AWS,2026-06,0.0,0.0,31305372,219.14,Lambda,Data transformer
Internal-Tools,vpn-02d0237,AWS,2026-06,546.7,0.0,0,138.58,VPN Gateway,Client VPN endpoint
Marketing-Platform,cr-0666505,GCP,2026-06,524.8,0.0,2186712,682.26,Cloud Run,ETL pipeline service
Staging-Env,fs-0990514,GCP,2026-06,1152.7,80.0,48027878,660.38,Firestore,User profiles DB
Data-Science,ses-04d0520,AWS,2026-06,0.0,0.0,2339557,2.81,SES,Transactional email
Mobile-Backend,sqldb-04db913,AZURE,2026-06,870.9,604.8,0,3531.87,SQL Database,Premium P1 analytics
QA-Testing,lam-0d3d329,AWS,2026-06,0.0,0.0,2883044,20.18,Lambda,Webhook processor
Internal-Tools,lam-0a62935,AWS,2026-06,0.0,0.0,21422861,149.96,Lambda,Data transformer
Customer-Portal,func-025e719,AZURE,2026-06,0.0,0.0,2892052,43.38,Azure Functions,Webhook processor
IoT-Platform,bq-044c961,GCP,2026-06,0.0,7120.3,0,2848.1,BigQuery,Analytics data warehouse
DR-Recovery,redis-112b516,AZURE,2026-06,726.8,0.0,0,884.28,Azure Cache for Redis,Premium P1 cache
Compliance-Audit,s3-038d550,AWS,2026-06,0.0,3656.2,5849854,266.9,S3,Media content bucket
Finance-Systems,sentinel-0918997,AZURE,2026-06,0.0,0.0,115568530,2889.21,Microsoft Sentinel,SIEM detection
Data-Science,mem-0e05561,GCP,2026-06,363.3,0.0,0,261.6,Memorystore,Redis staging cache
Finance-Systems,app-0bd2556,AZURE,2026-06,1036.6,0.0,0,157.64,App Service,Web app B1
Analytics-Platform,gcs-08d5306,GCP,2026-06,0.0,2614.6,2614570,189.55,Cloud Storage,Media assets bucket
Finance-Systems,sb-0af7412,AZURE,2026-06,0.0,0.0,28592591,71.48,Service Bus,Standard messaging
Shared-Services,func-01cb238,AZURE,2026-06,0.0,0.0,420062,6.3,Azure Functions,Timer triggers
Mobile-Backend,sb-033e339,AZURE,2026-06,732.2,0.0,10169304,556.77,Service Bus,Premium messaging
Marketing-Platform,rds-01e5261,AWS,2026-06,425.5,118.2,0,502.36,RDS,db.t3.medium MySQL staging
Security-Ops,s3-0c00456,AWS,2026-06,0.0,18696.8,3739352,654.38,S3,Data lake raw zone
Analytics-Platform,bq-08f6597,GCP,2026-06,0.0,2577.1,0,1030.82,BigQuery,BI reporting views
Internal-Tools,gcs-07fe763,GCP,2026-06,0.0,17552.3,5850763,526.57,Cloud Storage,Data lake bucket
Security-Ops,lam-0f95467,AWS,2026-06,0.0,0.0,3690564,26.02,Lambda,Image resizer
Staging-Env,vai-0c7b152,GCP,2026-06,504.6,0.0,0,2522.83,Vertex AI,Training pipelines
Security-Ops,lam-0178762,AWS,2026-06,0.0,0.0,1252458,9.39,Lambda,Cron job runner
Data-Science,gcf-0f09760,GCP,2026-06,0.0,0.0,11717302,175.76,Cloud Functions,Auth handlers
Finance-Systems,cr-0f59927,GCP,2026-06,335.6,0.0,2796986,290.89,Cloud Run,Webhook handler
Analytics-Platform,cr-0a6a717,GCP,2026-06,522.3,0.0,2175969,678.9,Cloud Run,ETL pipeline service
Production-Main,vm-0522364,AZURE,2026-06,625.9,0.0,0,761.54,Virtual Machines,D4s v3 CI runner
Production-Main,vai-07c7834,GCP,2026-06,723.8,0.0,8042150,1568.22,Vertex AI,Model serving endpoints
Customer-Portal,kv-0261440,AZURE,2026-06,0.0,0.0,423111,1.27,Key Vault,Certificate store
ML-Training,i-036b203,AWS,2026-06,527.5,0.0,0,1828.79,EC2,m5.2xlarge batch processor
Shared-Services,vm-08c4697,AZURE,2026-06,906.0,0.0,0,3307.0,Virtual Machines,E8s v3 memory-optimized
Partner-Integration,sqldb-0e15863,AZURE,2026-06,735.5,510.7,0,2982.94,SQL Database,Premium P1 analytics
Mobile-Backend,ebs-1018746,AWS,2026-06,0.0,3859.7,0,173.69,EBS,st1 volumes archive
Compliance-Audit,s3-1162957,AWS,2026-06,0.0,11189.7,111897,257.36,S3,Backup storage bucket
Customer-Portal,ps-0661860,GCP,2026-06,0.0,0.0,46165606,577.07,Pub/Sub,Log forwarding
Finance-Systems,sqldb-0a6c230,AZURE,2026-06,1059.3,73.6,0,220.16,SQL Database,Basic dev database
ML-Training,r53-0c3c716,AWS,2026-06,0.0,0.0,13441440,20.16,Route 53,Health checks
Edge-Network,ps-0dae809,GCP,2026-06,0.0,0.0,37953310,474.42,Pub/Sub,Log forwarding
Production-Main,ecs-0a4c265,AWS,2026-06,396.6,0.0,0,723.87,ECS,Fargate worker cluster
Analytics-Platform,redis-00c1155,AZURE,2026-06,526.9,0.0,0,641.11,Azure Cache for Redis,Premium P1 cache
Internal-Tools,ebs-0bf3427,AWS,2026-06,0.0,1343.4,0,167.91,EBS,gp3 volumes production
IoT-Platform,cr-096e898,GCP,2026-06,426.6,0.0,3555249,369.75,Cloud Run,Webhook handler
DR-Recovery,eh-0830824,AZURE,2026-06,0.0,483.6,0,120.89,Event Hubs,Capture to storage
Production-Secondary,sqs-06ac317,AWS,2026-06,0.0,0.0,25520956,12.76,SQS,Event notification queue
DevOps-Central,redis-0678471,AZURE,2026-06,708.8,0.0,0,862.35,Azure Cache for Redis,Premium P1 cache
Analytics-Platform,fs-009f267,GCP,2026-06,896.0,62.2,37333629,513.34,Firestore,User profiles DB
Compliance-Audit,s3-08c6538,AWS,2026-06,0.0,3312.5,1656235,124.21,S3,Analytics export bucket
Production-Main,app-0e9e755,AZURE,2026-06,572.0,0.0,0,695.9,App Service,API app P2v3
Customer-Portal,vpn-047a741,AWS,2026-06,962.2,0.0,0,243.9,VPN Gateway,Client VPN endpoint
Marketing-Platform,vai-0b50204,GCP,2026-06,521.7,0.0,5796649,1130.35,Vertex AI,Model serving endpoints
Customer-Portal,vm-0d14393,AZURE,2026-06,579.8,0.0,0,352.7,Virtual Machines,D2s v3 utility server
Shared-Services,cosmos-01c5475,AZURE,2026-06,573.4,79.6,19909664,746.61,Cosmos DB,Event store
Partner-Integration,sqs-0cee896,AWS,2026-06,0.0,0.0,37476849,18.73,SQS,Event notification queue
Production-Main,blob-002e702,AZURE,2026-06,0.0,5438.7,0,543.87,Blob Storage,Security audit logs
Internal-Tools,rds-0d59420,AWS,2026-06,496.9,552.0,0,1159.35,RDS,db.m5.xlarge analytics DB
Mobile-Backend,azmon-0c97221,AZURE,2026-06,0.0,380.6,50746075,539.17,Azure Monitor,Logs and metrics
Security-Ops,gke-0d9c385,GCP,2026-06,2639.4,0.0,0,5278.87,GKE,ML training cluster
Partner-Integration,gcs-09db877,GCP,2026-06,0.0,15293.4,38232,152.93,Cloud Storage,Archive bucket
Production-Main,lam-0e64419,AWS,2026-06,0.0,0.0,7047211,49.34,Lambda,Notification dispatcher
Internal-Tools,ebs-0a17241,AWS,2026-06,0.0,398.6,0,249.12,EBS,io2 volumes database
Marketing-Platform,sm-0b53746,AWS,2026-06,0.0,0.0,906865,3.63,Secrets Manager,Application secrets
Analytics-Platform,bq-0aad103,GCP,2026-06,0.0,2259.5,0,903.81,BigQuery,BI reporting views
Finance-Systems,s3-09cc225,AWS,2026-06,0.0,1295.6,2591114,113.37,S3,Artifact storage
Data-Science,i-04a3473,AWS,2026-06,367.8,0.0,0,1066.58,EC2,c5.2xlarge HPC node
Compliance-Audit,rds-0bdd884,AWS,2026-06,1062.8,295.3,0,959.47,RDS,db.t3.large development DB
Shared-Services,rds-09b7314,AWS,2026-06,586.8,163.0,0,529.71,RDS,db.t3.large development DB
Security-Ops,lam-0f1a552,AWS,2026-06,0.0,0.0,29721207,208.04,Lambda,Data transformer
Production-Main,cmon-0869801,GCP,2026-06,0.0,0.0,24736840,197.89,Cloud Monitoring,Metrics and alerting
Internal-Tools,s3-0751248,AWS,2026-06,0.0,8374.8,83746,192.61,S3,Backup storage bucket
Marketing-Platform,sm-089e505,AWS,2026-06,0.0,0.0,1055150,4.22,Secrets Manager,Application secrets
DevOps-Central,appi-0d57672,AZURE,2026-06,0.0,0.0,18596012,232.46,Application Insights,Custom metrics
Security-Ops,ec-0f29845,AWS,2026-06,753.3,0.0,0,271.21,ElastiCache,Redis staging cluster
Production-Main,cf-1086153,AWS,2026-06,0.0,0.0,33770946,168.85,CloudFront,CDN static assets
Production-Secondary,csql-0a6b702,GCP,2026-06,617.6,428.8,0,1217.91,Cloud SQL,MySQL analytics
Production-Main,vai-0507510,GCP,2026-06,750.9,0.0,8342822,1626.85,Vertex AI,Model serving endpoints
Production-Secondary,sqldb-050d815,AZURE,2026-06,467.3,162.3,0,781.98,SQL Database,Standard S3 production
Customer-Portal,cosmos-057f603,AZURE,2026-06,690.2,47.9,14379347,467.33,Cosmos DB,Config store
Analytics-Platform,ca-0cad296,GCP,2026-06,0.0,0.0,80816412,303.06,Cloud Armor,WAF policies
Edge-Network,csql-0624779,GCP,2026-06,875.1,243.1,0,1051.28,Cloud SQL,PostgreSQL replica
Customer-Portal,eh-0501800,AZURE,2026-06,0.0,650.7,0,162.68,Event Hubs,Capture to storage
Customer-Portal,ses-0a5c461,AWS,2026-06,0.0,0.0,727767,0.87,SES,Marketing email
Analytics-Platform,cr-04f2770,GCP,2026-06,476.7,0.0,1986297,619.73,Cloud Run,ETL pipeline service
Production-Secondary,ecs-06ba406,AWS,2026-06,418.0,0.0,0,762.81,ECS,Fargate worker cluster
Security-Ops,df-099a532,GCP,2026-06,320.7,0.0,0,780.43,Dataflow,Batch pipeline
IoT-Platform,csql-034b365,GCP,2026-06,797.5,221.5,0,958.1,Cloud SQL,PostgreSQL replica
DevOps-Central,appi-0f19138,AZURE,2026-06,0.0,0.0,55655082,695.68,Application Insights,APM telemetry
Finance-Systems,vm-10f9391,AZURE,2026-06,743.4,0.0,0,1808.59,Virtual Machines,D8s v3 application server
Partner-Integration,bq-0a3d119,GCP,2026-06,0.0,12073.4,0,4829.33,BigQuery,Analytics data warehouse
Shared-Services,sb-09c5978,AZURE,2026-06,743.2,0.0,10321608,565.11,Service Bus,Premium messaging
Data-Science,ps-100e742,GCP,2026-06,0.0,0.0,22552252,281.91,Pub/Sub,Event streaming
Finance-Systems,csql-09d4523,GCP,2026-06,670.0,186.2,0,1076.57,Cloud SQL,PostgreSQL primary
Data-Science,gcs-06d2218,GCP,2026-06,0.0,550.0,8799664,101.75,Cloud Storage,Temp processing bucket
Security-Ops,df-076a110,GCP,2026-06,358.5,0.0,0,872.52,Dataflow,Batch pipeline
ML-Training,ebs-037a362,AWS,2026-06,0.0,747.5,0,93.43,EBS,gp3 volumes production
Marketing-Platform,ddb-0631674,AWS,2026-06,678.4,47.2,75383489,530.04,DynamoDB,Session store table
Marketing-Platform,rs-1184112,AWS,2026-06,0.0,0.0,6334809,316.74,Redshift,Spectrum queries
Finance-Systems,s3-0af5560,AWS,2026-06,0.0,6187.4,61873,142.31,S3,Backup storage bucket
Partner-Integration,df-0e2e494,GCP,2026-06,953.3,0.0,0,2319.68,Dataflow,Streaming pipeline
Edge-Network,csp-0306871,GCP,2026-06,893.8,124.1,62071116,5437.43,Cloud Spanner,Global transaction DB
Mobile-Backend,sqs-09bf888,AWS,2026-06,0.0,0.0,359515,0.18,SQS,Dead letter queue
DevOps-Central,appi-0dd3396,AZURE,2026-06,0.0,0.0,13560992,169.52,Application Insights,Custom metrics
Finance-Systems,cosmos-0219643,AZURE,2026-06,529.6,73.6,18388395,689.56,Cosmos DB,Event store
Security-Ops,s3-05b8656,AWS,2026-06,0.0,50.8,25408065,165.15,S3,Static website hosting
Marketing-Platform,vai-0538638,GCP,2026-06,456.7,0.0,0,2283.24,Vertex AI,Training pipelines
Production-Secondary,elb-0fdd444,AWS,2026-06,627.2,0.0,43550989,271.76,ELB,Network load balancer
Finance-Systems,cr-0f0e694,GCP,2026-06,603.8,0.0,2515504,784.83,Cloud Run,ETL pipeline service
Internal-Tools,eh-104e481,AZURE,2026-06,0.0,596.5,0,149.14,Event Hubs,Capture to storage
Marketing-Platform,rds-0a36947,AWS,2026-06,411.1,114.3,0,485.28,RDS,db.t3.medium MySQL staging
Production-Main,acr-0035926,AZURE,2026-06,0.0,312.3,624616,206.12,Container Registry,Docker image registry
Edge-Network,gke-0f9a884,GCP,2026-06,2086.9,0.0,0,4173.92,GKE,ML training cluster
Finance-Systems,eh-05d4851,AZURE,2026-06,671.7,0.0,27986071,306.44,Event Hubs,Standard throughput units
Production-Main,vai-115d400,GCP,2026-06,526.7,0.0,0,2633.63,Vertex AI,Training pipelines
Security-Ops,lam-0e14664,AWS,2026-06,0.0,0.0,1195553,8.96,Lambda,Cron job runner
Data-Science,mem-09e1108,GCP,2026-06,392.2,0.0,0,282.4,Memorystore,Redis staging cache
Internal-Tools,lam-1019595,AWS,2026-06,0.0,0.0,1222110,9.17,Lambda,Cron job runner
Production-Main,gcs-08cf702,GCP,2026-06,0.0,8527.3,213181,196.13,Cloud Storage,Backup bucket
Security-Ops,ec-0aea108,AWS,2026-06,704.7,0.0,0,253.71,ElastiCache,Redis staging cluster
Marketing-Platform,ec-07f7887,AWS,2026-06,664.3,0.0,0,478.3,ElastiCache,Redis production cluster
Marketing-Platform,gke-1107964,GCP,2026-06,2320.9,0.0,0,4641.82,GKE,ML training cluster
Staging-Env,fs-0874807,GCP,2026-06,492.8,13.7,34224740,359.36,Firestore,Session store
Edge-Network,gcs-0996314,GCP,2026-06,0.0,19721.3,6573765,591.64,Cloud Storage,Data lake bucket
Compliance-Audit,rds-0914885,AWS,2026-06,661.2,459.2,0,1699.1,RDS,db.r5.xlarge PostgreSQL primary
Compliance-Audit,s3-1074650,AWS,2026-06,0.0,16325.5,3265066,571.38,S3,Data lake raw zone
Finance-Systems,gcs-0f77491,GCP,2026-06,0.0,391.3,6259646,72.38,Cloud Storage,Temp processing bucket
Analytics-Platform,gcs-103b639,GCP,2026-06,0.0,1961.7,980839,304.06,Cloud Storage,Model artifacts
Partner-Integration,sqs-0a84952,AWS,2026-06,0.0,0.0,32770119,16.38,SQS,Event notification queue
DevOps-Central,redis-05a6544,AZURE,2026-06,719.7,0.0,0,875.64,Azure Cache for Redis,Premium P1 cache
Partner-Integration,eh-0fc3866,AZURE,2026-06,593.2,0.0,24716054,270.64,Event Hubs,Standard throughput units
Edge-Network,bq-08a9565,GCP,2026-06,0.0,5355.0,0,2142.01,BigQuery,Log analytics
QA-Testing,lam-0d07109,AWS,2026-06,0.0,0.0,3661035,25.81,Lambda,Image resizer
Mobile-Backend,vm-080e442,AZURE,2026-06,824.9,0.0,0,1171.4,Virtual Machines,F4s v2 compute node
Production-Main,cf-0004444,AWS,2026-06,0.0,0.0,116454177,582.27,CloudFront,CDN web distribution
Finance-Systems,eh-0e99947,AZURE,2026-06,663.4,0.0,27639749,302.65,Event Hubs,Standard throughput units
Finance-Systems,app-063b847,AZURE,2026-06,841.3,0.0,0,1023.54,App Service,API app P2v3
Analytics-Platform,mem-0e2a421,GCP,2026-06,565.9,0.0,0,407.42,Memorystore,Redis production cache
Compliance-Audit,s3-0391199,AWS,2026-06,0.0,2968.8,17812944,742.21,S3,Production asset storage
Edge-Network,sns-0dc0114,AWS,2026-06,0.0,0.0,12230931,6.12,SNS,Alert notifications
Production-Main,vai-004e568,GCP,2026-06,552.9,0.0,0,2764.44,Vertex AI,Training pipelines
Marketing-Platform,sm-0999408,AWS,2026-06,0.0,0.0,957310,3.83,Secrets Manager,Application secrets
Compliance-Audit,r53-0f97693,AWS,2026-06,0.0,0.0,6944774,10.42,Route 53,Health checks
Finance-Systems,s3-06e1275,AWS,2026-06,0.0,11074.0,2214796,387.59,S3,Data lake raw zone
Customer-Portal,i-115b995,AWS,2026-06,638.0,0.0,0,46.57,EC2,t3.micro bastion host
Mobile-Backend,sm-0332348,AWS,2026-06,0.0,0.0,1217703,4.87,Secrets Manager,Application secrets
Internal-Tools,gcs-0651710,GCP,2026-06,0.0,421.5,6745696,78.0,Cloud Storage,Temp processing bucket
DevOps-Central,aks-0f3b213,AZURE,2026-06,2035.9,0.0,0,3053.81,AKS,Staging K8s cluster
Internal-Tools,ebs-02ab559,AWS,2026-06,0.0,4819.5,0,216.88,EBS,st1 volumes archive
Production-Secondary,s3-0e24718,AWS,2026-06,0.0,1041.0,2081899,91.08,S3,Artifact storage
Partner-Integration,gcs-03b9519,GCP,2026-06,0.0,17767.2,44417,177.67,Cloud Storage,Archive bucket
Production-Secondary,eh-0f4e930,AZURE,2026-06,0.0,706.1,0,176.52,Event Hubs,Capture to storage
Security-Ops,lam-0649249,AWS,2026-06,0.0,0.0,26493943,185.45,Lambda,Data transformer
Customer-Portal,appi-0256518,AZURE,2026-06,0.0,0.0,23748317,296.85,Application Insights,Custom metrics
Edge-Network,csql-0a34427,GCP,2026-06,863.7,239.9,0,1037.6,Cloud SQL,PostgreSQL replica
Shared-Services,rds-01a2711,AWS,2026-06,960.2,1066.9,0,2240.45,RDS,db.m5.xlarge analytics DB
Marketing-Platform,vpn-112e330,AWS,2026-06,726.1,0.0,0,184.06,VPN Gateway,Client VPN endpoint
Edge-Network,i-0325468,AWS,2026-06,733.4,0.0,0,2542.52,EC2,r5.2xlarge database server
Finance-Systems,elb-0edb765,AWS,2026-06,653.7,0.0,9078839,132.18,ELB,Classic load balancer
Edge-Network,bq-0f45454,GCP,2026-06,0.0,7140.0,0,2855.99,BigQuery,Analytics data warehouse
Shared-Services,aks-07ce741,AZURE,2026-06,1064.3,0.0,0,1596.34,AKS,Staging K8s cluster
DevOps-Central,aks-0748902,AZURE,2026-06,311.9,0.0,0,467.95,AKS,Dev K8s cluster
Production-Secondary,clog-06a5604,GCP,2026-06,0.0,170.1,0,42.53,Cloud Logging,Audit logs
Marketing-Platform,gke-01f2581,GCP,2026-06,555.8,0.0,0,1667.49,GKE,Batch processing cluster
Internal-Tools,ebs-09b0400,AWS,2026-06,0.0,447.9,0,279.96,EBS,io2 volumes database
Finance-Systems,eks-10b8855,AWS,2026-06,914.9,0.0,0,2744.72,EKS,Production K8s cluster
Security-Ops,ps-043d277,GCP,2026-06,0.0,0.0,29655666,370.69,Pub/Sub,Event streaming
Finance-Systems,blob-0209645,AZURE,2026-06,0.0,8174.1,3065293,434.25,Blob Storage,Data lake storage
Internal-Tools,rds-0614124,AWS,2026-06,808.3,561.3,0,1599.77,RDS,db.r5.large PostgreSQL replica
DR-Recovery,kv-02ec904,AZURE,2026-06,0.0,0.0,2747880,8.24,Key Vault,Secrets management
Marketing-Platform,ddb-08e1627,AWS,2026-06,486.7,33.9,54088557,380.31,DynamoDB,Session store table
Staging-Env,cr-0881110,GCP,2026-06,589.4,0.0,2455717,766.18,Cloud Run,ETL pipeline service
Data-Science,r53-0149781,AWS,2026-06,0.0,0.0,9475186,14.21,Route 53,Health checks
Analytics-Platform,mem-05ad446,GCP,2026-06,338.2,0.0,0,243.46,Memorystore,Redis staging cache
DevOps-Central,aks-0e98359,AZURE,2026-06,414.0,0.0,0,621.11,AKS,Dev K8s cluster
Customer-Portal,ses-074e901,AWS,2026-06,0.0,0.0,704967,0.85,SES,Marketing email
DevOps-Central,kv-07d7650,AZURE,2026-06,0.0,0.0,409513,1.23,Key Vault,Certificate store
Edge-Network,vpn-05d8638,AWS,2026-06,650.7,0.0,0,164.92,VPN Gateway,Client VPN endpoint
Production-Secondary,csql-0831452,GCP,2026-06,651.4,452.3,0,1284.65,Cloud SQL,MySQL analytics
Internal-Tools,vai-07d4545,GCP,2026-06,853.8,0.0,9486105,1849.79,Vertex AI,Model serving endpoints
Shared-Services,func-07ef321,AZURE,2026-06,0.0,0.0,10931047,163.97,Azure Functions,API handlers
Mobile-Backend,vm-10bb955,AZURE,2026-06,881.7,0.0,0,1252.12,Virtual Machines,F4s v2 compute node
Partner-Integration,redis-0e4a190,AZURE,2026-06,769.4,0.0,0,936.09,Azure Cache for Redis,Premium P1 cache
Shared-Services,func-01ca602,AZURE,2026-06,0.0,0.0,2699711,40.5,Azure Functions,Webhook processor
Customer-Portal,cf-028a177,AWS,2026-06,0.0,0.0,73312568,366.56,CloudFront,CDN web distribution
Mobile-Backend,sqs-1135610,AWS,2026-06,0.0,0.0,366999,0.19,SQS,Dead letter queue
Customer-Portal,vai-111c139,GCP,2026-06,196.1,0.0,0,980.59,Vertex AI,AutoML jobs
Security-Ops,bq-08af736,GCP,2026-06,0.0,7014.2,0,2805.68,BigQuery,Analytics data warehouse
Finance-Systems,appi-0226443,AZURE,2026-06,0.0,0.0,15502209,193.78,Application Insights,Custom metrics
Mobile-Backend,vm-103c910,AZURE,2026-06,579.1,0.0,0,1056.71,Virtual Machines,E4s v3 SIEM collector
Staging-Env,gke-0a8b163,GCP,2026-06,710.3,0.0,0,2130.88,GKE,Production API cluster
Edge-Network,elb-0329218,AWS,2026-06,843.8,0.0,11718843,170.63,ELB,Classic load balancer
Compliance-Audit,rds-0cc0641,AWS,2026-06,897.4,623.2,0,1776.01,RDS,db.r5.large PostgreSQL replica
Security-Ops,vm-0f8c889,AZURE,2026-06,712.8,0.0,0,433.59,Virtual Machines,D2s v3 utility server
