Account_Name,Resource_ID,Cloud_Provider,Billing_Period,Compute_Hours,Storage_GB_Used,API_Requests,Total_Charge,Service_Name,Description
Mobile-Backend,ebs-0ab8278,AWS,2026-07,0.0,3639.5,0,159.66,EBS,st1 volumes archive
Internal-Tools,gcs-10b6998,GCP,2026-07,0.0,2536.3,1259076,400.88,Cloud Storage,Model artifacts
Customer-Portal,gcf-0b90135,GCP,2026-07,0.0,0.0,20869319,318.29,Cloud Functions,Pub/Sub processors
Data-Science,cf-0140766,AWS,2026-07,0.0,0.0,117054610,605.65,CloudFront,CDN web distribution
Security-Ops,ebs-0bcb202,AWS,2026-07,0.0,5042.6,0,226.87,EBS,st1 volumes archive
Marketing-Platform,vai-0ae7409,GCP,2026-07,714.3,0.0,0,3474.91,Vertex AI,Training pipelines
Data-Science,csp-096a716,GCP,2026-07,626.2,88.4,44483609,3874.50,Cloud Spanner,Global transaction DB
Marketing-Platform,rs-0483517,AWS,2026-07,691.6,1880.4,0,3475.47,Redshift,Data warehouse cluster
Production-Main,sns-114a513,AWS,2026-07,0.0,0.0,7069909,3.50,SNS,Alert notifications
Security-Ops,s3-017f436,AWS,2026-07,0.0,18845.5,3786284,651.09,S3,Data lake raw zone
DevOps-Central,ado-00e2292,AZURE,2026-07,0.0,108.1,0,26.63,Azure DevOps,Artifacts storage
DevOps-Central,redis-0b8c869,AZURE,2026-07,1013.3,0.0,0,1243.67,Azure Cache for Redis,Premium P1 cache
Internal-Tools,rds-0f84794,AWS,2026-07,1050.9,1444.9,0,4609.77,RDS,db.r5.2xlarge Aurora cluster
DevOps-Central,kin-09fd183,AWS,2026-07,1027.2,0.0,27724078,416.98,Kinesis,Firehose delivery
Staging-Env,vai-094d369,GCP,2026-07,611.2,0.0,0,3030.96,Vertex AI,Training pipelines
Internal-Tools,sqs-1090601,AWS,2026-07,0.0,0.0,66048270,32.61,SQS,Order processing queue
Shared-Services,fd-0ecb547,AZURE,2026-07,0.0,0.0,87928264,647.44,Front Door,Global load balancer
Mobile-Backend,ebs-0ed8926,AWS,2026-07,0.0,3166.5,0,139.47,EBS,st1 volumes archive
Partner-Integration,rds-09ee347,AWS,2026-07,905.2,647.1,0,1836.67,RDS,db.r5.large PostgreSQL replica
DevOps-Central,sm-00d1740,AWS,2026-07,0.0,0.0,1358557,5.41,Secrets Manager,Application secrets
Production-Secondary,ecs-0b92760,AWS,2026-07,546.7,0.0,0,954.93,ECS,Fargate API cluster
Production-Main,eh-0bee571,AZURE,2026-07,682.4,0.0,28232125,315.79,Event Hubs,Standard throughput units
Production-Secondary,nat-0083744,AWS,2026-07,747.3,0.0,0,175.60,NAT Gateway,Staging VPC NAT
Partner-Integration,gcs-0f81901,GCP,2026-07,0.0,20384.8,52331,207.61,Cloud Storage,Archive bucket
DR-Recovery,cosmos-04b4890,AZURE,2026-07,988.9,67.2,20216923,658.77,Cosmos DB,Config store
Data-Science,gcf-0117841,GCP,2026-07,0.0,0.0,11280333,164.44,Cloud Functions,Auth handlers
Marketing-Platform,i-01e6426,AWS,2026-07,1027.5,0.0,0,74.53,EC2,t3.micro bastion host
DevOps-Central,azmon-0b5a859,AZURE,2026-07,0.0,353.1,44773226,501.89,Azure Monitor,Logs and metrics
Staging-Env,df-080d892,GCP,2026-07,657.0,0.0,0,1642.18,Dataflow,Streaming pipeline
Data-Science,cosmos-0de3347,AZURE,2026-07,833.1,235.5,46738855,1913.74,Cosmos DB,User data store
Customer-Portal,eh-067c886,AZURE,2026-07,0.0,662.4,0,166.76,Event Hubs,Capture to storage
Security-Ops,ecs-0ca2184,AWS,2026-07,530.9,0.0,0,946.49,ECS,Fargate API cluster
Production-Secondary,sqs-0086923,AWS,2026-07,0.0,0.0,27837576,13.70,SQS,Event notification queue
Internal-Tools,gcs-0a02698,GCP,2026-07,0.0,506.1,8234152,93.23,Cloud Storage,Temp processing bucket
Finance-Systems,eks-061d810,AWS,2026-07,935.5,0.0,0,2659.89,EKS,Production K8s cluster
Production-Main,kin-045b307,AWS,2026-07,777.0,0.0,22366690,315.19,Kinesis,Firehose delivery
Shared-Services,nat-0d7f916,AWS,2026-07,735.2,0.0,0,322.34,NAT Gateway,Production VPC NAT
Finance-Systems,aks-0bf9833,AZURE,2026-07,259.8,0.0,0,396.26,AKS,Dev K8s cluster
Customer-Portal,ebs-0b9a537,AWS,2026-07,0.0,562.2,0,362.32,EBS,io2 volumes database
Production-Main,cmon-0696406,GCP,2026-07,0.0,0.0,21660056,175.36,Cloud Monitoring,Metrics and alerting
DevOps-Central,ec-0ce8236,AWS,2026-07,779.4,0.0,0,562.96,ElastiCache,Redis production cluster
Partner-Integration,sm-0856857,AWS,2026-07,0.0,0.0,1483560,6.21,Secrets Manager,Application secrets
Security-Ops,vm-0f8c889,AZURE,2026-07,755.4,0.0,0,466.21,Virtual Machines,D2s v3 utility server
Compliance-Audit,elb-0aeb454,AWS,2026-07,475.7,0.0,33198465,205.68,ELB,Network load balancer
Mobile-Backend,ebs-0898961,AWS,2026-07,0.0,4439.4,0,199.69,EBS,st1 volumes archive
Marketing-Platform,gke-110b932,GCP,2026-07,3849.6,0.0,0,7727.54,GKE,GPU node pool
Security-Ops,lam-017a794,AWS,2026-07,0.0,0.0,4039370,28.91,Lambda,Image resizer
Partner-Integration,rds-1042178,AWS,2026-07,1012.3,667.1,0,1975.75,RDS,db.r5.large PostgreSQL replica
Customer-Portal,blob-0442236,AZURE,2026-07,0.0,5919.1,0,583.55,Blob Storage,Security audit logs
Customer-Portal,csql-027c570,GCP,2026-07,1028.8,287.0,0,1252.49,Cloud SQL,PostgreSQL replica
IoT-Platform,bq-0d7b721,GCP,2026-07,0.0,2081.1,0,845.08,BigQuery,Data export queries
Analytics-Platform,aks-059f313,AZURE,2026-07,1442.6,0.0,0,2167.82,AKS,Staging K8s cluster
Customer-Portal,clog-0274116,GCP,2026-07,0.0,629.1,0,153.25,Cloud Logging,Application logs
Edge-Network,df-098c180,GCP,2026-07,692.0,0.0,0,1703.59,Dataflow,Streaming pipeline
Data-Science,gcf-0cd0636,GCP,2026-07,0.0,0.0,21778257,324.94,Cloud Functions,Pub/Sub processors
Security-Ops,sm-08a6920,AWS,2026-07,0.0,0.0,1281380,5.34,Secrets Manager,Application secrets
Customer-Portal,blob-0c4e917,AZURE,2026-07,0.0,5264.8,0,502.53,Blob Storage,Security audit logs
Production-Main,eh-0026187,AZURE,2026-07,0.0,713.9,0,178.21,Event Hubs,Capture to storage
Compliance-Audit,sns-0c1d686,AWS,2026-07,0.0,0.0,12346275,6.32,SNS,Alert notifications
IoT-Platform,mem-0d64683,GCP,2026-07,830.0,0.0,0,585.55,Memorystore,Redis production cache
Customer-Portal,appi-0257485,AZURE,2026-07,0.0,0.0,42352492,524.86,Application Insights,APM telemetry
DevOps-Central,vm-0814453,AZURE,2026-07,669.4,0.0,0,207.47,Virtual Machines,B2s development VM
Edge-Network,ecs-031f111,AWS,2026-07,300.7,0.0,0,573.02,ECS,Fargate worker cluster
ML-Training,i-0dad813,AWS,2026-07,661.5,0.0,0,2259.85,EC2,r5.2xlarge database server
Production-Secondary,redis-0801574,AZURE,2026-07,1118.2,0.0,0,594.96,Azure Cache for Redis,Standard C2 cache
Marketing-Platform,sm-0a3a425,AWS,2026-07,0.0,0.0,900298,3.67,Secrets Manager,Application secrets
Compliance-Audit,kin-083d194,AWS,2026-07,731.2,0.0,29766095,430.23,Kinesis,Data stream ingestion
Finance-Systems,gcf-1015168,GCP,2026-07,0.0,0.0,8611274,132.14,Cloud Functions,Auth handlers
Partner-Integration,eks-03c5402,AWS,2026-07,828.7,0.0,0,2409.15,EKS,Production K8s cluster
Edge-Network,lam-0e35921,AWS,2026-07,0.0,0.0,21736669,146.76,Lambda,Data transformer
Finance-Systems,ado-0e52241,AZURE,2026-07,579.5,0.0,0,291.67,Azure DevOps,Pipelines hosted
Marketing-Platform,sm-0d30645,AWS,2026-07,0.0,0.0,1170441,4.67,Secrets Manager,Application secrets
Marketing-Platform,sm-0e7c136,AWS,2026-07,0.0,0.0,864076,3.46,Secrets Manager,Application secrets
Finance-Systems,sentinel-07b4432,AZURE,2026-07,0.0,0.0,119794527,2887.64,Microsoft Sentinel,SIEM detection
Partner-Integration,elb-0bd4274,AWS,2026-07,646.4,0.0,9025682,135.81,ELB,Classic load balancer
Marketing-Platform,gke-0c87458,GCP,2026-07,1941.3,0.0,0,3950.57,GKE,ML training cluster
Internal-Tools,rs-02b6574,AWS,2026-07,0.0,0.0,5090588,263.21,Redshift,Spectrum queries
Production-Secondary,sentinel-0502751,AZURE,2026-07,0.0,0.0,70719792,1747.29,Microsoft Sentinel,SIEM detection
Data-Science,rs-0146862,AWS,2026-07,791.8,2110.2,0,3848.17,Redshift,Data warehouse cluster
ML-Training,lam-055d746,AWS,2026-07,0.0,0.0,11160884,77.73,Lambda,Notification dispatcher
Customer-Portal,func-0958195,AZURE,2026-07,0.0,0.0,2749899,40.93,Azure Functions,Webhook processor
Finance-Systems,kv-0563504,AZURE,2026-07,0.0,0.0,3123016,9.18,Key Vault,Secrets management
Finance-Systems,gcf-0517299,GCP,2026-07,0.0,0.0,9342975,141.87,Cloud Functions,Auth handlers
Partner-Integration,azmon-0cc4223,AZURE,2026-07,0.0,210.4,28965142,298.09,Azure Monitor,Logs and metrics
Data-Science,blob-0d32531,AZURE,2026-07,0.0,2640.6,7192099,340.88,Blob Storage,Build artifacts
Production-Secondary,blob-04dd841,AZURE,2026-07,0.0,12730.1,31821,100.55,Blob Storage,Archive tier
Security-Ops,lam-09fe233,AWS,2026-07,0.0,0.0,26726979,177.32,Lambda,Data transformer
Staging-Env,fs-0f41779,GCP,2026-07,1295.3,90.6,54694724,748.35,Firestore,User profiles DB
Customer-Portal,redis-0260701,AZURE,2026-07,947.7,0.0,0,490.87,Azure Cache for Redis,Standard C2 cache
Compliance-Audit,i-1029425,AWS,2026-07,650.7,0.0,0,541.92,EC2,m5.large monitoring server
Finance-Systems,gcf-0b69780,GCP,2026-07,0.0,0.0,13332630,204.31,Cloud Functions,Data triggers
Security-Ops,ps-0ff9385,GCP,2026-07,0.0,0.0,30516059,387.48,Pub/Sub,Event streaming
Edge-Network,vpn-0c9e800,AWS,2026-07,527.5,0.0,0,133.48,VPN Gateway,Client VPN endpoint
Production-Main,r53-0c16894,AWS,2026-07,0.0,0.0,16418783,24.68,Route 53,Health checks
Edge-Network,i-06ce887,AWS,2026-07,807.4,0.0,0,2751.83,EC2,r5.2xlarge database server
Production-Main,i-0d80610,AWS,2026-07,479.1,0.0,0,1383.11,EC2,c5.2xlarge HPC node
ML-Training,i-0b25477,AWS,2026-07,588.0,0.0,0,2082.41,EC2,r5.2xlarge database server
Partner-Integration,rds-03c8753,AWS,2026-07,445.6,127.9,0,548.89,RDS,db.t3.medium MySQL staging
Marketing-Platform,r53-01dd837,AWS,2026-07,0.0,0.0,60935463,92.30,Route 53,DNS hosting
Production-Secondary,sqldb-04d6752,AZURE,2026-07,564.9,197.3,0,932.65,SQL Database,Standard S3 production
Edge-Network,ps-0791593,GCP,2026-07,0.0,0.0,50520241,630.08,Pub/Sub,Log forwarding
Marketing-Platform,i-01e7981,AWS,2026-07,608.0,0.0,0,1814.21,EC2,c5.2xlarge HPC node
Finance-Systems,sb-093d809,AZURE,2026-07,0.0,0.0,27492452,67.84,Service Bus,Standard messaging
Security-Ops,ps-0eca484,GCP,2026-07,0.0,0.0,34451861,417.10,Pub/Sub,Event streaming
Data-Science,clog-0f05447,GCP,2026-07,0.0,574.5,0,142.40,Cloud Logging,Application logs
QA-Testing,ec-1136274,AWS,2026-07,905.0,0.0,0,637.07,ElastiCache,Redis production cluster
Security-Ops,ses-09f7782,AWS,2026-07,0.0,0.0,2553239,3.21,SES,Transactional email
Finance-Systems,gcs-0589860,GCP,2026-07,0.0,413.0,6490181,76.92,Cloud Storage,Temp processing bucket
Edge-Network,cmon-040a287,GCP,2026-07,0.0,0.0,28593860,231.63,Cloud Monitoring,Metrics and alerting
Security-Ops,s3-08db379,AWS,2026-07,0.0,54.5,27250950,176.22,S3,Static website hosting
Partner-Integration,sb-03ab945,AZURE,2026-07,781.4,0.0,10693922,602.04,Service Bus,Premium messaging
Partner-Integration,ses-03cb400,AWS,2026-07,0.0,0.0,2323736,2.79,SES,Transactional email
ML-Training,lam-0c34400,AWS,2026-07,0.0,0.0,11039608,75.14,Lambda,Notification dispatcher
Edge-Network,bq-0476620,GCP,2026-07,0.0,6530.5,0,2504.07,BigQuery,Log analytics
DevOps-Central,appi-00d4852,AZURE,2026-07,0.0,0.0,70441306,860.58,Application Insights,APM telemetry
Security-Ops,eh-08a0504,AZURE,2026-07,0.0,433.2,0,104.94,Event Hubs,Capture to storage
Internal-Tools,elb-08c2704,AWS,2026-07,1085.0,0.0,14740877,221.07,ELB,Classic load balancer
Compliance-Audit,ecs-0d1c714,AWS,2026-07,525.6,0.0,0,969.40,ECS,Fargate worker cluster
DevOps-Central,azmon-061e582,AZURE,2026-07,0.0,351.4,45421138,490.61,Azure Monitor,Logs and metrics
Finance-Systems,gcs-0852873,GCP,2026-07,0.0,11282.7,3904621,335.11,Cloud Storage,Data lake bucket
DR-Recovery,appi-07b6956,AZURE,2026-07,0.0,0.0,21141994,254.96,Application Insights,Custom metrics
Shared-Services,ado-078c824,AZURE,2026-07,0.0,92.5,0,23.21,Azure DevOps,Artifacts storage
Production-Main,i-1108283,AWS,2026-07,349.8,0.0,0,1007.73,EC2,c5.2xlarge HPC node
Compliance-Audit,s3-0c95132,AWS,2026-07,0.0,781.5,1547960,70.15,S3,Artifact storage
Edge-Network,ebs-09ad548,AWS,2026-07,0.0,805.3,0,100.77,EBS,gp3 volumes production
Staging-Env,bq-0f5b837,GCP,2026-07,0.0,5514.4,0,2240.00,BigQuery,Log analytics
Production-Main,i-000d373,AWS,2026-07,437.7,0.0,0,1238.85,EC2,c5.2xlarge HPC node
Compliance-Audit,s3-0667496,AWS,2026-07,0.0,12904.8,2549996,445.23,S3,Data lake raw zone
Finance-Systems,blob-1044860,AZURE,2026-07,0.0,9289.5,91215,278.02,Blob Storage,Backup storage
Finance-Systems,csql-0eba390,GCP,2026-07,702.1,190.7,0,837.84,Cloud SQL,PostgreSQL replica
Data-Science,gcf-0b1b828,GCP,2026-07,0.0,0.0,11112444,165.16,Cloud Functions,Auth handlers
Mobile-Backend,ec-032e628,AWS,2026-07,655.3,0.0,0,488.06,ElastiCache,Redis production cluster
Partner-Integration,r53-060c599,AWS,2026-07,0.0,0.0,70525570,106.51,Route 53,DNS hosting
Internal-Tools,s3-0e43727,AWS,2026-07,0.0,4060.0,6477692,300.80,S3,Media content bucket
Finance-Systems,ado-0451264,AZURE,2026-07,534.3,0.0,0,274.92,Azure DevOps,Pipelines hosted
Production-Main,vai-0775922,GCP,2026-07,801.7,0.0,9117595,1771.39,Vertex AI,Model serving endpoints
Security-Ops,ecs-0499787,AWS,2026-07,459.0,0.0,0,839.15,ECS,Fargate worker cluster
Finance-Systems,gcf-0239796,GCP,2026-07,0.0,0.0,15634781,244.05,Cloud Functions,Data triggers
Finance-Systems,cr-086d481,GCP,2026-07,603.6,0.0,2523653,799.26,Cloud Run,ETL pipeline service
IoT-Platform,fs-064b410,GCP,2026-07,1107.1,30.6,79133443,807.12,Firestore,Session store
Shared-Services,sb-0621661,AZURE,2026-07,620.4,0.0,8511630,478.55,Service Bus,Premium messaging
Analytics-Platform,vai-0b7a724,GCP,2026-07,220.8,0.0,0,1094.98,Vertex AI,AutoML jobs
Production-Main,csql-109c812,GCP,2026-07,854.0,593.8,0,1710.80,Cloud SQL,MySQL analytics
Production-Secondary,ps-1180924,GCP,2026-07,0.0,0.0,13741975,172.23,Pub/Sub,Data pipeline
Customer-Portal,func-081c995,AZURE,2026-07,0.0,0.0,3082418,46.60,Azure Functions,Webhook processor
Partner-Integration,vai-03b5957,GCP,2026-07,241.1,0.0,0,1180.90,Vertex AI,AutoML jobs
Marketing-Platform,vai-0c18574,GCP,2026-07,267.4,0.0,0,1341.21,Vertex AI,AutoML jobs
Analytics-Platform,clog-0e12229,GCP,2026-07,0.0,512.9,0,123.60,Cloud Logging,Application logs
Production-Secondary,s3-0075793,AWS,2026-07,0.0,72.5,35433195,241.06,S3,Static website hosting
Security-Ops,sqs-0195828,AWS,2026-07,0.0,0.0,42490626,21.37,SQS,Event notification queue
Security-Ops,ebs-08c0486,AWS,2026-07,0.0,772.4,0,480.19,EBS,io2 volumes database
Production-Main,cf-0a4b960,AWS,2026-07,0.0,0.0,63315662,320.12,CloudFront,CDN API distribution
QA-Testing,elb-03e9138,AWS,2026-07,914.6,0.0,61196583,377.15,ELB,Network load balancer
Marketing-Platform,sm-10db510,AWS,2026-07,0.0,0.0,1281836,5.11,Secrets Manager,Application secrets
Marketing-Platform,gke-1057959,GCP,2026-07,2320.3,0.0,0,4824.77,GKE,ML training cluster
Customer-Portal,vm-0dcd189,AZURE,2026-07,521.4,0.0,0,932.29,Virtual Machines,E4s v3 SIEM collector
DevOps-Central,cosmos-00ee239,AZURE,2026-07,818.5,56.4,16908675,539.43,Cosmos DB,Config store
Staging-Env,fs-109d158,GCP,2026-07,848.7,57.9,34843707,480.29,Firestore,User profiles DB
Finance-Systems,aks-0554673,AZURE,2026-07,296.8,0.0,0,453.25,AKS,Dev K8s cluster
Data-Science,ses-0e41871,AWS,2026-07,0.0,0.0,2293359,2.88,SES,Transactional email
Internal-Tools,eh-097f635,AZURE,2026-07,0.0,566.5,0,144.22,Event Hubs,Capture to storage
Production-Main,rds-0005467,AWS,2026-07,755.8,505.7,0,1878.08,RDS,db.r5.xlarge PostgreSQL primary
DR-Recovery,appi-0d8e996,AZURE,2026-07,0.0,0.0,54714076,682.16,Application Insights,APM telemetry
Shared-Services,gcs-06aa524,GCP,2026-07,0.0,7978.6,197907,191.34,Cloud Storage,Backup bucket
Finance-Systems,redis-0211914,AZURE,2026-07,846.4,0.0,0,1009.43,Azure Cache for Redis,Premium P1 cache
QA-Testing,ebs-0cff760,AWS,2026-07,0.0,1259.7,0,158.86,EBS,gp3 volumes production
Production-Secondary,elb-0fed620,AWS,2026-07,602.6,0.0,43364765,260.16,ELB,Network load balancer
Production-Secondary,csql-008e810,GCP,2026-07,667.3,469.7,0,1316.76,Cloud SQL,MySQL analytics
Customer-Portal,eh-075a870,AZURE,2026-07,805.0,0.0,33121209,361.25,Event Hubs,Standard throughput units
Production-Main,blob-086a814,AZURE,2026-07,0.0,2606.1,6784237,332.34,Blob Storage,Build artifacts
ML-Training,ebs-0b54889,AWS,2026-07,0.0,4958.7,0,225.56,EBS,st1 volumes archive
Finance-Systems,gcf-0ebd850,GCP,2026-07,0.0,0.0,12943479,193.34,Cloud Functions,Data triggers
Analytics-Platform,aks-09f1619,AZURE,2026-07,1309.6,0.0,0,2064.15,AKS,Staging K8s cluster
Partner-Integration,sm-03d6254,AWS,2026-07,0.0,0.0,1420275,5.53,Secrets Manager,Application secrets
Analytics-Platform,ado-0968389,AZURE,2026-07,0.0,127.2,0,32.13,Azure DevOps,Artifacts storage
Finance-Systems,cr-0fbf375,GCP,2026-07,548.6,0.0,2314065,704.14,Cloud Run,ETL pipeline service
Customer-Portal,vm-0d19441,AZURE,2026-07,584.9,0.0,0,344.68,Virtual Machines,D2s v3 utility server
Security-Ops,s3-09e0838,AWS,2026-07,0.0,61.6,30706226,193.07,S3,Static website hosting
Edge-Network,ebs-0907384,AWS,2026-07,0.0,440.6,0,277.90,EBS,io2 volumes database
ML-Training,sqs-0365439,AWS,2026-07,0.0,0.0,539714,0.28,SQS,Dead letter queue
Partner-Integration,eks-03c4771,AWS,2026-07,452.5,0.0,0,1397.20,EKS,Staging K8s cluster
Compliance-Audit,ses-0ad0283,AWS,2026-07,0.0,0.0,1914371,2.38,SES,Transactional email
Shared-Services,vm-0594419,AZURE,2026-07,880.1,0.0,0,3304.70,Virtual Machines,E8s v3 memory-optimized
Internal-Tools,gcs-0985887,GCP,2026-07,0.0,21322.8,7155371,649.89,Cloud Storage,Data lake bucket
Mobile-Backend,sqldb-0e7e331,AZURE,2026-07,808.7,558.1,0,3322.11,SQL Database,Premium P1 analytics
Production-Secondary,app-05e2432,AZURE,2026-07,1236.7,0.0,0,749.52,App Service,Web app P1v3
Shared-Services,rds-0c30227,AWS,2026-07,523.8,354.2,0,1044.75,RDS,db.r5.large PostgreSQL replica
Production-Main,blob-09bc732,AZURE,2026-07,0.0,6376.1,2330563,331.11,Blob Storage,Data lake storage
Customer-Portal,ses-0bde451,AWS,2026-07,0.0,0.0,737707,0.88,SES,Marketing email
Compliance-Audit,rds-055c490,AWS,2026-07,1200.4,816.1,0,2359.05,RDS,db.r5.large PostgreSQL replica
Data-Science,kin-0141333,AWS,2026-07,796.8,0.0,21856797,309.49,Kinesis,Firehose delivery
Analytics-Platform,bq-0a93447,GCP,2026-07,0.0,2173.9,0,868.50,BigQuery,BI reporting views
Analytics-Platform,clog-0d3f486,GCP,2026-07,0.0,435.5,0,108.11,Cloud Logging,Application logs
Staging-Env,bq-00fd332,GCP,2026-07,0.0,2123.9,0,852.85,BigQuery,Data export queries
Marketing-Platform,gke-01f1963,GCP,2026-07,2546.5,0.0,0,5291.88,GKE,ML training cluster
Mobile-Backend,kv-0d0a877,AZURE,2026-07,0.0,0.0,1731644,5.25,Key Vault,Secrets management
Production-Secondary,blob-04c0764,AZURE,2026-07,0.0,2475.4,6059161,388.51,Blob Storage,Media content
Security-Ops,sqs-0acf483,AWS,2026-07,0.0,0.0,49876260,24.25,SQS,Event notification queue
Marketing-Platform,sm-0c60824,AWS,2026-07,0.0,0.0,1063138,4.15,Secrets Manager,Application secrets
Customer-Portal,vm-0ea1350,AZURE,2026-07,650.2,0.0,0,398.88,Virtual Machines,D2s v3 utility server
Edge-Network,eks-0c0a109,AWS,2026-07,645.7,0.0,0,1990.09,EKS,Production K8s cluster
Shared-Services,aks-01c1897,AZURE,2026-07,1156.1,0.0,0,1738.81,AKS,Staging K8s cluster
Production-Secondary,vai-078b500,GCP,2026-07,253.6,0.0,0,1246.11,Vertex AI,AutoML jobs
ML-Training,i-0b05946,AWS,2026-07,595.6,0.0,0,2156.86,EC2,r5.2xlarge database server
Marketing-Platform,vai-0675764,GCP,2026-07,606.6,0.0,6715465,1264.23,Vertex AI,Model serving endpoints
Finance-Systems,app-0d8b965,AZURE,2026-07,885.6,0.0,0,135.45,App Service,Web app B1
Production-Main,cf-05be618,AWS,2026-07,0.0,0.0,58630935,292.16,CloudFront,CDN API distribution
Production-Secondary,ecs-0073512,AWS,2026-07,517.4,0.0,0,941.12,ECS,Fargate API cluster
Data-Science,gcs-0a7b183,GCP,2026-07,0.0,9492.9,244848,225.66,Cloud Storage,Backup bucket
Compliance-Audit,elb-0d8f759,AWS,2026-07,421.3,0.0,29245142,182.61,ELB,Network load balancer
Security-Ops,ecs-1053185,AWS,2026-07,516.9,0.0,0,936.29,ECS,Fargate worker cluster
Internal-Tools,rds-02c5855,AWS,2026-07,748.3,514.5,0,1935.44,RDS,db.r5.xlarge PostgreSQL primary
Marketing-Platform,r53-0b06291,AWS,2026-07,0.0,0.0,56511644,88.72,Route 53,DNS hosting
Edge-Network,csql-04c4474,GCP,2026-07,967.5,269.0,0,1150.88,Cloud SQL,PostgreSQL replica
Data-Science,blob-06c1498,AZURE,2026-07,0.0,10486.8,104070,306.76,Blob Storage,Backup storage
Analytics-Platform,bq-0616922,GCP,2026-07,0.0,18479.5,0,7271.43,BigQuery,ML training datasets
Internal-Tools,gcs-08ae795,GCP,2026-07,0.0,2169.3,1096301,340.68,Cloud Storage,Model artifacts
Analytics-Platform,eh-0c1e810,AZURE,2026-07,518.6,0.0,21495641,238.88,Event Hubs,Standard throughput units
QA-Testing,lam-1169721,AWS,2026-07,0.0,0.0,87978567,617.07,Lambda,Auth token validator
Shared-Services,func-0456674,AZURE,2026-07,0.0,0.0,487503,7.38,Azure Functions,Timer triggers
Data-Science,cr-0124770,GCP,2026-07,339.3,0.0,1421713,291.53,Cloud Run,Image processor
Analytics-Platform,gcs-067a623,GCP,2026-07,0.0,2650.3,2632286,196.41,Cloud Storage,Media assets bucket
Finance-Systems,cosmos-0527195,AZURE,2026-07,536.6,149.6,28589826,1159.37,Cosmos DB,User data store
Partner-Integration,app-03b2567,AZURE,2026-07,685.9,0.0,0,414.27,App Service,Web app P1v3
Compliance-Audit,elb-0385602,AWS,2026-07,845.3,0.0,35046067,255.66,ELB,Application load balancer
Finance-Systems,s3-0570229,AWS,2026-07,0.0,2611.7,1322071,98.50,S3,Analytics export bucket
DevOps-Central,aks-0f83666,AZURE,2026-07,437.6,0.0,0,641.51,AKS,Dev K8s cluster
QA-Testing,lam-0622244,AWS,2026-07,0.0,0.0,35332301,244.80,Lambda,API gateway handler
Production-Secondary,sentinel-118d311,AZURE,2026-07,0.0,0.0,71465119,1733.52,Microsoft Sentinel,SIEM detection
Customer-Portal,df-027d947,GCP,2026-07,687.5,0.0,0,1751.49,Dataflow,Streaming pipeline
Production-Main,kv-0426522,AZURE,2026-07,0.0,0.0,2533504,7.27,Key Vault,Secrets management
QA-Testing,lam-07f0573,AWS,2026-07,0.0,0.0,5150501,36.48,Lambda,Image resizer
Marketing-Platform,sm-01d7826,AWS,2026-07,0.0,0.0,996651,3.86,Secrets Manager,Application secrets
Edge-Network,ec-0e4b931,AWS,2026-07,875.1,0.0,0,619.64,ElastiCache,Redis production cluster
Marketing-Platform,rds-0d51613,AWS,2026-07,501.3,142.3,0,621.47,RDS,db.t3.medium MySQL staging
ML-Training,kin-0a76630,AWS,2026-07,760.7,0.0,32692236,457.82,Kinesis,Data stream ingestion
Security-Ops,eks-0191572,AWS,2026-07,526.7,0.0,0,1647.71,EKS,Staging K8s cluster
Shared-Services,vpn-0199240,AWS,2026-07,991.8,0.0,0,239.56,VPN Gateway,Client VPN endpoint
Mobile-Backend,sqldb-1045702,AZURE,2026-07,804.5,560.8,0,3353.59,SQL Database,Premium P1 analytics
Shared-Services,kv-0d17212,AZURE,2026-07,0.0,0.0,445219,1.31,Key Vault,Certificate store
Finance-Systems,s3-0555363,AWS,2026-07,0.0,70.4,35463963,231.87,S3,Static website hosting
Compliance-Audit,s3-0f76493,AWS,2026-07,0.0,898.1,1772278,77.00,S3,Artifact storage
Partner-Integration,vai-0eb9357,GCP,2026-07,645.1,0.0,0,3147.98,Vertex AI,Training pipelines
Internal-Tools,lam-100a745,AWS,2026-07,0.0,0.0,1187556,9.11,Lambda,Cron job runner
Marketing-Platform,ddb-0bef403,AWS,2026-07,632.8,8.7,4503069,75.30,DynamoDB,Config store table
Data-Science,gcs-043a104,GCP,2026-07,0.0,647.6,10550980,122.88,Cloud Storage,Temp processing bucket
Finance-Systems,vm-05c1838,AZURE,2026-07,818.9,0.0,0,1955.67,Virtual Machines,D8s v3 application server
Analytics-Platform,kv-05a4469,AZURE,2026-07,0.0,0.0,1619841,4.70,Key Vault,Secrets management
Security-Ops,ebs-0a88692,AWS,2026-07,0.0,4588.5,0,207.42,EBS,st1 volumes archive
Internal-Tools,cr-02e1655,GCP,2026-07,529.6,0.0,4469101,464.39,Cloud Run,Webhook handler
Marketing-Platform,vpn-04ea593,AWS,2026-07,866.5,0.0,0,223.76,VPN Gateway,Client VPN endpoint
IoT-Platform,mem-1148803,GCP,2026-07,913.4,0.0,0,636.94,Memorystore,Redis production cache
Partner-Integration,vai-1105921,GCP,2026-07,249.2,0.0,0,1267.28,Vertex AI,AutoML jobs
Finance-Systems,clog-0eff840,GCP,2026-07,0.0,229.5,0,56.09,Cloud Logging,Audit logs
Analytics-Platform,gcs-0b65524,GCP,2026-07,0.0,10990.9,279745,254.37,Cloud Storage,Backup bucket
Security-Ops,cmon-0fde210,GCP,2026-07,0.0,0.0,25297689,209.13,Cloud Monitoring,Metrics and alerting
Production-Main,s3-057d934,AWS,2026-07,0.0,9779.2,599163,241.21,S3,Log archive bucket
Internal-Tools,aks-08d9511,AZURE,2026-07,1775.1,0.0,0,2668.92,AKS,Staging K8s cluster
Compliance-Audit,rs-10fb531,AWS,2026-07,0.0,0.0,5180830,260.84,Redshift,Spectrum queries
Security-Ops,bq-0e63979,GCP,2026-07,0.0,1685.8,0,677.77,BigQuery,BI reporting views
Internal-Tools,cf-0a39494,AWS,2026-07,0.0,0.0,150046259,776.77,CloudFront,CDN media distribution
Analytics-Platform,bq-0c50327,GCP,2026-07,0.0,12335.0,0,4879.42,BigQuery,Analytics data warehouse
Production-Secondary,csql-0951252,GCP,2026-07,575.9,417.4,0,1151.26,Cloud SQL,MySQL analytics
Production-Secondary,eh-0d77234,AZURE,2026-07,631.1,0.0,27084946,292.69,Event Hubs,Standard throughput units
Production-Secondary,blob-0cd7269,AZURE,2026-07,0.0,8394.1,3086193,451.48,Blob Storage,Data lake storage
Analytics-Platform,gke-00b6558,GCP,2026-07,609.8,0.0,0,1867.43,GKE,Batch processing cluster
Internal-Tools,cr-0d34819,GCP,2026-07,370.1,0.0,1558672,311.42,Cloud Run,Image processor
Compliance-Audit,ecs-06db379,AWS,2026-07,523.5,0.0,0,939.59,ECS,Fargate worker cluster
Internal-Tools,ebs-02a9257,AWS,2026-07,0.0,465.7,0,293.09,EBS,io2 volumes database
Partner-Integration,sqldb-0efb498,AZURE,2026-07,940.9,314.3,0,1535.59,SQL Database,Standard S3 production
Production-Secondary,csql-10cf442,GCP,2026-07,793.2,220.4,0,963.66,Cloud SQL,PostgreSQL replica
DevOps-Central,aks-0f5d284,AZURE,2026-07,1864.4,0.0,0,2810.13,AKS,Staging K8s cluster
Compliance-Audit,vpn-0a64605,AWS,2026-07,818.2,0.0,0,207.05,VPN Gateway,Client VPN endpoint
Staging-Env,gcf-07b9875,GCP,2026-07,0.0,0.0,5887331,88.38,Cloud Functions,Auth handlers
Edge-Network,csql-05ea238,GCP,2026-07,825.0,232.3,0,968.72,Cloud SQL,PostgreSQL replica
Data-Science,gcf-0d9b819,GCP,2026-07,0.0,0.0,10239349,153.83,Cloud Functions,Auth handlers
ML-Training,rs-0788768,AWS,2026-07,0.0,0.0,4620975,240.03,Redshift,Spectrum queries
Internal-Tools,cr-03f4389,GCP,2026-07,657.5,0.0,2824806,879.28,Cloud Run,ETL pipeline service
IoT-Platform,gke-035b126,GCP,2026-07,445.7,0.0,0,1331.87,GKE,Batch processing cluster
Internal-Tools,cosmos-02a3540,AZURE,2026-07,780.0,212.3,44294081,1732.41,Cosmos DB,User data store
Finance-Systems,elb-0e1e935,AWS,2026-07,858.8,0.0,36028289,257.88,ELB,Application load balancer
Internal-Tools,vm-029e595,AZURE,2026-07,774.6,0.0,0,462.98,Virtual Machines,D2s v3 utility server
Finance-Systems,cr-0b1c943,GCP,2026-07,643.6,0.0,2724240,852.64,Cloud Run,ETL pipeline service
Staging-Env,gcs-072b621,GCP,2026-07,0.0,12909.3,4214872,381.49,Cloud Storage,Data lake bucket
Production-Secondary,app-05df445,AZURE,2026-07,1043.7,0.0,0,622.04,App Service,Web app P1v3
Production-Secondary,blob-005d230,AZURE,2026-07,0.0,2566.9,6740078,338.23,Blob Storage,Build artifacts
Finance-Systems,gcf-06da891,GCP,2026-07,0.0,0.0,10256810,151.50,Cloud Functions,Auth handlers
Customer-Portal,elb-0287653,AWS,2026-07,762.9,0.0,10312645,153.67,ELB,Classic load balancer
ML-Training,i-0bdb603,AWS,2026-07,825.1,0.0,0,2854.17,EC2,r5.2xlarge database server
QA-Testing,r53-085b883,AWS,2026-07,0.0,0.0,10245342,15.49,Route 53,Health checks
Customer-Portal,i-0ae1467,AWS,2026-07,702.7,0.0,0,2535.46,EC2,r5.2xlarge database server
Production-Secondary,i-007b774,AWS,2026-07,949.3,0.0,0,823.63,EC2,m5.large monitoring server
Production-Secondary,ec-0bb0589,AWS,2026-07,999.2,0.0,0,352.10,ElastiCache,Redis staging cluster
Production-Secondary,aks-0b9c491,AZURE,2026-07,339.6,0.0,0,508.05,AKS,Dev K8s cluster
Marketing-Platform,rs-0f0b689,AWS,2026-07,0.0,0.0,7753661,396.66,Redshift,Spectrum queries
Production-Main,lam-000a777,AWS,2026-07,0.0,0.0,6455796,45.92,Lambda,Notification dispatcher
Production-Secondary,mem-0c26642,GCP,2026-07,693.1,0.0,0,496.86,Memorystore,Redis production cache
QA-Testing,ses-0411794,AWS,2026-07,0.0,0.0,2504082,2.94,SES,Transactional email
Partner-Integration,sqldb-0e96563,AZURE,2026-07,1279.4,443.0,0,2131.13,SQL Database,Standard S3 production
IoT-Platform,gke-035e159,GCP,2026-07,2824.6,0.0,0,5807.45,GKE,ML training cluster
Compliance-Audit,sns-0987286,AWS,2026-07,0.0,0.0,16823990,8.61,SNS,Event fanout topic
Customer-Portal,ps-096d972,GCP,2026-07,0.0,0.0,43348756,547.72,Pub/Sub,Log forwarding
Edge-Network,bq-0300179,GCP,2026-07,0.0,7837.7,0,3030.10,BigQuery,Analytics data warehouse
Customer-Portal,vpn-09b8118,AWS,2026-07,1117.3,0.0,0,286.00,VPN Gateway,Client VPN endpoint
Partner-Integration,appi-07a4515,AZURE,2026-07,0.0,0.0,81026197,1022.56,Application Insights,APM telemetry
Internal-Tools,nat-0ba5290,AWS,2026-07,541.8,0.0,0,123.62,NAT Gateway,Dev VPC NAT
Staging-Env,gcs-1188613,GCP,2026-07,0.0,14161.5,4813043,435.02,Cloud Storage,Data lake bucket
Shared-Services,vm-08aa601,AZURE,2026-07,379.8,0.0,0,3438.44,Virtual Machines,NC6s v3 GPU VM
Internal-Tools,ec-0a9a592,AWS,2026-07,580.2,0.0,0,404.94,ElastiCache,Redis production cluster
Analytics-Platform,bq-0d5b922,GCP,2026-07,0.0,16182.1,0,6660.75,BigQuery,ML training datasets
Partner-Integration,elb-0b31940,AWS,2026-07,460.5,0.0,18913426,140.55,ELB,Application load balancer
Security-Ops,ps-093e830,GCP,2026-07,0.0,0.0,36254589,451.95,Pub/Sub,Event streaming
Marketing-Platform,ddb-07e5376,AWS,2026-07,696.5,9.4,4759964,82.98,DynamoDB,Config store table
Customer-Portal,i-06d9393,AWS,2026-07,652.0,0.0,0,921.16,EC2,c5.xlarge compute worker
Security-Ops,r53-018f903,AWS,2026-07,0.0,0.0,74606311,112.26,Route 53,DNS hosting
Production-Main,gcf-0741711,GCP,2026-07,0.0,0.0,17257297,250.00,Cloud Functions,Pub/Sub processors
Finance-Systems,gcs-0d31493,GCP,2026-07,0.0,488.4,7692850,89.95,Cloud Storage,Temp processing bucket
Compliance-Audit,rs-0bf0566,AWS,2026-07,627.0,1747.4,0,3134.14,Redshift,Data warehouse cluster
DR-Recovery,appi-048f749,AZURE,2026-07,0.0,0.0,21618305,274.99,Application Insights,Custom metrics
Production-Main,vm-048d646,AZURE,2026-07,891.0,0.0,0,2130.87,Virtual Machines,D8s v3 application server
Shared-Services,sb-1037505,AZURE,2026-07,704.1,0.0,10161573,533.42,Service Bus,Premium messaging
Production-Main,s3-062a775,AWS,2026-07,0.0,11122.5,707657,285.45,S3,Log archive bucket
DevOps-Central,vm-0691282,AZURE,2026-07,768.4,0.0,0,230.87,Virtual Machines,B2s development VM
Production-Main,i-0724237,AWS,2026-07,437.4,0.0,0,1303.16,EC2,c5.2xlarge HPC node
Marketing-Platform,i-06c6949,AWS,2026-07,985.9,0.0,0,69.44,EC2,t3.micro bastion host
DevOps-Central,sb-0e4e903,AZURE,2026-07,789.5,0.0,11126527,589.73,Service Bus,Premium messaging
Production-Main,gcs-0601678,GCP,2026-07,0.0,18307.7,6164381,552.05,Cloud Storage,Data lake bucket
Internal-Tools,eh-06f5432,AZURE,2026-07,0.0,540.7,0,136.40,Event Hubs,Capture to storage
Finance-Systems,redis-1119805,AZURE,2026-07,828.8,0.0,0,415.56,Azure Cache for Redis,Standard C2 cache
IoT-Platform,bq-0ca5217,GCP,2026-07,0.0,1722.7,0,690.75,BigQuery,Data export queries
Finance-Systems,s3-0240452,AWS,2026-07,0.0,7882.9,78441,178.64,S3,Backup storage bucket
Data-Science,bq-0cfe536,GCP,2026-07,0.0,3396.3,0,1384.59,BigQuery,Log analytics
Edge-Network,ps-0df6327,GCP,2026-07,0.0,0.0,21339694,271.44,Pub/Sub,Event streaming
Marketing-Platform,vai-081a178,GCP,2026-07,612.8,0.0,0,3128.08,Vertex AI,Training pipelines
Internal-Tools,rds-02c4542,AWS,2026-07,452.6,126.2,0,522.30,RDS,db.t3.medium MySQL staging
Finance-Systems,blob-0d4a811,AZURE,2026-07,0.0,10767.7,108839,314.88,Blob Storage,Backup storage
Compliance-Audit,kin-0386537,AWS,2026-07,729.9,0.0,31050972,451.12,Kinesis,Data stream ingestion
Staging-Env,vai-08eb520,GCP,2026-07,625.9,0.0,0,3117.45,Vertex AI,Training pipelines
Edge-Network,s3-097d920,AWS,2026-07,0.0,927.1,1864645,80.09,S3,Artifact storage
Compliance-Audit,i-0a57109,AWS,2026-07,702.1,0.0,0,615.95,EC2,m5.large monitoring server
Security-Ops,ebs-0186597,AWS,2026-07,0.0,724.7,0,451.19,EBS,io2 volumes database
Data-Science,i-0f5f350,AWS,2026-07,724.1,0.0,0,1281.97,EC2,r5.xlarge cache server
Marketing-Platform,gke-0472798,GCP,2026-07,4760.7,0.0,0,9672.74,GKE,GPU node pool
Staging-Env,df-0e86737,GCP,2026-07,732.1,0.0,0,1831.37,Dataflow,Streaming pipeline
Data-Science,bq-0c86405,GCP,2026-07,0.0,1758.1,0,685.78,BigQuery,BI reporting views
Internal-Tools,gcs-02db399,GCP,2026-07,0.0,26380.5,66304,257.16,Cloud Storage,Archive bucket
Compliance-Audit,s3-1109492,AWS,2026-07,0.0,965.7,1944209,82.68,S3,Artifact storage
Production-Main,ecs-001f111,AWS,2026-07,329.7,0.0,0,620.10,ECS,Fargate batch cluster
IoT-Platform,bq-0ece462,GCP,2026-07,0.0,2824.5,0,1138.57,BigQuery,BI reporting views
DevOps-Central,appi-0fd7806,AZURE,2026-07,0.0,0.0,19490783,239.26,Application Insights,Custom metrics
Production-Secondary,sentinel-0e21747,AZURE,2026-07,0.0,0.0,81561377,2034.81,Microsoft Sentinel,SIEM detection
Finance-Systems,gcf-068b670,GCP,2026-07,0.0,0.0,15979605,242.18,Cloud Functions,Data triggers
Partner-Integration,sb-03aa861,AZURE,2026-07,0.0,0.0,17139241,42.93,Service Bus,Standard messaging
Internal-Tools,gcs-0a11938,GCP,2026-07,0.0,407.6,6344887,72.37,Cloud Storage,Temp processing bucket
Production-Secondary,elb-106c801,AWS,2026-07,672.6,0.0,28438641,202.76,ELB,Application load balancer
Finance-Systems,elb-10f0785,AWS,2026-07,735.4,0.0,29413860,218.36,ELB,Application load balancer
Marketing-Platform,ca-0c19747,GCP,2026-07,0.0,0.0,61779685,236.75,Cloud Armor,WAF policies
Analytics-Platform,cr-0a15445,GCP,2026-07,531.5,0.0,2172345,672.80,Cloud Run,ETL pipeline service
Staging-Env,gcs-085e743,GCP,2026-07,0.0,19303.6,47529,192.14,Cloud Storage,Archive bucket
Analytics-Platform,bq-0ad8962,GCP,2026-07,0.0,11210.9,0,4335.76,BigQuery,Analytics data warehouse
DR-Recovery,sb-02f7507,AZURE,2026-07,988.7,0.0,13455371,733.06,Service Bus,Premium messaging
Compliance-Audit,rds-0425609,AWS,2026-07,993.1,700.4,0,2013.90,RDS,db.r5.large PostgreSQL replica
ML-Training,ebs-0ad9186,AWS,2026-07,0.0,4184.4,0,186.39,EBS,st1 volumes archive
Analytics-Platform,ado-00c7802,AZURE,2026-07,0.0,118.2,0,30.00,Azure DevOps,Artifacts storage
Security-Ops,s3-0180786,AWS,2026-07,0.0,13463.9,134280,315.35,S3,Backup storage bucket
Shared-Services,r53-0b2b508,AWS,2026-07,0.0,0.0,9196811,14.11,Route 53,Health checks
Finance-Systems,azmon-0218730,AZURE,2026-07,0.0,258.6,34458507,363.77,Azure Monitor,Logs and metrics
Internal-Tools,eks-03f1737,AWS,2026-07,534.5,0.0,0,1604.68,EKS,Staging K8s cluster
Marketing-Platform,r53-0c76143,AWS,2026-07,0.0,0.0,70742710,109.38,Route 53,DNS hosting
Production-Secondary,csql-090a778,GCP,2026-07,739.2,515.8,0,1430.02,Cloud SQL,MySQL analytics
Edge-Network,s3-0c0b689,AWS,2026-07,0.0,70.0,34968834,236.95,S3,Static website hosting
Marketing-Platform,ec-08b3367,AWS,2026-07,696.0,0.0,0,522.46,ElastiCache,Redis production cluster
Staging-Env,gke-0109701,GCP,2026-07,3217.7,0.0,0,6414.81,GKE,ML training cluster
IoT-Platform,bq-069d685,GCP,2026-07,0.0,2907.0,0,1181.77,BigQuery,BI reporting views
Customer-Portal,ps-0280184,GCP,2026-07,0.0,0.0,52329314,624.18,Pub/Sub,Log forwarding
Internal-Tools,ec-02b5631,AWS,2026-07,812.8,0.0,0,285.77,ElastiCache,Redis staging cluster
Mobile-Backend,sqs-0caf152,AWS,2026-07,0.0,0.0,334184,0.17,SQS,Dead letter queue
Mobile-Backend,aks-0338186,AZURE,2026-07,1054.8,0.0,0,4811.28,AKS,Production K8s cluster
Internal-Tools,ec-0a32433,AWS,2026-07,719.0,0.0,0,250.36,ElastiCache,Redis staging cluster
Data-Science,gke-0f9c745,GCP,2026-07,2790.4,0.0,0,5554.38,GKE,GPU node pool
Production-Secondary,sentinel-075c368,AZURE,2026-07,0.0,0.0,82760993,2081.64,Microsoft Sentinel,SIEM detection
Shared-Services,s3-0fd6134,AWS,2026-07,0.0,15839.8,3106999,533.24,S3,Data lake raw zone
Production-Secondary,sqs-1120122,AWS,2026-07,0.0,0.0,29692751,15.01,SQS,Event notification queue
Internal-Tools,vai-02e9702,GCP,2026-07,954.0,0.0,10715308,2128.74,Vertex AI,Model serving endpoints
Customer-Portal,vpn-051d688,AWS,2026-07,1142.2,0.0,0,284.59,VPN Gateway,Client VPN endpoint
Compliance-Audit,s3-04b9679,AWS,2026-07,0.0,2877.2,17247975,711.26,S3,Production asset storage
Marketing-Platform,ec-0e10130,AWS,2026-07,904.2,0.0,0,641.95,ElastiCache,Redis production cluster
Partner-Integration,gcs-1012851,GCP,2026-07,0.0,22306.0,57551,233.98,Cloud Storage,Archive bucket
Customer-Portal,azmon-0250396,AZURE,2026-07,0.0,255.5,33591621,359.49,Azure Monitor,Logs and metrics
Internal-Tools,ebs-0742903,AWS,2026-07,0.0,1407.8,0,170.39,EBS,gp3 volumes production
Edge-Network,gke-05bf119,GCP,2026-07,2814.0,0.0,0,5487.68,GKE,ML training cluster
Security-Ops,s3-058b286,AWS,2026-07,0.0,6961.8,11553271,513.24,S3,Media content bucket
IoT-Platform,cr-05db884,GCP,2026-07,791.9,0.0,16034766,1157.99,Cloud Run,API gateway service
Marketing-Platform,ddb-0f52812,AWS,2026-07,788.5,56.1,84695209,597.00,DynamoDB,Session store table
Customer-Portal,vpn-044d967,AWS,2026-07,1013.5,0.0,0,254.77,VPN Gateway,Client VPN endpoint
ML-Training,i-036c430,AWS,2026-07,727.4,0.0,0,2507.22,EC2,r5.2xlarge database server
Internal-Tools,sqs-0758153,AWS,2026-07,0.0,0.0,57967554,27.64,SQS,Order processing queue
Customer-Portal,vpn-080b733,AWS,2026-07,888.4,0.0,0,231.78,VPN Gateway,Client VPN endpoint
Marketing-Platform,nat-01df371,AWS,2026-07,975.4,0.0,0,440.32,NAT Gateway,Production VPC NAT
Staging-Env,cdns-03f7306,GCP,2026-07,0.0,0.0,26174375,37.80,Cloud DNS,DNS zones
Mobile-Backend,acr-07fd235,AZURE,2026-07,0.0,247.6,490985,160.54,Container Registry,Docker image registry
Production-Main,blob-0590204,AZURE,2026-07,0.0,2787.4,7146735,352.20,Blob Storage,Build artifacts
Production-Main,kv-0024951,AZURE,2026-07,0.0,0.0,2824262,8.47,Key Vault,Secrets management
Edge-Network,i-0607444,AWS,2026-07,555.3,0.0,0,1930.74,EC2,m5.2xlarge batch processor
Shared-Services,s3-0d6d893,AWS,2026-07,0.0,17748.2,3552831,593.31,S3,Data lake raw zone
Production-Main,i-068a660,AWS,2026-07,407.9,0.0,0,1178.43,EC2,c5.2xlarge HPC node
Shared-Services,ec-019b105,AWS,2026-07,789.0,0.0,0,285.48,ElastiCache,Redis staging cluster
Internal-Tools,s3-02bf969,AWS,2026-07,0.0,42.0,20593920,133.51,S3,Static website hosting
IoT-Platform,cdns-0ca6353,GCP,2026-07,0.0,0.0,15269586,23.40,Cloud DNS,DNS zones
Customer-Portal,elb-0285346,AWS,2026-07,620.3,0.0,42318631,269.73,ELB,Network load balancer
Partner-Integration,redis-0b29754,AZURE,2026-07,552.7,0.0,0,684.75,Azure Cache for Redis,Premium P1 cache
Partner-Integration,ado-0439616,AZURE,2026-07,694.7,0.0,0,337.07,Azure DevOps,Pipelines hosted
ML-Training,lam-084f704,AWS,2026-07,0.0,0.0,9538486,68.28,Lambda,Notification dispatcher
Production-Main,vm-003d976,AZURE,2026-07,979.3,0.0,0,1785.88,Virtual Machines,E4s v3 SIEM collector
Analytics-Platform,aks-09e9857,AZURE,2026-07,575.0,0.0,0,882.74,AKS,Dev K8s cluster
Analytics-Platform,gcs-1154713,GCP,2026-07,0.0,10710.0,275200,243.36,Cloud Storage,Backup bucket
Production-Secondary,app-0466740,AZURE,2026-07,1067.9,0.0,0,662.13,App Service,Web app P1v3
Edge-Network,s3-0a66300,AWS,2026-07,0.0,12212.4,122450,287.99,S3,Backup storage bucket
Production-Secondary,r53-0a8a968,AWS,2026-07,0.0,0.0,10677008,15.86,Route 53,Health checks
Production-Secondary,fs-0c72951,GCP,2026-07,968.0,25.6,64917691,690.69,Firestore,Session store
ML-Training,lam-0373133,AWS,2026-07,0.0,0.0,11646751,84.08,Lambda,Notification dispatcher
Data-Science,ses-04ff620,AWS,2026-07,0.0,0.0,365529,0.42,SES,Marketing email
Shared-Services,ado-0fb4902,AZURE,2026-07,0.0,105.6,0,26.12,Azure DevOps,Artifacts storage
Data-Science,rs-0410704,AWS,2026-07,697.9,1852.6,0,3508.25,Redshift,Data warehouse cluster
DevOps-Central,redis-04b6472,AZURE,2026-07,812.8,0.0,0,1000.39,Azure Cache for Redis,Premium P1 cache
Finance-Systems,eks-08fb841,AWS,2026-07,1162.5,0.0,0,3549.67,EKS,Production K8s cluster
Production-Secondary,i-10c1954,AWS,2026-07,1108.1,0.0,0,913.90,EC2,t3.large application server
Compliance-Audit,s3-05e1422,AWS,2026-07,0.0,14659.9,3048061,537.44,S3,Data lake raw zone
Customer-Portal,i-0913746,AWS,2026-07,670.5,0.0,0,48.48,EC2,t3.micro bastion host
Customer-Portal,bq-0e0f473,GCP,2026-07,0.0,1040.3,0,430.32,BigQuery,Data export queries
Production-Secondary,elb-0082886,AWS,2026-07,873.6,0.0,12214618,171.32,ELB,Classic load balancer
Staging-Env,gcs-046f674,GCP,2026-07,0.0,12022.7,4186809,360.95,Cloud Storage,Data lake bucket
Customer-Portal,ses-0dde104,AWS,2026-07,0.0,0.0,666639,0.79,SES,Marketing email
Production-Main,eh-0b35787,AZURE,2026-07,0.0,707.9,0,172.13,Event Hubs,Capture to storage
Security-Ops,vm-1185620,AZURE,2026-07,618.7,0.0,0,2257.38,Virtual Machines,E8s v3 memory-optimized
Staging-Env,bq-09f5742,GCP,2026-07,0.0,2051.9,0,802.33,BigQuery,BI reporting views
Production-Main,i-0c92467,AWS,2026-07,686.4,0.0,0,2350.19,EC2,m5.2xlarge batch processor
IoT-Platform,cr-086e266,GCP,2026-07,531.4,0.0,4244275,453.81,Cloud Run,Webhook handler
Data-Science,vai-0128802,GCP,2026-07,387.2,0.0,0,2002.75,Vertex AI,Training pipelines
DevOps-Central,r53-00d2330,AWS,2026-07,0.0,0.0,8545546,12.79,Route 53,Health checks
Shared-Services,r53-0558765,AWS,2026-07,0.0,0.0,76607969,112.51,Route 53,DNS hosting
QA-Testing,elb-03e8828,AWS,2026-07,610.3,0.0,8414416,125.02,ELB,Classic load balancer
ML-Training,ebs-0ba3526,AWS,2026-07,0.0,5007.0,0,219.46,EBS,st1 volumes archive
Compliance-Audit,s3-06e9419,AWS,2026-07,0.0,3239.9,19462613,842.40,S3,Production asset storage
Customer-Portal,ca-0278283,GCP,2026-07,0.0,0.0,132468804,502.27,Cloud Armor,WAF policies
Partner-Integration,eh-03b1952,AZURE,2026-07,640.3,0.0,26378380,289.16,Event Hubs,Standard throughput units
Analytics-Platform,kv-0e9a441,AZURE,2026-07,0.0,0.0,1552155,4.55,Key Vault,Secrets management
Customer-Portal,gcs-0b71914,GCP,2026-07,0.0,21688.1,55466,222.29,Cloud Storage,Archive bucket
DR-Recovery,sqldb-0cf9280,AZURE,2026-07,1117.6,747.4,0,4395.92,SQL Database,Premium P1 analytics
Production-Secondary,r53-0f0d232,AWS,2026-07,0.0,0.0,10533759,15.84,Route 53,Health checks
Internal-Tools,gke-0e78642,GCP,2026-07,732.8,0.0,0,2189.32,GKE,Batch processing cluster
Edge-Network,gke-0b84982,GCP,2026-07,2276.0,0.0,0,4399.52,GKE,ML training cluster
Production-Secondary,sqldb-1181399,AZURE,2026-07,423.9,146.3,0,723.73,SQL Database,Standard S3 production
Customer-Portal,bq-0270967,GCP,2026-07,0.0,1174.0,0,470.43,BigQuery,Data export queries
Production-Secondary,ec-0079721,AWS,2026-07,982.5,0.0,0,348.44,ElastiCache,Redis staging cluster
Edge-Network,sns-048c776,AWS,2026-07,0.0,0.0,12597234,6.18,SNS,Alert notifications
Production-Main,r53-0470454,AWS,2026-07,0.0,0.0,12905543,19.77,Route 53,Health checks
Marketing-Platform,ps-0ef1751,GCP,2026-07,0.0,0.0,19273538,244.37,Pub/Sub,Data pipeline
Customer-Portal,app-0d4f996,AZURE,2026-07,821.4,0.0,0,992.56,App Service,API app P2v3
Production-Main,vm-088a832,AZURE,2026-07,827.5,0.0,0,3108.98,Virtual Machines,E8s v3 memory-optimized
Edge-Network,vpn-0800570,AWS,2026-07,618.0,0.0,0,157.03,VPN Gateway,Client VPN endpoint
Staging-Env,fs-0546802,GCP,2026-07,1137.4,80.4,46613241,639.46,Firestore,User profiles DB
Compliance-Audit,kin-0bc3292,AWS,2026-07,698.0,0.0,29775845,417.15,Kinesis,Data stream ingestion
Internal-Tools,gke-0f18163,GCP,2026-07,799.1,0.0,0,2480.02,GKE,Production API cluster
Analytics-Platform,gke-0af9529,GCP,2026-07,5095.2,0.0,0,10219.22,GKE,GPU node pool
Marketing-Platform,gke-090f342,GCP,2026-07,4207.1,0.0,0,8409.80,GKE,GPU node pool
Production-Main,cmon-0931564,GCP,2026-07,0.0,0.0,25483121,204.26,Cloud Monitoring,Metrics and alerting
Marketing-Platform,ddb-0a45101,AWS,2026-07,519.6,35.0,56035950,391.83,DynamoDB,Session store table
Data-Science,i-0465430,AWS,2026-07,651.4,0.0,0,564.02,EC2,m5.large monitoring server
Finance-Systems,s3-0241654,AWS,2026-07,0.0,6525.4,10337998,472.23,S3,Media content bucket
Data-Science,ses-0692725,AWS,2026-07,0.0,0.0,2452810,3.11,SES,Transactional email
Security-Ops,sqldb-015d279,AZURE,2026-07,943.0,66.8,0,196.03,SQL Database,Basic dev database
QA-Testing,lam-0888169,AWS,2026-07,0.0,0.0,4671757,33.53,Lambda,Image resizer
DevOps-Central,sb-1051676,AZURE,2026-07,741.8,0.0,10410561,572.92,Service Bus,Premium messaging
Finance-Systems,elb-1128805,AWS,2026-07,889.7,0.0,63936005,388.11,ELB,Network load balancer
Internal-Tools,ddb-02b0773,AWS,2026-07,965.1,66.0,104557125,735.56,DynamoDB,Session store table
IoT-Platform,cr-0b18689,GCP,2026-07,455.7,0.0,1935888,611.44,Cloud Run,ETL pipeline service
Customer-Portal,vm-0832652,AZURE,2026-07,944.5,0.0,0,297.01,Virtual Machines,B2s development VM
Security-Ops,cr-0175685,GCP,2026-07,347.2,0.0,1418270,300.59,Cloud Run,Image processor
ML-Training,rs-1144262,AWS,2026-07,0.0,0.0,4838078,236.52,Redshift,Spectrum queries
Finance-Systems,blob-0ec5692,AZURE,2026-07,0.0,2485.2,6104692,404.03,Blob Storage,Media content
IoT-Platform,gcs-0b0f310,GCP,2026-07,0.0,11987.9,4055519,366.23,Cloud Storage,Data lake bucket
Compliance-Audit,rds-0ac6147,AWS,2026-07,575.3,388.0,0,1469.41,RDS,db.r5.xlarge PostgreSQL primary
Production-Main,vm-0639386,AZURE,2026-07,1182.1,0.0,0,1664.20,Virtual Machines,F4s v2 compute node
Finance-Systems,csql-077d497,GCP,2026-07,708.1,191.6,0,822.50,Cloud SQL,PostgreSQL replica
IoT-Platform,gke-0763978,GCP,2026-07,574.4,0.0,0,1673.93,GKE,Batch processing cluster
IoT-Platform,bq-04e5220,GCP,2026-07,0.0,3363.6,0,1331.35,BigQuery,BI reporting views
Production-Secondary,ps-096f870,GCP,2026-07,0.0,0.0,15463944,197.03,Pub/Sub,Data pipeline
Marketing-Platform,ec-01d6411,AWS,2026-07,816.9,0.0,0,578.89,ElastiCache,Redis production cluster
Compliance-Audit,rds-05e8100,AWS,2026-07,1130.6,315.2,0,1059.97,RDS,db.t3.large development DB
QA-Testing,lam-093f853,AWS,2026-07,0.0,0.0,37184880,264.31,Lambda,API gateway handler
Production-Secondary,vai-0599285,GCP,2026-07,265.4,0.0,0,1351.38,Vertex AI,AutoML jobs
Finance-Systems,s3-0ad4697,AWS,2026-07,0.0,10593.2,668351,271.31,S3,Log archive bucket
Mobile-Backend,vm-1113710,AZURE,2026-07,780.2,0.0,0,1143.78,Virtual Machines,F4s v2 compute node
Production-Secondary,sqldb-112c524,AZURE,2026-07,542.8,187.5,0,912.85,SQL Database,Standard S3 production
Mobile-Backend,vm-0345320,AZURE,2026-07,888.0,0.0,0,539.48,Virtual Machines,D2s v3 utility server
IoT-Platform,cr-080a213,GCP,2026-07,550.0,0.0,2291369,727.64,Cloud Run,ETL pipeline service
Compliance-Audit,rs-0b4f885,AWS,2026-07,0.0,0.0,5324219,259.26,Redshift,Spectrum queries
Analytics-Platform,vai-060a544,GCP,2026-07,215.3,0.0,0,1128.39,Vertex AI,AutoML jobs
Compliance-Audit,ses-0b60255,AWS,2026-07,0.0,0.0,1810128,2.19,SES,Transactional email
ML-Training,rds-0f5e458,AWS,2026-07,598.5,675.3,0,1369.44,RDS,db.m5.xlarge analytics DB
DevOps-Central,blob-0817476,AZURE,2026-07,0.0,9191.4,3352580,480.61,Blob Storage,Data lake storage
Finance-Systems,cosmos-0aff500,AZURE,2026-07,642.8,178.8,36280882,1474.83,Cosmos DB,User data store
Data-Science,gcf-0115177,GCP,2026-07,0.0,0.0,21942777,329.72,Cloud Functions,Pub/Sub processors
Marketing-Platform,sm-0bf6746,AWS,2026-07,0.0,0.0,1192404,4.65,Secrets Manager,Application secrets
IoT-Platform,gke-0c09866,GCP,2026-07,416.2,0.0,0,1234.21,GKE,Batch processing cluster
Analytics-Platform,vai-09f9353,GCP,2026-07,219.5,0.0,0,1121.97,Vertex AI,AutoML jobs
Security-Ops,cdns-0c4d441,GCP,2026-07,0.0,0.0,25629732,37.14,Cloud DNS,DNS zones
Customer-Portal,elb-078d589,AWS,2026-07,784.0,0.0,31815081,234.12,ELB,Application load balancer
QA-Testing,lam-0ca7303,AWS,2026-07,0.0,0.0,5318535,38.07,Lambda,Image resizer
DevOps-Central,appi-0b7d877,AZURE,2026-07,0.0,0.0,18045200,222.31,Application Insights,Custom metrics
DevOps-Central,appi-1005985,AZURE,2026-07,0.0,0.0,73536230,911.04,Application Insights,APM telemetry
Internal-Tools,gcs-02dd272,GCP,2026-07,0.0,2317.7,1143991,348.02,Cloud Storage,Model artifacts
Edge-Network,vpn-08cb273,AWS,2026-07,613.4,0.0,0,152.06,VPN Gateway,Client VPN endpoint
ML-Training,i-088d971,AWS,2026-07,792.0,0.0,0,2755.38,EC2,r5.2xlarge database server
Edge-Network,vai-10c7891,GCP,2026-07,678.6,0.0,7750521,1481.19,Vertex AI,Model serving endpoints
Customer-Portal,vpn-098e105,AWS,2026-07,1216.1,0.0,0,294.65,VPN Gateway,Client VPN endpoint
Data-Science,gcs-0113379,GCP,2026-07,0.0,575.5,9328813,106.66,Cloud Storage,Temp processing bucket
Data-Science,gcf-07e4298,GCP,2026-07,0.0,0.0,10872710,167.02,Cloud Functions,Auth handlers
Shared-Services,cosmos-0b23168,AZURE,2026-07,697.2,94.6,23911922,932.49,Cosmos DB,Event store
Compliance-Audit,elb-0e88274,AWS,2026-07,647.0,0.0,44515347,273.93,ELB,Network load balancer
DR-Recovery,cosmos-08fe192,AZURE,2026-07,920.6,259.9,51475749,2100.47,Cosmos DB,User data store
Data-Science,i-10b4120,AWS,2026-07,490.3,0.0,0,1752.41,EC2,m5.2xlarge batch processor
Shared-Services,s3-019d844,AWS,2026-07,0.0,17768.2,3539238,594.23,S3,Data lake raw zone
Staging-Env,ps-1034885,GCP,2026-07,0.0,0.0,15151209,189.92,Pub/Sub,Data pipeline
Partner-Integration,ddb-1080701,AWS,2026-07,1211.0,169.3,257354317,1926.04,DynamoDB,Cache table
Compliance-Audit,vpn-0dcf521,AWS,2026-07,679.1,0.0,0,178.38,VPN Gateway,Client VPN endpoint
Partner-Integration,rds-0a86894,AWS,2026-07,1107.7,767.0,0,2136.13,RDS,db.r5.large PostgreSQL replica
Staging-Env,bq-0438561,GCP,2026-07,0.0,1984.1,0,805.16,BigQuery,BI reporting views
Data-Science,csql-011b368,GCP,2026-07,965.9,262.8,0,1531.69,Cloud SQL,PostgreSQL primary
IoT-Platform,cr-0351276,GCP,2026-07,307.8,0.0,1251153,262.63,Cloud Run,Image processor
QA-Testing,elb-06d7691,AWS,2026-07,910.2,0.0,36036756,269.36,ELB,Application load balancer
Production-Main,clog-0050175,GCP,2026-07,0.0,291.1,0,75.86,Cloud Logging,Audit logs
Partner-Integration,vai-1112432,GCP,2026-07,647.4,0.0,0,3141.41,Vertex AI,Training pipelines
Analytics-Platform,mem-00bb357,GCP,2026-07,351.4,0.0,0,248.78,Memorystore,Redis staging cache
Production-Secondary,i-007e938,AWS,2026-07,725.9,0.0,0,2511.31,EC2,r5.2xlarge database server
ML-Training,ebs-0eb6707,AWS,2026-07,0.0,744.6,0,91.38,EBS,gp3 volumes production
Shared-Services,cosmos-0921628,AZURE,2026-07,560.3,75.2,18901959,734.01,Cosmos DB,Event store
Finance-Systems,csql-05a8505,GCP,2026-07,664.8,185.2,0,1066.35,Cloud SQL,PostgreSQL primary
Production-Main,cdns-0891333,GCP,2026-07,0.0,0.0,17822129,26.33,Cloud DNS,DNS zones
DR-Recovery,cosmos-0ee2607,AZURE,2026-07,965.1,270.4,55898191,2262.97,Cosmos DB,User data store
Data-Science,blob-07d6144,AZURE,2026-07,0.0,11496.3,117855,346.90,Blob Storage,Backup storage
Partner-Integration,rs-03c7685,AWS,2026-07,859.3,2317.1,0,4263.47,Redshift,Data warehouse cluster
Partner-Integration,azmon-0695468,AZURE,2026-07,0.0,299.3,40382391,427.69,Azure Monitor,Logs and metrics
Shared-Services,rds-0f49206,AWS,2026-07,657.0,445.3,0,1334.77,RDS,db.r5.large PostgreSQL replica
Analytics-Platform,bq-07cd619,GCP,2026-07,0.0,21302.9,0,8386.27,BigQuery,ML training datasets
DevOps-Central,appi-09ca610,AZURE,2026-07,0.0,0.0,63335846,809.08,Application Insights,APM telemetry
Data-Science,aks-014f990,AZURE,2026-07,536.3,0.0,0,2384.61,AKS,Production K8s cluster
Data-Science,aks-102c324,AZURE,2026-07,291.8,0.0,0,443.68,AKS,Dev K8s cluster
Production-Main,kin-001a241,AWS,2026-07,734.2,0.0,20263906,289.88,Kinesis,Firehose delivery
Production-Main,s3-0017758,AWS,2026-07,0.0,15604.9,3056112,549.09,S3,Data lake raw zone
Internal-Tools,ec-0706217,AWS,2026-07,570.4,0.0,0,412.32,ElastiCache,Redis production cluster
Compliance-Audit,vpn-0388274,AWS,2026-07,559.0,0.0,0,286.91,VPN Gateway,Site-to-site VPN
Partner-Integration,gke-06ef417,GCP,2026-07,676.9,0.0,0,2114.61,GKE,Production API cluster
DevOps-Central,vm-0fd0689,AZURE,2026-07,794.0,0.0,0,244.09,Virtual Machines,B2s development VM
Production-Main,kv-0a38604,AZURE,2026-07,0.0,0.0,2892166,8.49,Key Vault,Secrets management
Compliance-Audit,rds-10d0202,AWS,2026-07,588.4,415.9,0,1555.55,RDS,db.r5.xlarge PostgreSQL primary
Analytics-Platform,cr-090d817,GCP,2026-07,525.5,0.0,2264616,704.25,Cloud Run,ETL pipeline service
Internal-Tools,redis-044a879,AZURE,2026-07,692.5,0.0,0,344.61,Azure Cache for Redis,Standard C2 cache
IoT-Platform,bq-067b487,GCP,2026-07,0.0,3850.6,0,1543.19,BigQuery,BI reporting views
Finance-Systems,sb-0ea2541,AZURE,2026-07,0.0,0.0,28760808,74.07,Service Bus,Standard messaging
Data-Science,bq-011f575,GCP,2026-07,0.0,1804.8,0,729.72,BigQuery,Data export queries
Production-Secondary,ps-009c434,GCP,2026-07,0.0,0.0,13800629,166.96,Pub/Sub,Data pipeline
Internal-Tools,aks-09b3389,AZURE,2026-07,1803.7,0.0,0,2669.69,AKS,Staging K8s cluster
Internal-Tools,s3-07a6794,AWS,2026-07,0.0,4432.2,7069467,312.84,S3,Media content bucket
Customer-Portal,azmon-0faa173,AZURE,2026-07,0.0,241.2,30709869,343.30,Azure Monitor,Logs and metrics
Data-Science,i-0cfd292,AWS,2026-07,917.8,0.0,0,793.34,EC2,t3.large application server
Marketing-Platform,ps-0bf5968,GCP,2026-07,0.0,0.0,52203880,643.10,Pub/Sub,Log forwarding
Production-Secondary,sqldb-006d367,AZURE,2026-07,600.9,41.3,0,128.30,SQL Database,Basic dev database
Production-Main,cmon-0871829,GCP,2026-07,0.0,0.0,29923667,234.68,Cloud Monitoring,Metrics and alerting
Edge-Network,s3-0719478,AWS,2026-07,0.0,54.1,27171160,173.92,S3,Static website hosting
Shared-Services,eh-01b3861,AZURE,2026-07,1047.4,0.0,42861143,463.44,Event Hubs,Standard throughput units
Analytics-Platform,csql-0e94250,GCP,2026-07,699.4,199.6,0,838.63,Cloud SQL,PostgreSQL replica
Edge-Network,sns-04ef293,AWS,2026-07,0.0,0.0,12512465,6.27,SNS,Alert notifications
ML-Training,kin-1087550,AWS,2026-07,851.4,0.0,36651851,545.43,Kinesis,Data stream ingestion
Data-Science,ddb-0144483,AWS,2026-07,923.0,62.9,98587684,719.63,DynamoDB,Session store table
QA-Testing,lam-09f6339,AWS,2026-07,0.0,0.0,5050679,37.45,Lambda,Image resizer
Analytics-Platform,fs-0559899,GCP,2026-07,1110.6,30.9,79668042,814.36,Firestore,Session store
Data-Science,mem-0e29480,GCP,2026-07,336.9,0.0,0,246.34,Memorystore,Redis staging cache
Internal-Tools,elb-0947447,AWS,2026-07,1089.2,0.0,14796814,222.77,ELB,Classic load balancer
Finance-Systems,gcf-0236582,GCP,2026-07,0.0,0.0,10372915,149.11,Cloud Functions,Auth handlers
Customer-Portal,sqldb-0262859,AZURE,2026-07,1017.0,369.7,0,1700.72,SQL Database,Standard S3 production
Shared-Services,gcs-04f9594,GCP,2026-07,0.0,4037.9,3883461,281.17,Cloud Storage,Media assets bucket
Customer-Portal,ses-06a2688,AWS,2026-07,0.0,0.0,613451,0.75,SES,Marketing email
Production-Secondary,s3-0077408,AWS,2026-07,0.0,6211.8,9759678,436.69,S3,Media content bucket
Internal-Tools,s3-02bc563,AWS,2026-07,0.0,3961.3,1888129,142.97,S3,Analytics export bucket
Finance-Systems,aks-0215831,AZURE,2026-07,1352.0,0.0,0,2052.03,AKS,Staging K8s cluster
Shared-Services,vai-0a1b338,GCP,2026-07,300.1,0.0,0,1481.52,Vertex AI,AutoML jobs
Analytics-Platform,ado-0ed0672,AZURE,2026-07,0.0,113.1,0,29.06,Azure DevOps,Artifacts storage
Production-Secondary,csql-0b38645,GCP,2026-07,654.6,184.8,0,1065.52,Cloud SQL,PostgreSQL primary
QA-Testing,lam-0bd8325,AWS,2026-07,0.0,0.0,38197745,270.51,Lambda,API gateway handler
Edge-Network,fs-104b516,GCP,2026-07,596.3,16.7,40781220,427.41,Firestore,Session store
Finance-Systems,gcs-0e36381,GCP,2026-07,0.0,433.9,6641381,77.25,Cloud Storage,Temp processing bucket
Internal-Tools,s3-0827332,AWS,2026-07,0.0,44.3,22900621,150.46,S3,Static website hosting
DR-Recovery,appi-0da9194,AZURE,2026-07,0.0,0.0,23796952,297.76,Application Insights,Custom metrics
Edge-Network,s3-031b847,AWS,2026-07,0.0,64.1,32660578,205.29,S3,Static website hosting
Mobile-Backend,ebs-04fd975,AWS,2026-07,0.0,4350.6,0,197.90,EBS,st1 volumes archive
Security-Ops,csp-016b743,GCP,2026-07,1041.5,145.0,72984196,6453.01,Cloud Spanner,Global transaction DB
IoT-Platform,bq-0fc4346,GCP,2026-07,0.0,2639.9,0,1050.09,BigQuery,BI reporting views
QA-Testing,lam-03e0492,AWS,2026-07,0.0,0.0,17019085,118.19,Lambda,Event processor
Production-Main,aks-0bc0816,AZURE,2026-07,1361.4,0.0,0,2111.66,AKS,Staging K8s cluster
Mobile-Backend,fd-06fe344,AZURE,2026-07,0.0,0.0,46857238,354.54,Front Door,Global load balancer
Customer-Portal,cosmos-04b5613,AZURE,2026-07,731.9,50.5,14818981,501.11,Cosmos DB,Config store
Finance-Systems,elb-098a560,AWS,2026-07,812.2,0.0,34354395,242.37,ELB,Application load balancer
DevOps-Central,ec-00cb370,AWS,2026-07,886.4,0.0,0,639.44,ElastiCache,Redis production cluster
Security-Ops,lam-0179437,AWS,2026-07,0.0,0.0,30090121,208.45,Lambda,Data transformer
ML-Training,lam-117f789,AWS,2026-07,0.0,0.0,15042680,108.88,Lambda,Notification dispatcher
Edge-Network,vpn-0a60326,AWS,2026-07,581.1,0.0,0,288.76,VPN Gateway,Site-to-site VPN
Marketing-Platform,ec-0bd0408,AWS,2026-07,776.3,0.0,0,556.32,ElastiCache,Redis production cluster
Production-Secondary,df-0523907,GCP,2026-07,845.1,0.0,0,2063.65,Dataflow,Streaming pipeline
Marketing-Platform,csp-01fa503,GCP,2026-07,1041.9,146.5,74528242,6424.76,Cloud Spanner,Global transaction DB
Production-Main,lam-10c9218,AWS,2026-07,0.0,0.0,4828492,34.37,Lambda,Notification dispatcher
Edge-Network,ps-06fd572,GCP,2026-07,0.0,0.0,43333295,542.28,Pub/Sub,Log forwarding
Internal-Tools,ec-0992806,AWS,2026-07,515.9,0.0,0,362.29,ElastiCache,Redis production cluster
Production-Main,i-0bac739,AWS,2026-07,400.0,0.0,0,1150.70,EC2,c5.2xlarge HPC node
Edge-Network,csql-106f438,GCP,2026-07,806.5,226.7,0,938.86,Cloud SQL,PostgreSQL replica
IoT-Platform,cdns-0808182,GCP,2026-07,0.0,0.0,16766208,25.23,Cloud DNS,DNS zones
Partner-Integration,elb-0700448,AWS,2026-07,523.1,0.0,21967865,155.85,ELB,Application load balancer
Shared-Services,s3-019c253,AWS,2026-07,0.0,2334.3,13938467,582.86,S3,Production asset storage
Customer-Portal,ps-0982535,GCP,2026-07,0.0,0.0,8783138,114.24,Pub/Sub,Data pipeline
Finance-Systems,sb-0abe213,AZURE,2026-07,0.0,0.0,27641152,70.84,Service Bus,Standard messaging
Shared-Services,vm-01ba554,AZURE,2026-07,413.8,0.0,0,3829.09,Virtual Machines,NC6s v3 GPU VM
Production-Secondary,app-0909121,AZURE,2026-07,1338.5,0.0,0,817.03,App Service,Web app P1v3
Finance-Systems,s3-0dbf295,AWS,2026-07,0.0,5333.7,8539261,394.47,S3,Media content bucket
Internal-Tools,ec-08ee362,AWS,2026-07,551.7,0.0,0,398.13,ElastiCache,Redis production cluster
Security-Ops,bq-0167622,GCP,2026-07,0.0,1624.7,0,671.74,BigQuery,BI reporting views
ML-Training,lam-089f792,AWS,2026-07,0.0,0.0,51804526,364.45,Lambda,API gateway handler
Analytics-Platform,ado-00c6175,AZURE,2026-07,516.9,0.0,0,246.97,Azure DevOps,Pipelines hosted
Edge-Network,csql-093b762,GCP,2026-07,835.6,232.9,0,999.64,Cloud SQL,PostgreSQL replica
Finance-Systems,blob-0ae8718,AZURE,2026-07,0.0,7748.8,79616,236.98,Blob Storage,Backup storage
Edge-Network,rds-0f71882,AWS,2026-07,556.3,381.4,0,1411.20,RDS,db.r5.xlarge PostgreSQL primary
Security-Ops,vm-015e672,AZURE,2026-07,656.2,0.0,0,406.12,Virtual Machines,D2s v3 utility server
Production-Secondary,mem-0095546,GCP,2026-07,647.3,0.0,0,481.66,Memorystore,Redis production cache
Data-Science,gke-0e32687,GCP,2026-07,4125.6,0.0,0,8100.33,GKE,GPU node pool
Security-Ops,bq-0c2f971,GCP,2026-07,0.0,1710.1,0,694.76,BigQuery,BI reporting views
Data-Science,gcf-09ab546,GCP,2026-07,0.0,0.0,10056901,156.90,Cloud Functions,Auth handlers
Internal-Tools,gcs-0489208,GCP,2026-07,0.0,432.0,6823804,80.15,Cloud Storage,Temp processing bucket
Data-Science,fd-078a255,AZURE,2026-07,0.0,0.0,38739602,297.01,Front Door,Global load balancer
Partner-Integration,gcs-1007922,GCP,2026-07,0.0,2537.7,1297416,394.37,Cloud Storage,Model artifacts
Internal-Tools,elb-02b9187,AWS,2026-07,1045.3,0.0,72831636,453.66,ELB,Network load balancer
Customer-Portal,cosmos-0835427,AZURE,2026-07,935.5,64.1,19151423,629.82,Cosmos DB,Config store
Production-Secondary,blob-0fbd152,AZURE,2026-07,0.0,15846.7,39751,127.38,Blob Storage,Archive tier
Customer-Portal,blob-0839846,AZURE,2026-07,0.0,6259.7,0,642.90,Blob Storage,Security audit logs
Production-Main,aks-0aa2773,AZURE,2026-07,645.5,0.0,0,2781.66,AKS,Production K8s cluster
Internal-Tools,cr-046e870,GCP,2026-07,312.6,0.0,1305468,270.45,Cloud Run,Image processor
Partner-Integration,vai-0cf6544,GCP,2026-07,259.6,0.0,0,1308.90,Vertex AI,AutoML jobs
Production-Main,aks-0eb0801,AZURE,2026-07,516.3,0.0,0,771.32,AKS,Dev K8s cluster
Marketing-Platform,sm-0b6e297,AWS,2026-07,0.0,0.0,923153,3.69,Secrets Manager,Application secrets
Production-Secondary,elb-0937293,AWS,2026-07,754.1,0.0,32104233,230.19,ELB,Application load balancer
Customer-Portal,ado-0910502,AZURE,2026-07,0.0,117.6,0,28.53,Azure DevOps,Artifacts storage
Shared-Services,ado-07b2307,AZURE,2026-07,538.0,0.0,0,263.64,Azure DevOps,Pipelines hosted
Production-Main,cosmos-0ceb324,AZURE,2026-07,1014.9,274.3,54886757,2319.38,Cosmos DB,User data store
Shared-Services,rds-0c77272,AWS,2026-07,626.6,170.4,0,560.74,RDS,db.t3.large development DB
Compliance-Audit,vpn-0689714,AWS,2026-07,482.8,0.0,0,245.24,VPN Gateway,Site-to-site VPN
DR-Recovery,appi-1178561,AZURE,2026-07,0.0,0.0,17793891,224.32,Application Insights,Custom metrics
Internal-Tools,blob-0298842,AZURE,2026-07,0.0,3890.2,10392746,523.43,Blob Storage,Build artifacts
Analytics-Platform,kv-09a4625,AZURE,2026-07,0.0,0.0,585933,1.80,Key Vault,Certificate store
Production-Secondary,redis-1191966,AZURE,2026-07,1096.8,0.0,0,554.33,Azure Cache for Redis,Standard C2 cache
Compliance-Audit,i-042e877,AWS,2026-07,676.1,0.0,0,1183.04,EC2,r5.xlarge cache server
Production-Secondary,sentinel-0a95436,AZURE,2026-07,0.0,0.0,75790023,1915.75,Microsoft Sentinel,SIEM detection
Shared-Services,nat-04f3423,AWS,2026-07,718.6,0.0,0,313.65,NAT Gateway,Production VPC NAT
IoT-Platform,cr-0352291,GCP,2026-07,735.2,0.0,15073653,1124.16,Cloud Run,API gateway service
Finance-Systems,rds-0766891,AWS,2026-07,647.6,897.1,0,2886.69,RDS,db.r5.2xlarge Aurora cluster
Production-Main,cf-0003320,AWS,2026-07,0.0,0.0,112855036,581.90,CloudFront,CDN media distribution
Customer-Portal,mem-0970602,GCP,2026-07,374.3,0.0,0,265.30,Memorystore,Redis staging cache
Production-Secondary,acr-0834611,AZURE,2026-07,0.0,236.0,460368,153.92,Container Registry,Docker image registry
Production-Secondary,blob-1149645,AZURE,2026-07,0.0,2664.1,6650730,451.57,Blob Storage,Media content
Customer-Portal,i-0bd7434,AWS,2026-07,648.0,0.0,0,47.84,EC2,t3.micro bastion host
DevOps-Central,blob-0fb6133,AZURE,2026-07,0.0,5368.0,0,531.44,Blob Storage,Security audit logs
Analytics-Platform,gcs-0561333,GCP,2026-07,0.0,9646.6,247272,229.26,Cloud Storage,Backup bucket
Marketing-Platform,lam-063a502,AWS,2026-07,0.0,0.0,20696376,144.47,Lambda,Data transformer
Shared-Services,func-106b269,AZURE,2026-07,0.0,0.0,9268677,146.13,Azure Functions,API handlers
Mobile-Backend,kin-056c185,AWS,2026-07,733.5,0.0,30500662,455.22,Kinesis,Data stream ingestion
Production-Main,i-04f1220,AWS,2026-07,705.4,0.0,0,2503.91,EC2,m5.2xlarge batch processor
DevOps-Central,vm-0a85632,AZURE,2026-07,676.6,0.0,0,6170.96,Virtual Machines,NC6s v3 GPU VM
Mobile-Backend,fd-0587882,AZURE,2026-07,0.0,0.0,44649998,338.99,Front Door,Global load balancer
Production-Secondary,sqldb-0dda483,AZURE,2026-07,492.3,165.9,0,802.62,SQL Database,Standard S3 production
Shared-Services,fd-01b4291,AZURE,2026-07,0.0,0.0,60397044,450.28,Front Door,Global load balancer
Security-Ops,gke-1088434,GCP,2026-07,2907.2,0.0,0,5779.29,GKE,ML training cluster
Security-Ops,vpn-0d67108,AWS,2026-07,650.8,0.0,0,170.34,VPN Gateway,Client VPN endpoint
Staging-Env,gcs-0107576,GCP,2026-07,0.0,4192.5,4386360,302.93,Cloud Storage,Media assets bucket
Analytics-Platform,fs-05fa889,GCP,2026-07,1136.6,31.6,79334723,848.59,Firestore,Session store
Internal-Tools,sentinel-02a1505,AZURE,2026-07,0.0,0.0,37770252,940.57,Microsoft Sentinel,Log analytics
Edge-Network,s3-0ea4486,AWS,2026-07,0.0,15563.6,154519,349.13,S3,Backup storage bucket
Security-Ops,df-0f86836,GCP,2026-07,371.7,0.0,0,929.56,Dataflow,Batch pipeline
Analytics-Platform,gcs-0d7e884,GCP,2026-07,0.0,2168.3,2120995,149.23,Cloud Storage,Media assets bucket
Production-Secondary,kv-0065440,AZURE,2026-07,0.0,0.0,2653676,7.78,Key Vault,Secrets management
Security-Ops,bq-0e89270,GCP,2026-07,0.0,10516.4,0,4235.93,BigQuery,ML training datasets
DR-Recovery,cosmos-0867713,AZURE,2026-07,993.3,270.7,54603450,2208.41,Cosmos DB,User data store
Shared-Services,vm-05d6199,AZURE,2026-07,480.9,0.0,0,4248.15,Virtual Machines,NC6s v3 GPU VM
Internal-Tools,aks-0296711,AZURE,2026-07,817.1,0.0,0,3781.70,AKS,Production K8s cluster
Internal-Tools,ebs-05fb936,AWS,2026-07,0.0,1396.5,0,176.49,EBS,gp3 volumes production
Production-Secondary,acr-1133427,AZURE,2026-07,0.0,226.4,453800,148.17,Container Registry,Docker image registry
Production-Secondary,blob-087f580,AZURE,2026-07,0.0,7633.8,2776315,391.28,Blob Storage,Data lake storage
Compliance-Audit,s3-0b6b490,AWS,2026-07,0.0,4227.7,2174738,159.77,S3,Analytics export bucket
Data-Science,gcs-0645888,GCP,2026-07,0.0,10809.1,269230,248.90,Cloud Storage,Backup bucket
Edge-Network,s3-06ff262,AWS,2026-07,0.0,1066.6,2127940,95.94,S3,Artifact storage
Finance-Systems,gcs-022e492,GCP,2026-07,0.0,11149.4,3706518,336.53,Cloud Storage,Data lake bucket
Shared-Services,kv-0957987,AZURE,2026-07,0.0,0.0,473528,1.49,Key Vault,Certificate store
Finance-Systems,s3-0a14417,AWS,2026-07,0.0,7098.5,71620,165.87,S3,Backup storage bucket
Customer-Portal,mem-0ef3274,GCP,2026-07,392.8,0.0,0,285.68,Memorystore,Redis staging cache
Production-Main,vm-0b41296,AZURE,2026-07,503.5,0.0,0,4478.30,Virtual Machines,NC6s v3 GPU VM
Compliance-Audit,ecs-0387740,AWS,2026-07,499.6,0.0,0,907.04,ECS,Fargate worker cluster
QA-Testing,lam-10dd814,AWS,2026-07,0.0,0.0,3527643,24.59,Lambda,Webhook processor
Marketing-Platform,ddb-0bfd934,AWS,2026-07,689.5,48.1,77319219,552.77,DynamoDB,Session store table
Partner-Integration,redis-06f8389,AZURE,2026-07,902.8,0.0,0,1081.88,Azure Cache for Redis,Premium P1 cache
Shared-Services,rds-04e1616,AWS,2026-07,697.1,195.7,0,654.01,RDS,db.t3.large development DB
Mobile-Backend,ebs-10e8663,AWS,2026-07,0.0,3109.8,0,141.60,EBS,st1 volumes archive
Production-Main,cmon-0427100,GCP,2026-07,0.0,0.0,25717845,205.13,Cloud Monitoring,Metrics and alerting
Marketing-Platform,cdns-0d26589,GCP,2026-07,0.0,0.0,15980617,24.89,Cloud DNS,DNS zones
DR-Recovery,sqldb-0803479,AZURE,2026-07,1107.9,765.3,0,4405.88,SQL Database,Premium P1 analytics
Production-Main,ecs-0bb3908,AWS,2026-07,380.6,0.0,0,731.55,ECS,Fargate worker cluster
Internal-Tools,ses-02a7914,AWS,2026-07,0.0,0.0,696889,0.81,SES,Marketing email
Production-Secondary,acr-07ad940,AZURE,2026-07,0.0,273.3,532736,171.80,Container Registry,Docker image registry
Compliance-Audit,s3-038f677,AWS,2026-07,0.0,4203.4,2036238,153.85,S3,Analytics export bucket
Customer-Portal,i-028f489,AWS,2026-07,843.9,0.0,0,748.89,EC2,t3.large application server
IoT-Platform,fs-034f225,GCP,2026-07,959.3,26.4,69168994,697.95,Firestore,Session store
Analytics-Platform,eh-0806403,AZURE,2026-07,669.1,0.0,27678782,300.23,Event Hubs,Standard throughput units
Edge-Network,sns-0bbd511,AWS,2026-07,0.0,0.0,14673876,7.32,SNS,Alert notifications
Finance-Systems,ps-022f437,GCP,2026-07,0.0,0.0,53974173,654.28,Pub/Sub,Log forwarding
Finance-Systems,acr-0224993,AZURE,2026-07,0.0,364.8,712470,236.73,Container Registry,Docker image registry
Finance-Systems,s3-09d3333,AWS,2026-07,0.0,10389.8,642405,253.29,S3,Log archive bucket
Production-Main,vai-004d787,GCP,2026-07,756.9,0.0,8549433,1606.46,Vertex AI,Model serving endpoints
Production-Main,aks-0f57337,AZURE,2026-07,443.1,0.0,0,661.58,AKS,Dev K8s cluster
Shared-Services,vm-01b8556,AZURE,2026-07,686.2,0.0,0,1669.68,Virtual Machines,D8s v3 application server
Shared-Services,sb-08e5943,AZURE,2026-07,511.4,0.0,7347501,402.48,Service Bus,Premium messaging
Data-Science,blob-04b8243,AZURE,2026-07,0.0,11008.9,108349,326.59,Blob Storage,Backup storage
Customer-Portal,func-0e55523,AZURE,2026-07,0.0,0.0,3107484,46.22,Azure Functions,Webhook processor
Compliance-Audit,i-0e90994,AWS,2026-07,742.1,0.0,0,636.54,EC2,m5.large monitoring server
DevOps-Central,azmon-00e3878,AZURE,2026-07,0.0,360.2,49153252,506.27,Azure Monitor,Logs and metrics
ML-Training,rds-1056958,AWS,2026-07,664.2,733.2,0,1554.56,RDS,db.m5.xlarge analytics DB
Internal-Tools,cr-02e3551,GCP,2026-07,926.4,0.0,19396159,1389.27,Cloud Run,API gateway service
Marketing-Platform,ec-07ee977,AWS,2026-07,723.4,0.0,0,522.96,ElastiCache,Redis production cluster
QA-Testing,elb-1159984,AWS,2026-07,716.9,0.0,9874030,144.57,ELB,Classic load balancer
DevOps-Central,aks-041e972,AZURE,2026-07,417.9,0.0,0,643.47,AKS,Dev K8s cluster
Production-Main,blob-0c25669,AZURE,2026-07,0.0,2691.0,7171936,352.16,Blob Storage,Build artifacts
Data-Science,gcf-0aa7783,GCP,2026-07,0.0,0.0,14021607,210.67,Cloud Functions,Data triggers
Production-Secondary,eh-0450304,AZURE,2026-07,739.4,0.0,30715804,332.79,Event Hubs,Standard throughput units
Edge-Network,elb-0512305,AWS,2026-07,876.1,0.0,12472883,174.42,ELB,Classic load balancer
DevOps-Central,app-00ea379,AZURE,2026-07,812.0,0.0,0,487.82,App Service,Web app P1v3
Marketing-Platform,ddb-0fdb347,AWS,2026-07,583.9,41.3,66959021,467.12,DynamoDB,Session store table
Analytics-Platform,cr-091c564,GCP,2026-07,657.1,0.0,14315578,1015.17,Cloud Run,API gateway service
Edge-Network,ps-0583674,GCP,2026-07,0.0,0.0,44612416,561.07,Pub/Sub,Log forwarding
Staging-Env,cr-010f896,GCP,2026-07,675.6,0.0,2770967,890.27,Cloud Run,ETL pipeline service
Internal-Tools,blob-1187759,AZURE,2026-07,0.0,15096.9,151765,449.97,Blob Storage,Backup storage
Production-Secondary,elb-05c2651,AWS,2026-07,706.7,0.0,28783075,207.52,ELB,Application load balancer
Production-Main,blob-1077331,AZURE,2026-07,0.0,3254.9,8826155,429.62,Blob Storage,Build artifacts
ML-Training,lam-0fbc967,AWS,2026-07,0.0,0.0,53463877,377.66,Lambda,API gateway handler
Compliance-Audit,i-0c4f200,AWS,2026-07,967.2,0.0,0,69.80,EC2,t3.micro bastion host
Production-Main,lam-1143684,AWS,2026-07,0.0,0.0,42011266,290.94,Lambda,Data transformer
Shared-Services,ado-0b61138,AZURE,2026-07,0.0,82.8,0,20.63,Azure DevOps,Artifacts storage
Marketing-Platform,gke-1179708,GCP,2026-07,4375.8,0.0,0,8619.19,GKE,GPU node pool
Internal-Tools,lam-0d49445,AWS,2026-07,0.0,0.0,23039870,163.24,Lambda,Data transformer
Security-Ops,bq-0ac0928,GCP,2026-07,0.0,8597.8,0,3451.87,BigQuery,Analytics data warehouse
Marketing-Platform,ec-09a2710,AWS,2026-07,782.4,0.0,0,549.24,ElastiCache,Redis production cluster
Production-Secondary,elb-0ab7130,AWS,2026-07,607.5,0.0,25498483,182.65,ELB,Application load balancer
Customer-Portal,vm-025b762,AZURE,2026-07,663.4,0.0,0,387.65,Virtual Machines,D2s v3 utility server
Shared-Services,rds-01a1956,AWS,2026-07,589.0,387.2,0,1129.32,RDS,db.r5.large PostgreSQL replica
Production-Secondary,app-0fb2316,AZURE,2026-07,873.7,0.0,0,525.60,App Service,Web app P1v3
Staging-Env,gcf-0792467,GCP,2026-07,0.0,0.0,2954523,45.32,Cloud Functions,Scheduled tasks
Production-Secondary,elb-08b6221,AWS,2026-07,787.7,0.0,31774393,227.40,ELB,Application load balancer
Internal-Tools,ec-04d3686,AWS,2026-07,522.4,0.0,0,372.67,ElastiCache,Redis production cluster
Marketing-Platform,eks-01d3629,AWS,2026-07,399.5,0.0,0,1190.73,EKS,Staging K8s cluster
Shared-Services,func-0509892,AZURE,2026-07,0.0,0.0,9086162,138.65,Azure Functions,API handlers
Production-Secondary,eh-0ed1531,AZURE,2026-07,769.5,0.0,32740249,355.76,Event Hubs,Standard throughput units
Finance-Systems,cr-0230163,GCP,2026-07,607.3,0.0,2575342,785.08,Cloud Run,ETL pipeline service
Production-Secondary,mem-049c168,GCP,2026-07,599.8,0.0,0,451.72,Memorystore,Redis production cache
Production-Secondary,sb-0550807,AZURE,2026-07,0.0,0.0,24206767,60.11,Service Bus,Standard messaging
Mobile-Backend,sqs-05af649,AWS,2026-07,0.0,0.0,353287,0.18,SQS,Dead letter queue
Compliance-Audit,rds-0513820,AWS,2026-07,637.8,447.8,0,1603.27,RDS,db.r5.xlarge PostgreSQL primary
Customer-Portal,ses-117c830,AWS,2026-07,0.0,0.0,739218,0.90,SES,Marketing email
ML-Training,sns-0366281,AWS,2026-07,0.0,0.0,9873579,4.94,SNS,Alert notifications
Marketing-Platform,rds-0420438,AWS,2026-07,468.8,123.6,0,540.92,RDS,db.t3.medium MySQL staging
Customer-Portal,vai-0272824,GCP,2026-07,225.7,0.0,0,1088.56,Vertex AI,AutoML jobs
Compliance-Audit,s3-0477403,AWS,2026-07,0.0,779.7,1619493,67.81,S3,Artifact storage
Production-Secondary,fs-0de5948,GCP,2026-07,1096.8,30.1,74851945,796.30,Firestore,Session store
Finance-Systems,func-021d261,AZURE,2026-07,0.0,0.0,4460702,67.34,Azure Functions,Webhook processor
IoT-Platform,cmon-0355663,GCP,2026-07,0.0,0.0,32863103,268.48,Cloud Monitoring,Metrics and alerting
Compliance-Audit,elb-0d71740,AWS,2026-07,472.2,0.0,32277993,207.66,ELB,Network load balancer
Internal-Tools,gcf-0f0c894,GCP,2026-07,0.0,0.0,2427450,35.30,Cloud Functions,Scheduled tasks
Customer-Portal,fs-04aa211,GCP,2026-07,934.5,64.3,38933721,530.50,Firestore,User profiles DB
QA-Testing,ses-06cb257,AWS,2026-07,0.0,0.0,2570347,3.06,SES,Transactional email
Analytics-Platform,gke-0ec0794,GCP,2026-07,4939.0,0.0,0,9878.06,GKE,GPU node pool
Compliance-Audit,rds-0393803,AWS,2026-07,1058.5,727.6,0,2137.27,RDS,db.r5.large PostgreSQL replica
Partner-Integration,vai-1089220,GCP,2026-07,684.5,0.0,0,3451.75,Vertex AI,Training pipelines
Compliance-Audit,i-07a7252,AWS,2026-07,861.5,0.0,0,734.93,EC2,m5.large monitoring server
Marketing-Platform,vai-0787119,GCP,2026-07,687.6,0.0,0,3342.87,Vertex AI,Training pipelines
Finance-Systems,appi-0ada402,AZURE,2026-07,0.0,0.0,18098968,219.10,Application Insights,Custom metrics
DevOps-Central,ddb-00ce395,AWS,2026-07,551.5,77.9,115573879,855.31,DynamoDB,Cache table
Marketing-Platform,vai-0201406,GCP,2026-07,614.8,0.0,0,3174.20,Vertex AI,Training pipelines
Production-Secondary,blob-08d0486,AZURE,2026-07,0.0,13121.2,131327,396.94,Blob Storage,Backup storage
Production-Secondary,blob-1102786,AZURE,2026-07,0.0,15425.0,39469,126.15,Blob Storage,Archive tier
Marketing-Platform,gke-0da0927,GCP,2026-07,2356.1,0.0,0,4637.85,GKE,ML training cluster
Finance-Systems,func-0b2d239,AZURE,2026-07,0.0,0.0,5305104,81.03,Azure Functions,API handlers
Shared-Services,func-0fb3832,AZURE,2026-07,0.0,0.0,3607869,53.29,Azure Functions,Webhook processor
Security-Ops,vpn-017d779,AWS,2026-07,572.3,0.0,0,144.02,VPN Gateway,Client VPN endpoint
Security-Ops,ecs-0658518,AWS,2026-07,171.5,0.0,0,319.93,ECS,Fargate batch cluster
Data-Science,blob-0ff1848,AZURE,2026-07,0.0,2733.6,7285193,348.37,Blob Storage,Build artifacts
ML-Training,i-0dc9655,AWS,2026-07,686.6,0.0,0,2395.76,EC2,r5.2xlarge database server
Security-Ops,cmon-0171477,GCP,2026-07,0.0,0.0,23261524,191.23,Cloud Monitoring,Metrics and alerting
Customer-Portal,elb-0286969,AWS,2026-07,842.3,0.0,35296918,254.45,ELB,Application load balancer
Production-Main,lam-0009821,AWS,2026-07,0.0,0.0,35691926,248.22,Lambda,Data transformer
Security-Ops,ps-0a1e824,GCP,2026-07,0.0,0.0,33567196,420.24,Pub/Sub,Event streaming
Partner-Integration,rs-03c6136,AWS,2026-07,0.0,0.0,5069397,255.79,Redshift,Spectrum queries
Marketing-Platform,gcf-0c54457,GCP,2026-07,0.0,0.0,1846859,27.09,Cloud Functions,Scheduled tasks
Security-Ops,ecs-101c745,AWS,2026-07,506.0,0.0,0,969.44,ECS,Fargate worker cluster
Finance-Systems,gcf-0afd438,GCP,2026-07,0.0,0.0,14544303,211.58,Cloud Functions,Data triggers
Production-Main,blob-0f7c723,AZURE,2026-07,0.0,3013.1,8100657,404.49,Blob Storage,Build artifacts
Marketing-Platform,r53-0d41208,AWS,2026-07,0.0,0.0,49864493,73.95,Route 53,DNS hosting
Internal-Tools,lam-0b1d283,AWS,2026-07,0.0,0.0,9436228,64.65,Lambda,Notification dispatcher
Shared-Services,eh-04b1664,AZURE,2026-07,1115.2,0.0,48845254,517.12,Event Hubs,Standard throughput units
Edge-Network,s3-101a960,AWS,2026-07,0.0,13741.5,138598,314.99,S3,Backup storage bucket
Analytics-Platform,gcs-101b784,GCP,2026-07,0.0,9173.2,232604,213.20,Cloud Storage,Backup bucket
Marketing-Platform,ca-0a37345,GCP,2026-07,0.0,0.0,66972370,247.39,Cloud Armor,WAF policies
Staging-Env,gke-10ef646,GCP,2026-07,684.9,0.0,0,2029.46,GKE,Production API cluster
Customer-Portal,blob-0671523,AZURE,2026-07,0.0,5058.5,0,524.60,Blob Storage,Security audit logs
IoT-Platform,cr-0ea8795,GCP,2026-07,480.2,0.0,3882543,407.72,Cloud Run,Webhook handler
Analytics-Platform,aks-06ee815,AZURE,2026-07,535.3,0.0,0,829.20,AKS,Dev K8s cluster
Production-Secondary,blob-005f915,AZURE,2026-07,0.0,2871.3,7146934,468.69,Blob Storage,Media content
Analytics-Platform,gcs-0807814,GCP,2026-07,0.0,2791.2,2835124,200.45,Cloud Storage,Media assets bucket
Staging-Env,csql-0100157,GCP,2026-07,718.5,201.6,0,1146.91,Cloud SQL,PostgreSQL primary
Customer-Portal,vpn-0f7d948,AWS,2026-07,1466.0,0.0,0,386.98,VPN Gateway,Client VPN endpoint
Mobile-Backend,azmon-0a21733,AZURE,2026-07,0.0,275.9,38120747,408.75,Azure Monitor,Logs and metrics
Finance-Systems,blob-083a215,AZURE,2026-07,0.0,7384.8,72062,222.06,Blob Storage,Backup storage
Customer-Portal,app-09dd159,AZURE,2026-07,805.4,0.0,0,483.53,App Service,Web app P1v3
IoT-Platform,bq-1193133,GCP,2026-07,0.0,3812.2,0,1463.13,BigQuery,BI reporting views
Production-Main,lam-08ec165,AWS,2026-07,0.0,0.0,36315079,251.68,Lambda,Data transformer
Marketing-Platform,vai-0f10130,GCP,2026-07,530.1,0.0,5726733,1103.41,Vertex AI,Model serving endpoints
Staging-Env,bq-0f21859,GCP,2026-07,0.0,1456.8,0,590.97,BigQuery,BI reporting views
Analytics-Platform,ado-0761752,AZURE,2026-07,0.0,136.2,0,32.50,Azure DevOps,Artifacts storage
Shared-Services,ca-01b0910,GCP,2026-07,0.0,0.0,87776972,328.78,Cloud Armor,WAF policies
IoT-Platform,csql-108b463,GCP,2026-07,806.4,225.9,0,981.57,Cloud SQL,PostgreSQL replica
DevOps-Central,appi-056d259,AZURE,2026-07,0.0,0.0,64156732,827.33,Application Insights,APM telemetry
Compliance-Audit,kin-0fd9497,AWS,2026-07,791.2,0.0,33176943,489.08,Kinesis,Data stream ingestion
ML-Training,rs-1151520,AWS,2026-07,676.0,1862.7,0,3334.46,Redshift,Data warehouse cluster
DevOps-Central,vm-10f1723,AZURE,2026-07,756.5,0.0,0,1314.04,Virtual Machines,E4s v3 SIEM collector
Analytics-Platform,gcs-1084193,GCP,2026-07,0.0,9831.5,239164,224.11,Cloud Storage,Backup bucket
IoT-Platform,gke-035c324,GCP,2026-07,705.6,0.0,0,2157.47,GKE,Production API cluster
Data-Science,nat-0602814,AWS,2026-07,528.3,0.0,0,123.71,NAT Gateway,Staging VPC NAT
Staging-Env,ps-0e3b104,GCP,2026-07,0.0,0.0,14147375,173.53,Pub/Sub,Data pipeline
DevOps-Central,appi-0804101,AZURE,2026-07,0.0,0.0,77668562,976.84,Application Insights,APM telemetry
Edge-Network,elb-060d300,AWS,2026-07,950.2,0.0,13187403,189.25,ELB,Classic load balancer
Partner-Integration,appi-07e3482,AZURE,2026-07,0.0,0.0,51751553,674.61,Application Insights,APM telemetry
Production-Main,eh-0bb2869,AZURE,2026-07,0.0,625.4,0,155.30,Event Hubs,Capture to storage
Analytics-Platform,aks-00bf283,AZURE,2026-07,656.8,0.0,0,3002.36,AKS,Production K8s cluster
Marketing-Platform,rs-0db7790,AWS,2026-07,0.0,0.0,7633312,361.21,Redshift,Spectrum queries
Mobile-Backend,sqldb-0883304,AZURE,2026-07,908.8,644.9,0,3847.10,SQL Database,Premium P1 analytics
DevOps-Central,kin-0bc2586,AWS,2026-07,1036.2,0.0,28835011,410.46,Kinesis,Firehose delivery
Finance-Systems,s3-109f584,AWS,2026-07,0.0,13416.5,2581431,451.87,S3,Data lake raw zone
Analytics-Platform,vai-070f100,GCP,2026-07,224.2,0.0,0,1139.68,Vertex AI,AutoML jobs
QA-Testing,lam-0cce559,AWS,2026-07,0.0,0.0,4820423,33.65,Lambda,Image resizer
Internal-Tools,aks-06b0216,AZURE,2026-07,1858.2,0.0,0,2723.86,AKS,Staging K8s cluster
Partner-Integration,gke-03be323,GCP,2026-07,537.0,0.0,0,1549.84,GKE,Batch processing cluster
Internal-Tools,aks-0f22641,AZURE,2026-07,1711.1,0.0,0,2538.29,AKS,Staging K8s cluster
Analytics-Platform,fs-00a0210,GCP,2026-07,1057.6,30.2,73485500,756.73,Firestore,Session store
Marketing-Platform,ddb-0c73535,AWS,2026-07,552.8,7.4,3734476,66.66,DynamoDB,Config store table
Production-Main,aks-0022100,AZURE,2026-07,530.0,0.0,0,796.33,AKS,Dev K8s cluster
Analytics-Platform,csql-082e688,GCP,2026-07,627.3,444.5,0,1261.81,Cloud SQL,MySQL analytics
Edge-Network,gke-0b47654,GCP,2026-07,2674.0,0.0,0,5302.29,GKE,ML training cluster
Customer-Portal,vpn-0d53194,AWS,2026-07,955.4,0.0,0,239.14,VPN Gateway,Client VPN endpoint
Staging-Env,bq-0493686,GCP,2026-07,0.0,1575.4,0,624.55,BigQuery,BI reporting views
Data-Science,rds-0135326,AWS,2026-07,769.1,884.9,0,1776.84,RDS,db.m5.xlarge analytics DB
Finance-Systems,gcs-0c6f627,GCP,2026-07,0.0,11229.6,3761276,334.94,Cloud Storage,Data lake bucket
Shared-Services,appi-0dfe368,AZURE,2026-07,0.0,0.0,42409987,543.94,Application Insights,APM telemetry
Finance-Systems,csql-0235236,GCP,2026-07,660.8,183.4,0,1040.91,Cloud SQL,PostgreSQL primary
Internal-Tools,sqs-02af753,AWS,2026-07,0.0,0.0,57537569,28.90,SQS,Order processing queue
Production-Secondary,i-0f80736,AWS,2026-07,1365.8,0.0,0,1167.39,EC2,t3.large application server
Customer-Portal,bq-0ca4291,GCP,2026-07,0.0,1227.2,0,486.74,BigQuery,Data export queries
Production-Secondary,i-007d734,AWS,2026-07,661.7,0.0,0,2332.05,EC2,m5.2xlarge batch processor
Customer-Portal,elb-04a4272,AWS,2026-07,832.0,0.0,11701739,172.83,ELB,Classic load balancer
Data-Science,cmon-0b0e986,GCP,2026-07,0.0,0.0,39024505,318.19,Cloud Monitoring,Metrics and alerting
Internal-Tools,ec-0940670,AWS,2026-07,507.6,0.0,0,371.49,ElastiCache,Redis production cluster
Internal-Tools,gcs-02df884,GCP,2026-07,0.0,10633.6,267239,237.17,Cloud Storage,Backup bucket
Mobile-Backend,vm-09bb165,AZURE,2026-07,760.0,0.0,0,1081.91,Virtual Machines,F4s v2 compute node
Customer-Portal,fd-0251891,AZURE,2026-07,0.0,0.0,69244212,526.70,Front Door,Global load balancer
Data-Science,cosmos-09e8442,AZURE,2026-07,668.8,182.7,36162010,1495.40,Cosmos DB,User data store
Customer-Portal,blob-0eb1253,AZURE,2026-07,0.0,5733.6,0,581.62,Blob Storage,Security audit logs
DevOps-Central,sqldb-0a8e401,AZURE,2026-07,679.0,240.4,0,1147.39,SQL Database,Standard S3 production
Edge-Network,ebs-0314161,AWS,2026-07,0.0,185.6,0,22.99,EBS,gp3 volumes staging
Data-Science,csp-0121138,GCP,2026-07,601.4,85.6,42832786,3707.77,Cloud Spanner,Global transaction DB
Finance-Systems,aks-102f898,AZURE,2026-07,298.5,0.0,0,457.55,AKS,Dev K8s cluster
Finance-Systems,s3-0d74264,AWS,2026-07,0.0,8465.7,85706,189.98,S3,Backup storage bucket
Partner-Integration,azmon-0a59651,AZURE,2026-07,0.0,247.5,33450150,367.60,Azure Monitor,Logs and metrics
Compliance-Audit,i-1059858,AWS,2026-07,901.7,0.0,0,808.43,EC2,m5.large monitoring server
Analytics-Platform,kv-10e4289,AZURE,2026-07,0.0,0.0,554548,1.69,Key Vault,Certificate store
Shared-Services,func-09a1968,AZURE,2026-07,0.0,0.0,11819109,172.53,Azure Functions,API handlers
Production-Secondary,fs-0097230,GCP,2026-07,994.6,27.5,69064763,714.90,Firestore,Session store
Staging-Env,gke-0d96647,GCP,2026-07,675.7,0.0,0,1965.39,GKE,Production API cluster
Customer-Portal,blob-0259159,AZURE,2026-07,0.0,2751.6,6799176,446.16,Blob Storage,Media content
Production-Main,vm-003c553,AZURE,2026-07,1028.1,0.0,0,1499.95,Virtual Machines,F4s v2 compute node
Shared-Services,sb-05c7144,AZURE,2026-07,591.6,0.0,8280195,454.66,Service Bus,Premium messaging
Production-Main,eh-0025680,AZURE,2026-07,667.9,0.0,28523508,308.52,Event Hubs,Standard throughput units
Partner-Integration,rds-056b126,AWS,2026-07,954.3,696.9,0,1964.10,RDS,db.r5.large PostgreSQL replica
Compliance-Audit,rs-0ab9836,AWS,2026-07,717.0,1907.9,0,3506.75,Redshift,Data warehouse cluster
Marketing-Platform,gcf-0e5d976,GCP,2026-07,0.0,0.0,2285224,34.77,Cloud Functions,Scheduled tasks
Finance-Systems,s3-0591832,AWS,2026-07,0.0,6055.7,9221525,438.30,S3,Media content bucket
Staging-Env,gcf-00f6258,GCP,2026-07,0.0,0.0,27368180,409.65,Cloud Functions,Pub/Sub processors
DevOps-Central,sb-00d7881,AZURE,2026-07,837.3,0.0,11593393,642.90,Service Bus,Premium messaging
Analytics-Platform,eh-0c57869,AZURE,2026-07,0.0,391.1,0,98.87,Event Hubs,Capture to storage
Partner-Integration,sb-05dd537,AZURE,2026-07,837.1,0.0,11769840,621.15,Service Bus,Premium messaging
Data-Science,i-013c432,AWS,2026-07,640.9,0.0,0,2178.26,EC2,m5.2xlarge batch processor
ML-Training,rs-0363157,AWS,2026-07,571.4,1532.7,0,2893.94,Redshift,Data warehouse cluster
Shared-Services,sb-0dc4566,AZURE,2026-07,596.5,0.0,8323708,449.11,Service Bus,Premium messaging
DevOps-Central,aks-0cf1749,AZURE,2026-07,462.4,0.0,0,701.37,AKS,Dev K8s cluster
Analytics-Platform,eh-0479891,AZURE,2026-07,0.0,401.7,0,97.92,Event Hubs,Capture to storage
Edge-Network,ebs-0f39725,AWS,2026-07,0.0,140.8,0,17.53,EBS,gp3 volumes staging
Finance-Systems,rds-0f26468,AWS,2026-07,879.1,991.8,0,2052.50,RDS,db.m5.xlarge analytics DB
Partner-Integration,appi-064d380,AZURE,2026-07,0.0,0.0,75149702,944.62,Application Insights,APM telemetry
Internal-Tools,gke-02d2760,GCP,2026-07,5107.9,0.0,0,10148.87,GKE,GPU node pool
Production-Secondary,csql-070a801,GCP,2026-07,674.2,464.0,0,1346.19,Cloud SQL,MySQL analytics
Data-Science,gke-012c228,GCP,2026-07,4087.9,0.0,0,8144.86,GKE,GPU node pool
ML-Training,rs-1068403,AWS,2026-07,554.5,1510.9,0,2815.98,Redshift,Data warehouse cluster
IoT-Platform,cr-0c2a220,GCP,2026-07,347.5,0.0,1401370,294.40,Cloud Run,Image processor
Security-Ops,vai-016f381,GCP,2026-07,706.3,0.0,7729860,1556.89,Vertex AI,Model serving endpoints
Compliance-Audit,s3-0864751,AWS,2026-07,0.0,14267.2,2809595,479.28,S3,Data lake raw zone
Security-Ops,ps-098b992,GCP,2026-07,0.0,0.0,29609791,381.72,Pub/Sub,Event streaming
Staging-Env,gcs-0876450,GCP,2026-07,0.0,20854.9,52804,209.56,Cloud Storage,Archive bucket
Internal-Tools,lam-02c7649,AWS,2026-07,0.0,0.0,1367027,10.36,Lambda,Cron job runner
Internal-Tools,s3-102e326,AWS,2026-07,0.0,4513.0,7541140,339.27,S3,Media content bucket
Internal-Tools,ses-02a8789,AWS,2026-07,0.0,0.0,2763066,3.16,SES,Transactional email
Data-Science,kv-015a390,AZURE,2026-07,0.0,0.0,523680,1.60,Key Vault,Certificate store
Mobile-Backend,azmon-0bba725,AZURE,2026-07,0.0,346.7,45229812,490.55,Azure Monitor,Logs and metrics
Finance-Systems,aks-0922802,AZURE,2026-07,343.5,0.0,0,507.66,AKS,Dev K8s cluster
Marketing-Platform,rds-0dec903,AWS,2026-07,718.2,518.1,0,1422.74,RDS,db.r5.large PostgreSQL replica
Mobile-Backend,fd-095e352,AZURE,2026-07,0.0,0.0,60452673,439.97,Front Door,Global load balancer
Partner-Integration,rs-0af6242,AWS,2026-07,725.9,2012.6,0,3598.46,Redshift,Data warehouse cluster
DevOps-Central,sentinel-00e5745,AZURE,2026-07,0.0,0.0,43159846,1030.73,Microsoft Sentinel,Log analytics
Edge-Network,sns-065d432,AWS,2026-07,0.0,0.0,12520839,6.02,SNS,Alert notifications
Analytics-Platform,eh-04e3729,AZURE,2026-07,612.5,0.0,24915490,272.88,Event Hubs,Standard throughput units
Partner-Integration,elb-0534422,AWS,2026-07,517.2,0.0,21365221,154.74,ELB,Application load balancer
DevOps-Central,redis-0fc2470,AZURE,2026-07,846.5,0.0,0,1024.86,Azure Cache for Redis,Premium P1 cache
Customer-Portal,vm-05b7601,AZURE,2026-07,640.7,0.0,0,398.71,Virtual Machines,D2s v3 utility server
Compliance-Audit,sns-07bc236,AWS,2026-07,0.0,0.0,19596534,9.51,SNS,Event fanout topic
Customer-Portal,i-0292184,AWS,2026-07,900.9,0.0,0,801.10,EC2,m5.large monitoring server
DevOps-Central,sentinel-0905483,AZURE,2026-07,0.0,0.0,41960126,1067.60,Microsoft Sentinel,Log analytics
DevOps-Central,kv-0c74453,AZURE,2026-07,0.0,0.0,2809108,8.59,Key Vault,Secrets management
Production-Secondary,cosmos-0ad3510,AZURE,2026-07,582.1,82.4,20464021,768.45,Cosmos DB,Event store
Finance-Systems,eks-0458148,AWS,2026-07,1147.5,0.0,0,3440.60,EKS,Production K8s cluster
Marketing-Platform,ddb-01d9664,AWS,2026-07,657.6,45.9,73508360,500.65,DynamoDB,Session store table
Production-Main,redis-0042268,AZURE,2026-07,1007.1,0.0,0,1259.55,Azure Cache for Redis,Premium P1 cache
Compliance-Audit,elb-0755271,AWS,2026-07,891.6,0.0,37184160,276.20,ELB,Application load balancer
Compliance-Audit,vpn-113e883,AWS,2026-07,669.2,0.0,0,167.84,VPN Gateway,Client VPN endpoint
Customer-Portal,s3-09c9825,AWS,2026-07,0.0,23534.7,4692747,795.23,S3,Data lake raw zone
Marketing-Platform,gke-114e881,GCP,2026-07,4321.6,0.0,0,8747.45,GKE,GPU node pool
Production-Main,cmon-0049683,GCP,2026-07,0.0,0.0,25102824,205.50,Cloud Monitoring,Metrics and alerting
Edge-Network,sns-10c8578,AWS,2026-07,0.0,0.0,11170812,5.51,SNS,Alert notifications
Marketing-Platform,ddb-0f33123,AWS,2026-07,665.5,45.1,73546326,521.86,DynamoDB,Session store table
Production-Main,r53-0407779,AWS,2026-07,0.0,0.0,68243109,102.91,Route 53,DNS hosting
Security-Ops,ses-0c0f585,AWS,2026-07,0.0,0.0,2325491,2.89,SES,Transactional email
Data-Science,bq-09d9422,GCP,2026-07,0.0,1778.7,0,708.79,BigQuery,BI reporting views
Partner-Integration,appi-0ef7381,AZURE,2026-07,0.0,0.0,51503915,641.15,Application Insights,APM telemetry
Production-Secondary,sqldb-006e371,AZURE,2026-07,651.6,447.7,0,2551.58,SQL Database,Premium P1 analytics
Data-Science,aks-10ae750,AZURE,2026-07,280.1,0.0,0,423.05,AKS,Dev K8s cluster
DR-Recovery,sb-0ba9867,AZURE,2026-07,0.0,0.0,16295802,41.44,Service Bus,Standard messaging
Marketing-Platform,ddb-050e790,AWS,2026-07,716.6,10.1,5066430,87.56,DynamoDB,Config store table
QA-Testing,elb-03e7273,AWS,2026-07,833.5,0.0,36362854,266.42,ELB,Application load balancer
Shared-Services,vm-0c90772,AZURE,2026-07,1024.0,0.0,0,1182.57,Virtual Machines,D4s v3 CI runner
Partner-Integration,rds-0f16278,AWS,2026-07,837.3,603.5,0,1705.65,RDS,db.r5.large PostgreSQL replica
Finance-Systems,sb-0610431,AZURE,2026-07,0.0,0.0,26533203,65.14,Service Bus,Standard messaging
Partner-Integration,redis-03b0238,AZURE,2026-07,815.2,0.0,0,964.22,Azure Cache for Redis,Premium P1 cache
Mobile-Backend,sqldb-0349366,AZURE,2026-07,894.0,616.7,0,3662.45,SQL Database,Premium P1 analytics
Mobile-Backend,vm-0986858,AZURE,2026-07,765.6,0.0,0,1050.30,Virtual Machines,F4s v2 compute node
Production-Main,s3-0eb8776,AWS,2026-07,0.0,1965.6,11680210,480.72,S3,Production asset storage
Production-Main,app-0028269,AZURE,2026-07,1022.1,0.0,0,638.57,App Service,Web app P1v3
Production-Main,r53-0a71797,AWS,2026-07,0.0,0.0,15447441,23.04,Route 53,Health checks
DevOps-Central,appi-060e853,AZURE,2026-07,0.0,0.0,68364414,818.95,Application Insights,APM telemetry
Production-Main,cmon-112d573,GCP,2026-07,0.0,0.0,24300300,193.37,Cloud Monitoring,Metrics and alerting
Marketing-Platform,nat-052d993,AWS,2026-07,935.4,0.0,0,215.56,NAT Gateway,Dev VPC NAT
Data-Science,sb-0152320,AZURE,2026-07,0.0,0.0,26823164,65.05,Service Bus,Standard messaging
Partner-Integration,elb-108e748,AWS,2026-07,881.6,0.0,12206462,175.99,ELB,Classic load balancer
Staging-Env,bq-094e546,GCP,2026-07,0.0,1970.5,0,794.11,BigQuery,BI reporting views
Production-Main,cf-10fc798,AWS,2026-07,0.0,0.0,50517384,257.54,CloudFront,CDN API distribution
Customer-Portal,elb-054e407,AWS,2026-07,921.5,0.0,37819574,277.73,ELB,Application load balancer
Customer-Portal,cosmos-0aa0416,AZURE,2026-07,644.8,87.6,21372241,832.23,Cosmos DB,Event store
Analytics-Platform,aks-0f9f800,AZURE,2026-07,1142.2,0.0,0,1703.12,AKS,Staging K8s cluster
Internal-Tools,ebs-02aa908,AWS,2026-07,0.0,255.5,0,31.84,EBS,gp3 volumes staging
Data-Science,i-0c45831,AWS,2026-07,788.4,0.0,0,1427.39,EC2,m5.xlarge web server
Finance-Systems,sentinel-108a486,AZURE,2026-07,0.0,0.0,122035184,2971.07,Microsoft Sentinel,SIEM detection
Finance-Systems,appi-0fce421,AZURE,2026-07,0.0,0.0,57012113,712.44,Application Insights,APM telemetry
Production-Main,aks-0828395,AZURE,2026-07,1336.6,0.0,0,2015.57,AKS,Staging K8s cluster
Analytics-Platform,bq-0855409,GCP,2026-07,0.0,2716.8,0,1069.72,BigQuery,BI reporting views
Edge-Network,csql-0f1b746,GCP,2026-07,812.6,221.8,0,949.59,Cloud SQL,PostgreSQL replica
Security-Ops,sqs-0a29511,AWS,2026-07,0.0,0.0,49725622,24.98,SQS,Event notification queue
IoT-Platform,df-035f202,GCP,2026-07,529.3,0.0,0,1327.42,Dataflow,Batch pipeline
Partner-Integration,eks-093a354,AWS,2026-07,484.5,0.0,0,1444.47,EKS,Staging K8s cluster
Customer-Portal,s3-0b03411,AWS,2026-07,0.0,20800.1,4175897,714.50,S3,Data lake raw zone
Mobile-Backend,acr-0c2e265,AZURE,2026-07,0.0,177.5,357625,121.15,Container Registry,Docker image registry
Analytics-Platform,cdns-00b5600,GCP,2026-07,0.0,0.0,25335673,38.80,Cloud DNS,DNS zones
Production-Main,i-04c9242,AWS,2026-07,423.0,0.0,0,1260.72,EC2,c5.2xlarge HPC node
IoT-Platform,gke-0ff2384,GCP,2026-07,2874.1,0.0,0,5631.40,GKE,ML training cluster
Compliance-Audit,s3-0e75150,AWS,2026-07,0.0,13814.2,2769276,496.48,S3,Data lake raw zone
Production-Main,s3-0bb9469,AWS,2026-07,0.0,11175.7,713201,279.68,S3,Log archive bucket
Customer-Portal,blob-0df2180,AZURE,2026-07,0.0,2965.8,7471720,503.90,Blob Storage,Media content
Security-Ops,ecs-0b43950,AWS,2026-07,207.8,0.0,0,363.38,ECS,Fargate batch cluster
Staging-Env,vai-113c698,GCP,2026-07,475.0,0.0,0,2459.52,Vertex AI,Training pipelines
Mobile-Backend,kin-032c685,AWS,2026-07,978.4,0.0,27718465,410.06,Kinesis,Firehose delivery
Production-Secondary,eh-0eec514,AZURE,2026-07,707.1,0.0,28996446,326.12,Event Hubs,Standard throughput units
Marketing-Platform,rds-0ee5106,AWS,2026-07,719.9,206.0,0,643.26,RDS,db.t3.large development DB
Partner-Integration,ado-0c66978,AZURE,2026-07,0.0,92.2,0,22.74,Azure DevOps,Artifacts storage
Partner-Integration,redis-0765770,AZURE,2026-07,644.7,0.0,0,802.06,Azure Cache for Redis,Premium P1 cache
Partner-Integration,cf-0cd9510,AWS,2026-07,0.0,0.0,45731136,228.77,CloudFront,CDN API distribution
DevOps-Central,kin-0fc6673,AWS,2026-07,652.1,0.0,27195306,397.98,Kinesis,Data stream ingestion
Finance-Systems,mem-0229681,GCP,2026-07,485.0,0.0,0,341.53,Memorystore,Redis staging cache
Internal-Tools,aks-0672283,AZURE,2026-07,827.8,0.0,0,3758.24,AKS,Production K8s cluster
Production-Main,lam-0008470,AWS,2026-07,0.0,0.0,64578152,452.42,Lambda,API gateway handler
Finance-Systems,cr-069b523,GCP,2026-07,327.4,0.0,2737963,297.46,Cloud Run,Webhook handler
Mobile-Backend,ebs-032f576,AWS,2026-07,0.0,3950.4,0,182.52,EBS,st1 volumes archive
Partner-Integration,sqldb-0979792,AZURE,2026-07,1140.2,391.4,0,1860.18,SQL Database,Standard S3 production
Production-Main,blob-1073292,AZURE,2026-07,0.0,2777.7,7487311,368.11,Blob Storage,Build artifacts
Customer-Portal,i-0d4e952,AWS,2026-07,497.5,0.0,0,35.65,EC2,t3.micro bastion host
Analytics-Platform,kv-1126150,AZURE,2026-07,0.0,0.0,632376,1.89,Key Vault,Certificate store
Analytics-Platform,cdns-0738745,GCP,2026-07,0.0,0.0,23311974,35.96,Cloud DNS,DNS zones
Production-Main,app-0623118,AZURE,2026-07,567.8,0.0,0,690.33,App Service,API app P2v3
Edge-Network,df-0e6f587,GCP,2026-07,685.5,0.0,0,1698.17,Dataflow,Streaming pipeline
Internal-Tools,gke-044b696,GCP,2026-07,659.3,0.0,0,1945.62,GKE,Production API cluster
Finance-Systems,sentinel-0552744,AZURE,2026-07,0.0,0.0,116800376,2930.34,Microsoft Sentinel,SIEM detection
Mobile-Backend,vm-0959284,AZURE,2026-07,679.3,0.0,0,203.26,Virtual Machines,B2s development VM
Partner-Integration,sqldb-09c3873,AZURE,2026-07,1164.4,422.0,0,2038.14,SQL Database,Standard S3 production
Production-Main,kv-0bab992,AZURE,2026-07,0.0,0.0,2811571,8.29,Key Vault,Secrets management
DevOps-Central,sentinel-0c65933,AZURE,2026-07,0.0,0.0,135537894,3458.77,Microsoft Sentinel,SIEM detection
Shared-Services,ado-0a55808,AZURE,2026-07,507.7,0.0,0,253.09,Azure DevOps,Pipelines hosted
Shared-Services,fd-0f31203,AZURE,2026-07,0.0,0.0,80592465,582.72,Front Door,Global load balancer
Data-Science,cr-0125601,GCP,2026-07,297.5,0.0,2459150,251.68,Cloud Run,Webhook handler
Analytics-Platform,ps-0e4f411,GCP,2026-07,0.0,0.0,42046011,524.95,Pub/Sub,Log forwarding
Staging-Env,fs-0818568,GCP,2026-07,913.2,63.2,37362198,519.35,Firestore,User profiles DB
ML-Training,ebs-0841189,AWS,2026-07,0.0,695.2,0,448.85,EBS,io2 volumes database
Shared-Services,ado-0734847,AZURE,2026-07,494.9,0.0,0,238.74,Azure DevOps,Pipelines hosted
Compliance-Audit,ec-04b0887,AWS,2026-07,679.6,0.0,0,506.34,ElastiCache,Redis production cluster
Shared-Services,ec-0b20815,AWS,2026-07,745.1,0.0,0,267.77,ElastiCache,Redis staging cluster
Production-Secondary,aks-0c9d452,AZURE,2026-07,291.9,0.0,0,440.56,AKS,Dev K8s cluster
DR-Recovery,kv-0f82870,AZURE,2026-07,0.0,0.0,3674067,10.58,Key Vault,Secrets management
Finance-Systems,blob-0f7e871,AZURE,2026-07,0.0,8370.7,85339,251.11,Blob Storage,Backup storage
Data-Science,i-0fa7215,AWS,2026-07,746.9,0.0,0,644.21,EC2,m5.large monitoring server
DR-Recovery,sqldb-02f6848,AZURE,2026-07,925.6,318.4,0,1571.45,SQL Database,Standard S3 production
ML-Training,ebs-0f7f128,AWS,2026-07,0.0,697.7,0,441.43,EBS,io2 volumes database
Production-Main,vm-003e151,AZURE,2026-07,841.3,0.0,0,259.46,Virtual Machines,B2s development VM
Analytics-Platform,cr-0795973,GCP,2026-07,239.9,0.0,972557,209.76,Cloud Run,Image processor
Marketing-Platform,gcf-0d8a232,GCP,2026-07,0.0,0.0,7481973,111.51,Cloud Functions,Auth handlers
Finance-Systems,appi-1002402,AZURE,2026-07,0.0,0.0,59733932,737.98,Application Insights,APM telemetry
ML-Training,ec-0375244,AWS,2026-07,1054.6,0.0,0,743.33,ElastiCache,Redis production cluster
Compliance-Audit,s3-0bed504,AWS,2026-07,0.0,14153.5,2845681,486.14,S3,Data lake raw zone
Production-Secondary,acr-1141721,AZURE,2026-07,0.0,200.6,407796,129.77,Container Registry,Docker image registry
DevOps-Central,appi-0cb4375,AZURE,2026-07,0.0,0.0,15547895,186.04,Application Insights,Custom metrics
Production-Main,r53-0c3e737,AWS,2026-07,0.0,0.0,11902702,17.95,Route 53,Health checks
Customer-Portal,cosmos-0447788,AZURE,2026-07,871.8,61.2,18137110,595.14,Cosmos DB,Config store
Finance-Systems,elb-1055185,AWS,2026-07,540.3,0.0,7541894,107.00,ELB,Classic load balancer
Production-Secondary,s3-08f4922,AWS,2026-07,0.0,5521.6,8782875,401.73,S3,Media content bucket
Marketing-Platform,gke-01f0606,GCP,2026-07,558.4,0.0,0,1740.96,GKE,Production API cluster
Analytics-Platform,csql-00a6170,GCP,2026-07,895.6,252.5,0,1424.21,Cloud SQL,PostgreSQL primary
Production-Secondary,i-0fb0145,AWS,2026-07,943.9,0.0,0,809.42,EC2,t3.large application server
Partner-Integration,ado-092b573,AZURE,2026-07,731.1,0.0,0,365.13,Azure DevOps,Pipelines hosted
IoT-Platform,csp-035a467,GCP,2026-07,947.5,134.6,68339090,5815.65,Cloud Spanner,Global transaction DB
Marketing-Platform,gcf-1164171,GCP,2026-07,0.0,0.0,2060017,31.09,Cloud Functions,Scheduled tasks
Edge-Network,cf-088b275,AWS,2026-07,0.0,0.0,196752240,985.23,CloudFront,CDN media distribution
Shared-Services,ado-1140484,AZURE,2026-07,0.0,117.1,0,29.49,Azure DevOps,Artifacts storage
ML-Training,rs-1153734,AWS,2026-07,0.0,0.0,4192825,205.80,Redshift,Spectrum queries
DevOps-Central,kin-00c9161,AWS,2026-07,868.5,0.0,23664066,351.24,Kinesis,Firehose delivery
Data-Science,i-0139251,AWS,2026-07,694.6,0.0,0,1209.20,EC2,m5.xlarge web server
Partner-Integration,vai-03b6866,GCP,2026-07,667.5,0.0,0,3432.96,Vertex AI,Training pipelines
Shared-Services,fd-0560173,AZURE,2026-07,0.0,0.0,69670125,500.77,Front Door,Global load balancer
Marketing-Platform,gke-0840185,GCP,2026-07,4276.2,0.0,0,8444.81,GKE,GPU node pool
DevOps-Central,redis-09e7408,AZURE,2026-07,841.7,0.0,0,1014.15,Azure Cache for Redis,Premium P1 cache
Data-Science,ca-012f338,GCP,2026-07,0.0,0.0,132362251,502.58,Cloud Armor,WAF policies
DevOps-Central,blob-00da581,AZURE,2026-07,0.0,12045.8,4389727,637.36,Blob Storage,Data lake storage
Compliance-Audit,rds-0be3189,AWS,2026-07,873.6,613.4,0,1752.93,RDS,db.r5.large PostgreSQL replica
Marketing-Platform,i-0a0a518,AWS,2026-07,1049.4,0.0,0,73.95,EC2,t3.micro bastion host
DevOps-Central,ebs-04a0171,AWS,2026-07,0.0,428.9,0,264.00,EBS,io2 volumes database
DevOps-Central,redis-1190753,AZURE,2026-07,718.7,0.0,0,895.10,Azure Cache for Redis,Premium P1 cache
Production-Main,vai-0ab6883,GCP,2026-07,844.1,0.0,9127040,1771.19,Vertex AI,Model serving endpoints
Edge-Network,s3-06d1496,AWS,2026-07,0.0,57.4,29458658,181.78,S3,Static website hosting
Compliance-Audit,ses-0412488,AWS,2026-07,0.0,0.0,1492082,1.80,SES,Transactional email
Marketing-Platform,lam-0815639,AWS,2026-07,0.0,0.0,17440837,120.24,Lambda,Data transformer
Edge-Network,vpn-0ce6719,AWS,2026-07,555.8,0.0,0,272.32,VPN Gateway,Site-to-site VPN
QA-Testing,lam-03dd851,AWS,2026-07,0.0,0.0,33674181,241.64,Lambda,API gateway handler
Marketing-Platform,csp-0893632,GCP,2026-07,1061.1,144.6,74679938,6539.16,Cloud Spanner,Global transaction DB
Security-Ops,s3-087b902,AWS,2026-07,0.0,6210.1,393359,154.39,S3,Log archive bucket
Marketing-Platform,lam-01cf664,AWS,2026-07,0.0,0.0,4106631,28.65,Lambda,Webhook processor
Staging-Env,gcs-049f340,GCP,2026-07,0.0,14738.6,4923633,450.51,Cloud Storage,Data lake bucket
DevOps-Central,kv-0e1b913,AZURE,2026-07,0.0,0.0,305740,0.96,Key Vault,Certificate store
DR-Recovery,kv-0613428,AZURE,2026-07,0.0,0.0,2875110,8.62,Key Vault,Secrets management
Shared-Services,rds-07e6132,AWS,2026-07,651.7,185.8,0,585.72,RDS,db.t3.large development DB
Marketing-Platform,mem-0d11525,GCP,2026-07,532.6,0.0,0,385.44,Memorystore,Redis staging cache
Data-Science,csp-06e0923,GCP,2026-07,678.7,97.7,47053921,4220.02,Cloud Spanner,Global transaction DB
Internal-Tools,ado-02a5507,AZURE,2026-07,0.0,99.6,0,24.44,Azure DevOps,Artifacts storage
Finance-Systems,redis-0210457,AZURE,2026-07,717.6,0.0,0,351.14,Azure Cache for Redis,Standard C2 cache
Production-Main,lam-04f0908,AWS,2026-07,0.0,0.0,19710765,139.45,Lambda,Event processor
Production-Main,vai-0a19252,GCP,2026-07,791.8,0.0,8930773,1739.39,Vertex AI,Model serving endpoints
IoT-Platform,gke-0811879,GCP,2026-07,487.4,0.0,0,1449.20,GKE,Batch processing cluster
Internal-Tools,elb-0796570,AWS,2026-07,526.8,0.0,21318151,157.75,ELB,Application load balancer
Finance-Systems,gcs-0eac954,GCP,2026-07,0.0,12015.4,4072133,358.91,Cloud Storage,Data lake bucket
IoT-Platform,gke-1010325,GCP,2026-07,473.7,0.0,0,1366.56,GKE,Batch processing cluster
DevOps-Central,vm-071c986,AZURE,2026-07,762.7,0.0,0,1840.77,Virtual Machines,D8s v3 application server
Production-Main,eh-0cf0769,AZURE,2026-07,708.1,0.0,30383850,328.06,Event Hubs,Standard throughput units
Partner-Integration,gke-03bf793,GCP,2026-07,770.9,0.0,0,2423.50,GKE,Production API cluster
Edge-Network,gcf-053e433,GCP,2026-07,0.0,0.0,29956997,441.25,Cloud Functions,Pub/Sub processors
Partner-Integration,gcs-1123684,GCP,2026-07,0.0,21223.8,50861,211.68,Cloud Storage,Archive bucket
Shared-Services,cosmos-0e93637,AZURE,2026-07,700.7,97.9,25218677,923.09,Cosmos DB,Event store
Internal-Tools,gke-1001633,GCP,2026-07,609.3,0.0,0,1792.74,GKE,Production API cluster
Production-Main,cdns-004c833,GCP,2026-07,0.0,0.0,18341123,27.52,Cloud DNS,DNS zones
Analytics-Platform,csql-080c279,GCP,2026-07,772.0,220.4,0,936.47,Cloud SQL,PostgreSQL replica
Finance-Systems,func-0826413,AZURE,2026-07,0.0,0.0,6669945,103.05,Azure Functions,API handlers
Partner-Integration,sm-04dc286,AWS,2026-07,0.0,0.0,1544590,6.11,Secrets Manager,Application secrets
ML-Training,sqs-0fc9335,AWS,2026-07,0.0,0.0,621187,0.31,SQS,Dead letter queue
Shared-Services,ado-0b78468,AZURE,2026-07,460.4,0.0,0,233.67,Azure DevOps,Pipelines hosted
Mobile-Backend,acr-0b12701,AZURE,2026-07,0.0,223.7,442964,148.85,Container Registry,Docker image registry
Internal-Tools,cr-0dff606,GCP,2026-07,832.7,0.0,17493808,1243.16,Cloud Run,API gateway service
Staging-Env,gcf-104c819,GCP,2026-07,0.0,0.0,15261867,230.19,Cloud Functions,Data triggers
Finance-Systems,sentinel-05e7563,AZURE,2026-07,0.0,0.0,109476607,2749.92,Microsoft Sentinel,SIEM detection
IoT-Platform,bq-0358745,GCP,2026-07,0.0,13482.5,0,5342.33,BigQuery,ML training datasets
Partner-Integration,vai-0d58936,GCP,2026-07,761.5,0.0,0,3691.21,Vertex AI,Training pipelines
Security-Ops,bq-0ea7997,GCP,2026-07,0.0,1914.7,0,755.61,BigQuery,BI reporting views
Customer-Portal,app-06c7409,AZURE,2026-07,767.0,0.0,0,923.80,App Service,API app P2v3
Staging-Env,vai-0fb5320,GCP,2026-07,640.2,0.0,0,3263.11,Vertex AI,Training pipelines
Customer-Portal,blob-0d44180,AZURE,2026-07,0.0,2604.1,6592519,417.93,Blob Storage,Media content
Compliance-Audit,s3-085f937,AWS,2026-07,0.0,15805.7,3060962,540.73,S3,Data lake raw zone
Internal-Tools,nat-1021535,AWS,2026-07,574.0,0.0,0,129.19,NAT Gateway,Dev VPC NAT
Production-Main,vm-109b381,AZURE,2026-07,1032.5,0.0,0,1426.82,Virtual Machines,F4s v2 compute node
Finance-Systems,csql-0234326,GCP,2026-07,743.2,206.2,0,885.23,Cloud SQL,PostgreSQL replica
Marketing-Platform,ddb-0a83584,AWS,2026-07,594.5,41.3,66354675,457.63,DynamoDB,Session store table
Analytics-Platform,aks-00be403,AZURE,2026-07,497.9,0.0,0,731.96,AKS,Dev K8s cluster
Production-Secondary,ado-06e5155,AZURE,2026-07,0.0,124.2,0,31.74,Azure DevOps,Artifacts storage
Production-Secondary,ps-04ae119,GCP,2026-07,0.0,0.0,14902863,183.20,Pub/Sub,Data pipeline
Data-Science,cr-0126386,GCP,2026-07,574.9,0.0,2445619,769.26,Cloud Run,ETL pipeline service
Finance-Systems,kv-0223506,AZURE,2026-07,0.0,0.0,2934935,9.05,Key Vault,Secrets management
Compliance-Audit,elb-0384685,AWS,2026-07,581.0,0.0,39462925,250.77,ELB,Network load balancer
Security-Ops,gke-0885864,GCP,2026-07,4012.9,0.0,0,8214.52,GKE,GPU node pool
QA-Testing,elb-0d43130,AWS,2026-07,907.6,0.0,38130738,284.41,ELB,Application load balancer
Data-Science,i-013a381,AWS,2026-07,577.4,0.0,0,974.73,EC2,r5.xlarge cache server
Marketing-Platform,lam-0906533,AWS,2026-07,0.0,0.0,1092636,8.38,Lambda,Cron job runner
Internal-Tools,rds-0757370,AWS,2026-07,567.3,656.2,0,1334.50,RDS,db.m5.xlarge analytics DB
Data-Science,blob-0d06742,AZURE,2026-07,0.0,2470.0,6378553,310.62,Blob Storage,Build artifacts
Analytics-Platform,fs-04c6485,GCP,2026-07,955.8,66.1,40053948,560.11,Firestore,User profiles DB
Compliance-Audit,s3-0fec630,AWS,2026-07,0.0,3233.8,1602428,122.14,S3,Analytics export bucket
Analytics-Platform,csp-0b45210,GCP,2026-07,790.9,109.6,55918023,4967.34,Cloud Spanner,Global transaction DB
Edge-Network,ps-0656496,GCP,2026-07,0.0,0.0,44400089,568.64,Pub/Sub,Log forwarding
Mobile-Backend,vm-0caa975,AZURE,2026-07,793.5,0.0,0,987.43,Virtual Machines,D4s v3 CI runner
Customer-Portal,i-0f9b989,AWS,2026-07,559.5,0.0,0,40.71,EC2,t3.micro bastion host
Finance-Systems,eh-0ee6804,AZURE,2026-07,647.3,0.0,27834173,304.50,Event Hubs,Standard throughput units
Marketing-Platform,rs-0872178,AWS,2026-07,583.9,1636.8,0,2966.53,Redshift,Data warehouse cluster
Internal-Tools,rds-09b5720,AWS,2026-07,701.3,464.6,0,1771.42,RDS,db.r5.xlarge PostgreSQL primary
Security-Ops,ps-0ed2729,GCP,2026-07,0.0,0.0,32384697,397.28,Pub/Sub,Event streaming
Partner-Integration,rs-0ac2999,AWS,2026-07,1040.4,2894.7,0,5122.39,Redshift,Data warehouse cluster
Edge-Network,bq-0c3f361,GCP,2026-07,0.0,7154.0,0,2749.56,BigQuery,Analytics data warehouse
Partner-Integration,blob-03ae877,AZURE,2026-07,0.0,3853.7,10543254,520.47,Blob Storage,Build artifacts
Internal-Tools,ebs-02ac590,AWS,2026-07,0.0,1486.8,0,184.37,EBS,gp3 volumes production
IoT-Platform,csql-107e386,GCP,2026-07,906.6,248.7,0,1093.25,Cloud SQL,PostgreSQL replica
Compliance-Audit,rds-0396180,AWS,2026-07,807.5,890.7,0,1858.06,RDS,db.m5.xlarge analytics DB
Finance-Systems,redis-0b0d589,AZURE,2026-07,716.8,0.0,0,354.07,Azure Cache for Redis,Standard C2 cache
Customer-Portal,cosmos-0eb5141,AZURE,2026-07,577.2,40.7,12235935,378.09,Cosmos DB,Config store
Data-Science,gcf-0fcd366,GCP,2026-07,0.0,0.0,12662257,187.88,Cloud Functions,Data triggers
Security-Ops,s3-0efa390,AWS,2026-07,0.0,5295.4,327905,126.34,S3,Log archive bucket
Compliance-Audit,s3-0b30830,AWS,2026-07,0.0,3706.4,1862474,136.21,S3,Analytics export bucket
DR-Recovery,sqldb-088f209,AZURE,2026-07,907.9,320.8,0,1530.14,SQL Database,Standard S3 production
Partner-Integration,azmon-05c4257,AZURE,2026-07,0.0,277.1,37881021,407.68,Azure Monitor,Logs and metrics
Customer-Portal,gcf-066a392,GCP,2026-07,0.0,0.0,14300573,211.27,Cloud Functions,Data triggers
Partner-Integration,sqldb-0cdc909,AZURE,2026-07,1210.0,411.1,0,2009.63,SQL Database,Standard S3 production
QA-Testing,elb-0e25643,AWS,2026-07,865.9,0.0,12083676,170.75,ELB,Classic load balancer
Security-Ops,ca-0f36993,GCP,2026-07,0.0,0.0,98125889,366.24,Cloud Armor,WAF policies
Security-Ops,s3-06cc595,AWS,2026-07,0.0,5747.1,362656,146.13,S3,Log archive bucket
Production-Secondary,ecs-0598501,AWS,2026-07,384.6,0.0,0,689.56,ECS,Fargate worker cluster
Customer-Portal,elb-111f752,AWS,2026-07,585.7,0.0,41139961,264.19,ELB,Network load balancer
Shared-Services,app-0c91462,AZURE,2026-07,966.3,0.0,0,589.43,App Service,Web app P1v3
Security-Ops,ecs-018c343,AWS,2026-07,618.9,0.0,0,1081.62,ECS,Fargate API cluster
Security-Ops,cdns-0ebc188,GCP,2026-07,0.0,0.0,25077966,39.35,Cloud DNS,DNS zones
Internal-Tools,gke-02d1750,GCP,2026-07,645.4,0.0,0,1897.91,GKE,Production API cluster
Production-Secondary,df-008a884,GCP,2026-07,859.6,0.0,0,2113.62,Dataflow,Streaming pipeline
DevOps-Central,ddb-0681556,AWS,2026-07,1089.0,14.4,7508822,128.77,DynamoDB,Config store table
Production-Main,gcs-0052261,GCP,2026-07,0.0,524.4,8059119,97.29,Cloud Storage,Temp processing bucket
Production-Main,s3-0e4d988,AWS,2026-07,0.0,2290.9,13717402,571.33,S3,Production asset storage
Compliance-Audit,elb-0e81808,AWS,2026-07,590.2,0.0,41377655,265.71,ELB,Network load balancer
Security-Ops,ec-08b0776,AWS,2026-07,665.9,0.0,0,247.27,ElastiCache,Redis staging cluster
Edge-Network,gcf-0ddd914,GCP,2026-07,0.0,0.0,7303901,107.91,Cloud Functions,Auth handlers
Customer-Portal,blob-025a526,AZURE,2026-07,0.0,5730.1,0,596.77,Blob Storage,Security audit logs
Shared-Services,rds-1103155,AWS,2026-07,565.7,156.5,0,525.04,RDS,db.t3.large development DB
ML-Training,rds-0377190,AWS,2026-07,639.2,430.9,0,1608.61,RDS,db.r5.xlarge PostgreSQL primary
Partner-Integration,azmon-0704778,AZURE,2026-07,0.0,266.2,36899301,380.58,Azure Monitor,Logs and metrics
Shared-Services,cosmos-04a6756,AZURE,2026-07,665.1,92.1,22540662,843.43,Cosmos DB,Event store
Edge-Network,gcf-0ac9744,GCP,2026-07,0.0,0.0,27325131,413.13,Cloud Functions,Pub/Sub processors
Production-Secondary,eh-006c756,AZURE,2026-07,696.8,0.0,29275717,311.19,Event Hubs,Standard throughput units
Finance-Systems,gcf-0c5d229,GCP,2026-07,0.0,0.0,11930141,183.95,Cloud Functions,Data triggers
IoT-Platform,cr-07c2911,GCP,2026-07,545.6,0.0,4572285,471.08,Cloud Run,Webhook handler
Internal-Tools,ec-1024595,AWS,2026-07,652.3,0.0,0,457.25,ElastiCache,Redis production cluster
Data-Science,gcs-06b9860,GCP,2026-07,0.0,11443.1,297245,269.06,Cloud Storage,Backup bucket
Compliance-Audit,i-0779383,AWS,2026-07,893.0,0.0,0,785.66,EC2,m5.large monitoring server
Internal-Tools,gcs-0e2f639,GCP,2026-07,0.0,438.2,7132633,81.40,Cloud Storage,Temp processing bucket
IoT-Platform,cr-0353556,GCP,2026-07,445.9,0.0,1861453,607.78,Cloud Run,ETL pipeline service
Partner-Integration,df-0ade476,GCP,2026-07,1106.9,0.0,0,2696.61,Dataflow,Streaming pipeline
Security-Ops,ecs-0752257,AWS,2026-07,644.8,0.0,0,1193.53,ECS,Fargate API cluster
Production-Main,lam-0ef8919,AWS,2026-07,0.0,0.0,32888281,226.97,Lambda,Data transformer
Production-Secondary,blob-0a2b284,AZURE,2026-07,0.0,2758.3,6696878,451.77,Blob Storage,Media content
Production-Secondary,app-0915380,AZURE,2026-07,763.7,0.0,0,118.47,App Service,Web app B1
Data-Science,cosmos-0759587,AZURE,2026-07,784.8,52.5,16438473,511.55,Cosmos DB,Config store
Compliance-Audit,rds-0a2d193,AWS,2026-07,602.2,422.5,0,1541.31,RDS,db.r5.xlarge PostgreSQL primary
Analytics-Platform,mem-1058605,GCP,2026-07,504.8,0.0,0,351.05,Memorystore,Redis production cache
QA-Testing,elb-05f6806,AWS,2026-07,950.6,0.0,39914720,288.41,ELB,Application load balancer
Compliance-Audit,elb-0383198,AWS,2026-07,688.0,0.0,9734977,144.91,ELB,Classic load balancer
Marketing-Platform,rs-01d1175,AWS,2026-07,0.0,0.0,6786628,346.72,Redshift,Spectrum queries
Customer-Portal,clog-0de0960,GCP,2026-07,0.0,691.6,0,170.21,Cloud Logging,Application logs
Data-Science,ps-0123564,GCP,2026-07,0.0,0.0,20860048,266.57,Pub/Sub,Event streaming
Marketing-Platform,fs-01f4370,GCP,2026-07,601.4,16.6,42583949,441.79,Firestore,Session store
Customer-Portal,cosmos-0c5f842,AZURE,2026-07,762.5,53.0,15979068,508.28,Cosmos DB,Config store
Security-Ops,sqldb-1117748,AZURE,2026-07,975.2,66.9,0,194.71,SQL Database,Basic dev database
Compliance-Audit,kin-0f65409,AWS,2026-07,720.5,0.0,30896831,448.03,Kinesis,Data stream ingestion
Partner-Integration,azmon-0a12660,AZURE,2026-07,0.0,205.2,26203425,291.83,Azure Monitor,Logs and metrics
Compliance-Audit,rds-0c5c625,AWS,2026-07,868.7,590.0,0,1702.53,RDS,db.r5.large PostgreSQL replica
Data-Science,clog-06dc217,GCP,2026-07,0.0,266.7,0,68.12,Cloud Logging,Audit logs
DevOps-Central,appi-0de6691,AZURE,2026-07,0.0,0.0,17990681,224.85,Application Insights,Custom metrics
Production-Main,aks-0020880,AZURE,2026-07,1216.3,0.0,0,1881.88,AKS,Staging K8s cluster
Shared-Services,ecs-0196614,AWS,2026-07,281.1,0.0,0,522.85,ECS,Fargate worker cluster
QA-Testing,ec-03e5292,AWS,2026-07,752.0,0.0,0,516.18,ElastiCache,Redis production cluster
Customer-Portal,ebs-0284870,AWS,2026-07,0.0,603.5,0,361.21,EBS,io2 volumes database
Production-Main,fd-100f700,AZURE,2026-07,0.0,0.0,59303892,444.20,Front Door,Global load balancer
Partner-Integration,redis-0b16352,AZURE,2026-07,758.0,0.0,0,364.38,Azure Cache for Redis,Standard C2 cache
Partner-Integration,elb-0a1a739,AWS,2026-07,458.5,0.0,19019823,135.32,ELB,Application load balancer
Marketing-Platform,ddb-10b7797,AWS,2026-07,641.4,8.9,4365358,79.91,DynamoDB,Config store table
Edge-Network,sqs-030f172,AWS,2026-07,0.0,0.0,37087351,18.52,SQS,Event notification queue
IoT-Platform,csql-034c176,GCP,2026-07,1025.3,280.0,0,1700.86,Cloud SQL,PostgreSQL primary
DevOps-Central,app-00ec349,AZURE,2026-07,1056.2,0.0,0,160.22,App Service,Web app B1
Compliance-Audit,i-09bd329,AWS,2026-07,711.4,0.0,0,607.22,EC2,m5.large monitoring server
Customer-Portal,vpn-0620659,AWS,2026-07,906.3,0.0,0,235.02,VPN Gateway,Client VPN endpoint
Production-Secondary,mem-0096498,GCP,2026-07,401.4,0.0,0,285.29,Memorystore,Redis staging cache
Shared-Services,gcs-01a7453,GCP,2026-07,0.0,3957.5,4096174,292.75,Cloud Storage,Media assets bucket
Data-Science,i-0b26616,AWS,2026-07,758.7,0.0,0,1357.16,EC2,m5.xlarge web server
DevOps-Central,vm-0fba688,AZURE,2026-07,838.4,0.0,0,258.17,Virtual Machines,B2s development VM
Security-Ops,ecs-07b7146,AWS,2026-07,159.2,0.0,0,282.87,ECS,Fargate batch cluster
DevOps-Central,ddb-0c8d504,AWS,2026-07,924.6,13.2,6629441,116.40,DynamoDB,Config store table
Analytics-Platform,csql-0946366,GCP,2026-07,572.5,377.7,0,1095.77,Cloud SQL,MySQL analytics
Mobile-Backend,vm-0342261,AZURE,2026-07,620.8,0.0,0,182.43,Virtual Machines,B2s development VM
Customer-Portal,acr-0430482,AZURE,2026-07,0.0,301.9,585427,199.30,Container Registry,Docker image registry
Marketing-Platform,gcf-0202117,GCP,2026-07,0.0,0.0,2158559,32.93,Cloud Functions,Scheduled tasks
Analytics-Platform,gke-057b474,GCP,2026-07,5577.5,0.0,0,11232.57,GKE,GPU node pool
Security-Ops,sqs-100d671,AWS,2026-07,0.0,0.0,43770585,22.32,SQS,Event notification queue
Edge-Network,s3-0e77512,AWS,2026-07,0.0,1183.0,2296800,99.13,S3,Artifact storage
Analytics-Platform,cr-0428733,GCP,2026-07,600.4,0.0,2544745,758.24,Cloud Run,ETL pipeline service
Partner-Integration,cmon-03bb762,GCP,2026-07,0.0,0.0,42727701,343.46,Cloud Monitoring,Metrics and alerting
Partner-Integration,sqldb-0a6e846,AZURE,2026-07,827.7,590.2,0,3339.22,SQL Database,Premium P1 analytics
Security-Ops,vpn-0b04791,AWS,2026-07,535.3,0.0,0,134.52,VPN Gateway,Client VPN endpoint
DevOps-Central,kin-05ca757,AWS,2026-07,751.8,0.0,30402721,449.80,Kinesis,Data stream ingestion
Customer-Portal,gcs-097b639,GCP,2026-07,0.0,21882.8,54652,216.19,Cloud Storage,Archive bucket
Production-Secondary,cosmos-068d137,AZURE,2026-07,813.4,229.8,45299722,1836.79,Cosmos DB,User data store
QA-Testing,r53-03eb769,AWS,2026-07,0.0,0.0,61373272,94.73,Route 53,DNS hosting
Production-Secondary,redis-043b543,AZURE,2026-07,1016.3,0.0,0,506.29,Azure Cache for Redis,Standard C2 cache
Mobile-Backend,vm-0f2d973,AZURE,2026-07,887.4,0.0,0,3285.93,Virtual Machines,E8s v3 memory-optimized
Production-Secondary,aks-0ef2938,AZURE,2026-07,1383.7,0.0,0,2029.05,AKS,Staging K8s cluster
IoT-Platform,csql-07df484,GCP,2026-07,1160.6,313.0,0,1886.44,Cloud SQL,PostgreSQL primary
DevOps-Central,ec-08c9419,AWS,2026-07,826.0,0.0,0,608.25,ElastiCache,Redis production cluster
ML-Training,rs-0cb9386,AWS,2026-07,0.0,0.0,4317397,211.77,Redshift,Spectrum queries
QA-Testing,elb-0fcb895,AWS,2026-07,910.7,0.0,36050927,269.35,ELB,Application load balancer
Production-Secondary,aks-0056966,AZURE,2026-07,329.3,0.0,0,495.40,AKS,Dev K8s cluster
Partner-Integration,sb-0892421,AZURE,2026-07,669.2,0.0,9404748,513.57,Service Bus,Premium messaging
Internal-Tools,ses-06ea830,AWS,2026-07,0.0,0.0,2917416,3.46,SES,Transactional email
Marketing-Platform,clog-01fc511,GCP,2026-07,0.0,595.3,0,153.31,Cloud Logging,Application logs
Customer-Portal,vpn-0c49718,AWS,2026-07,1101.5,0.0,0,288.31,VPN Gateway,Client VPN endpoint
Security-Ops,bq-0166748,GCP,2026-07,0.0,9692.9,0,3843.44,BigQuery,ML training datasets
Compliance-Audit,i-0711499,AWS,2026-07,741.3,0.0,0,2569.04,EC2,m5.2xlarge batch processor
ML-Training,i-05c0894,AWS,2026-07,960.9,0.0,0,843.50,EC2,m5.large monitoring server
ML-Training,ebs-0505369,AWS,2026-07,0.0,582.3,0,375.36,EBS,io2 volumes database
Internal-Tools,blob-06fc172,AZURE,2026-07,0.0,6370.2,0,627.42,Blob Storage,Security audit logs
Production-Secondary,i-064a426,AWS,2026-07,483.0,0.0,0,821.67,EC2,r5.xlarge cache server
DR-Recovery,redis-02f0691,AZURE,2026-07,804.9,0.0,0,1003.73,Azure Cache for Redis,Premium P1 cache
ML-Training,rds-0d21371,AWS,2026-07,592.7,647.1,0,1329.72,RDS,db.m5.xlarge analytics DB
Analytics-Platform,gke-0717726,GCP,2026-07,648.3,0.0,0,1862.59,GKE,Batch processing cluster
Shared-Services,app-0bad270,AZURE,2026-07,1181.2,0.0,0,1400.75,App Service,API app P2v3
DevOps-Central,appi-102a552,AZURE,2026-07,0.0,0.0,17641720,225.96,Application Insights,Custom metrics
Partner-Integration,gke-03c0738,GCP,2026-07,4807.5,0.0,0,9597.44,GKE,GPU node pool
Analytics-Platform,fs-10c4798,GCP,2026-07,1208.1,33.7,81888830,861.09,Firestore,Session store
IoT-Platform,bq-0bb6584,GCP,2026-07,0.0,3835.0,0,1509.03,BigQuery,BI reporting views
Analytics-Platform,bq-0bb4634,GCP,2026-07,0.0,15157.0,0,6042.76,BigQuery,ML training datasets
Edge-Network,i-0326979,AWS,2026-07,581.7,0.0,0,493.75,EC2,t3.large application server
Finance-Systems,gcs-1168650,GCP,2026-07,0.0,12588.3,4159348,385.40,Cloud Storage,Data lake bucket
Production-Secondary,elb-07db529,AWS,2026-07,585.2,0.0,40127728,256.76,ELB,Network load balancer
Marketing-Platform,ddb-0401403,AWS,2026-07,637.0,43.8,70564471,483.89,DynamoDB,Session store table
Staging-Env,cdns-064f880,GCP,2026-07,0.0,0.0,21004071,31.47,Cloud DNS,DNS zones
Analytics-Platform,gcs-0f70340,GCP,2026-07,0.0,2608.3,2655029,198.00,Cloud Storage,Media assets bucket
Finance-Systems,rds-0f07880,AWS,2026-07,906.8,618.5,0,1839.96,RDS,db.r5.large PostgreSQL replica
Staging-Env,gcs-0b01292,GCP,2026-07,0.0,17403.9,43931,175.08,Cloud Storage,Archive bucket
Internal-Tools,blob-029a273,AZURE,2026-07,0.0,11444.8,116487,354.20,Blob Storage,Backup storage
Production-Main,i-0011267,AWS,2026-07,927.5,0.0,0,68.11,EC2,t3.micro bastion host
Staging-Env,gcs-07ed975,GCP,2026-07,0.0,16528.2,5588993,499.63,Cloud Storage,Data lake bucket
Shared-Services,gcs-06e7706,GCP,2026-07,0.0,3747.2,3729045,284.36,Cloud Storage,Media assets bucket
ML-Training,i-0ea3191,AWS,2026-07,867.3,0.0,0,735.62,EC2,m5.large monitoring server
Data-Science,i-0138182,AWS,2026-07,386.2,0.0,0,1120.44,EC2,c5.2xlarge HPC node
Compliance-Audit,i-0f48232,AWS,2026-07,704.5,0.0,0,602.98,EC2,m5.large monitoring server
Finance-Systems,gcs-0bb7444,GCP,2026-07,0.0,3647.3,3604823,262.07,Cloud Storage,Media assets bucket
DevOps-Central,blob-05b0338,AZURE,2026-07,0.0,9134.6,88340,261.83,Blob Storage,Backup storage
Marketing-Platform,rds-0ff5598,AWS,2026-07,423.3,120.4,0,508.58,RDS,db.t3.medium MySQL staging
Internal-Tools,blob-05f5277,AZURE,2026-07,0.0,4332.4,11396233,578.86,Blob Storage,Build artifacts
Customer-Portal,vpn-0445666,AWS,2026-07,1085.8,0.0,0,282.08,VPN Gateway,Client VPN endpoint
Production-Main,r53-08e7973,AWS,2026-07,0.0,0.0,15989713,23.94,Route 53,Health checks
Edge-Network,fs-0544510,GCP,2026-07,612.9,16.8,43765232,462.49,Firestore,Session store
Customer-Portal,gcf-0715545,GCP,2026-07,0.0,0.0,15378902,224.72,Cloud Functions,Data triggers
Staging-Env,vai-0838396,GCP,2026-07,554.5,0.0,0,2883.19,Vertex AI,Training pipelines
DR-Recovery,appi-0733593,AZURE,2026-07,0.0,0.0,58387452,732.83,Application Insights,APM telemetry
Internal-Tools,s3-04d2237,AWS,2026-07,0.0,4750.7,7660107,352.66,S3,Media content bucket
ML-Training,r53-0977544,AWS,2026-07,0.0,0.0,13969845,21.00,Route 53,Health checks
Production-Secondary,appi-099b256,AZURE,2026-07,0.0,0.0,43888211,559.71,Application Insights,APM telemetry
Marketing-Platform,rds-01e3515,AWS,2026-07,964.6,682.3,0,2557.28,RDS,db.r5.xlarge PostgreSQL primary
Data-Science,cosmos-0157534,AZURE,2026-07,757.0,54.9,16020244,512.92,Cosmos DB,Config store
Shared-Services,s3-05c9296,AWS,2026-07,0.0,15537.4,3004468,549.59,S3,Data lake raw zone
ML-Training,lam-0f1c278,AWS,2026-07,0.0,0.0,11217323,76.24,Lambda,Notification dispatcher
ML-Training,kin-0462370,AWS,2026-07,849.6,0.0,35644716,520.84,Kinesis,Data stream ingestion
Data-Science,gcf-0932830,GCP,2026-07,0.0,0.0,8621557,132.96,Cloud Functions,Auth handlers
Security-Ops,csql-0168938,GCP,2026-07,746.1,198.6,0,884.37,Cloud SQL,PostgreSQL replica
Edge-Network,i-0494187,AWS,2026-07,645.2,0.0,0,2245.14,EC2,m5.2xlarge batch processor
Production-Secondary,sentinel-006a297,AZURE,2026-07,0.0,0.0,78417888,1926.12,Microsoft Sentinel,SIEM detection
Compliance-Audit,s3-0dd2695,AWS,2026-07,0.0,736.0,1471426,63.50,S3,Artifact storage
Partner-Integration,df-077b363,GCP,2026-07,1159.3,0.0,0,2800.50,Dataflow,Streaming pipeline
Marketing-Platform,ddb-01da740,AWS,2026-07,704.6,9.4,4872149,84.44,DynamoDB,Config store table
Data-Science,gcf-08b4980,GCP,2026-07,0.0,0.0,10893360,162.28,Cloud Functions,Auth handlers
Compliance-Audit,rds-10cb700,AWS,2026-07,811.0,571.8,0,2171.54,RDS,db.r5.xlarge PostgreSQL primary
Customer-Portal,ps-108d962,GCP,2026-07,0.0,0.0,56393559,702.45,Pub/Sub,Log forwarding
DevOps-Central,kv-0b6f244,AZURE,2026-07,0.0,0.0,428800,1.31,Key Vault,Certificate store
IoT-Platform,csql-105d913,GCP,2026-07,999.1,278.4,0,1596.75,Cloud SQL,PostgreSQL primary
Marketing-Platform,vpn-01d5989,AWS,2026-07,772.7,0.0,0,194.03,VPN Gateway,Client VPN endpoint
Production-Main,aks-07bf182,AZURE,2026-07,1366.8,0.0,0,2050.54,AKS,Staging K8s cluster
Internal-Tools,rds-10b1574,AWS,2026-07,853.3,596.8,0,1726.37,RDS,db.r5.large PostgreSQL replica
Compliance-Audit,r53-037c367,AWS,2026-07,0.0,0.0,7576607,11.46,Route 53,Health checks
Marketing-Platform,gke-0e46732,GCP,2026-07,2792.6,0.0,0,5847.59,GKE,ML training cluster
Customer-Portal,ebs-0bbe242,AWS,2026-07,0.0,635.7,0,397.62,EBS,io2 volumes database
Data-Science,clog-0131653,GCP,2026-07,0.0,292.8,0,74.48,Cloud Logging,Audit logs
Compliance-Audit,i-039f632,AWS,2026-07,760.9,0.0,0,2624.55,EC2,m5.2xlarge batch processor
Customer-Portal,app-0950773,AZURE,2026-07,861.5,0.0,0,1032.94,App Service,API app P2v3
Customer-Portal,eh-0f06905,AZURE,2026-07,833.3,0.0,35030259,376.24,Event Hubs,Standard throughput units
Analytics-Platform,gcs-00a2348,GCP,2026-07,0.0,11051.4,270598,251.44,Cloud Storage,Backup bucket
Data-Science,gcf-0e0a728,GCP,2026-07,0.0,0.0,10186937,154.76,Cloud Functions,Auth handlers
Production-Secondary,acr-0066906,AZURE,2026-07,0.0,236.3,466585,157.91,Container Registry,Docker image registry
Data-Science,gcs-0dbd892,GCP,2026-07,0.0,12342.5,310877,288.31,Cloud Storage,Backup bucket
Production-Main,vm-0572465,AZURE,2026-07,650.4,0.0,0,390.29,Virtual Machines,D2s v3 utility server
Shared-Services,cosmos-10bd365,AZURE,2026-07,808.1,109.9,28438416,1071.93,Cosmos DB,Event store
Finance-Systems,rds-0a10412,AWS,2026-07,595.5,805.3,0,2531.00,RDS,db.r5.2xlarge Aurora cluster
Analytics-Platform,cr-00b8695,GCP,2026-07,719.6,0.0,14658461,1055.87,Cloud Run,API gateway service
Data-Science,i-1124730,AWS,2026-07,412.1,0.0,0,1227.72,EC2,c5.2xlarge HPC node
Partner-Integration,elb-0f47182,AWS,2026-07,663.6,0.0,9379537,137.66,ELB,Classic load balancer
Compliance-Audit,rds-0fa1834,AWS,2026-07,550.0,385.2,0,1368.79,RDS,db.r5.xlarge PostgreSQL primary
Customer-Portal,clog-0c48906,GCP,2026-07,0.0,603.4,0,150.36,Cloud Logging,Application logs
Production-Main,csql-004a734,GCP,2026-07,867.6,594.6,0,1719.90,Cloud SQL,MySQL analytics
Security-Ops,eks-0190684,AWS,2026-07,905.3,0.0,0,2766.55,EKS,Production K8s cluster
Customer-Portal,i-043f493,AWS,2026-07,675.4,0.0,0,2391.14,EC2,r5.2xlarge database server
Internal-Tools,redis-0ed3348,AZURE,2026-07,649.7,0.0,0,318.39,Azure Cache for Redis,Standard C2 cache
Analytics-Platform,gcs-0423920,GCP,2026-07,0.0,12207.8,3903802,365.77,Cloud Storage,Data lake bucket
Mobile-Backend,sqs-0528940,AWS,2026-07,0.0,0.0,404347,0.20,SQS,Dead letter queue
Security-Ops,s3-06c2985,AWS,2026-07,0.0,19147.3,3820863,682.89,S3,Data lake raw zone
Internal-Tools,vm-07f3327,AZURE,2026-07,737.3,0.0,0,449.40,Virtual Machines,D2s v3 utility server
Data-Science,cosmos-0159320,AZURE,2026-07,750.7,208.3,42571576,1718.52,Cosmos DB,User data store
Finance-Systems,func-107c756,AZURE,2026-07,0.0,0.0,6972643,104.71,Azure Functions,API handlers
Production-Main,cf-06b3438,AWS,2026-07,0.0,0.0,89409842,454.22,CloudFront,CDN media distribution
Finance-Systems,aks-0214143,AZURE,2026-07,306.2,0.0,0,456.23,AKS,Dev K8s cluster
Partner-Integration,vai-0ec3418,GCP,2026-07,618.0,0.0,0,2949.69,Vertex AI,Training pipelines
Finance-Systems,app-0227237,AZURE,2026-07,993.1,0.0,0,1233.48,App Service,API app P2v3
Finance-Systems,ado-0925803,AZURE,2026-07,466.5,0.0,0,232.45,Azure DevOps,Pipelines hosted
Compliance-Audit,s3-0a22154,AWS,2026-07,0.0,767.7,1515093,64.04,S3,Artifact storage
Finance-Systems,blob-020a462,AZURE,2026-07,0.0,10072.0,99325,310.02,Blob Storage,Backup storage
Analytics-Platform,kv-05dc790,AZURE,2026-07,0.0,0.0,1725645,5.35,Key Vault,Secrets management
Mobile-Backend,kin-0d78738,AWS,2026-07,683.6,0.0,29388802,419.74,Kinesis,Data stream ingestion
Shared-Services,r53-0b00500,AWS,2026-07,0.0,0.0,8915099,13.06,Route 53,Health checks
Compliance-Audit,s3-0390870,AWS,2026-07,0.0,795.1,1616668,68.14,S3,Artifact storage
Production-Main,i-06fb209,AWS,2026-07,439.2,0.0,0,1267.29,EC2,c5.2xlarge HPC node
Edge-Network,bq-0743744,GCP,2026-07,0.0,5089.0,0,2044.58,BigQuery,Log analytics
DevOps-Central,ddb-10b3290,AWS,2026-07,1042.4,14.7,7231458,126.28,DynamoDB,Config store table
Edge-Network,gcf-030c226,GCP,2026-07,0.0,0.0,6993420,101.25,Cloud Functions,Auth handlers
Internal-Tools,cr-02e0943,GCP,2026-07,641.2,0.0,2709891,838.26,Cloud Run,ETL pipeline service
Data-Science,blob-0d8d618,AZURE,2026-07,0.0,2544.7,6404001,410.68,Blob Storage,Media content
Shared-Services,fd-0492244,AZURE,2026-07,0.0,0.0,69231634,524.46,Front Door,Global load balancer
Mobile-Backend,sb-10ff514,AZURE,2026-07,828.5,0.0,11362087,640.57,Service Bus,Premium messaging
IoT-Platform,fs-0936943,GCP,2026-07,1039.6,71.5,43840360,593.69,Firestore,User profiles DB
Marketing-Platform,nat-094a230,AWS,2026-07,557.2,0.0,0,127.92,NAT Gateway,Staging VPC NAT
Shared-Services,fd-1046720,AZURE,2026-07,0.0,0.0,71911864,535.76,Front Door,Global load balancer
Finance-Systems,csql-1161612,GCP,2026-07,766.6,217.7,0,1236.90,Cloud SQL,PostgreSQL primary
ML-Training,rds-104f691,AWS,2026-07,633.2,429.4,0,1573.07,RDS,db.r5.xlarge PostgreSQL primary
Finance-Systems,s3-0843623,AWS,2026-07,0.0,1490.3,2970661,124.63,S3,Artifact storage
Customer-Portal,sentinel-110d988,AZURE,2026-07,0.0,0.0,99807086,2542.05,Microsoft Sentinel,SIEM detection
Compliance-Audit,s3-08ab237,AWS,2026-07,0.0,739.4,1459607,63.30,S3,Artifact storage
Analytics-Platform,cr-0fca228,GCP,2026-07,716.4,0.0,15710758,1093.12,Cloud Run,API gateway service
Partner-Integration,rds-0d50949,AWS,2026-07,1005.5,711.2,0,1968.97,RDS,db.r5.large PostgreSQL replica
Production-Main,lam-0c7c274,AWS,2026-07,0.0,0.0,37114439,251.03,Lambda,Data transformer
Data-Science,mem-0d94995,GCP,2026-07,973.8,0.0,0,683.41,Memorystore,Redis production cache
Marketing-Platform,cdns-01fd830,GCP,2026-07,0.0,0.0,15470570,23.82,Cloud DNS,DNS zones
Finance-Systems,cr-0231576,GCP,2026-07,909.1,0.0,18576367,1380.94,Cloud Run,API gateway service
Mobile-Backend,kv-033d920,AZURE,2026-07,0.0,0.0,489574,1.49,Key Vault,Certificate store
Internal-Tools,gke-02d3277,GCP,2026-07,712.1,0.0,0,2044.22,GKE,Batch processing cluster
Customer-Portal,s3-0283422,AWS,2026-07,0.0,21920.0,4284608,747.22,S3,Data lake raw zone
Shared-Services,azmon-01be752,AZURE,2026-07,0.0,238.0,31908013,335.63,Azure Monitor,Logs and metrics
Production-Main,i-07c0191,AWS,2026-07,370.2,0.0,0,1061.47,EC2,c5.2xlarge HPC node
Analytics-Platform,mem-0bc6853,GCP,2026-07,387.9,0.0,0,282.03,Memorystore,Redis staging cache
Data-Science,cosmos-0158552,AZURE,2026-07,789.2,113.9,27420316,1026.04,Cosmos DB,Event store
Edge-Network,vai-0305406,GCP,2026-07,701.4,0.0,7846262,1535.22,Vertex AI,Model serving endpoints
DevOps-Central,app-0b0a111,AZURE,2026-07,722.4,0.0,0,869.40,App Service,API app P2v3
Production-Secondary,app-0ca1591,AZURE,2026-07,615.3,0.0,0,91.33,App Service,Web app B1
DevOps-Central,sentinel-1183697,AZURE,2026-07,0.0,0.0,46539940,1186.82,Microsoft Sentinel,Log analytics
Compliance-Audit,ses-0f78329,AWS,2026-07,0.0,0.0,1752396,2.22,SES,Transactional email
DevOps-Central,blob-096b361,AZURE,2026-07,0.0,4588.3,0,462.76,Blob Storage,Security audit logs
Production-Secondary,kv-0a1f915,AZURE,2026-07,0.0,0.0,2651224,7.98,Key Vault,Secrets management
Compliance-Audit,vpn-0389183,AWS,2026-07,887.0,0.0,0,229.92,VPN Gateway,Client VPN endpoint
Mobile-Backend,sqs-0def195,AWS,2026-07,0.0,0.0,360687,0.18,SQS,Dead letter queue
Finance-Systems,blob-04ec237,AZURE,2026-07,0.0,7561.3,75905,224.36,Blob Storage,Backup storage
Production-Secondary,ec-040f964,AWS,2026-07,797.6,0.0,0,565.70,ElastiCache,Redis production cluster
Production-Secondary,fs-03fe898,GCP,2026-07,1223.5,83.5,50044812,689.53,Firestore,User profiles DB
Shared-Services,app-0707433,AZURE,2026-07,1097.4,0.0,0,684.49,App Service,Web app P1v3
Partner-Integration,azmon-0b82239,AZURE,2026-07,0.0,237.1,31928356,337.25,Azure Monitor,Logs and metrics
Shared-Services,rds-0643416,AWS,2026-07,756.9,211.3,0,703.09,RDS,db.t3.large development DB
DevOps-Central,blob-0431268,AZURE,2026-07,0.0,5350.5,0,536.75,Blob Storage,Security audit logs
Staging-Env,bq-0cb3759,GCP,2026-07,0.0,9342.0,0,3671.15,BigQuery,ML training datasets
Production-Main,cf-0a1d761,AWS,2026-07,0.0,0.0,71014692,357.44,CloudFront,CDN API distribution
Customer-Portal,vpn-0562398,AWS,2026-07,991.6,0.0,0,245.68,VPN Gateway,Client VPN endpoint
DevOps-Central,ddb-0ec7667,AWS,2026-07,930.3,12.6,6320221,108.96,DynamoDB,Config store table
Finance-Systems,gcs-022c243,GCP,2026-07,0.0,449.7,7012496,81.20,Cloud Storage,Temp processing bucket
IoT-Platform,fs-06ab458,GCP,2026-07,836.9,23.1,56967366,612.44,Firestore,Session store
Customer-Portal,ses-05b1907,AWS,2026-07,0.0,0.0,770169,0.91,SES,Marketing email
IoT-Platform,cr-0fe5621,GCP,2026-07,512.7,0.0,4216230,439.04,Cloud Run,Webhook handler
Production-Secondary,app-0680416,AZURE,2026-07,696.0,0.0,0,110.01,App Service,Web app B1
Marketing-Platform,ca-0d87226,GCP,2026-07,0.0,0.0,71626538,272.22,Cloud Armor,WAF policies
Data-Science,rds-0133470,AWS,2026-07,794.0,213.4,0,707.72,RDS,db.t3.large development DB
Security-Ops,ps-0e6d862,GCP,2026-07,0.0,0.0,37462700,465.48,Pub/Sub,Event streaming
Production-Secondary,r53-10de681,AWS,2026-07,0.0,0.0,7364227,10.96,Route 53,Health checks
Customer-Portal,sqldb-0aef333,AZURE,2026-07,685.5,465.7,0,2669.94,SQL Database,Premium P1 analytics
Edge-Network,ebs-0da6405,AWS,2026-07,0.0,142.2,0,17.24,EBS,gp3 volumes staging
DevOps-Central,vpn-00cd561,AWS,2026-07,534.9,0.0,0,273.67,VPN Gateway,Site-to-site VPN
Internal-Tools,ec-073e687,AWS,2026-07,675.7,0.0,0,479.37,ElastiCache,Redis production cluster
Internal-Tools,gke-06b8573,GCP,2026-07,748.8,0.0,0,2132.71,GKE,Production API cluster
Compliance-Audit,s3-0d2d241,AWS,2026-07,0.0,51.9,24794220,162.46,S3,Static website hosting
Marketing-Platform,vai-0acd729,GCP,2026-07,716.5,0.0,0,3685.41,Vertex AI,Training pipelines
Production-Secondary,ps-0670812,GCP,2026-07,0.0,0.0,16676639,210.74,Pub/Sub,Data pipeline
Production-Secondary,redis-1115354,AZURE,2026-07,960.8,0.0,0,1132.08,Azure Cache for Redis,Premium P1 cache
ML-Training,ebs-037b837,AWS,2026-07,0.0,656.8,0,416.35,EBS,io2 volumes database
DevOps-Central,r53-0abf412,AWS,2026-07,0.0,0.0,8360599,12.71,Route 53,Health checks
IoT-Platform,bq-0a5e886,GCP,2026-07,0.0,2675.2,0,1064.19,BigQuery,BI reporting views
Finance-Systems,sqldb-0fad517,AZURE,2026-07,996.4,336.6,0,1627.55,SQL Database,Standard S3 production
DR-Recovery,fd-05f1355,AZURE,2026-07,0.0,0.0,84165285,639.81,Front Door,Global load balancer
Marketing-Platform,r53-0873117,AWS,2026-07,0.0,0.0,69209353,100.17,Route 53,DNS hosting
Finance-Systems,rds-023c556,AWS,2026-07,1039.9,721.3,0,2623.11,RDS,db.r5.xlarge PostgreSQL primary
Production-Main,clog-08cc138,GCP,2026-07,0.0,298.1,0,76.93,Cloud Logging,Audit logs
Data-Science,rs-116d833,AWS,2026-07,742.7,2097.8,0,3722.42,Redshift,Data warehouse cluster
Security-Ops,sqldb-116a549,AZURE,2026-07,1005.3,69.3,0,205.99,SQL Database,Basic dev database
Edge-Network,vpn-04e0116,AWS,2026-07,689.6,0.0,0,172.92,VPN Gateway,Client VPN endpoint
Partner-Integration,mem-0b49465,GCP,2026-07,252.2,0.0,0,185.06,Memorystore,Redis staging cache
Production-Secondary,blob-0837822,AZURE,2026-07,0.0,7213.4,2676697,390.87,Blob Storage,Data lake storage
Shared-Services,ado-01c4881,AZURE,2026-07,0.0,103.0,0,26.04,Azure DevOps,Artifacts storage
Data-Science,clog-092e252,GCP,2026-07,0.0,278.2,0,69.09,Cloud Logging,Audit logs
Marketing-Platform,ps-01f8386,GCP,2026-07,0.0,0.0,20108186,244.20,Pub/Sub,Data pipeline
DevOps-Central,aks-0e16624,AZURE,2026-07,456.9,0.0,0,700.00,AKS,Dev K8s cluster
Staging-Env,csp-00ff406,GCP,2026-07,621.6,89.5,43357873,3800.89,Cloud Spanner,Global transaction DB
Mobile-Backend,sqs-0730520,AWS,2026-07,0.0,0.0,424857,0.22,SQS,Dead letter queue
Mobile-Backend,sqs-0a98298,AWS,2026-07,0.0,0.0,348171,0.18,SQS,Dead letter queue
Mobile-Backend,sb-0b13801,AZURE,2026-07,0.0,0.0,15782769,40.94,Service Bus,Standard messaging
Edge-Network,ebs-09fb469,AWS,2026-07,0.0,204.9,0,25.37,EBS,gp3 volumes staging
Shared-Services,appi-0edc199,AZURE,2026-07,0.0,0.0,44057484,547.97,Application Insights,APM telemetry
Production-Secondary,blob-0a70809,AZURE,2026-07,0.0,17730.9,43693,146.27,Blob Storage,Archive tier
DevOps-Central,vm-0adb335,AZURE,2026-07,757.2,0.0,0,1785.30,Virtual Machines,D8s v3 application server
Production-Secondary,app-0db8839,AZURE,2026-07,672.8,0.0,0,99.22,App Service,Web app B1
Customer-Portal,eh-1049771,AZURE,2026-07,0.0,562.4,0,146.36,Event Hubs,Capture to storage
Shared-Services,rds-01a0568,AWS,2026-07,964.7,667.7,0,2539.79,RDS,db.r5.xlarge PostgreSQL primary
Edge-Network,cf-0310235,AWS,2026-07,0.0,0.0,172744011,884.83,CloudFront,CDN media distribution
Shared-Services,ado-0add561,AZURE,2026-07,0.0,102.5,0,26.47,Azure DevOps,Artifacts storage
Shared-Services,aks-01c2470,AZURE,2026-07,454.0,0.0,0,657.51,AKS,Dev K8s cluster
Production-Secondary,sqldb-09a8374,AZURE,2026-07,499.6,177.0,0,833.78,SQL Database,Standard S3 production
Finance-Systems,rds-04ac243,AWS,2026-07,658.4,930.0,0,3011.87,RDS,db.r5.2xlarge Aurora cluster
Analytics-Platform,vai-0e19502,GCP,2026-07,212.7,0.0,0,1041.27,Vertex AI,AutoML jobs
Finance-Systems,eks-0f96669,AWS,2026-07,962.1,0.0,0,2796.99,EKS,Production K8s cluster
Shared-Services,vm-0ea9500,AZURE,2026-07,984.9,0.0,0,3655.13,Virtual Machines,E8s v3 memory-optimized
Marketing-Platform,rds-01e4174,AWS,2026-07,682.8,482.5,0,1404.70,RDS,db.r5.large PostgreSQL replica
Internal-Tools,gke-0cab252,GCP,2026-07,685.0,0.0,0,2102.19,GKE,Production API cluster
Shared-Services,fd-0768299,AZURE,2026-07,0.0,0.0,71486990,529.18,Front Door,Global load balancer
Internal-Tools,clog-0d2a461,GCP,2026-07,0.0,574.2,0,149.41,Cloud Logging,Application logs
Mobile-Backend,vm-081d742,AZURE,2026-07,1016.9,0.0,0,1177.96,Virtual Machines,D4s v3 CI runner
DevOps-Central,appi-076d459,AZURE,2026-07,0.0,0.0,73081804,942.18,Application Insights,APM telemetry
Finance-Systems,aks-1127320,AZURE,2026-07,271.5,0.0,0,395.52,AKS,Dev K8s cluster
Shared-Services,ado-01c3479,AZURE,2026-07,598.9,0.0,0,308.90,Azure DevOps,Pipelines hosted
Internal-Tools,cr-08e3742,GCP,2026-07,1087.0,0.0,22090459,1624.34,Cloud Run,API gateway service
Partner-Integration,sqs-0cd1270,AWS,2026-07,0.0,0.0,534865,0.27,SQS,Dead letter queue
Production-Main,r53-0708555,AWS,2026-07,0.0,0.0,11652315,17.10,Route 53,Health checks
Finance-Systems,s3-0246846,AWS,2026-07,0.0,1343.9,2697663,115.65,S3,Artifact storage
Production-Secondary,blob-0981146,AZURE,2026-07,0.0,11510.1,113750,354.89,Blob Storage,Backup storage
Staging-Env,vai-04fe557,GCP,2026-07,215.8,0.0,0,1104.39,Vertex AI,AutoML jobs
Marketing-Platform,sm-1039320,AWS,2026-07,0.0,0.0,1116056,4.49,Secrets Manager,Application secrets
Finance-Systems,elb-0c43172,AWS,2026-07,622.0,0.0,8258426,121.94,ELB,Classic load balancer
Production-Main,s3-0014680,AWS,2026-07,0.0,2039.9,12127422,493.71,S3,Production asset storage
ML-Training,ec-0693709,AWS,2026-07,1232.8,0.0,0,876.66,ElastiCache,Redis production cluster
Production-Secondary,blob-0488174,AZURE,2026-07,0.0,2686.4,7160287,356.64,Blob Storage,Build artifacts
Finance-Systems,app-0548668,AZURE,2026-07,1069.5,0.0,0,169.63,App Service,Web app B1
Partner-Integration,sqldb-0665143,AZURE,2026-07,1053.6,355.6,0,1773.47,SQL Database,Standard S3 production
Shared-Services,ebs-01a3398,AWS,2026-07,0.0,636.5,0,395.95,EBS,io2 volumes database
IoT-Platform,mem-0362959,GCP,2026-07,381.0,0.0,0,268.77,Memorystore,Redis staging cache
Marketing-Platform,rds-0b94353,AWS,2026-07,346.4,97.3,0,426.46,RDS,db.t3.medium MySQL staging
Partner-Integration,ps-0eee659,GCP,2026-07,0.0,0.0,40289728,510.68,Pub/Sub,Event streaming
Customer-Portal,sentinel-0682220,AZURE,2026-07,0.0,0.0,55973440,1398.14,Microsoft Sentinel,Log analytics
Staging-Env,gcs-0956604,GCP,2026-07,0.0,19565.3,47056,193.59,Cloud Storage,Archive bucket
Shared-Services,ado-0850519,AZURE,2026-07,0.0,81.6,0,20.44,Azure DevOps,Artifacts storage
Compliance-Audit,ses-07fa563,AWS,2026-07,0.0,0.0,1879091,2.29,SES,Transactional email
Internal-Tools,gcs-098f275,GCP,2026-07,0.0,409.0,6554621,72.95,Cloud Storage,Temp processing bucket
Partner-Integration,redis-0663905,AZURE,2026-07,732.9,0.0,0,364.30,Azure Cache for Redis,Standard C2 cache
Edge-Network,vpn-0f3a733,AWS,2026-07,566.8,0.0,0,150.07,VPN Gateway,Client VPN endpoint
Production-Main,gcs-0054726,GCP,2026-07,0.0,19490.7,6346831,568.20,Cloud Storage,Data lake bucket
Production-Secondary,sqldb-006f710,AZURE,2026-07,564.2,190.9,0,947.83,SQL Database,Standard S3 production
Security-Ops,ebs-10a2954,AWS,2026-07,0.0,697.8,0,418.30,EBS,io2 volumes database
Staging-Env,bq-00fb170,GCP,2026-07,0.0,9206.8,0,3708.19,BigQuery,ML training datasets
ML-Training,lam-0f35499,AWS,2026-07,0.0,0.0,14263559,100.91,Lambda,Notification dispatcher
Data-Science,bq-011e164,GCP,2026-07,0.0,7913.9,0,3186.55,BigQuery,Analytics data warehouse
Customer-Portal,ses-099c582,AWS,2026-07,0.0,0.0,836764,1.04,SES,Marketing email
Production-Secondary,redis-0f93554,AZURE,2026-07,1112.2,0.0,0,559.53,Azure Cache for Redis,Standard C2 cache
Production-Main,aks-0ee4408,AZURE,2026-07,1281.8,0.0,0,2022.59,AKS,Staging K8s cluster
Compliance-Audit,rs-037f769,AWS,2026-07,0.0,0.0,5330447,269.54,Redshift,Spectrum queries
Partner-Integration,cf-03cf862,AWS,2026-07,0.0,0.0,40425151,197.65,CloudFront,CDN API distribution
DevOps-Central,vm-00dd933,AZURE,2026-07,1036.5,0.0,0,641.41,Virtual Machines,D2s v3 utility server
Security-Ops,ecs-04c3278,AWS,2026-07,588.1,0.0,0,1074.13,ECS,Fargate API cluster
Marketing-Platform,ddb-0644636,AWS,2026-07,754.1,50.6,82316634,590.36,DynamoDB,Session store table
Internal-Tools,gcs-0bfc844,GCP,2026-07,0.0,2517.8,1285393,385.32,Cloud Storage,Model artifacts
Security-Ops,lam-10f3942,AWS,2026-07,0.0,0.0,4101422,28.53,Lambda,Image resizer
Production-Main,cf-090e801,AWS,2026-07,0.0,0.0,55501680,271.79,CloudFront,CDN API distribution
Production-Main,vm-071d819,AZURE,2026-07,834.8,0.0,0,2046.63,Virtual Machines,D8s v3 application server
Finance-Systems,rds-0a4f386,AWS,2026-07,1102.9,768.7,0,2800.00,RDS,db.r5.xlarge PostgreSQL primary
ML-Training,lam-0ec1508,AWS,2026-07,0.0,0.0,12754843,89.67,Lambda,Notification dispatcher
Customer-Portal,fd-048a408,AZURE,2026-07,0.0,0.0,75723243,587.20,Front Door,Global load balancer
Analytics-Platform,cr-0eab693,GCP,2026-07,450.6,0.0,1939750,601.88,Cloud Run,ETL pipeline service
DR-Recovery,fd-0d5c299,AZURE,2026-07,0.0,0.0,91959026,684.34,Front Door,Global load balancer
Customer-Portal,i-0ea6657,AWS,2026-07,717.8,0.0,0,50.99,EC2,t3.micro bastion host
Analytics-Platform,mem-05f3682,GCP,2026-07,681.2,0.0,0,500.51,Memorystore,Redis production cache
Production-Secondary,sqldb-0772825,AZURE,2026-07,527.9,178.6,0,857.16,SQL Database,Standard S3 production
Production-Secondary,ecs-03f5609,AWS,2026-07,329.6,0.0,0,589.59,ECS,Fargate batch cluster
DevOps-Central,kin-06cf628,AWS,2026-07,901.7,0.0,25190661,375.66,Kinesis,Firehose delivery
Data-Science,i-06b7985,AWS,2026-07,842.5,0.0,0,370.35,EC2,t3.medium API server
Security-Ops,ecs-0989841,AWS,2026-07,545.7,0.0,0,1016.90,ECS,Fargate API cluster
Production-Main,lam-0006400,AWS,2026-07,0.0,0.0,48373118,339.58,Lambda,Auth token validator
Staging-Env,bq-0662637,GCP,2026-07,0.0,1659.4,0,645.16,BigQuery,BI reporting views
Customer-Portal,eh-0467686,AZURE,2026-07,0.0,673.9,0,171.66,Event Hubs,Capture to storage
Data-Science,cr-0726598,GCP,2026-07,623.8,0.0,2609986,802.73,Cloud Run,ETL pipeline service
Mobile-Backend,vm-08ed373,AZURE,2026-07,589.2,0.0,0,5292.68,Virtual Machines,NC6s v3 GPU VM
Partner-Integration,rds-0f56547,AWS,2026-07,392.2,110.0,0,482.88,RDS,db.t3.medium MySQL staging
Data-Science,clog-0a7e301,GCP,2026-07,0.0,542.5,0,133.11,Cloud Logging,Application logs
Customer-Portal,i-110a445,AWS,2026-07,777.2,0.0,0,678.49,EC2,t3.large application server
Data-Science,cr-117a251,GCP,2026-07,366.4,0.0,1494703,317.57,Cloud Run,Image processor
Production-Main,cf-06a8576,AWS,2026-07,0.0,0.0,99862395,519.60,CloudFront,CDN media distribution
Internal-Tools,rds-0dc8281,AWS,2026-07,561.3,609.9,0,1350.57,RDS,db.m5.xlarge analytics DB
DevOps-Central,aks-10dc270,AZURE,2026-07,354.5,0.0,0,529.42,AKS,Dev K8s cluster
Internal-Tools,s3-0e8e973,AWS,2026-07,0.0,1185.7,2347437,99.41,S3,Artifact storage
Analytics-Platform,cmon-048b548,GCP,2026-07,0.0,0.0,21890422,169.41,Cloud Monitoring,Metrics and alerting
Edge-Network,ebs-0c62549,AWS,2026-07,0.0,191.2,0,23.31,EBS,gp3 volumes staging
Production-Main,lam-0e1f721,AWS,2026-07,0.0,0.0,34436734,238.12,Lambda,Data transformer
QA-Testing,lam-03df419,AWS,2026-07,0.0,0.0,83024475,574.19,Lambda,Auth token validator
Edge-Network,eks-0322850,AWS,2026-07,493.7,0.0,0,1546.07,EKS,Staging K8s cluster
Marketing-Platform,cr-01f7175,GCP,2026-07,547.0,0.0,2356179,716.54,Cloud Run,ETL pipeline service
DR-Recovery,eh-0842602,AZURE,2026-07,0.0,502.8,0,121.83,Event Hubs,Capture to storage
Production-Main,ebs-117e412,AWS,2026-07,0.0,741.7,0,466.42,EBS,io2 volumes database
Internal-Tools,lam-0e60938,AWS,2026-07,0.0,0.0,34473715,237.80,Lambda,API gateway handler
Internal-Tools,gke-0723395,GCP,2026-07,702.3,0.0,0,2185.69,GKE,Production API cluster
Data-Science,ddb-0647670,AWS,2026-07,685.2,92.7,138841186,1036.87,DynamoDB,Cache table
Production-Main,s3-06ad806,AWS,2026-07,0.0,16284.6,3202846,558.23,S3,Data lake raw zone
Production-Main,gcs-0cc1765,GCP,2026-07,0.0,26021.4,65114,257.18,Cloud Storage,Archive bucket
Shared-Services,nat-01a5784,AWS,2026-07,650.2,0.0,0,145.27,NAT Gateway,Staging VPC NAT
Data-Science,rds-069c314,AWS,2026-07,663.2,462.7,0,1656.82,RDS,db.r5.xlarge PostgreSQL primary
Internal-Tools,lam-07ca671,AWS,2026-07,0.0,0.0,25819997,177.51,Lambda,Data transformer
Production-Main,lam-104a539,AWS,2026-07,0.0,0.0,40468906,286.76,Lambda,Data transformer
Analytics-Platform,eh-09e2725,AZURE,2026-07,0.0,441.8,0,111.09,Event Hubs,Capture to storage
Finance-Systems,rds-074a363,AWS,2026-07,714.4,831.9,0,1720.18,RDS,db.m5.xlarge analytics DB
Staging-Env,gcf-0c8e538,GCP,2026-07,0.0,0.0,28628575,436.09,Cloud Functions,Pub/Sub processors
Security-Ops,mem-0163703,GCP,2026-07,666.0,0.0,0,470.42,Memorystore,Redis production cache
Customer-Portal,gcf-0429675,GCP,2026-07,0.0,0.0,14968560,230.29,Cloud Functions,Data triggers
Compliance-Audit,ec-04a7468,AWS,2026-07,693.2,0.0,0,483.75,ElastiCache,Redis production cluster
Partner-Integration,fd-03b3380,AZURE,2026-07,0.0,0.0,77630544,571.45,Front Door,Global load balancer
Internal-Tools,lam-0abb122,AWS,2026-07,0.0,0.0,1269056,9.79,Lambda,Cron job runner
Production-Secondary,blob-0e0e879,AZURE,2026-07,0.0,15698.6,38604,128.98,Blob Storage,Archive tier
Mobile-Backend,ebs-086b693,AWS,2026-07,0.0,4066.9,0,179.47,EBS,st1 volumes archive
Edge-Network,rds-0457903,AWS,2026-07,534.5,365.4,0,1379.45,RDS,db.r5.xlarge PostgreSQL primary
Compliance-Audit,sm-05b3121,AWS,2026-07,0.0,0.0,1345055,5.34,Secrets Manager,Application secrets
Internal-Tools,aks-0697488,AZURE,2026-07,271.4,0.0,0,389.95,AKS,Dev K8s cluster
IoT-Platform,csql-057c410,GCP,2026-07,941.6,264.8,0,1512.95,Cloud SQL,PostgreSQL primary
Staging-Env,gcs-08f2137,GCP,2026-07,0.0,17111.1,42891,164.64,Cloud Storage,Archive bucket
Security-Ops,s3-0185416,AWS,2026-07,0.0,6217.6,371801,148.30,S3,Log archive bucket
Customer-Portal,fs-0821122,GCP,2026-07,836.5,60.1,35692147,497.25,Firestore,User profiles DB
Production-Main,lam-0be7690,AWS,2026-07,0.0,0.0,8115608,54.62,Lambda,Notification dispatcher
Shared-Services,nat-0713424,AWS,2026-07,683.5,0.0,0,156.89,NAT Gateway,Staging VPC NAT
Analytics-Platform,clog-0a78329,GCP,2026-07,0.0,509.1,0,125.57,Cloud Logging,Application logs
Customer-Portal,sb-08f0351,AZURE,2026-07,752.5,0.0,10465287,575.63,Service Bus,Premium messaging
Finance-Systems,rds-0545685,AWS,2026-07,1008.7,687.4,0,2610.34,RDS,db.r5.xlarge PostgreSQL primary
Analytics-Platform,bq-08d4406,GCP,2026-07,0.0,2342.9,0,888.19,BigQuery,BI reporting views
ML-Training,rs-0364324,AWS,2026-07,0.0,0.0,4650460,226.77,Redshift,Spectrum queries
Internal-Tools,rds-04c8593,AWS,2026-07,663.2,720.0,0,1536.58,RDS,db.m5.xlarge analytics DB
Production-Main,cf-0c6e848,AWS,2026-07,0.0,0.0,36616652,184.54,CloudFront,CDN API distribution
Finance-Systems,clog-023a470,GCP,2026-07,0.0,231.7,0,56.58,Cloud Logging,Audit logs
Customer-Portal,redis-0d24250,AZURE,2026-07,1036.5,0.0,0,547.27,Azure Cache for Redis,Standard C2 cache
Data-Science,nat-0568861,AWS,2026-07,523.4,0.0,0,116.97,NAT Gateway,Staging VPC NAT
Compliance-Audit,rds-0424610,AWS,2026-07,763.1,523.9,0,1936.71,RDS,db.r5.xlarge PostgreSQL primary
Internal-Tools,sqs-02ae931,AWS,2026-07,0.0,0.0,643512,0.33,SQS,Dead letter queue
Finance-Systems,sentinel-0ce7822,AZURE,2026-07,0.0,0.0,108545450,2667.89,Microsoft Sentinel,SIEM detection
Internal-Tools,ec-0a53778,AWS,2026-07,606.7,0.0,0,458.24,ElastiCache,Redis production cluster
Internal-Tools,lam-02c9216,AWS,2026-07,0.0,0.0,40459742,285.56,Lambda,API gateway handler
Shared-Services,rds-07c6808,AWS,2026-07,603.7,173.4,0,560.98,RDS,db.t3.large development DB
Shared-Services,func-1016313,AZURE,2026-07,0.0,0.0,3582701,53.34,Azure Functions,Webhook processor
Production-Secondary,redis-0c21685,AZURE,2026-07,1030.4,0.0,0,1283.62,Azure Cache for Redis,Premium P1 cache
Security-Ops,ecs-0f99165,AWS,2026-07,453.7,0.0,0,826.79,ECS,Fargate API cluster
Shared-Services,rds-0b02683,AWS,2026-07,520.7,755.2,0,2425.45,RDS,db.r5.2xlarge Aurora cluster
Marketing-Platform,rs-01d2424,AWS,2026-07,620.1,1725.7,0,3081.51,Redshift,Data warehouse cluster
Production-Secondary,sqldb-06a0823,AZURE,2026-07,626.9,223.3,0,1073.18,SQL Database,Standard S3 production
Internal-Tools,aks-04c1633,AZURE,2026-07,1484.3,0.0,0,2270.42,AKS,Staging K8s cluster
Security-Ops,bq-0b46741,GCP,2026-07,0.0,7721.9,0,3226.44,BigQuery,Analytics data warehouse
Security-Ops,lam-0aaf344,AWS,2026-07,0.0,0.0,4835162,33.29,Lambda,Image resizer
Marketing-Platform,cr-10aa944,GCP,2026-07,496.4,0.0,2066229,641.84,Cloud Run,ETL pipeline service
Compliance-Audit,i-0d15800,AWS,2026-07,648.4,0.0,0,928.17,EC2,c5.xlarge compute worker
Edge-Network,s3-0fda230,AWS,2026-07,0.0,1105.4,2245744,99.94,S3,Artifact storage
Production-Main,cmon-0a6d976,GCP,2026-07,0.0,0.0,28559036,232.27,Cloud Monitoring,Metrics and alerting
Production-Secondary,app-1121363,AZURE,2026-07,1392.0,0.0,0,842.13,App Service,Web app P1v3
Analytics-Platform,bq-04ee997,GCP,2026-07,0.0,16975.7,0,6520.76,BigQuery,ML training datasets
Security-Ops,s3-0b4a511,AWS,2026-07,0.0,5563.1,351597,139.47,S3,Log archive bucket
Data-Science,csql-0443816,GCP,2026-07,749.4,534.9,0,1478.11,Cloud SQL,MySQL analytics
QA-Testing,r53-0d45682,AWS,2026-07,0.0,0.0,55774331,83.77,Route 53,DNS hosting
QA-Testing,r53-03ea149,AWS,2026-07,0.0,0.0,11696968,17.41,Route 53,Health checks
Internal-Tools,ec-0588801,AWS,2026-07,564.7,0.0,0,413.08,ElastiCache,Redis production cluster
Analytics-Platform,cr-00ba535,GCP,2026-07,543.7,0.0,2291767,720.32,Cloud Run,ETL pipeline service
Security-Ops,ecs-076f734,AWS,2026-07,159.5,0.0,0,299.61,ECS,Fargate batch cluster
Production-Main,s3-076c637,AWS,2026-07,0.0,53.6,26594451,176.07,S3,Static website hosting
Data-Science,clog-0f9e217,GCP,2026-07,0.0,478.1,0,117.62,Cloud Logging,Application logs
Internal-Tools,ec-0497288,AWS,2026-07,539.1,0.0,0,373.72,ElastiCache,Redis production cluster
Production-Main,aks-0b11718,AZURE,2026-07,634.0,0.0,0,2873.42,AKS,Production K8s cluster
Shared-Services,gcs-0d20611,GCP,2026-07,0.0,573.5,9009209,102.72,Cloud Storage,Temp processing bucket
Production-Secondary,sqldb-04cb316,AZURE,2026-07,511.1,176.4,0,818.47,SQL Database,Standard S3 production
Production-Secondary,vai-105f825,GCP,2026-07,243.6,0.0,0,1240.99,Vertex AI,AutoML jobs
Finance-Systems,sentinel-0984463,AZURE,2026-07,0.0,0.0,132487291,3381.57,Microsoft Sentinel,SIEM detection
Production-Secondary,acr-0a81124,AZURE,2026-07,0.0,265.3,511053,176.74,Container Registry,Docker image registry
Partner-Integration,vai-1186733,GCP,2026-07,669.8,0.0,0,3230.22,Vertex AI,Training pipelines
Marketing-Platform,rds-0fe1560,AWS,2026-07,552.8,376.6,0,1124.24,RDS,db.r5.large PostgreSQL replica
Analytics-Platform,bq-09ec448,GCP,2026-07,0.0,2177.5,0,876.88,BigQuery,BI reporting views
DevOps-Central,blob-060f173,AZURE,2026-07,0.0,4966.3,0,492.93,Blob Storage,Security audit logs
Customer-Portal,elb-0a54570,AWS,2026-07,777.8,0.0,32824484,240.76,ELB,Application load balancer
Internal-Tools,lam-0782653,AWS,2026-07,0.0,0.0,1254706,9.30,Lambda,Cron job runner
Customer-Portal,s3-0417989,AWS,2026-07,0.0,18112.9,3612247,641.20,S3,Data lake raw zone
Staging-Env,gcs-08f9516,GCP,2026-07,0.0,19684.2,48420,191.62,Cloud Storage,Archive bucket
Customer-Portal,mem-0277393,GCP,2026-07,404.1,0.0,0,305.76,Memorystore,Redis staging cache
Marketing-Platform,ps-0c52845,GCP,2026-07,0.0,0.0,50706461,625.54,Pub/Sub,Log forwarding
DevOps-Central,appi-0710252,AZURE,2026-07,0.0,0.0,60833810,746.32,Application Insights,APM telemetry
Staging-Env,cr-0448765,GCP,2026-07,755.9,0.0,3180366,1003.97,Cloud Run,ETL pipeline service
Mobile-Backend,sqldb-0f79775,AZURE,2026-07,962.2,319.8,0,1544.28,SQL Database,Standard S3 production
Internal-Tools,s3-02bb548,AWS,2026-07,0.0,1108.1,2230773,95.49,S3,Artifact storage
Shared-Services,rds-0533968,AWS,2026-07,685.4,497.1,0,1388.34,RDS,db.r5.large PostgreSQL replica
Edge-Network,s3-0ec2367,AWS,2026-07,0.0,998.2,2071469,87.46,S3,Artifact storage
Marketing-Platform,cdns-0edd593,GCP,2026-07,0.0,0.0,15419998,22.77,Cloud DNS,DNS zones
Security-Ops,bq-1170876,GCP,2026-07,0.0,1880.6,0,775.10,BigQuery,BI reporting views
Marketing-Platform,vpn-0a2e654,AWS,2026-07,877.9,0.0,0,218.02,VPN Gateway,Client VPN endpoint
Data-Science,blob-0fc5519,AZURE,2026-07,0.0,11218.2,112089,343.28,Blob Storage,Backup storage
Analytics-Platform,clog-06d5147,GCP,2026-07,0.0,437.8,0,105.56,Cloud Logging,Application logs
Production-Main,ecs-082a733,AWS,2026-07,458.9,0.0,0,836.51,ECS,Fargate worker cluster
IoT-Platform,csql-09b6525,GCP,2026-07,1017.9,287.7,0,1624.56,Cloud SQL,PostgreSQL primary
Marketing-Platform,mem-0c1f707,GCP,2026-07,619.8,0.0,0,434.31,Memorystore,Redis production cache
Internal-Tools,cf-095a942,AWS,2026-07,0.0,0.0,50525576,248.00,CloudFront,CDN API distribution
Production-Secondary,aks-05a2662,AZURE,2026-07,365.2,0.0,0,550.51,AKS,Dev K8s cluster
Partner-Integration,elb-0f50855,AWS,2026-07,852.5,0.0,11605712,173.51,ELB,Classic load balancer
DevOps-Central,sentinel-0844469,AZURE,2026-07,0.0,0.0,45933301,1201.02,Microsoft Sentinel,Log analytics
Production-Secondary,r53-0087224,AWS,2026-07,0.0,0.0,70785343,110.58,Route 53,DNS hosting
IoT-Platform,bq-0356304,GCP,2026-07,0.0,7346.9,0,2919.36,BigQuery,Analytics data warehouse
Shared-Services,rds-0798140,AWS,2026-07,597.3,834.4,0,2742.60,RDS,db.r5.2xlarge Aurora cluster
Shared-Services,fd-0c6c604,AZURE,2026-07,0.0,0.0,70324461,543.13,Front Door,Global load balancer
Shared-Services,rds-088e703,AWS,2026-07,594.6,786.1,0,2633.75,RDS,db.r5.2xlarge Aurora cluster
Production-Secondary,ca-0099778,GCP,2026-07,0.0,0.0,121031382,454.66,Cloud Armor,WAF policies
Customer-Portal,elb-062f711,AWS,2026-07,832.4,0.0,34062016,259.28,ELB,Application load balancer
Shared-Services,nat-0e1a884,AWS,2026-07,645.1,0.0,0,147.77,NAT Gateway,Staging VPC NAT
Finance-Systems,blob-0bfe263,AZURE,2026-07,0.0,7438.5,73148,217.13,Blob Storage,Backup storage
Production-Secondary,acr-0cdd824,AZURE,2026-07,0.0,226.9,443542,154.04,Container Registry,Docker image registry
Compliance-Audit,elb-04ca178,AWS,2026-07,503.3,0.0,35003886,221.78,ELB,Network load balancer
Mobile-Backend,vm-09c7745,AZURE,2026-07,878.2,0.0,0,1083.61,Virtual Machines,D4s v3 CI runner
Internal-Tools,nat-0a69775,AWS,2026-07,635.9,0.0,0,146.44,NAT Gateway,Dev VPC NAT
Finance-Systems,s3-0515672,AWS,2026-07,0.0,1401.0,2864740,125.97,S3,Artifact storage
Security-Ops,ecs-07d0252,AWS,2026-07,524.6,0.0,0,957.89,ECS,Fargate API cluster
Internal-Tools,s3-052b864,AWS,2026-07,0.0,4276.0,6856433,310.54,S3,Media content bucket
Security-Ops,sqs-0cca144,AWS,2026-07,0.0,0.0,50478515,24.96,SQS,Event notification queue
Internal-Tools,cf-0809156,AWS,2026-07,0.0,0.0,160363765,789.40,CloudFront,CDN media distribution
Marketing-Platform,sqs-0652126,AWS,2026-07,0.0,0.0,524333,0.25,SQS,Dead letter queue
Shared-Services,app-0e7a761,AZURE,2026-07,1111.2,0.0,0,1346.65,App Service,API app P2v3
Partner-Integration,ddb-03d5405,AWS,2026-07,741.3,10.6,5207480,90.49,DynamoDB,Config store table
Customer-Portal,ses-06a6724,AWS,2026-07,0.0,0.0,744655,0.93,SES,Marketing email
Security-Ops,sm-08b5882,AWS,2026-07,0.0,0.0,1305466,5.40,Secrets Manager,Application secrets
Shared-Services,kv-01cc830,AZURE,2026-07,0.0,0.0,436275,1.33,Key Vault,Certificate store
Compliance-Audit,rds-04d9582,AWS,2026-07,389.5,109.0,0,447.62,RDS,db.t3.medium MySQL staging
Compliance-Audit,sns-0399927,AWS,2026-07,0.0,0.0,14804057,7.54,SNS,Alert notifications
Analytics-Platform,kv-06cd417,AZURE,2026-07,0.0,0.0,1951315,5.89,Key Vault,Secrets management
Edge-Network,ps-02fd764,GCP,2026-07,0.0,0.0,48971170,615.62,Pub/Sub,Log forwarding
Compliance-Audit,eks-101f873,AWS,2026-07,675.5,0.0,0,2102.76,EKS,Production K8s cluster
Data-Science,i-0b8e813,AWS,2026-07,518.9,0.0,0,1786.35,EC2,m5.2xlarge batch processor
Production-Secondary,blob-0fe2396,AZURE,2026-07,0.0,2658.0,7252686,347.66,Blob Storage,Build artifacts
Production-Main,vm-0038294,AZURE,2026-07,658.6,0.0,0,836.34,Virtual Machines,D4s v3 CI runner
Customer-Portal,cosmos-0ea0245,AZURE,2026-07,646.2,93.4,23267938,848.83,Cosmos DB,Event store
Marketing-Platform,rs-063e686,AWS,2026-07,0.0,0.0,6729965,331.07,Redshift,Spectrum queries
Security-Ops,ca-0b40128,GCP,2026-07,0.0,0.0,104628887,394.51,Cloud Armor,WAF policies
Shared-Services,kv-0adc624,AZURE,2026-07,0.0,0.0,407899,1.24,Key Vault,Certificate store
Partner-Integration,redis-0d95457,AZURE,2026-07,677.5,0.0,0,800.39,Azure Cache for Redis,Premium P1 cache
IoT-Platform,csql-0938911,GCP,2026-07,814.2,230.1,0,1321.75,Cloud SQL,PostgreSQL primary
Shared-Services,gcs-1094454,GCP,2026-07,0.0,8037.5,194154,179.18,Cloud Storage,Backup bucket
Mobile-Backend,acr-0340268,AZURE,2026-07,0.0,212.0,433397,143.19,Container Registry,Docker image registry
Internal-Tools,ebs-113b578,AWS,2026-07,0.0,421.8,0,258.31,EBS,io2 volumes database
Staging-Env,gcs-085c168,GCP,2026-07,0.0,12541.1,4100360,362.95,Cloud Storage,Data lake bucket
Production-Main,cosmos-0e2c318,AZURE,2026-07,804.9,110.6,26716832,1020.49,Cosmos DB,Event store
Production-Main,sentinel-0deb616,AZURE,2026-07,0.0,0.0,84090522,2085.76,Microsoft Sentinel,SIEM detection
Partner-Integration,elb-06d8314,AWS,2026-07,759.9,0.0,10446961,151.17,ELB,Classic load balancer
Shared-Services,vm-0fe0559,AZURE,2026-07,1051.0,0.0,0,1264.99,Virtual Machines,D4s v3 CI runner
Compliance-Audit,ses-0d16832,AWS,2026-07,0.0,0.0,1929034,2.35,SES,Transactional email
Shared-Services,s3-0eda156,AWS,2026-07,0.0,15069.5,3076475,536.31,S3,Data lake raw zone
Finance-Systems,clog-0ec6304,GCP,2026-07,0.0,245.5,0,60.96,Cloud Logging,Audit logs
Production-Secondary,elb-0487699,AWS,2026-07,734.0,0.0,30314751,219.45,ELB,Application load balancer
Production-Secondary,vai-0094955,GCP,2026-07,655.9,0.0,0,3411.26,Vertex AI,Training pipelines
Marketing-Platform,cdns-041b779,GCP,2026-07,0.0,0.0,15596305,23.21,Cloud DNS,DNS zones
Edge-Network,ebs-06de655,AWS,2026-07,0.0,146.7,0,17.64,EBS,gp3 volumes staging
Internal-Tools,lam-0f9d732,AWS,2026-07,0.0,0.0,16800052,115.87,Lambda,Event processor
Customer-Portal,bq-0615458,GCP,2026-07,0.0,1025.2,0,419.59,BigQuery,Data export queries
Data-Science,mem-0129294,GCP,2026-07,372.8,0.0,0,266.36,Memorystore,Redis staging cache
Production-Main,cdns-06c9194,GCP,2026-07,0.0,0.0,19953259,29.16,Cloud DNS,DNS zones
Customer-Portal,vm-0b93566,AZURE,2026-07,909.0,0.0,0,288.64,Virtual Machines,B2s development VM
Internal-Tools,s3-0556224,AWS,2026-07,0.0,4406.1,6973628,318.93,S3,Media content bucket
Data-Science,gke-012b441,GCP,2026-07,1722.8,0.0,0,3334.80,GKE,ML training cluster
Production-Secondary,clog-0091888,GCP,2026-07,0.0,532.7,0,129.42,Cloud Logging,Application logs
Compliance-Audit,i-0af0314,AWS,2026-07,579.1,0.0,0,259.02,EC2,t3.medium API server
Shared-Services,rds-0454133,AWS,2026-07,624.5,436.0,0,1194.35,RDS,db.r5.large PostgreSQL replica
Analytics-Platform,gcs-0c3d467,GCP,2026-07,0.0,2626.3,2623084,180.94,Cloud Storage,Media assets bucket
Staging-Env,cdns-1139865,GCP,2026-07,0.0,0.0,16620761,25.22,Cloud DNS,DNS zones
Mobile-Backend,aks-046c326,AZURE,2026-07,1062.6,0.0,0,1579.96,AKS,Staging K8s cluster
Compliance-Audit,ecs-0e22271,AWS,2026-07,462.5,0.0,0,835.50,ECS,Fargate worker cluster
Security-Ops,gcs-0161732,GCP,2026-07,0.0,6901.4,174261,158.09,Cloud Storage,Backup bucket
DevOps-Central,kin-00ca857,AWS,2026-07,859.9,0.0,36962805,526.59,Kinesis,Data stream ingestion
Analytics-Platform,csql-0e53229,GCP,2026-07,793.6,222.3,0,925.97,Cloud SQL,PostgreSQL replica
Production-Main,ec-0bc4932,AWS,2026-07,1172.3,0.0,0,838.41,ElastiCache,Redis production cluster
Production-Main,ca-07a3445,GCP,2026-07,0.0,0.0,117417674,451.74,Cloud Armor,WAF policies
Partner-Integration,gcs-06f1329,GCP,2026-07,0.0,19333.6,46712,191.10,Cloud Storage,Archive bucket
Internal-Tools,s3-0cf7590,AWS,2026-07,0.0,7539.1,470907,186.43,S3,Log archive bucket
Security-Ops,s3-0182639,AWS,2026-07,0.0,3798.4,22872508,928.96,S3,Production asset storage
Shared-Services,sb-111b141,AZURE,2026-07,603.5,0.0,8519001,470.06,Service Bus,Premium messaging
Data-Science,i-0e0c224,AWS,2026-07,394.9,0.0,0,1118.22,EC2,c5.2xlarge HPC node
Partner-Integration,ecs-03d7683,AWS,2026-07,484.7,0.0,0,885.63,ECS,Fargate API cluster
Security-Ops,lam-0988526,AWS,2026-07,0.0,0.0,25038767,175.60,Lambda,Data transformer
Finance-Systems,s3-079a209,AWS,2026-07,0.0,5661.7,9209910,420.05,S3,Media content bucket
Production-Secondary,vai-112f326,GCP,2026-07,722.1,0.0,0,3461.60,Vertex AI,Training pipelines
Partner-Integration,sb-08a4958,AZURE,2026-07,646.9,0.0,9064789,493.89,Service Bus,Premium messaging
Partner-Integration,sm-0ed5679,AWS,2026-07,0.0,0.0,1604817,6.73,Secrets Manager,Application secrets
Production-Main,r53-0012755,AWS,2026-07,0.0,0.0,15115583,22.95,Route 53,Health checks
Staging-Env,gcs-043e773,GCP,2026-07,0.0,12482.7,4068320,370.56,Cloud Storage,Data lake bucket
Shared-Services,clog-0ca9614,GCP,2026-07,0.0,300.0,0,74.18,Cloud Logging,Audit logs
DevOps-Central,redis-0ff6273,AZURE,2026-07,726.4,0.0,0,899.00,Azure Cache for Redis,Premium P1 cache
Edge-Network,ebs-0dd1202,AWS,2026-07,0.0,228.3,0,28.91,EBS,gp3 volumes staging
Customer-Portal,blob-09de529,AZURE,2026-07,0.0,6507.4,0,645.31,Blob Storage,Security audit logs
Data-Science,rds-0d7c680,AWS,2026-07,882.4,246.2,0,799.38,RDS,db.t3.large development DB
Shared-Services,vm-0b6d990,AZURE,2026-07,653.9,0.0,0,2348.86,Virtual Machines,E8s v3 memory-optimized
Mobile-Backend,sqldb-0c69847,AZURE,2026-07,788.2,275.2,0,1355.48,SQL Database,Standard S3 production
Staging-Env,fs-0414599,GCP,2026-07,637.2,18.1,43832390,460.99,Firestore,Session store
Finance-Systems,cr-0f69206,GCP,2026-07,684.2,0.0,2887258,915.71,Cloud Run,ETL pipeline service
DR-Recovery,azmon-02f9948,AZURE,2026-07,0.0,285.6,37030553,402.05,Azure Monitor,Logs and metrics
Production-Main,s3-0016611,AWS,2026-07,0.0,889.9,1813415,78.65,S3,Artifact storage
Edge-Network,ecs-0320455,AWS,2026-07,211.5,0.0,0,387.64,ECS,Fargate batch cluster
Partner-Integration,azmon-0f4d156,AZURE,2026-07,0.0,239.2,32215938,349.37,Azure Monitor,Logs and metrics
Finance-Systems,cr-0983776,GCP,2026-07,295.0,0.0,2421637,247.94,Cloud Run,Webhook handler
Analytics-Platform,clog-10d3731,GCP,2026-07,0.0,447.8,0,108.72,Cloud Logging,Application logs
Customer-Portal,sb-0267468,AZURE,2026-07,0.0,0.0,19712981,49.41,Service Bus,Standard messaging
Data-Science,gke-012d310,GCP,2026-07,645.5,0.0,0,1941.70,GKE,Batch processing cluster
Production-Secondary,app-0df0743,AZURE,2026-07,696.0,0.0,0,106.46,App Service,Web app B1
Marketing-Platform,sqs-01db272,AWS,2026-07,0.0,0.0,563849,0.27,SQS,Dead letter queue
Shared-Services,rds-09c6142,AWS,2026-07,619.2,447.5,0,1223.47,RDS,db.r5.large PostgreSQL replica
Partner-Integration,rds-086c113,AWS,2026-07,488.9,136.9,0,554.16,RDS,db.t3.medium MySQL staging
Production-Secondary,blob-0afc132,AZURE,2026-07,0.0,2879.3,7097665,469.64,Blob Storage,Media content
Marketing-Platform,i-0dcc735,AWS,2026-07,598.3,0.0,0,508.80,EC2,m5.large monitoring server
Security-Ops,lam-0e9d376,AWS,2026-07,0.0,0.0,25021212,171.69,Lambda,Data transformer
Security-Ops,lam-017b358,AWS,2026-07,0.0,0.0,63422391,434.39,Lambda,Auth token validator
Security-Ops,s3-0540342,AWS,2026-07,0.0,18744.5,3803303,669.24,S3,Data lake raw zone
Mobile-Backend,kin-0db1783,AWS,2026-07,645.2,0.0,27069743,398.80,Kinesis,Data stream ingestion
Production-Secondary,r53-0088920,AWS,2026-07,0.0,0.0,10708909,16.42,Route 53,Health checks
Analytics-Platform,aks-0a79530,AZURE,2026-07,1343.9,0.0,0,2007.82,AKS,Staging K8s cluster
Security-Ops,clog-06f4781,GCP,2026-07,0.0,582.9,0,144.87,Cloud Logging,Application logs
Finance-Systems,blob-0f5c178,AZURE,2026-07,0.0,2374.1,6074585,397.30,Blob Storage,Media content
DevOps-Central,ec-07fb671,AWS,2026-07,830.1,0.0,0,593.89,ElastiCache,Redis production cluster
Mobile-Backend,vm-0f40851,AZURE,2026-07,981.6,0.0,0,1201.89,Virtual Machines,D4s v3 CI runner
Marketing-Platform,vpn-0547838,AWS,2026-07,1015.8,0.0,0,530.51,VPN Gateway,Site-to-site VPN
Analytics-Platform,mem-0be0769,GCP,2026-07,406.8,0.0,0,303.68,Memorystore,Redis staging cache
Security-Ops,sm-0192528,AWS,2026-07,0.0,0.0,1135861,4.40,Secrets Manager,Application secrets
Finance-Systems,cosmos-09b9465,AZURE,2026-07,634.5,179.9,36524654,1422.64,Cosmos DB,User data store
Marketing-Platform,rds-0dc3816,AWS,2026-07,739.1,516.6,0,1473.92,RDS,db.r5.large PostgreSQL replica
Customer-Portal,blob-0c6b861,AZURE,2026-07,0.0,4709.8,0,475.60,Blob Storage,Security audit logs
Analytics-Platform,ps-00b0784,GCP,2026-07,0.0,0.0,47712534,578.54,Pub/Sub,Log forwarding
Data-Science,ses-014b619,AWS,2026-07,0.0,0.0,413510,0.51,SES,Marketing email
Compliance-Audit,i-0b1a567,AWS,2026-07,775.0,0.0,0,686.77,EC2,m5.large monitoring server
Marketing-Platform,sm-0e0b262,AWS,2026-07,0.0,0.0,1011466,4.27,Secrets Manager,Application secrets
Data-Science,cmon-0119114,GCP,2026-07,0.0,0.0,40539890,329.98,Cloud Monitoring,Metrics and alerting
DevOps-Central,vm-1176875,AZURE,2026-07,872.9,0.0,0,270.88,Virtual Machines,B2s development VM
Marketing-Platform,mem-0bec716,GCP,2026-07,667.5,0.0,0,507.87,Memorystore,Redis production cache
DevOps-Central,aks-0b9b612,AZURE,2026-07,393.5,0.0,0,595.09,AKS,Dev K8s cluster
Edge-Network,i-07f9917,AWS,2026-07,623.4,0.0,0,2165.34,EC2,m5.2xlarge batch processor
ML-Training,i-07b3955,AWS,2026-07,778.3,0.0,0,697.45,EC2,m5.large monitoring server
Data-Science,fd-0551933,AZURE,2026-07,0.0,0.0,40443711,294.17,Front Door,Global load balancer
Finance-Systems,cosmos-021a338,AZURE,2026-07,678.1,46.8,13459604,439.41,Cosmos DB,Config store
Analytics-Platform,clog-00b2916,GCP,2026-07,0.0,464.5,0,115.70,Cloud Logging,Application logs
Production-Secondary,rs-0085981,AWS,2026-07,1025.5,2871.7,0,5274.36,Redshift,Data warehouse cluster
IoT-Platform,cr-07ba478,GCP,2026-07,642.3,0.0,13474196,1007.41,Cloud Run,API gateway service
Staging-Env,gcf-07b5689,GCP,2026-07,0.0,0.0,7154956,108.83,Cloud Functions,Auth handlers
Marketing-Platform,csp-059d134,GCP,2026-07,1127.1,158.3,77216298,7072.98,Cloud Spanner,Global transaction DB
Finance-Systems,s3-0475629,AWS,2026-07,0.0,62.5,31202602,202.49,S3,Static website hosting
Marketing-Platform,gcf-0b09565,GCP,2026-07,0.0,0.0,2250249,32.45,Cloud Functions,Scheduled tasks
Partner-Integration,sqs-080f764,AWS,2026-07,0.0,0.0,478687,0.24,SQS,Dead letter queue
Edge-Network,lam-0f3f242,AWS,2026-07,0.0,0.0,22909391,164.64,Lambda,Data transformer
Customer-Portal,blob-09e3556,AZURE,2026-07,0.0,2888.4,7324505,462.26,Blob Storage,Media content
Compliance-Audit,rs-115c829,AWS,2026-07,0.0,0.0,5306994,265.12,Redshift,Spectrum queries
Edge-Network,vai-0cfa846,GCP,2026-07,710.7,0.0,7961853,1605.65,Vertex AI,Model serving endpoints
Customer-Portal,vpn-10ed434,AWS,2026-07,1083.8,0.0,0,265.85,VPN Gateway,Client VPN endpoint
DR-Recovery,appi-0b58118,AZURE,2026-07,0.0,0.0,18108611,232.32,Application Insights,Custom metrics
Compliance-Audit,ses-1003965,AWS,2026-07,0.0,0.0,1710763,2.16,SES,Transactional email
Marketing-Platform,gke-10ee847,GCP,2026-07,4689.5,0.0,0,9016.89,GKE,GPU node pool
Mobile-Backend,vm-0433725,AZURE,2026-07,893.0,0.0,0,1265.98,Virtual Machines,F4s v2 compute node
Shared-Services,cosmos-05aa586,AZURE,2026-07,698.4,99.0,24569476,897.56,Cosmos DB,Event store
Internal-Tools,rds-0bea427,AWS,2026-07,1078.0,1422.8,0,4609.96,RDS,db.r5.2xlarge Aurora cluster
ML-Training,r53-0370851,AWS,2026-07,0.0,0.0,52271996,79.38,Route 53,DNS hosting
Mobile-Backend,acr-0d36117,AZURE,2026-07,0.0,246.9,494836,164.45,Container Registry,Docker image registry
Finance-Systems,blob-1130845,AZURE,2026-07,0.0,10495.4,104333,317.76,Blob Storage,Backup storage
DR-Recovery,cosmos-02ee235,AZURE,2026-07,894.0,248.5,51495549,2033.40,Cosmos DB,User data store
Customer-Portal,acr-0939368,AZURE,2026-07,0.0,255.5,498650,165.78,Container Registry,Docker image registry
ML-Training,i-08d8148,AWS,2026-07,689.0,0.0,0,2347.52,EC2,r5.2xlarge database server
Shared-Services,sb-07c5344,AZURE,2026-07,575.8,0.0,7931239,430.67,Service Bus,Premium messaging
Production-Main,app-08b7973,AZURE,2026-07,569.3,0.0,0,677.09,App Service,API app P2v3
Mobile-Backend,azmon-0d40534,AZURE,2026-07,0.0,298.3,38967930,417.64,Azure Monitor,Logs and metrics
Analytics-Platform,eh-0d75846,AZURE,2026-07,659.6,0.0,28580163,314.93,Event Hubs,Standard throughput units
Production-Secondary,kv-0ae0339,AZURE,2026-07,0.0,0.0,2341167,7.24,Key Vault,Secrets management
Data-Science,bq-011d724,GCP,2026-07,0.0,1951.4,0,787.83,BigQuery,BI reporting views
Analytics-Platform,vai-108c424,GCP,2026-07,239.2,0.0,0,1237.13,Vertex AI,AutoML jobs
DevOps-Central,ddb-00cf819,AWS,2026-07,940.7,12.5,6535895,113.86,DynamoDB,Config store table
DevOps-Central,cosmos-00ed713,AZURE,2026-07,734.6,104.9,25806621,992.58,Cosmos DB,Event store
ML-Training,ec-0ee1247,AWS,2026-07,909.9,0.0,0,678.81,ElastiCache,Redis production cluster
Customer-Portal,blob-0c5b230,AZURE,2026-07,0.0,5197.1,0,517.01,Blob Storage,Security audit logs
Edge-Network,sns-103a136,AWS,2026-07,0.0,0.0,15124128,7.57,SNS,Alert notifications
Mobile-Backend,sb-0ad6340,AZURE,2026-07,0.0,0.0,16225291,40.67,Service Bus,Standard messaging
Edge-Network,sns-1116196,AWS,2026-07,0.0,0.0,12580291,6.15,SNS,Alert notifications
Compliance-Audit,sm-113a398,AWS,2026-07,0.0,0.0,1375611,5.58,Secrets Manager,Application secrets
Production-Secondary,aks-0bff445,AZURE,2026-07,1596.7,0.0,0,2307.58,AKS,Staging K8s cluster
Production-Main,i-0e83752,AWS,2026-07,618.3,0.0,0,2232.23,EC2,m5.2xlarge batch processor
IoT-Platform,csp-0ba0507,GCP,2026-07,1099.4,154.5,76340791,6528.72,Cloud Spanner,Global transaction DB
Shared-Services,r53-0b86525,AWS,2026-07,0.0,0.0,76848303,118.58,Route 53,DNS hosting
Internal-Tools,elb-02b8525,AWS,2026-07,589.3,0.0,25485343,183.58,ELB,Application load balancer
Shared-Services,func-01c9726,AZURE,2026-07,0.0,0.0,10830730,163.55,Azure Functions,Event processors
Security-Ops,ca-0176613,GCP,2026-07,0.0,0.0,120556335,441.48,Cloud Armor,WAF policies
Customer-Portal,app-026b326,AZURE,2026-07,819.1,0.0,0,1052.25,App Service,API app P2v3
Production-Secondary,appi-0059233,AZURE,2026-07,0.0,0.0,50752158,613.61,Application Insights,APM telemetry
Staging-Env,gke-0c35243,GCP,2026-07,764.0,0.0,0,2240.49,GKE,Production API cluster
QA-Testing,ses-062e201,AWS,2026-07,0.0,0.0,2856916,3.43,SES,Transactional email
Marketing-Platform,mem-0fe3237,GCP,2026-07,610.1,0.0,0,442.06,Memorystore,Redis production cache
Data-Science,gcf-08ad127,GCP,2026-07,0.0,0.0,11199750,163.04,Cloud Functions,Auth handlers
Mobile-Backend,vm-0cf4927,AZURE,2026-07,994.2,0.0,0,2451.96,Virtual Machines,D8s v3 application server
Finance-Systems,gcf-08be587,GCP,2026-07,0.0,0.0,15699568,245.89,Cloud Functions,Data triggers
Edge-Network,i-0634118,AWS,2026-07,825.6,0.0,0,2919.99,EC2,r5.2xlarge database server
Edge-Network,s3-0319797,AWS,2026-07,0.0,13491.3,139128,310.28,S3,Backup storage bucket
Production-Main,lam-000b396,AWS,2026-07,0.0,0.0,18384235,130.97,Lambda,Event processor
Marketing-Platform,cmon-01fe252,GCP,2026-07,0.0,0.0,34744991,280.52,Cloud Monitoring,Metrics and alerting
Edge-Network,csql-10c6860,GCP,2026-07,717.6,198.8,0,883.04,Cloud SQL,PostgreSQL replica
Partner-Integration,elb-03db380,AWS,2026-07,553.4,0.0,22881261,160.76,ELB,Application load balancer
Shared-Services,r53-0197483,AWS,2026-07,0.0,0.0,74117986,113.05,Route 53,DNS hosting
Mobile-Backend,vm-0b72180,AZURE,2026-07,813.5,0.0,0,492.06,Virtual Machines,D2s v3 utility server
Edge-Network,s3-06b2129,AWS,2026-07,0.0,69.0,34639808,226.54,S3,Static website hosting
Data-Science,i-013d711,AWS,2026-07,729.7,0.0,0,632.08,EC2,m5.large monitoring server
Partner-Integration,elb-0f4c997,AWS,2026-07,695.3,0.0,9868991,143.18,ELB,Classic load balancer
DevOps-Central,vm-00e0218,AZURE,2026-07,686.5,0.0,0,1667.98,Virtual Machines,D8s v3 application server
ML-Training,i-0369482,AWS,2026-07,1070.4,0.0,0,469.30,EC2,t3.medium API server
Customer-Portal,app-0f24784,AZURE,2026-07,725.7,0.0,0,899.14,App Service,API app P2v3
Partner-Integration,ddb-04cf704,AWS,2026-07,584.9,41.8,67220874,461.85,DynamoDB,Session store table
Compliance-Audit,i-0812373,AWS,2026-07,688.1,0.0,0,2278.57,EC2,r5.2xlarge database server
Marketing-Platform,r53-0aa1477,AWS,2026-07,0.0,0.0,55406671,83.25,Route 53,DNS hosting
Production-Main,blob-095d284,AZURE,2026-07,0.0,2819.8,7272051,355.08,Blob Storage,Build artifacts
Customer-Portal,cosmos-06d4992,AZURE,2026-07,833.8,57.4,17242653,553.66,Cosmos DB,Config store
DevOps-Central,app-0c88463,AZURE,2026-07,989.8,0.0,0,151.35,App Service,Web app B1
Internal-Tools,lam-0eb4918,AWS,2026-07,0.0,0.0,24225299,174.67,Lambda,Data transformer
Edge-Network,gke-0737724,GCP,2026-07,687.6,0.0,0,2123.60,GKE,Production API cluster
Security-Ops,bq-0164326,GCP,2026-07,0.0,1988.8,0,769.57,BigQuery,Data export queries
QA-Testing,sm-03ed358,AWS,2026-07,0.0,0.0,835474,3.42,Secrets Manager,Application secrets
Edge-Network,gke-0422340,GCP,2026-07,806.9,0.0,0,2428.49,GKE,Production API cluster
Edge-Network,gke-09da268,GCP,2026-07,1014.4,0.0,0,3095.94,GKE,Production API cluster
Shared-Services,clog-10eb198,GCP,2026-07,0.0,263.8,0,69.24,Cloud Logging,Audit logs
Finance-Systems,vpn-0c5e853,AWS,2026-07,972.4,0.0,0,251.83,VPN Gateway,Client VPN endpoint
Marketing-Platform,mem-0206894,GCP,2026-07,472.7,0.0,0,338.11,Memorystore,Redis staging cache
Edge-Network,ecs-083f327,AWS,2026-07,315.9,0.0,0,558.48,ECS,Fargate worker cluster
Finance-Systems,app-0778754,AZURE,2026-07,1206.0,0.0,0,184.32,App Service,Web app B1
Shared-Services,gcs-0cc2493,GCP,2026-07,0.0,3424.9,3331098,242.10,Cloud Storage,Media assets bucket
Security-Ops,cdns-0449810,GCP,2026-07,0.0,0.0,26638144,39.62,Cloud DNS,DNS zones
Staging-Env,gke-0f11337,GCP,2026-07,3301.9,0.0,0,6472.62,GKE,ML training cluster
Production-Secondary,blob-07ab764,AZURE,2026-07,0.0,2369.3,6440723,300.87,Blob Storage,Build artifacts
IoT-Platform,cr-0e01602,GCP,2026-07,437.4,0.0,1858956,587.78,Cloud Run,ETL pipeline service
Finance-Systems,blob-0e03178,AZURE,2026-07,0.0,2587.1,6598359,430.30,Blob Storage,Media content
Finance-Systems,cr-0232515,GCP,2026-07,349.4,0.0,2984743,309.34,Cloud Run,Webhook handler
Customer-Portal,gcs-0a82442,GCP,2026-07,0.0,22734.2,56816,231.55,Cloud Storage,Archive bucket
Compliance-Audit,kin-0cdf374,AWS,2026-07,695.6,0.0,28554888,415.86,Kinesis,Data stream ingestion
Customer-Portal,cosmos-0404793,AZURE,2026-07,805.8,55.7,16159649,534.35,Cosmos DB,Config store
Customer-Portal,fd-0908832,AZURE,2026-07,0.0,0.0,68249099,522.93,Front Door,Global load balancer
Compliance-Audit,s3-038e331,AWS,2026-07,0.0,11171.4,111201,256.19,S3,Backup storage bucket
Finance-Systems,gcs-040c806,GCP,2026-07,0.0,487.5,7762226,90.38,Cloud Storage,Temp processing bucket
Customer-Portal,ses-09ba980,AWS,2026-07,0.0,0.0,2346376,2.78,SES,Transactional email
Data-Science,i-063f419,AWS,2026-07,379.9,0.0,0,1123.88,EC2,c5.2xlarge HPC node
Shared-Services,sb-0bf8929,AZURE,2026-07,569.8,0.0,7939672,445.89,Service Bus,Premium messaging
Compliance-Audit,i-0d76887,AWS,2026-07,715.2,0.0,0,613.70,EC2,m5.large monitoring server
Shared-Services,ado-0997765,AZURE,2026-07,541.9,0.0,0,267.02,Azure DevOps,Pipelines hosted
Production-Secondary,csql-10b0577,GCP,2026-07,577.0,161.7,0,926.10,Cloud SQL,PostgreSQL primary
Marketing-Platform,rs-0578755,AWS,2026-07,686.5,1846.3,0,3294.88,Redshift,Data warehouse cluster
Production-Main,i-07b0216,AWS,2026-07,432.4,0.0,0,1250.26,EC2,c5.2xlarge HPC node
Analytics-Platform,kv-00c2112,AZURE,2026-07,0.0,0.0,1631693,4.89,Key Vault,Secrets management
Mobile-Backend,vm-0348464,AZURE,2026-07,668.2,0.0,0,2471.39,Virtual Machines,E8s v3 memory-optimized
ML-Training,lam-04e8479,AWS,2026-07,0.0,0.0,11994251,81.98,Lambda,Notification dispatcher
Shared-Services,vm-01bb143,AZURE,2026-07,711.9,0.0,0,222.15,Virtual Machines,B2s development VM
Compliance-Audit,i-039c168,AWS,2026-07,1042.5,0.0,0,77.37,EC2,t3.micro bastion host
DevOps-Central,appi-06d6774,AZURE,2026-07,0.0,0.0,15981370,201.33,Application Insights,Custom metrics
Internal-Tools,aks-05a1845,AZURE,2026-07,243.6,0.0,0,374.00,AKS,Dev K8s cluster
Security-Ops,sqs-0889881,AWS,2026-07,0.0,0.0,47563350,23.27,SQS,Event notification queue
Compliance-Audit,i-0954606,AWS,2026-07,884.0,0.0,0,763.85,EC2,m5.large monitoring server
Partner-Integration,cf-0ccc998,AWS,2026-07,0.0,0.0,42375362,208.91,CloudFront,CDN API distribution
Internal-Tools,aks-0295462,AZURE,2026-07,283.3,0.0,0,410.39,AKS,Dev K8s cluster
Production-Main,mem-0046643,GCP,2026-07,503.5,0.0,0,365.66,Memorystore,Redis staging cache
Internal-Tools,ebs-0fd8235,AWS,2026-07,0.0,5944.6,0,265.18,EBS,st1 volumes archive
Data-Science,gke-04d4364,GCP,2026-07,3545.1,0.0,0,6846.16,GKE,GPU node pool
Marketing-Platform,s3-01ee984,AWS,2026-07,0.0,14972.5,147932,331.56,S3,Backup storage bucket
Security-Ops,sqs-0cc7659,AWS,2026-07,0.0,0.0,62373331,30.80,SQS,Order processing queue
Internal-Tools,ebs-05fe716,AWS,2026-07,0.0,1463.7,0,189.86,EBS,gp3 volumes production
Marketing-Platform,gke-0dd4328,GCP,2026-07,2211.3,0.0,0,4496.83,GKE,ML training cluster
Production-Secondary,blob-0e56225,AZURE,2026-07,0.0,14382.2,36505,114.31,Blob Storage,Archive tier
Marketing-Platform,rds-0f32152,AWS,2026-07,990.8,668.8,0,2462.05,RDS,db.r5.xlarge PostgreSQL primary
Security-Ops,ps-0760142,GCP,2026-07,0.0,0.0,32744513,415.45,Pub/Sub,Event streaming
Staging-Env,gke-0ace497,GCP,2026-07,2888.1,0.0,0,5808.89,GKE,ML training cluster
Internal-Tools,lam-05b9579,AWS,2026-07,0.0,0.0,24638706,179.75,Lambda,Data transformer
Customer-Portal,func-1175826,AZURE,2026-07,0.0,0.0,3094036,45.57,Azure Functions,Webhook processor
Edge-Network,s3-05cb638,AWS,2026-07,0.0,68.2,33218120,220.40,S3,Static website hosting
Marketing-Platform,cr-01f6471,GCP,2026-07,820.5,0.0,17093301,1232.87,Cloud Run,API gateway service
Analytics-Platform,bq-00a9545,GCP,2026-07,0.0,10733.3,0,4435.31,BigQuery,Analytics data warehouse
Analytics-Platform,mem-00bc838,GCP,2026-07,669.3,0.0,0,476.81,Memorystore,Redis production cache
Marketing-Platform,vai-083e756,GCP,2026-07,418.8,0.0,0,2102.89,Vertex AI,Training pipelines
Marketing-Platform,gcf-0204526,GCP,2026-07,0.0,0.0,6787538,97.59,Cloud Functions,Auth handlers
Partner-Integration,s3-03cc842,AWS,2026-07,0.0,1279.1,2559179,114.70,S3,Artifact storage
Analytics-Platform,cmon-00b1971,GCP,2026-07,0.0,0.0,23460846,188.70,Cloud Monitoring,Metrics and alerting
DevOps-Central,kv-073f461,AZURE,2026-07,0.0,0.0,350724,1.06,Key Vault,Certificate store
DevOps-Central,sentinel-0612533,AZURE,2026-07,0.0,0.0,123299637,3110.97,Microsoft Sentinel,SIEM detection
Compliance-Audit,s3-0d91108,AWS,2026-07,0.0,952.7,1871900,85.39,S3,Artifact storage
Production-Secondary,acr-0964375,AZURE,2026-07,0.0,260.9,521713,177.16,Container Registry,Docker image registry
Data-Science,i-09a3137,AWS,2026-07,679.1,0.0,0,1176.87,EC2,r5.xlarge cache server
Production-Main,aks-0a3c748,AZURE,2026-07,1181.1,0.0,0,1789.30,AKS,Staging K8s cluster
Internal-Tools,s3-0d9a450,AWS,2026-07,0.0,6377.8,67061,148.32,S3,Backup storage bucket
Partner-Integration,mem-0f6b597,GCP,2026-07,290.4,0.0,0,202.63,Memorystore,Redis staging cache
Security-Ops,cdns-0b9e686,GCP,2026-07,0.0,0.0,22680220,33.83,Cloud DNS,DNS zones
Internal-Tools,cr-0d98506,GCP,2026-07,357.1,0.0,1454432,298.18,Cloud Run,Image processor
Finance-Systems,vm-04f6533,AZURE,2026-07,863.9,0.0,0,2180.56,Virtual Machines,D8s v3 application server
Finance-Systems,aks-04b2652,AZURE,2026-07,1382.2,0.0,0,2091.17,AKS,Staging K8s cluster
Marketing-Platform,ddb-0582661,AWS,2026-07,686.7,49.0,78387902,538.96,DynamoDB,Session store table
IoT-Platform,mem-0361916,GCP,2026-07,864.2,0.0,0,611.19,Memorystore,Redis production cache
Security-Ops,ecs-0f12611,AWS,2026-07,191.9,0.0,0,358.93,ECS,Fargate batch cluster
DevOps-Central,vm-0f6a520,AZURE,2026-07,1001.5,0.0,0,608.72,Virtual Machines,D2s v3 utility server
DevOps-Central,blob-044f248,AZURE,2026-07,0.0,9893.7,3770890,540.04,Blob Storage,Data lake storage
Finance-Systems,cr-0605192,GCP,2026-07,703.9,0.0,2896296,904.37,Cloud Run,ETL pipeline service
Edge-Network,ebs-0311888,AWS,2026-07,0.0,7190.9,0,330.74,EBS,st1 volumes archive
Production-Secondary,ec-0cec280,AWS,2026-07,1114.6,0.0,0,412.56,ElastiCache,Redis staging cluster
Production-Secondary,i-06e3233,AWS,2026-07,1118.8,0.0,0,950.93,EC2,t3.large application server
Partner-Integration,rds-03c9787,AWS,2026-07,951.2,663.1,0,1908.92,RDS,db.r5.large PostgreSQL replica
Staging-Env,gke-0ed9571,GCP,2026-07,855.8,0.0,0,2590.16,GKE,Production API cluster
Finance-Systems,blob-020b988,AZURE,2026-07,0.0,2528.9,6136646,407.89,Blob Storage,Media content
QA-Testing,ses-07c3229,AWS,2026-07,0.0,0.0,2791352,3.41,SES,Transactional email
Finance-Systems,rs-07f1538,AWS,2026-07,615.9,1742.8,0,3074.85,Redshift,Data warehouse cluster
Staging-Env,gke-08b2777,GCP,2026-07,624.0,0.0,0,1866.88,GKE,Production API cluster
DevOps-Central,appi-0fc8335,AZURE,2026-07,0.0,0.0,76784671,975.33,Application Insights,APM telemetry
Production-Main,ado-0040969,AZURE,2026-07,707.6,0.0,0,345.90,Azure DevOps,Pipelines hosted
Internal-Tools,elb-0d39987,AWS,2026-07,1297.3,0.0,17559553,264.76,ELB,Classic load balancer
Customer-Portal,kv-1009619,AZURE,2026-07,0.0,0.0,423106,1.28,Key Vault,Certificate store
Production-Secondary,redis-0b3e355,AZURE,2026-07,1070.7,0.0,0,1296.84,Azure Cache for Redis,Premium P1 cache
Security-Ops,ecs-09ff179,AWS,2026-07,146.1,0.0,0,274.91,ECS,Fargate batch cluster
Shared-Services,fd-0ad2606,AZURE,2026-07,0.0,0.0,61985580,443.03,Front Door,Global load balancer
ML-Training,i-0b7f363,AWS,2026-07,702.4,0.0,0,2446.76,EC2,r5.2xlarge database server
Partner-Integration,ddb-03d3612,AWS,2026-07,1043.4,142.0,217759154,1578.38,DynamoDB,Cache table
Internal-Tools,gcf-0e8d178,GCP,2026-07,0.0,0.0,12078216,184.14,Cloud Functions,Data triggers
Customer-Portal,cosmos-04b7344,AZURE,2026-07,680.7,47.7,14088928,444.26,Cosmos DB,Config store
Data-Science,i-0fdf856,AWS,2026-07,439.2,0.0,0,1531.80,EC2,m5.2xlarge batch processor
Production-Main,ebs-0c33147,AWS,2026-07,0.0,596.1,0,379.18,EBS,io2 volumes database
Partner-Integration,elb-1189487,AWS,2026-07,598.7,0.0,8530317,123.85,ELB,Classic load balancer
Shared-Services,gcs-01aa874,GCP,2026-07,0.0,24339.4,58319,235.40,Cloud Storage,Archive bucket
Edge-Network,bq-02ff101,GCP,2026-07,0.0,6421.3,0,2598.24,BigQuery,Log analytics
Edge-Network,s3-031a417,AWS,2026-07,0.0,1251.1,2455092,110.06,S3,Artifact storage
Internal-Tools,s3-02be827,AWS,2026-07,0.0,8041.5,79934,176.94,S3,Backup storage bucket
Customer-Portal,sb-0266467,AZURE,2026-07,813.7,0.0,11217541,635.01,Service Bus,Premium messaging
Edge-Network,vai-089b961,GCP,2026-07,790.4,0.0,8716405,1669.26,Vertex AI,Model serving endpoints
Analytics-Platform,gcs-0c9b859,GCP,2026-07,0.0,3040.9,2984488,214.88,Cloud Storage,Media assets bucket
Production-Main,s3-0015422,AWS,2026-07,0.0,11121.6,689772,275.38,S3,Log archive bucket
Compliance-Audit,rs-0f61772,AWS,2026-07,0.0,0.0,6011439,311.58,Redshift,Spectrum queries
IoT-Platform,gke-0e04484,GCP,2026-07,3468.5,0.0,0,7038.25,GKE,GPU node pool
Internal-Tools,gcs-02dc330,GCP,2026-07,0.0,377.7,6140048,70.02,Cloud Storage,Temp processing bucket
Shared-Services,vm-0dc1116,AZURE,2026-07,705.5,0.0,0,1291.62,Virtual Machines,E4s v3 SIEM collector
IoT-Platform,df-0360346,GCP,2026-07,666.8,0.0,0,1652.09,Dataflow,Streaming pipeline
Staging-Env,vai-00f3704,GCP,2026-07,200.9,0.0,0,1006.74,Vertex AI,AutoML jobs
Production-Main,s3-079b598,AWS,2026-07,0.0,10963.8,682706,267.93,S3,Log archive bucket
Marketing-Platform,gke-0edf790,GCP,2026-07,2835.6,0.0,0,5491.88,GKE,ML training cluster
Marketing-Platform,df-0207274,GCP,2026-07,838.6,0.0,0,2107.49,Dataflow,Streaming pipeline
Production-Secondary,df-0089960,GCP,2026-07,482.0,0.0,0,1178.50,Dataflow,Batch pipeline
Production-Secondary,app-0bbf989,AZURE,2026-07,759.2,0.0,0,116.50,App Service,Web app B1
Finance-Systems,sentinel-0f92956,AZURE,2026-07,0.0,0.0,129895134,3190.18,Microsoft Sentinel,SIEM detection
Production-Main,sentinel-0d04759,AZURE,2026-07,0.0,0.0,54407754,1359.49,Microsoft Sentinel,Log analytics
Analytics-Platform,clog-069f805,GCP,2026-07,0.0,187.7,0,47.12,Cloud Logging,Audit logs
Customer-Portal,func-100b422,AZURE,2026-07,0.0,0.0,3349575,50.47,Azure Functions,Webhook processor
Analytics-Platform,eh-0f6c240,AZURE,2026-07,0.0,346.2,0,85.45,Event Hubs,Capture to storage
ML-Training,ebs-103e746,AWS,2026-07,0.0,685.8,0,423.25,EBS,io2 volumes database
Data-Science,mem-0d3b973,GCP,2026-07,340.2,0.0,0,245.18,Memorystore,Redis staging cache
Production-Main,aks-0c17786,AZURE,2026-07,735.9,0.0,0,3286.36,AKS,Production K8s cluster
Production-Main,aks-0021897,AZURE,2026-07,611.6,0.0,0,2825.42,AKS,Production K8s cluster
Production-Main,blob-0030160,AZURE,2026-07,0.0,25729.5,64023,200.27,Blob Storage,Archive tier
Marketing-Platform,gke-0961704,GCP,2026-07,4117.9,0.0,0,8148.16,GKE,GPU node pool
QA-Testing,lam-0684112,AWS,2026-07,0.0,0.0,4666240,32.45,Lambda,Image resizer
Internal-Tools,blob-0d60166,AZURE,2026-07,0.0,12171.3,117983,355.70,Blob Storage,Backup storage
Analytics-Platform,eh-00c5982,AZURE,2026-07,690.9,0.0,27372174,310.87,Event Hubs,Standard throughput units
Analytics-Platform,kv-051b219,AZURE,2026-07,0.0,0.0,1727714,5.17,Key Vault,Secrets management
Partner-Integration,vai-09ae701,GCP,2026-07,681.4,0.0,0,3327.33,Vertex AI,Training pipelines
Shared-Services,gcs-01ac446,GCP,2026-07,0.0,2028.0,1003966,305.52,Cloud Storage,Model artifacts
Mobile-Backend,azmon-08f3239,AZURE,2026-07,0.0,312.8,41754448,443.10,Azure Monitor,Logs and metrics
Shared-Services,func-0949366,AZURE,2026-07,0.0,0.0,9114519,137.85,Azure Functions,Event processors
Production-Main,cf-0ad5324,AWS,2026-07,0.0,0.0,37184346,179.25,CloudFront,CDN API distribution
Finance-Systems,rds-1083102,AWS,2026-07,795.9,876.4,0,1887.65,RDS,db.m5.xlarge analytics DB
Marketing-Platform,ca-01ef502,GCP,2026-07,0.0,0.0,74965250,294.40,Cloud Armor,WAF policies
Partner-Integration,azmon-0fe9839,AZURE,2026-07,0.0,240.5,32954237,349.73,Azure Monitor,Logs and metrics
Security-Ops,s3-0d22917,AWS,2026-07,0.0,20862.8,4153948,718.74,S3,Data lake raw zone
QA-Testing,elb-0ecf520,AWS,2026-07,885.1,0.0,37184837,267.83,ELB,Application load balancer
Marketing-Platform,rs-1104859,AWS,2026-07,0.0,0.0,7423773,364.36,Redshift,Spectrum queries
Data-Science,ps-0f30230,GCP,2026-07,0.0,0.0,32803122,421.26,Pub/Sub,Log forwarding
Data-Science,fs-0127555,GCP,2026-07,641.0,18.4,46671781,476.68,Firestore,Session store
DevOps-Central,ec-03f6896,AWS,2026-07,910.0,0.0,0,656.35,ElastiCache,Redis production cluster
DevOps-Central,vm-00dc778,AZURE,2026-07,798.6,0.0,0,1462.97,Virtual Machines,E4s v3 SIEM collector
Production-Main,sentinel-10d5584,AZURE,2026-07,0.0,0.0,89047499,2221.33,Microsoft Sentinel,SIEM detection
Production-Secondary,sqs-08b9775,AWS,2026-07,0.0,0.0,25316071,12.10,SQS,Event notification queue
Production-Secondary,elb-0fae581,AWS,2026-07,644.1,0.0,43771708,278.07,ELB,Network load balancer
Customer-Portal,vm-0db6424,AZURE,2026-07,597.2,0.0,0,1037.88,Virtual Machines,E4s v3 SIEM collector
Analytics-Platform,eh-0929123,AZURE,2026-07,518.5,0.0,22136823,243.38,Event Hubs,Standard throughput units
Security-Ops,ecs-0f2a294,AWS,2026-07,180.5,0.0,0,346.37,ECS,Fargate batch cluster
Partner-Integration,sm-0b57782,AWS,2026-07,0.0,0.0,1479467,6.15,Secrets Manager,Application secrets
Edge-Network,gcs-0cd2232,GCP,2026-07,0.0,19262.9,6408529,597.79,Cloud Storage,Data lake bucket
Shared-Services,sb-0606905,AZURE,2026-07,676.6,0.0,8961026,501.27,Service Bus,Premium messaging
IoT-Platform,cr-0729907,GCP,2026-07,499.2,0.0,2092866,654.62,Cloud Run,ETL pipeline service
Partner-Integration,azmon-058d378,AZURE,2026-07,0.0,302.1,39285784,429.71,Azure Monitor,Logs and metrics
Compliance-Audit,rds-0a00512,AWS,2026-07,1205.8,326.4,0,1066.36,RDS,db.t3.large development DB
Marketing-Platform,i-0880144,AWS,2026-07,715.5,0.0,0,2078.82,EC2,c5.2xlarge HPC node
Production-Main,blob-0b36257,AZURE,2026-07,0.0,3211.6,8442425,418.05,Blob Storage,Build artifacts
Internal-Tools,gcf-096c889,GCP,2026-07,0.0,0.0,2261618,33.52,Cloud Functions,Scheduled tasks
Internal-Tools,ps-0c20760,GCP,2026-07,0.0,0.0,52034791,624.88,Pub/Sub,Log forwarding
Customer-Portal,ps-0eaa382,GCP,2026-07,0.0,0.0,43216751,542.55,Pub/Sub,Log forwarding
Internal-Tools,s3-0d4d615,AWS,2026-07,0.0,43.0,21845794,137.46,S3,Static website hosting
Customer-Portal,i-09ed915,AWS,2026-07,715.4,0.0,0,623.38,EC2,t3.large application server
Partner-Integration,sb-0e5f113,AZURE,2026-07,676.8,0.0,8971721,496.59,Service Bus,Premium messaging
Customer-Portal,cosmos-0a9e872,AZURE,2026-07,1033.2,73.6,22632223,703.39,Cosmos DB,Config store
Mobile-Backend,vm-0343411,AZURE,2026-07,955.2,0.0,0,2423.59,Virtual Machines,D8s v3 application server
Finance-Systems,vpn-0b15944,AWS,2026-07,1008.1,0.0,0,253.72,VPN Gateway,Client VPN endpoint
Internal-Tools,vpn-02cf704,AWS,2026-07,1021.7,0.0,0,527.03,VPN Gateway,Site-to-site VPN
Marketing-Platform,vai-049d843,GCP,2026-07,552.2,0.0,0,2723.34,Vertex AI,Training pipelines
Shared-Services,app-01c0794,AZURE,2026-07,976.1,0.0,0,619.16,App Service,Web app P1v3
Edge-Network,i-0324608,AWS,2026-07,892.7,0.0,0,1520.40,EC2,r5.xlarge cache server
IoT-Platform,cr-0d2c716,GCP,2026-07,541.8,0.0,2162971,701.27,Cloud Run,ETL pipeline service
Finance-Systems,app-0541727,AZURE,2026-07,984.0,0.0,0,1250.18,App Service,API app P2v3
Customer-Portal,vai-0ee8223,GCP,2026-07,226.9,0.0,0,1123.46,Vertex AI,AutoML jobs
Internal-Tools,blob-0fa5145,AZURE,2026-07,0.0,3447.2,9418705,461.69,Blob Storage,Build artifacts
Internal-Tools,ebs-077e364,AWS,2026-07,0.0,529.7,0,340.56,EBS,io2 volumes database
Partner-Integration,sqldb-0be5862,AZURE,2026-07,1260.8,447.9,0,2167.29,SQL Database,Standard S3 production
Edge-Network,ps-02fc480,GCP,2026-07,0.0,0.0,24015598,298.26,Pub/Sub,Event streaming
Compliance-Audit,s3-0660837,AWS,2026-07,0.0,16131.5,3244183,570.33,S3,Data lake raw zone
IoT-Platform,csql-06b1505,GCP,2026-07,906.3,257.2,0,1456.22,Cloud SQL,PostgreSQL primary
Security-Ops,vai-05da671,GCP,2026-07,264.1,0.0,0,1371.23,Vertex AI,AutoML jobs
Data-Science,rds-0535688,AWS,2026-07,885.5,612.6,0,2309.81,RDS,db.r5.xlarge PostgreSQL primary
Marketing-Platform,nat-01de756,AWS,2026-07,586.4,0.0,0,133.87,NAT Gateway,Staging VPC NAT
DR-Recovery,eh-09d6470,AZURE,2026-07,0.0,545.0,0,135.92,Event Hubs,Capture to storage
DevOps-Central,redis-055b854,AZURE,2026-07,918.3,0.0,0,1140.17,Azure Cache for Redis,Premium P1 cache
Production-Main,vm-0d79829,AZURE,2026-07,451.6,0.0,0,4011.49,Virtual Machines,NC6s v3 GPU VM
Internal-Tools,cosmos-02a2437,AZURE,2026-07,976.1,132.8,33877508,1237.19,Cosmos DB,Event store
Production-Main,aks-107b512,AZURE,2026-07,1409.8,0.0,0,2224.49,AKS,Staging K8s cluster
Production-Main,i-0010646,AWS,2026-07,885.4,0.0,0,783.21,EC2,m5.large monitoring server
Staging-Env,vai-10e1569,GCP,2026-07,583.4,0.0,0,2928.44,Vertex AI,Training pipelines
Marketing-Platform,sqs-0be6230,AWS,2026-07,0.0,0.0,583430,0.29,SQS,Dead letter queue
Data-Science,csp-0805807,GCP,2026-07,589.3,84.6,40510311,3577.38,Cloud Spanner,Global transaction DB
Production-Secondary,sqldb-118a991,AZURE,2026-07,509.4,176.5,0,887.44,SQL Database,Standard S3 production
Staging-Env,bq-109e582,GCP,2026-07,0.0,6633.1,0,2741.54,BigQuery,Log analytics
Data-Science,gke-0cd6991,GCP,2026-07,3297.2,0.0,0,6684.76,GKE,GPU node pool
Customer-Portal,azmon-0d29230,AZURE,2026-07,0.0,229.9,29714660,310.95,Azure Monitor,Logs and metrics
Mobile-Backend,azmon-0dc6635,AZURE,2026-07,0.0,297.0,39525597,417.97,Azure Monitor,Logs and metrics
Production-Secondary,sb-0d13494,AZURE,2026-07,901.9,0.0,12429662,662.08,Service Bus,Premium messaging
Production-Secondary,redis-0875552,AZURE,2026-07,814.9,0.0,0,1003.06,Azure Cache for Redis,Premium P1 cache
Partner-Integration,sqldb-0577751,AZURE,2026-07,952.2,338.7,0,1647.62,SQL Database,Standard S3 production
DR-Recovery,appi-0faf736,AZURE,2026-07,0.0,0.0,25025785,317.47,Application Insights,Custom metrics
DevOps-Central,ebs-0eed939,AWS,2026-07,0.0,594.1,0,356.48,EBS,io2 volumes database
Customer-Portal,cr-1095673,GCP,2026-07,542.2,0.0,2327517,730.82,Cloud Run,ETL pipeline service
Security-Ops,bq-0c67516,GCP,2026-07,0.0,2180.5,0,885.65,BigQuery,Data export queries
Marketing-Platform,rds-0f55476,AWS,2026-07,1119.3,763.9,0,2805.57,RDS,db.r5.xlarge PostgreSQL primary
Security-Ops,lam-0777578,AWS,2026-07,0.0,0.0,27342158,190.04,Lambda,Data transformer
Finance-Systems,cosmos-05bd564,AZURE,2026-07,570.3,155.6,32674636,1311.62,Cosmos DB,User data store
Staging-Env,cdns-0b0c213,GCP,2026-07,0.0,0.0,19210427,28.12,Cloud DNS,DNS zones
Internal-Tools,gke-10e2100,GCP,2026-07,637.2,0.0,0,1895.15,GKE,Production API cluster
Partner-Integration,ddb-040d764,AWS,2026-07,1080.0,150.6,227900647,1717.62,DynamoDB,Cache table
Finance-Systems,cosmos-0bc5468,AZURE,2026-07,439.8,127.7,24248934,1036.23,Cosmos DB,User data store
Production-Secondary,sqldb-0afe717,AZURE,2026-07,475.9,168.0,0,796.92,SQL Database,Standard S3 production
IoT-Platform,gke-0dce191,GCP,2026-07,800.0,0.0,0,2400.51,GKE,Production API cluster
Edge-Network,sns-0686722,AWS,2026-07,0.0,0.0,13789468,7.09,SNS,Alert notifications
Production-Secondary,sqldb-0d9f715,AZURE,2026-07,519.0,178.7,0,873.69,SQL Database,Standard S3 production
Partner-Integration,rs-092a741,AWS,2026-07,853.4,2398.9,0,4411.22,Redshift,Data warehouse cluster
DevOps-Central,blob-0a8f732,AZURE,2026-07,0.0,5098.1,0,519.04,Blob Storage,Security audit logs
DevOps-Central,sqldb-0d3e220,AZURE,2026-07,744.0,260.2,0,1215.56,SQL Database,Standard S3 production
Compliance-Audit,ses-077a783,AWS,2026-07,0.0,0.0,1784375,2.11,SES,Transactional email
Shared-Services,vm-05f4840,AZURE,2026-07,927.1,0.0,0,1155.22,Virtual Machines,D4s v3 CI runner
Edge-Network,gke-066d574,GCP,2026-07,874.8,0.0,0,2764.28,GKE,Production API cluster
Internal-Tools,lam-02c8433,AWS,2026-07,0.0,0.0,26383387,186.79,Lambda,Data transformer
Internal-Tools,mem-0e40840,GCP,2026-07,691.6,0.0,0,500.54,Memorystore,Redis production cache
Data-Science,gcf-058c752,GCP,2026-07,0.0,0.0,10715729,159.82,Cloud Functions,Auth handlers
ML-Training,ec-0a90713,AWS,2026-07,1113.4,0.0,0,793.75,ElastiCache,Redis production cluster
Customer-Portal,cosmos-0254162,AZURE,2026-07,701.0,96.4,24142833,909.92,Cosmos DB,Event store
Internal-Tools,gcf-05f0371,GCP,2026-07,0.0,0.0,10297768,160.74,Cloud Functions,Auth handlers
Internal-Tools,elb-0cc9306,AWS,2026-07,585.2,0.0,24396994,183.33,ELB,Application load balancer
Internal-Tools,appi-029f352,AZURE,2026-07,0.0,0.0,18338019,229.11,Application Insights,Custom metrics
Data-Science,i-078f171,AWS,2026-07,402.8,0.0,0,1194.52,EC2,c5.2xlarge HPC node
Security-Ops,bq-074c856,GCP,2026-07,0.0,9545.5,0,3845.64,BigQuery,Analytics data warehouse
Internal-Tools,s3-05e0714,AWS,2026-07,0.0,6795.4,67430,152.80,S3,Backup storage bucket
Edge-Network,kin-115a265,AWS,2026-07,593.5,0.0,16181816,241.84,Kinesis,Firehose delivery
Shared-Services,cosmos-05d3731,AZURE,2026-07,600.8,83.1,21570597,808.08,Cosmos DB,Event store
Edge-Network,ecs-0bcd990,AWS,2026-07,333.9,0.0,0,593.45,ECS,Fargate worker cluster
Edge-Network,s3-0c38314,AWS,2026-07,0.0,13774.2,137065,309.40,S3,Backup storage bucket
Partner-Integration,cdns-03b4991,GCP,2026-07,0.0,0.0,17521233,25.94,Cloud DNS,DNS zones
ML-Training,rds-0967983,AWS,2026-07,677.1,753.7,0,1599.97,RDS,db.m5.xlarge analytics DB
Partner-Integration,s3-06f7590,AWS,2026-07,0.0,9642.6,590977,243.57,S3,Log archive bucket
QA-Testing,elb-0846481,AWS,2026-07,848.3,0.0,36531513,258.15,ELB,Application load balancer
Internal-Tools,ps-0d1d253,GCP,2026-07,0.0,0.0,21899649,271.35,Pub/Sub,Data pipeline
Production-Secondary,ps-0d00639,GCP,2026-07,0.0,0.0,14826329,176.83,Pub/Sub,Data pipeline
Internal-Tools,gcs-085a603,GCP,2026-07,0.0,462.1,7441016,86.91,Cloud Storage,Temp processing bucket
Staging-Env,ps-0941340,GCP,2026-07,0.0,0.0,13411781,171.75,Pub/Sub,Data pipeline
Edge-Network,sns-0459907,AWS,2026-07,0.0,0.0,12865804,6.47,SNS,Alert notifications
Data-Science,i-08de409,AWS,2026-07,598.6,0.0,0,1067.52,EC2,r5.xlarge cache server
Shared-Services,vm-0446739,AZURE,2026-07,777.5,0.0,0,986.16,Virtual Machines,D4s v3 CI runner
Compliance-Audit,ec-10e5547,AWS,2026-07,766.4,0.0,0,574.16,ElastiCache,Redis production cluster
ML-Training,i-0b4c167,AWS,2026-07,959.2,0.0,0,1656.14,EC2,m5.xlarge web server
Security-Ops,sqs-0a52870,AWS,2026-07,0.0,0.0,45013698,22.57,SQS,Event notification queue
Data-Science,gcf-10cd207,GCP,2026-07,0.0,0.0,20957799,315.03,Cloud Functions,Pub/Sub processors
Partner-Integration,appi-097e230,AZURE,2026-07,0.0,0.0,75629828,959.78,Application Insights,APM telemetry
Analytics-Platform,csp-00b4295,GCP,2026-07,801.5,113.9,57935811,4867.35,Cloud Spanner,Global transaction DB
Production-Main,sentinel-0036541,AZURE,2026-07,0.0,0.0,84280330,2054.48,Microsoft Sentinel,SIEM detection
Internal-Tools,lam-02cc497,AWS,2026-07,0.0,0.0,3017589,21.23,Lambda,Webhook processor
Customer-Portal,eh-0699582,AZURE,2026-07,0.0,586.7,0,143.42,Event Hubs,Capture to storage
Staging-Env,gcf-0773719,GCP,2026-07,0.0,0.0,13445525,201.70,Cloud Functions,Data triggers
Customer-Portal,bq-0e8c121,GCP,2026-07,0.0,1117.2,0,437.11,BigQuery,Data export queries
Production-Main,r53-0d5a947,AWS,2026-07,0.0,0.0,16035359,23.95,Route 53,Health checks
Internal-Tools,s3-0e38705,AWS,2026-07,0.0,3899.6,2020041,150.73,S3,Analytics export bucket
Production-Secondary,fs-1006849,GCP,2026-07,1130.0,75.8,46590505,620.34,Firestore,User profiles DB
Production-Secondary,redis-0609368,AZURE,2026-07,973.4,0.0,0,1204.30,Azure Cache for Redis,Premium P1 cache
Production-Secondary,clog-0f4a330,GCP,2026-07,0.0,535.0,0,134.43,Cloud Logging,Application logs
Edge-Network,vpn-0a43272,AWS,2026-07,759.4,0.0,0,196.89,VPN Gateway,Client VPN endpoint
ML-Training,lam-0372889,AWS,2026-07,0.0,0.0,47350444,320.26,Lambda,API gateway handler
ML-Training,kin-0b4b498,AWS,2026-07,744.1,0.0,30755436,433.37,Kinesis,Data stream ingestion
Staging-Env,gcs-0103697,GCP,2026-07,0.0,2231.8,1098558,357.36,Cloud Storage,Model artifacts
Staging-Env,fs-07ac747,GCP,2026-07,557.7,15.0,38038293,395.09,Firestore,Session store
Production-Secondary,blob-005c665,AZURE,2026-07,0.0,8149.4,3002325,435.80,Blob Storage,Data lake storage
Finance-Systems,elb-0452249,AWS,2026-07,619.0,0.0,9027527,130.45,ELB,Classic load balancer
Security-Ops,sm-045e298,AWS,2026-07,0.0,0.0,1248093,4.88,Secrets Manager,Application secrets
Staging-Env,gcs-1174757,GCP,2026-07,0.0,17950.2,46469,185.89,Cloud Storage,Archive bucket
ML-Training,lam-0d73769,AWS,2026-07,0.0,0.0,12991087,88.98,Lambda,Notification dispatcher
Security-Ops,vm-0160506,AZURE,2026-07,749.3,0.0,0,2685.78,Virtual Machines,E8s v3 memory-optimized
Finance-Systems,csql-0f2e549,GCP,2026-07,815.2,223.2,0,947.64,Cloud SQL,PostgreSQL replica
Marketing-Platform,rs-0ba2171,AWS,2026-07,446.7,1293.0,0,2316.99,Redshift,Data warehouse cluster
Internal-Tools,lam-02cb754,AWS,2026-07,0.0,0.0,65743303,458.09,Lambda,Auth token validator
Marketing-Platform,clog-0b5d855,GCP,2026-07,0.0,555.6,0,139.00,Cloud Logging,Application logs
Internal-Tools,cr-0ca3732,GCP,2026-07,443.2,0.0,3806346,383.39,Cloud Run,Webhook handler
Partner-Integration,rds-0c9f949,AWS,2026-07,388.3,110.9,0,459.42,RDS,db.t3.medium MySQL staging
Internal-Tools,s3-0fe8428,AWS,2026-07,0.0,7041.3,437201,175.35,S3,Log archive bucket
Edge-Network,sns-074f285,AWS,2026-07,0.0,0.0,13260457,6.62,SNS,Alert notifications
Finance-Systems,cr-0f68426,GCP,2026-07,679.7,0.0,2918131,865.99,Cloud Run,ETL pipeline service
Security-Ops,lam-0f58332,AWS,2026-07,0.0,0.0,1386744,10.37,Lambda,Cron job runner
Security-Ops,df-04d5515,GCP,2026-07,413.5,0.0,0,1002.62,Dataflow,Batch pipeline
Marketing-Platform,i-01eb577,AWS,2026-07,694.8,0.0,0,612.65,EC2,t3.large application server
Production-Secondary,csp-008f517,GCP,2026-07,560.4,79.3,39722079,3490.23,Cloud Spanner,Global transaction DB
Finance-Systems,cr-04c2369,GCP,2026-07,669.4,0.0,2816837,868.04,Cloud Run,ETL pipeline service
Production-Secondary,blob-005b954,AZURE,2026-07,0.0,11753.5,116302,349.70,Blob Storage,Backup storage
Finance-Systems,gcs-1075162,GCP,2026-07,0.0,11416.5,3829217,352.46,Cloud Storage,Data lake bucket
Marketing-Platform,lam-1106899,AWS,2026-07,0.0,0.0,20096360,138.99,Lambda,Data transformer
Analytics-Platform,clog-0dc5460,GCP,2026-07,0.0,185.7,0,45.41,Cloud Logging,Audit logs
Analytics-Platform,aks-05f7197,AZURE,2026-07,1426.7,0.0,0,2115.25,AKS,Staging K8s cluster
IoT-Platform,fs-06c5998,GCP,2026-07,861.7,24.3,58822626,615.92,Firestore,Session store
Edge-Network,sns-030d402,AWS,2026-07,0.0,0.0,13097950,6.42,SNS,Alert notifications
Internal-Tools,ec-0ef0731,AWS,2026-07,660.9,0.0,0,467.26,ElastiCache,Redis production cluster
Customer-Portal,ps-08bf500,GCP,2026-07,0.0,0.0,49760686,645.23,Pub/Sub,Log forwarding
DevOps-Central,blob-00db441,AZURE,2026-07,0.0,10189.6,101776,310.80,Blob Storage,Backup storage
Security-Ops,r53-018e416,AWS,2026-07,0.0,0.0,11782577,17.05,Route 53,Health checks
Customer-Portal,blob-0ee9309,AZURE,2026-07,0.0,5034.0,0,484.16,Blob Storage,Security audit logs
Finance-Systems,blob-09be448,AZURE,2026-07,0.0,2137.0,5164724,348.13,Blob Storage,Media content
Shared-Services,rds-0c01640,AWS,2026-07,767.0,207.6,0,662.24,RDS,db.t3.large development DB
Customer-Portal,vpn-0ca0711,AWS,2026-07,1078.2,0.0,0,281.42,VPN Gateway,Client VPN endpoint
Production-Main,ebs-0000818,AWS,2026-07,0.0,639.8,0,409.60,EBS,io2 volumes database
Staging-Env,gke-0463966,GCP,2026-07,629.1,0.0,0,1856.57,GKE,Production API cluster
Production-Main,blob-002d702,AZURE,2026-07,0.0,2987.1,7813373,395.80,Blob Storage,Build artifacts
Compliance-Audit,s3-0a24119,AWS,2026-07,0.0,13348.3,2740852,490.54,S3,Data lake raw zone
Production-Secondary,i-007f340,AWS,2026-07,1070.4,0.0,0,915.37,EC2,t3.large application server
Data-Science,i-0f03164,AWS,2026-07,554.5,0.0,0,971.77,EC2,r5.xlarge cache server
Shared-Services,vm-01b7776,AZURE,2026-07,583.8,0.0,0,1075.02,Virtual Machines,E4s v3 SIEM collector
Data-Science,i-013e564,AWS,2026-07,807.7,0.0,0,361.82,EC2,t3.medium API server
Analytics-Platform,gcs-03f9608,GCP,2026-07,0.0,1660.1,828126,263.54,Cloud Storage,Model artifacts
Data-Science,gcf-0cf2936,GCP,2026-07,0.0,0.0,10635796,154.31,Cloud Functions,Auth handlers
Finance-Systems,eks-07ae725,AWS,2026-07,901.5,0.0,0,2724.39,EKS,Production K8s cluster
Analytics-Platform,cr-08c3475,GCP,2026-07,630.6,0.0,13157638,957.95,Cloud Run,API gateway service
Internal-Tools,eh-02a4811,AZURE,2026-07,0.0,502.5,0,121.50,Event Hubs,Capture to storage
Production-Main,eh-0640655,AZURE,2026-07,0.0,776.1,0,192.05,Event Hubs,Capture to storage
Production-Main,cf-0753522,AWS,2026-07,0.0,0.0,93675238,464.77,CloudFront,CDN media distribution
ML-Training,ebs-094c540,AWS,2026-07,0.0,766.8,0,467.66,EBS,io2 volumes database
Finance-Systems,cr-0b2a572,GCP,2026-07,677.0,0.0,2878570,910.62,Cloud Run,ETL pipeline service
QA-Testing,ses-0bb1203,AWS,2026-07,0.0,0.0,3050687,3.53,SES,Transactional email
DevOps-Central,kin-0afa513,AWS,2026-07,991.1,0.0,26489223,395.60,Kinesis,Firehose delivery
Finance-Systems,elb-0dfb753,AWS,2026-07,974.7,0.0,68872274,420.42,ELB,Network load balancer
Internal-Tools,ps-02e5404,GCP,2026-07,0.0,0.0,51440148,666.53,Pub/Sub,Log forwarding
Finance-Systems,fd-115e311,AZURE,2026-07,0.0,0.0,55266007,427.94,Front Door,Global load balancer
Security-Ops,ec-1071526,AWS,2026-07,702.9,0.0,0,241.71,ElastiCache,Redis staging cluster
Security-Ops,cdns-10ba243,GCP,2026-07,0.0,0.0,27608915,41.30,Cloud DNS,DNS zones
Shared-Services,cosmos-0afb701,AZURE,2026-07,692.6,95.8,24111809,889.85,Cosmos DB,Event store
Customer-Portal,clog-082d219,GCP,2026-07,0.0,564.3,0,135.74,Cloud Logging,Application logs
Finance-Systems,s3-0ffa665,AWS,2026-07,0.0,5514.2,8964878,401.20,S3,Media content bucket
Finance-Systems,appi-0409195,AZURE,2026-07,0.0,0.0,55471260,661.31,Application Insights,APM telemetry
Partner-Integration,blob-03ad516,AZURE,2026-07,0.0,14502.3,141232,439.51,Blob Storage,Backup storage
DevOps-Central,vm-00de137,AZURE,2026-07,634.1,0.0,0,5788.47,Virtual Machines,NC6s v3 GPU VM
Marketing-Platform,rds-09c8470,AWS,2026-07,1094.5,763.0,0,2767.38,RDS,db.r5.xlarge PostgreSQL primary
Internal-Tools,elb-05c6198,AWS,2026-07,1134.2,0.0,16452283,237.42,ELB,Classic load balancer
Partner-Integration,gcs-0ac7974,GCP,2026-07,0.0,16489.2,40849,167.51,Cloud Storage,Archive bucket
ML-Training,kin-036d547,AWS,2026-07,953.9,0.0,39656852,579.24,Kinesis,Data stream ingestion
Compliance-Audit,ec-0ebf584,AWS,2026-07,612.1,0.0,0,452.24,ElastiCache,Redis production cluster
Partner-Integration,cf-08c7521,AWS,2026-07,0.0,0.0,42994140,206.91,CloudFront,CDN API distribution
Mobile-Backend,sqldb-034a278,AZURE,2026-07,980.7,331.2,0,1684.73,SQL Database,Standard S3 production
Shared-Services,appi-01b5631,AZURE,2026-07,0.0,0.0,28302880,357.75,Application Insights,Custom metrics
Internal-Tools,s3-0d89977,AWS,2026-07,0.0,4344.4,7333109,328.22,S3,Media content bucket
Analytics-Platform,csql-0c47529,GCP,2026-07,658.6,442.5,0,1253.81,Cloud SQL,MySQL analytics
Marketing-Platform,lam-01cd667,AWS,2026-07,0.0,0.0,23037340,160.86,Lambda,Data transformer
Shared-Services,vm-0a13145,AZURE,2026-07,759.2,0.0,0,2850.26,Virtual Machines,E8s v3 memory-optimized
Mobile-Backend,vm-0346435,AZURE,2026-07,997.9,0.0,0,1383.55,Virtual Machines,F4s v2 compute node
Finance-Systems,func-0f8a387,AZURE,2026-07,0.0,0.0,6683120,100.55,Azure Functions,API handlers
Production-Secondary,redis-1100231,AZURE,2026-07,888.2,0.0,0,1056.81,Azure Cache for Redis,Premium P1 cache
Partner-Integration,sm-1004542,AWS,2026-07,0.0,0.0,1387703,5.37,Secrets Manager,Application secrets
Partner-Integration,sb-0cac510,AZURE,2026-07,685.6,0.0,9433377,528.95,Service Bus,Premium messaging
Customer-Portal,s3-0739784,AWS,2026-07,0.0,19964.3,3996217,699.25,S3,Data lake raw zone
Data-Science,fs-0490914,GCP,2026-07,606.8,17.4,43497886,449.05,Firestore,Session store
Marketing-Platform,i-01e8508,AWS,2026-07,715.3,0.0,0,1278.39,EC2,r5.xlarge cache server
Data-Science,csql-0648221,GCP,2026-07,854.8,586.5,0,1677.18,Cloud SQL,MySQL analytics
Shared-Services,gcs-042a567,GCP,2026-07,0.0,4312.9,4289904,305.02,Cloud Storage,Media assets bucket
Security-Ops,bq-053b223,GCP,2026-07,0.0,8334.2,0,3261.26,BigQuery,Analytics data warehouse
Edge-Network,eks-0321899,AWS,2026-07,623.2,0.0,0,1787.90,EKS,Production K8s cluster
Finance-Systems,s3-055a789,AWS,2026-07,0.0,1255.9,2493639,109.63,S3,Artifact storage
Internal-Tools,ec-0419804,AWS,2026-07,601.6,0.0,0,432.60,ElastiCache,Redis production cluster
Mobile-Backend,aks-0339617,AZURE,2026-07,423.4,0.0,0,622.74,AKS,Dev K8s cluster
QA-Testing,lam-099e683,AWS,2026-07,0.0,0.0,3137309,21.70,Lambda,Webhook processor
ML-Training,lam-10da892,AWS,2026-07,0.0,0.0,11385278,79.29,Lambda,Notification dispatcher
Shared-Services,eh-0962257,AZURE,2026-07,0.0,742.0,0,181.39,Event Hubs,Capture to storage
Marketing-Platform,gke-0f28289,GCP,2026-07,1915.4,0.0,0,3839.33,GKE,ML training cluster
Mobile-Backend,sb-0e69292,AZURE,2026-07,0.0,0.0,17111646,44.09,Service Bus,Standard messaging
IoT-Platform,csp-0c02813,GCP,2026-07,988.2,139.0,70040814,6189.40,Cloud Spanner,Global transaction DB
Production-Main,ecs-001e666,AWS,2026-07,538.3,0.0,0,1029.30,ECS,Fargate API cluster
Production-Secondary,r53-0e61207,AWS,2026-07,0.0,0.0,9489838,14.49,Route 53,Health checks
Customer-Portal,gcf-026f655,GCP,2026-07,0.0,0.0,13325502,200.56,Cloud Functions,Data triggers
ML-Training,i-0367966,AWS,2026-07,933.0,0.0,0,1690.79,EC2,m5.xlarge web server
IoT-Platform,gcs-065a787,GCP,2026-07,0.0,12571.7,4112062,379.98,Cloud Storage,Data lake bucket
Internal-Tools,sentinel-02a0411,AZURE,2026-07,0.0,0.0,81305932,2048.80,Microsoft Sentinel,SIEM detection
Customer-Portal,ses-0825680,AWS,2026-07,0.0,0.0,741651,0.90,SES,Marketing email
Internal-Tools,ebs-0b3f304,AWS,2026-07,0.0,1667.9,0,210.53,EBS,gp3 volumes production
Data-Science,ses-014a460,AWS,2026-07,0.0,0.0,2414885,2.90,SES,Transactional email
Analytics-Platform,gcs-0597249,GCP,2026-07,0.0,2179.2,1054172,325.67,Cloud Storage,Model artifacts
Production-Main,ecs-001d579,AWS,2026-07,369.8,0.0,0,671.90,ECS,Fargate worker cluster
Marketing-Platform,sm-07dd433,AWS,2026-07,0.0,0.0,1059369,4.29,Secrets Manager,Application secrets
Partner-Integration,blob-03ac316,AZURE,2026-07,0.0,1752.8,4462306,291.08,Blob Storage,Media content
Production-Secondary,r53-10c5816,AWS,2026-07,0.0,0.0,7993750,12.29,Route 53,Health checks
Edge-Network,ecs-0fc0400,AWS,2026-07,445.5,0.0,0,800.58,ECS,Fargate API cluster
ML-Training,rs-0942720,AWS,2026-07,0.0,0.0,5179728,259.12,Redshift,Spectrum queries
Analytics-Platform,gcs-00a4800,GCP,2026-07,0.0,1928.2,963956,304.30,Cloud Storage,Model artifacts
Partner-Integration,cf-08ff891,AWS,2026-07,0.0,0.0,42099689,211.15,CloudFront,CDN API distribution
Staging-Env,gcs-06a3232,GCP,2026-07,0.0,13340.3,4556677,413.28,Cloud Storage,Data lake bucket
Internal-Tools,sentinel-0a7f164,AZURE,2026-07,0.0,0.0,35942470,894.63,Microsoft Sentinel,Log analytics
Security-Ops,mem-07e0582,GCP,2026-07,616.3,0.0,0,433.64,Memorystore,Redis production cache
Production-Main,cdns-0ac8252,GCP,2026-07,0.0,0.0,16842358,25.10,Cloud DNS,DNS zones
Analytics-Platform,redis-0829391,AZURE,2026-07,500.6,0.0,0,603.33,Azure Cache for Redis,Premium P1 cache
Production-Main,r53-0a68605,AWS,2026-07,0.0,0.0,13353014,20.16,Route 53,Health checks
Finance-Systems,rds-08ea254,AWS,2026-07,579.9,826.3,0,2635.27,RDS,db.r5.2xlarge Aurora cluster
Customer-Portal,eh-0e73541,AZURE,2026-07,0.0,653.4,0,165.22,Event Hubs,Capture to storage
Shared-Services,func-091a460,AZURE,2026-07,0.0,0.0,11769772,173.73,Azure Functions,API handlers
Marketing-Platform,cdns-051c997,GCP,2026-07,0.0,0.0,17630769,26.07,Cloud DNS,DNS zones
Finance-Systems,gcf-0802515,GCP,2026-07,0.0,0.0,2847784,44.01,Cloud Functions,Scheduled tasks
Finance-Systems,csql-0233402,GCP,2026-07,903.1,627.3,0,1725.04,Cloud SQL,MySQL analytics
Customer-Portal,vm-116f206,AZURE,2026-07,628.0,0.0,0,1142.59,Virtual Machines,E4s v3 SIEM collector
Customer-Portal,vm-0d1f996,AZURE,2026-07,569.4,0.0,0,361.40,Virtual Machines,D2s v3 utility server
Compliance-Audit,ses-0381310,AWS,2026-07,0.0,0.0,1693963,1.96,SES,Transactional email
Finance-Systems,gcf-0e59594,GCP,2026-07,0.0,0.0,14767108,222.73,Cloud Functions,Data triggers
Analytics-Platform,vai-00ad706,GCP,2026-07,669.7,0.0,0,3230.16,Vertex AI,Training pipelines
Compliance-Audit,rs-07a8173,AWS,2026-07,0.0,0.0,5745801,297.97,Redshift,Spectrum queries
Edge-Network,bq-0fd3223,GCP,2026-07,0.0,4375.7,0,1774.97,BigQuery,Log analytics
Production-Secondary,sqldb-0917961,AZURE,2026-07,462.8,163.5,0,778.99,SQL Database,Standard S3 production
Production-Secondary,redis-0063919,AZURE,2026-07,1025.8,0.0,0,522.31,Azure Cache for Redis,Standard C2 cache
Security-Ops,ecs-0ba6598,AWS,2026-07,183.0,0.0,0,325.55,ECS,Fargate batch cluster
ML-Training,i-0c81746,AWS,2026-07,716.2,0.0,0,591.82,EC2,m5.large monitoring server
Partner-Integration,appi-03a3584,AZURE,2026-07,0.0,0.0,57958611,719.36,Application Insights,APM telemetry
Shared-Services,func-042c439,AZURE,2026-07,0.0,0.0,11962238,174.46,Azure Functions,API handlers
Security-Ops,gke-0bdc440,GCP,2026-07,2856.6,0.0,0,5553.42,GKE,ML training cluster
Customer-Portal,cf-028b887,AWS,2026-07,0.0,0.0,29409340,153.32,CloudFront,CDN static assets
Edge-Network,ebs-072d290,AWS,2026-07,0.0,756.2,0,93.82,EBS,gp3 volumes production
IoT-Platform,cdns-0350687,GCP,2026-07,0.0,0.0,16105192,23.93,Cloud DNS,DNS zones
Security-Ops,vai-016e746,GCP,2026-07,265.6,0.0,0,1340.39,Vertex AI,AutoML jobs
Customer-Portal,sb-0d6e915,AZURE,2026-07,0.0,0.0,16549399,42.40,Service Bus,Standard messaging
Production-Secondary,blob-0da3800,AZURE,2026-07,0.0,2944.8,7867631,378.55,Blob Storage,Build artifacts
Production-Secondary,sqldb-0655765,AZURE,2026-07,556.6,195.2,0,933.35,SQL Database,Standard S3 production
Shared-Services,sb-0d2f609,AZURE,2026-07,602.8,0.0,8407170,447.92,Service Bus,Premium messaging
Mobile-Backend,sqs-0865398,AWS,2026-07,0.0,0.0,369164,0.19,SQS,Dead letter queue
Staging-Env,clog-00fe878,GCP,2026-07,0.0,296.0,0,74.13,Cloud Logging,Audit logs
Finance-Systems,cr-08b8136,GCP,2026-07,672.2,0.0,2858479,866.36,Cloud Run,ETL pipeline service
Finance-Systems,gcf-0668150,GCP,2026-07,0.0,0.0,14392344,220.01,Cloud Functions,Data triggers
Production-Secondary,ps-07e1546,GCP,2026-07,0.0,0.0,14197792,183.45,Pub/Sub,Data pipeline
Partner-Integration,sb-103f867,AZURE,2026-07,657.6,0.0,9031519,503.13,Service Bus,Premium messaging
Customer-Portal,ses-1122543,AWS,2026-07,0.0,0.0,2894053,3.35,SES,Transactional email
Data-Science,gcs-069a980,GCP,2026-07,0.0,505.9,8177538,96.26,Cloud Storage,Temp processing bucket
Staging-Env,gcs-0a2c640,GCP,2026-07,0.0,11770.2,3867090,340.64,Cloud Storage,Data lake bucket
Staging-Env,fs-0c85106,GCP,2026-07,898.8,63.2,38733848,517.49,Firestore,User profiles DB
Marketing-Platform,ddb-0f43677,AWS,2026-07,609.0,8.4,4211487,71.95,DynamoDB,Config store table
Marketing-Platform,sqs-0b48223,AWS,2026-07,0.0,0.0,594903,0.28,SQS,Dead letter queue
Security-Ops,bq-10ec881,GCP,2026-07,0.0,2004.2,0,802.15,BigQuery,Data export queries
Partner-Integration,ps-03c2959,GCP,2026-07,0.0,0.0,35856126,452.39,Pub/Sub,Event streaming
Internal-Tools,vm-029d382,AZURE,2026-07,637.1,0.0,0,193.74,Virtual Machines,B2s development VM
Customer-Portal,vpn-0e39121,AWS,2026-07,850.6,0.0,0,211.95,VPN Gateway,Client VPN endpoint
Compliance-Audit,rds-116e550,AWS,2026-07,1211.3,845.1,0,2388.30,RDS,db.r5.large PostgreSQL replica
Customer-Portal,gcf-026c850,GCP,2026-07,0.0,0.0,21441881,326.27,Cloud Functions,Pub/Sub processors
Finance-Systems,rds-023d564,AWS,2026-07,999.2,674.0,0,1973.39,RDS,db.r5.large PostgreSQL replica
Data-Science,gcf-0116331,GCP,2026-07,0.0,0.0,1733046,25.13,Cloud Functions,Scheduled tasks
QA-Testing,elb-0d3a401,AWS,2026-07,775.0,0.0,10689163,156.01,ELB,Classic load balancer
DR-Recovery,azmon-07f2353,AZURE,2026-07,0.0,315.1,40422288,426.49,Azure Monitor,Logs and metrics
Finance-Systems,func-021c663,AZURE,2026-07,0.0,0.0,5917671,89.99,Azure Functions,API handlers
DevOps-Central,sqldb-00e4234,AZURE,2026-07,702.4,234.8,0,1124.63,SQL Database,Standard S3 production
Marketing-Platform,mem-082f478,GCP,2026-07,477.8,0.0,0,339.01,Memorystore,Redis staging cache
Customer-Portal,fd-0efe463,AZURE,2026-07,0.0,0.0,70196090,517.04,Front Door,Global load balancer
Marketing-Platform,vai-052f464,GCP,2026-07,372.6,0.0,0,1868.57,Vertex AI,AutoML jobs
Staging-Env,vai-0486756,GCP,2026-07,552.6,0.0,0,2714.55,Vertex AI,Training pipelines
Production-Secondary,csql-008d254,GCP,2026-07,573.7,159.8,0,916.77,Cloud SQL,PostgreSQL primary
Internal-Tools,ec-0cbe439,AWS,2026-07,582.9,0.0,0,417.29,ElastiCache,Redis production cluster
Internal-Tools,gcf-02d9518,GCP,2026-07,0.0,0.0,2495384,36.76,Cloud Functions,Scheduled tasks
Partner-Integration,sqs-0654966,AWS,2026-07,0.0,0.0,27813209,13.86,SQS,Event notification queue
Compliance-Audit,ecs-0daa871,AWS,2026-07,502.9,0.0,0,897.99,ECS,Fargate worker cluster
Data-Science,cr-06f2731,GCP,2026-07,635.6,0.0,2728711,850.24,Cloud Run,ETL pipeline service
Data-Science,i-0f62656,AWS,2026-07,512.5,0.0,0,851.09,EC2,r5.xlarge cache server
Compliance-Audit,rds-08cd532,AWS,2026-07,385.8,106.1,0,440.70,RDS,db.t3.medium MySQL staging
Internal-Tools,blob-1061535,AZURE,2026-07,0.0,7295.6,0,700.69,Blob Storage,Security audit logs
Production-Main,s3-050b772,AWS,2026-07,0.0,10218.7,634153,257.86,S3,Log archive bucket
Shared-Services,func-0c05155,AZURE,2026-07,0.0,0.0,10275847,151.63,Azure Functions,Event processors
Shared-Services,appi-05e6663,AZURE,2026-07,0.0,0.0,46925122,574.20,Application Insights,APM telemetry
Staging-Env,fs-07a2116,GCP,2026-07,1270.4,85.3,51588749,707.06,Firestore,User profiles DB
Data-Science,rds-08d7648,AWS,2026-07,892.6,631.0,0,2333.97,RDS,db.r5.xlarge PostgreSQL primary
Data-Science,i-1072168,AWS,2026-07,673.1,0.0,0,568.61,EC2,m5.large monitoring server
Internal-Tools,s3-0c32773,AWS,2026-07,0.0,7693.5,77689,173.06,S3,Backup storage bucket
ML-Training,sns-0a08133,AWS,2026-07,0.0,0.0,9884496,5.04,SNS,Alert notifications
Internal-Tools,cr-108f960,GCP,2026-07,1137.0,0.0,23357987,1704.12,Cloud Run,API gateway service
Production-Secondary,aks-1097469,AZURE,2026-07,508.6,0.0,0,2312.89,AKS,Production K8s cluster
Customer-Portal,blob-0a49959,AZURE,2026-07,0.0,5959.9,0,581.10,Blob Storage,Security audit logs
Internal-Tools,blob-029b273,AZURE,2026-07,0.0,6441.9,0,614.22,Blob Storage,Security audit logs
Production-Secondary,app-0bcc721,AZURE,2026-07,742.0,0.0,0,112.01,App Service,Web app B1
Production-Secondary,sqldb-0f87366,AZURE,2026-07,498.7,176.5,0,833.25,SQL Database,Standard S3 production
Production-Main,gcs-09ac843,GCP,2026-07,0.0,26650.6,68018,262.68,Cloud Storage,Archive bucket
Security-Ops,bq-0d35102,GCP,2026-07,0.0,7730.2,0,3072.51,BigQuery,Analytics data warehouse
Production-Main,ecs-074b718,AWS,2026-07,398.6,0.0,0,717.55,ECS,Fargate worker cluster
Production-Secondary,fs-0460277,GCP,2026-07,990.5,68.5,41348670,549.57,Firestore,User profiles DB
Production-Main,redis-0e3f197,AZURE,2026-07,913.3,0.0,0,1111.64,Azure Cache for Redis,Premium P1 cache
Production-Secondary,blob-0944504,AZURE,2026-07,0.0,12123.4,119491,373.70,Blob Storage,Backup storage
Partner-Integration,rds-071b467,AWS,2026-07,457.4,123.1,0,533.42,RDS,db.t3.medium MySQL staging
Customer-Portal,vpn-0282677,AWS,2026-07,1017.0,0.0,0,257.11,VPN Gateway,Client VPN endpoint
Staging-Env,bq-08e2660,GCP,2026-07,0.0,1662.8,0,632.44,BigQuery,BI reporting views
DevOps-Central,ec-1050337,AWS,2026-07,859.5,0.0,0,610.44,ElastiCache,Redis production cluster
IoT-Platform,bq-0acc903,GCP,2026-07,0.0,3136.1,0,1303.33,BigQuery,BI reporting views
Customer-Portal,vm-025c560,AZURE,2026-07,590.5,0.0,0,1043.25,Virtual Machines,E4s v3 SIEM collector
Production-Main,s3-10fa940,AWS,2026-07,0.0,10522.5,650910,269.25,S3,Log archive bucket
Internal-Tools,s3-05e5658,AWS,2026-07,0.0,8321.7,515857,204.88,S3,Log archive bucket
Data-Science,sm-0142508,AWS,2026-07,0.0,0.0,1331021,5.53,Secrets Manager,Application secrets
Edge-Network,sns-06be252,AWS,2026-07,0.0,0.0,12027511,5.71,SNS,Alert notifications
Production-Secondary,s3-0076278,AWS,2026-07,0.0,1294.8,2550614,111.59,S3,Artifact storage
Marketing-Platform,cdns-0b8a679,GCP,2026-07,0.0,0.0,14915453,22.69,Cloud DNS,DNS zones
Shared-Services,app-04bc337,AZURE,2026-07,1076.3,0.0,0,664.89,App Service,Web app P1v3
Marketing-Platform,rds-0d1a186,AWS,2026-07,657.4,461.4,0,1347.59,RDS,db.r5.large PostgreSQL replica
Mobile-Backend,vm-0344813,AZURE,2026-07,967.0,0.0,0,1209.69,Virtual Machines,D4s v3 CI runner
Partner-Integration,rds-042d472,AWS,2026-07,483.7,136.5,0,566.61,RDS,db.t3.medium MySQL staging
Partner-Integration,rs-04c5955,AWS,2026-07,0.0,0.0,5808469,282.77,Redshift,Spectrum queries
Data-Science,gcf-0ecd801,GCP,2026-07,0.0,0.0,10669492,155.50,Cloud Functions,Auth handlers
Customer-Portal,ebs-06c4378,AWS,2026-07,0.0,645.9,0,392.97,EBS,io2 volumes database
Security-Ops,vai-0604556,GCP,2026-07,301.4,0.0,0,1550.31,Vertex AI,AutoML jobs
Security-Ops,vai-03f8402,GCP,2026-07,280.0,0.0,0,1415.17,Vertex AI,AutoML jobs
Partner-Integration,cf-0e49841,AWS,2026-07,0.0,0.0,42020616,209.50,CloudFront,CDN API distribution
Compliance-Audit,i-0810870,AWS,2026-07,941.6,0.0,0,826.94,EC2,m5.large monitoring server
Marketing-Platform,i-0860850,AWS,2026-07,570.3,0.0,0,2057.12,EC2,r5.2xlarge database server
Mobile-Backend,acr-1172245,AZURE,2026-07,0.0,253.2,510142,173.06,Container Registry,Docker image registry
Staging-Env,gcf-00f8446,GCP,2026-07,0.0,0.0,2971427,43.37,Cloud Functions,Scheduled tasks
Staging-Env,vai-04ba249,GCP,2026-07,580.0,0.0,0,2851.92,Vertex AI,Training pipelines
Partner-Integration,rds-10b5322,AWS,2026-07,1044.8,742.1,0,2086.57,RDS,db.r5.large PostgreSQL replica
Production-Main,cmon-0b33281,GCP,2026-07,0.0,0.0,25626596,212.99,Cloud Monitoring,Metrics and alerting
Edge-Network,gcs-1041858,GCP,2026-07,0.0,17904.3,5866256,534.95,Cloud Storage,Data lake bucket
Finance-Systems,gcs-0bce903,GCP,2026-07,0.0,12948.7,4184829,373.10,Cloud Storage,Data lake bucket
Shared-Services,sb-0506723,AZURE,2026-07,633.6,0.0,8997700,506.11,Service Bus,Premium messaging
Internal-Tools,blob-07c1390,AZURE,2026-07,0.0,3601.3,9447546,452.58,Blob Storage,Build artifacts
Marketing-Platform,vai-051e486,GCP,2026-07,665.0,0.0,7494234,1399.01,Vertex AI,Model serving endpoints
Analytics-Platform,bq-0a72102,GCP,2026-07,0.0,3119.5,0,1258.67,BigQuery,BI reporting views
Production-Secondary,blob-109a113,AZURE,2026-07,0.0,7840.8,2915373,409.76,Blob Storage,Data lake storage
ML-Training,ebs-0ac5539,AWS,2026-07,0.0,4150.1,0,185.60,EBS,st1 volumes archive
Production-Secondary,aks-07b8164,AZURE,2026-07,532.5,0.0,0,2427.03,AKS,Production K8s cluster
Mobile-Backend,sqs-05b2924,AWS,2026-07,0.0,0.0,420814,0.21,SQS,Dead letter queue
Production-Secondary,blob-0df7960,AZURE,2026-07,0.0,2189.9,5675981,365.35,Blob Storage,Media content
Production-Main,ec-000c489,AWS,2026-07,1009.4,0.0,0,710.34,ElastiCache,Redis production cluster
Compliance-Audit,ebs-0392523,AWS,2026-07,0.0,274.9,0,33.27,EBS,gp3 volumes staging
Customer-Portal,gcf-03f2528,GCP,2026-07,0.0,0.0,23289709,348.76,Cloud Functions,Pub/Sub processors
Production-Secondary,cosmos-0794762,AZURE,2026-07,624.1,87.0,21701869,817.61,Cosmos DB,Event store
Staging-Env,cmon-00f1584,GCP,2026-07,0.0,0.0,29716511,243.42,Cloud Monitoring,Metrics and alerting
Finance-Systems,blob-0e84394,AZURE,2026-07,0.0,8795.1,90858,262.65,Blob Storage,Backup storage
Finance-Systems,elb-024a650,AWS,2026-07,588.1,0.0,8162269,123.30,ELB,Classic load balancer
Staging-Env,cdns-0ede162,GCP,2026-07,0.0,0.0,18631498,27.53,Cloud DNS,DNS zones
DR-Recovery,appi-0c93294,AZURE,2026-07,0.0,0.0,16752533,201.76,Application Insights,Custom metrics
Partner-Integration,ado-1163263,AZURE,2026-07,713.0,0.0,0,352.59,Azure DevOps,Pipelines hosted
Internal-Tools,cr-0df5466,GCP,2026-07,747.3,0.0,3134506,989.14,Cloud Run,ETL pipeline service
Data-Science,gke-1160915,GCP,2026-07,4613.7,0.0,0,9377.90,GKE,GPU node pool
Marketing-Platform,clog-0441451,GCP,2026-07,0.0,562.6,0,136.79,Cloud Logging,Application logs
Compliance-Audit,sns-0767851,AWS,2026-07,0.0,0.0,18623828,9.09,SNS,Event fanout topic
Production-Main,i-0c80371,AWS,2026-07,431.0,0.0,0,1225.47,EC2,c5.2xlarge HPC node
Analytics-Platform,csql-0cc5770,GCP,2026-07,564.6,387.8,0,1121.15,Cloud SQL,MySQL analytics
Data-Science,appi-014d674,AZURE,2026-07,0.0,0.0,21126345,267.52,Application Insights,Custom metrics
Marketing-Platform,rs-0dba560,AWS,2026-07,0.0,0.0,6556359,328.84,Redshift,Spectrum queries
Customer-Portal,func-025f994,AZURE,2026-07,0.0,0.0,613076,9.04,Azure Functions,Timer triggers
Security-Ops,ebs-0625274,AWS,2026-07,0.0,653.9,0,409.09,EBS,io2 volumes database
DevOps-Central,redis-0cc8842,AZURE,2026-07,768.3,0.0,0,926.59,Azure Cache for Redis,Premium P1 cache
Data-Science,csp-0f46712,GCP,2026-07,712.3,94.6,49049567,4281.67,Cloud Spanner,Global transaction DB
Shared-Services,gcs-09d5972,GCP,2026-07,0.0,580.4,9581618,108.73,Cloud Storage,Temp processing bucket
Production-Main,clog-004f676,GCP,2026-07,0.0,537.7,0,140.35,Cloud Logging,Application logs
Customer-Portal,elb-0784552,AWS,2026-07,723.7,0.0,30035526,219.61,ELB,Application load balancer
Analytics-Platform,ado-0af3187,AZURE,2026-07,0.0,127.6,0,32.05,Azure DevOps,Artifacts storage
Internal-Tools,lam-0bda239,AWS,2026-07,0.0,0.0,33248472,240.29,Lambda,API gateway handler
Internal-Tools,sqs-03fc213,AWS,2026-07,0.0,0.0,49561844,25.39,SQS,Order processing queue
Marketing-Platform,gcf-0a40516,GCP,2026-07,0.0,0.0,2123853,30.82,Cloud Functions,Scheduled tasks
Partner-Integration,ado-03a9963,AZURE,2026-07,0.0,100.3,0,24.08,Azure DevOps,Artifacts storage
IoT-Platform,fs-0928954,GCP,2026-07,1248.5,35.0,85704990,877.79,Firestore,Session store
Production-Main,app-0e07775,AZURE,2026-07,783.4,0.0,0,118.40,App Service,Web app B1
Partner-Integration,azmon-0bc1733,AZURE,2026-07,0.0,257.8,33845849,349.71,Azure Monitor,Logs and metrics
IoT-Platform,csql-10ca290,GCP,2026-07,847.2,239.4,0,1014.91,Cloud SQL,PostgreSQL replica
Security-Ops,fs-054c237,GCP,2026-07,568.0,41.0,24716676,324.57,Firestore,User profiles DB
Finance-Systems,blob-0f8b380,AZURE,2026-07,0.0,2407.3,6141039,396.91,Blob Storage,Media content
Internal-Tools,blob-0573578,AZURE,2026-07,0.0,13346.8,131573,396.37,Blob Storage,Backup storage
Production-Secondary,csql-117d833,GCP,2026-07,568.3,385.6,0,1128.62,Cloud SQL,MySQL analytics
Shared-Services,sb-10bc304,AZURE,2026-07,607.6,0.0,8337293,462.07,Service Bus,Premium messaging
Internal-Tools,gcs-0ff0142,GCP,2026-07,0.0,4081.9,3931833,291.83,Cloud Storage,Media assets bucket
Mobile-Backend,fd-0500920,AZURE,2026-07,0.0,0.0,47581295,367.22,Front Door,Global load balancer
Partner-Integration,bq-03bc722,GCP,2026-07,0.0,1399.8,0,537.67,BigQuery,Data export queries
Finance-Systems,s3-113d678,AWS,2026-07,0.0,72.7,36490947,247.92,S3,Static website hosting
Edge-Network,vpn-0e0d648,AWS,2026-07,787.4,0.0,0,201.02,VPN Gateway,Client VPN endpoint
Edge-Network,ecs-0c03661,AWS,2026-07,326.0,0.0,0,593.36,ECS,Fargate worker cluster
Partner-Integration,appi-1065534,AZURE,2026-07,0.0,0.0,49670531,646.83,Application Insights,APM telemetry
Production-Main,ebs-0fb8180,AWS,2026-07,0.0,664.1,0,428.38,EBS,io2 volumes database
ML-Training,rs-0727239,AWS,2026-07,0.0,0.0,4236730,208.02,Redshift,Spectrum queries
Production-Main,gcf-0048169,GCP,2026-07,0.0,0.0,16449053,240.84,Cloud Functions,Pub/Sub processors
Production-Secondary,ps-0f67350,GCP,2026-07,0.0,0.0,16019560,199.85,Pub/Sub,Data pipeline
Internal-Tools,ebs-0793510,AWS,2026-07,0.0,265.5,0,34.09,EBS,gp3 volumes staging
Internal-Tools,sqs-10ac145,AWS,2026-07,0.0,0.0,51878174,25.38,SQS,Order processing queue
Edge-Network,gcf-05e9391,GCP,2026-07,0.0,0.0,24762041,388.69,Cloud Functions,Pub/Sub processors
Finance-Systems,blob-020c758,AZURE,2026-07,0.0,3799.5,10248559,504.03,Blob Storage,Build artifacts
QA-Testing,ebs-0a44533,AWS,2026-07,0.0,1274.5,0,162.13,EBS,gp3 volumes production
Marketing-Platform,rds-0e92796,AWS,2026-07,588.1,390.6,0,1129.16,RDS,db.r5.large PostgreSQL replica
Edge-Network,bq-0482941,GCP,2026-07,0.0,5604.3,0,2270.62,BigQuery,Log analytics
Staging-Env,gcs-0db0711,GCP,2026-07,0.0,21096.8,51741,211.48,Cloud Storage,Archive bucket
Finance-Systems,fd-0212792,AZURE,2026-07,0.0,0.0,49826840,373.65,Front Door,Global load balancer
Security-Ops,ses-0ecc552,AWS,2026-07,0.0,0.0,2212305,2.73,SES,Transactional email
Production-Main,ecs-06dd673,AWS,2026-07,376.3,0.0,0,689.56,ECS,Fargate batch cluster
Mobile-Backend,kin-04f8523,AWS,2026-07,782.6,0.0,33006129,487.10,Kinesis,Data stream ingestion
Production-Secondary,sqs-0aca971,AWS,2026-07,0.0,0.0,28265377,13.62,SQS,Event notification queue
Customer-Portal,ses-0289612,AWS,2026-07,0.0,0.0,2578800,3.17,SES,Transactional email
Finance-Systems,blob-04ed338,AZURE,2026-07,0.0,8556.2,3201213,469.88,Blob Storage,Data lake storage
IoT-Platform,cr-1142323,GCP,2026-07,730.3,0.0,15312702,1089.09,Cloud Run,API gateway service
Compliance-Audit,s3-104d117,AWS,2026-07,0.0,651.2,1324539,56.28,S3,Artifact storage
Mobile-Backend,fd-06a9855,AZURE,2026-07,0.0,0.0,51871408,406.34,Front Door,Global load balancer
ML-Training,rds-0376427,AWS,2026-07,730.8,790.2,0,1711.68,RDS,db.m5.xlarge analytics DB
Data-Science,gcf-07e8576,GCP,2026-07,0.0,0.0,10034702,150.93,Cloud Functions,Auth handlers
Data-Science,ps-0d84890,GCP,2026-07,0.0,0.0,19659644,236.95,Pub/Sub,Event streaming
Partner-Integration,kin-03c3921,AWS,2026-07,975.8,0.0,40528360,576.82,Kinesis,Data stream ingestion
Marketing-Platform,vai-0f66664,GCP,2026-07,506.9,0.0,5568943,1078.95,Vertex AI,Model serving endpoints
Security-Ops,ecs-04a1561,AWS,2026-07,572.3,0.0,0,1018.47,ECS,Fargate API cluster
Production-Secondary,redis-0d6b439,AZURE,2026-07,1119.8,0.0,0,1378.22,Azure Cache for Redis,Premium P1 cache
Security-Ops,s3-052c304,AWS,2026-07,0.0,6214.0,372473,151.36,S3,Log archive bucket
Staging-Env,df-0112294,GCP,2026-07,672.4,0.0,0,1578.83,Dataflow,Streaming pipeline
Shared-Services,eh-01b2547,AZURE,2026-07,0.0,687.9,0,167.21,Event Hubs,Capture to storage
Internal-Tools,blob-05a7913,AZURE,2026-07,0.0,3359.7,9341138,442.95,Blob Storage,Build artifacts
Staging-Env,vai-00f4202,GCP,2026-07,723.7,0.0,8162942,1593.93,Vertex AI,Model serving endpoints
DevOps-Central,ec-0f73376,AWS,2026-07,901.7,0.0,0,677.07,ElastiCache,Redis production cluster
Edge-Network,gke-0ac4487,GCP,2026-07,2371.7,0.0,0,4674.20,GKE,ML training cluster
Analytics-Platform,cr-0ca8929,GCP,2026-07,251.1,0.0,1068116,220.96,Cloud Run,Image processor
Analytics-Platform,fs-06ec873,GCP,2026-07,1184.9,34.5,81778703,864.53,Firestore,Session store
Shared-Services,sb-07fc849,AZURE,2026-07,552.4,0.0,7726511,427.77,Service Bus,Premium messaging
Finance-Systems,blob-07c8190,AZURE,2026-07,0.0,2282.8,5505334,362.24,Blob Storage,Media content
Edge-Network,gcf-030a980,GCP,2026-07,0.0,0.0,2575591,37.83,Cloud Functions,Scheduled tasks
DevOps-Central,ec-0a03550,AWS,2026-07,853.2,0.0,0,613.73,ElastiCache,Redis production cluster
Compliance-Audit,s3-0471757,AWS,2026-07,0.0,730.0,1441099,64.94,S3,Artifact storage
Marketing-Platform,df-1035631,GCP,2026-07,891.0,0.0,0,2148.21,Dataflow,Streaming pipeline
Production-Secondary,appi-10d8998,AZURE,2026-07,0.0,0.0,37976951,473.54,Application Insights,APM telemetry
Internal-Tools,gke-0abc203,GCP,2026-07,700.8,0.0,0,2113.70,GKE,Production API cluster
Data-Science,mem-0646678,GCP,2026-07,397.4,0.0,0,289.42,Memorystore,Redis staging cache
Edge-Network,sns-07f5105,AWS,2026-07,0.0,0.0,13253415,6.61,SNS,Alert notifications
Production-Secondary,aks-0058383,AZURE,2026-07,1566.1,0.0,0,2280.15,AKS,Staging K8s cluster
Customer-Portal,bq-0cb0413,GCP,2026-07,0.0,1020.2,0,406.44,BigQuery,Data export queries
Internal-Tools,mem-0c8f375,GCP,2026-07,437.7,0.0,0,312.07,Memorystore,Redis staging cache
Internal-Tools,gcs-0455204,GCP,2026-07,0.0,21851.9,7439160,664.34,Cloud Storage,Data lake bucket
Customer-Portal,ado-0265894,AZURE,2026-07,0.0,116.1,0,29.83,Azure DevOps,Artifacts storage
Compliance-Audit,ec-078e845,AWS,2026-07,721.6,0.0,0,496.48,ElastiCache,Redis production cluster
Security-Ops,ps-0b98182,GCP,2026-07,0.0,0.0,36311447,449.74,Pub/Sub,Event streaming
Production-Main,bq-0043693,GCP,2026-07,0.0,2937.0,0,1180.05,BigQuery,BI reporting views
Data-Science,rds-0e50804,AWS,2026-07,735.0,206.9,0,637.81,RDS,db.t3.large development DB
Marketing-Platform,ddb-0fab389,AWS,2026-07,493.7,34.7,54234287,394.09,DynamoDB,Session store table
Staging-Env,gke-0b91792,GCP,2026-07,2908.0,0.0,0,5953.43,GKE,ML training cluster
Mobile-Backend,sqs-097c579,AWS,2026-07,0.0,0.0,328045,0.16,SQS,Dead letter queue
Edge-Network,vpn-10a9783,AWS,2026-07,542.3,0.0,0,273.28,VPN Gateway,Site-to-site VPN
Internal-Tools,rds-02c3290,AWS,2026-07,866.3,242.3,0,783.31,RDS,db.t3.large development DB
Marketing-Platform,ddb-10a5298,AWS,2026-07,596.0,41.6,67929149,460.10,DynamoDB,Session store table
Production-Main,vm-0039243,AZURE,2026-07,840.1,0.0,0,3063.23,Virtual Machines,E8s v3 memory-optimized
Customer-Portal,blob-0c83136,AZURE,2026-07,0.0,5965.9,0,599.63,Blob Storage,Security audit logs
Staging-Env,vai-0d82386,GCP,2026-07,508.9,0.0,0,2609.05,Vertex AI,Training pipelines
Customer-Portal,sqldb-0263872,AZURE,2026-07,617.1,424.9,0,2419.01,SQL Database,Premium P1 analytics
Mobile-Backend,fd-0ef5396,AZURE,2026-07,0.0,0.0,44344585,335.46,Front Door,Global load balancer
Finance-Systems,csql-0511461,GCP,2026-07,707.0,194.4,0,1163.71,Cloud SQL,PostgreSQL primary
Finance-Systems,rs-023b632,AWS,2026-07,735.5,1960.4,0,3643.24,Redshift,Data warehouse cluster
Production-Secondary,redis-0064522,AZURE,2026-07,963.2,0.0,0,1221.34,Azure Cache for Redis,Premium P1 cache
Data-Science,sb-0e7b324,AZURE,2026-07,0.0,0.0,27056903,67.90,Service Bus,Standard messaging
Internal-Tools,cr-062b119,GCP,2026-07,581.6,0.0,4921193,526.79,Cloud Run,Webhook handler
Finance-Systems,s3-0245238,AWS,2026-07,0.0,2597.0,1323335,97.38,S3,Analytics export bucket
Internal-Tools,blob-0ba1272,AZURE,2026-07,0.0,3414.4,8738999,427.87,Blob Storage,Build artifacts
Production-Main,i-0bf4805,AWS,2026-07,710.5,0.0,0,2509.84,EC2,m5.2xlarge batch processor
DevOps-Central,redis-0ffe600,AZURE,2026-07,719.3,0.0,0,860.29,Azure Cache for Redis,Premium P1 cache
Analytics-Platform,gcs-076b169,GCP,2026-07,0.0,8367.5,204253,192.77,Cloud Storage,Backup bucket
Compliance-Audit,i-0673829,AWS,2026-07,567.2,0.0,0,237.49,EC2,t3.medium API server
Data-Science,i-0530222,AWS,2026-07,895.9,0.0,0,64.07,EC2,t3.micro bastion host
Internal-Tools,gke-0762542,GCP,2026-07,2906.9,0.0,0,5584.08,GKE,ML training cluster
Analytics-Platform,mem-0770708,GCP,2026-07,569.4,0.0,0,412.26,Memorystore,Redis production cache
Production-Main,gcs-0abd240,GCP,2026-07,0.0,32100.0,80108,319.74,Cloud Storage,Archive bucket
Compliance-Audit,s3-0b32274,AWS,2026-07,0.0,874.1,1791719,75.84,S3,Artifact storage
Data-Science,i-0b3a756,AWS,2026-07,521.0,0.0,0,1873.12,EC2,m5.2xlarge batch processor
Staging-Env,ps-0aaa443,GCP,2026-07,0.0,0.0,13529043,167.30,Pub/Sub,Data pipeline
Production-Main,s3-0965144,AWS,2026-07,0.0,15195.8,2910298,509.37,S3,Data lake raw zone
Partner-Integration,sqldb-03a6150,AZURE,2026-07,889.5,64.8,0,193.76,SQL Database,Basic dev database
Edge-Network,gcf-030b202,GCP,2026-07,0.0,0.0,10826740,167.29,Cloud Functions,Data triggers
Production-Main,vm-08bc212,AZURE,2026-07,1158.7,0.0,0,1689.00,Virtual Machines,F4s v2 compute node
Production-Secondary,sqldb-0ad7535,AZURE,2026-07,518.5,177.4,0,839.45,SQL Database,Standard S3 production
Analytics-Platform,ado-07d3760,AZURE,2026-07,0.0,117.5,0,28.77,Azure DevOps,Artifacts storage
QA-Testing,ec-10c3544,AWS,2026-07,1031.5,0.0,0,726.07,ElastiCache,Redis production cluster
Production-Main,lam-0cef839,AWS,2026-07,0.0,0.0,37530211,262.76,Lambda,Data transformer
Edge-Network,s3-0b73418,AWS,2026-07,0.0,62.1,30758979,202.83,S3,Static website hosting
Marketing-Platform,rds-0fff478,AWS,2026-07,573.5,155.7,0,658.14,RDS,db.t3.medium MySQL staging
Finance-Systems,csql-05ba713,GCP,2026-07,990.1,685.4,0,1985.24,Cloud SQL,MySQL analytics
Production-Main,gcs-0736576,GCP,2026-07,0.0,19568.0,6493198,586.00,Cloud Storage,Data lake bucket
Finance-Systems,gcs-051a174,GCP,2026-07,0.0,434.3,6862067,80.02,Cloud Storage,Temp processing bucket
Data-Science,rds-0432834,AWS,2026-07,729.7,490.6,0,1831.24,RDS,db.r5.xlarge PostgreSQL primary
ML-Training,rds-091b932,AWS,2026-07,745.7,842.0,0,1744.72,RDS,db.m5.xlarge analytics DB
Staging-Env,cdns-010d688,GCP,2026-07,0.0,0.0,23783276,35.42,Cloud DNS,DNS zones
Customer-Portal,blob-1177805,AZURE,2026-07,0.0,5236.8,0,539.54,Blob Storage,Security audit logs
Customer-Portal,blob-0ddb390,AZURE,2026-07,0.0,5437.4,0,561.71,Blob Storage,Security audit logs
Internal-Tools,s3-0969861,AWS,2026-07,0.0,4694.7,7534033,335.66,S3,Media content bucket
ML-Training,ebs-10d1413,AWS,2026-07,0.0,4865.4,0,225.94,EBS,st1 volumes archive
Security-Ops,fs-0169362,GCP,2026-07,588.5,40.6,25466212,342.29,Firestore,User profiles DB
Production-Main,appi-0031980,AZURE,2026-07,0.0,0.0,71486537,910.19,Application Insights,APM telemetry
Internal-Tools,rds-0e18966,AWS,2026-07,402.0,111.9,0,472.15,RDS,db.t3.medium MySQL staging
Data-Science,eks-0147675,AWS,2026-07,860.4,0.0,0,2512.21,EKS,Production K8s cluster
Security-Ops,ps-10f7545,GCP,2026-07,0.0,0.0,27151401,349.23,Pub/Sub,Event streaming
Marketing-Platform,gcf-09ea653,GCP,2026-07,0.0,0.0,6767597,100.18,Cloud Functions,Auth handlers
Staging-Env,gcf-00f7900,GCP,2026-07,0.0,0.0,6596065,94.40,Cloud Functions,Auth handlers
IoT-Platform,csql-0e1c599,GCP,2026-07,974.1,272.0,0,1135.64,Cloud SQL,PostgreSQL replica
Finance-Systems,gcs-07e7387,GCP,2026-07,0.0,431.9,6610959,79.19,Cloud Storage,Temp processing bucket
Staging-Env,mem-0101350,GCP,2026-07,390.3,0.0,0,272.30,Memorystore,Redis staging cache
Staging-Env,bq-00fc800,GCP,2026-07,0.0,1798.5,0,747.28,BigQuery,BI reporting views
Data-Science,i-1025803,AWS,2026-07,747.8,0.0,0,683.47,EC2,m5.large monitoring server
Analytics-Platform,clog-0d05888,GCP,2026-07,0.0,163.4,0,42.13,Cloud Logging,Audit logs
Analytics-Platform,gcs-1032121,GCP,2026-07,0.0,2799.1,2865600,200.97,Cloud Storage,Media assets bucket
Customer-Portal,clog-0fa8308,GCP,2026-07,0.0,478.4,0,122.62,Cloud Logging,Application logs
Production-Main,sns-001c263,AWS,2026-07,0.0,0.0,8414911,4.40,SNS,Alert notifications
DR-Recovery,appi-0b7c490,AZURE,2026-07,0.0,0.0,17982997,218.07,Application Insights,Custom metrics
Partner-Integration,elb-03da159,AWS,2026-07,699.2,0.0,10010490,143.26,ELB,Classic load balancer
Production-Main,kin-10af674,AWS,2026-07,675.2,0.0,19611065,287.68,Kinesis,Firehose delivery
Marketing-Platform,ddb-0b9f375,AWS,2026-07,750.9,52.8,83176534,586.71,DynamoDB,Session store table
Edge-Network,csql-0f64979,GCP,2026-07,752.6,209.9,0,906.28,Cloud SQL,PostgreSQL replica
Compliance-Audit,ec-037d484,AWS,2026-07,735.6,0.0,0,513.24,ElastiCache,Redis production cluster
Edge-Network,ps-0491111,GCP,2026-07,0.0,0.0,26107731,336.78,Pub/Sub,Event streaming
Shared-Services,app-081b214,AZURE,2026-07,970.5,0.0,0,1135.14,App Service,API app P2v3
Security-Ops,ecs-0be1976,AWS,2026-07,203.8,0.0,0,353.82,ECS,Fargate batch cluster
Finance-Systems,cr-0d01927,GCP,2026-07,376.1,0.0,3088169,322.81,Cloud Run,Webhook handler
Customer-Portal,cr-0d92397,GCP,2026-07,595.2,0.0,2596059,792.01,Cloud Run,ETL pipeline service
Compliance-Audit,rds-097a830,AWS,2026-07,841.6,916.2,0,1988.64,RDS,db.m5.xlarge analytics DB
IoT-Platform,bq-0650720,GCP,2026-07,0.0,3487.0,0,1436.18,BigQuery,BI reporting views
Internal-Tools,blob-0299348,AZURE,2026-07,0.0,2823.6,6968874,462.06,Blob Storage,Media content
Production-Secondary,app-0df4564,AZURE,2026-07,649.1,0.0,0,102.84,App Service,Web app B1
Internal-Tools,ec-0c53926,AWS,2026-07,543.8,0.0,0,383.15,ElastiCache,Redis production cluster
Edge-Network,df-02fe412,GCP,2026-07,761.5,0.0,0,1856.75,Dataflow,Streaming pipeline
Shared-Services,vm-0c46763,AZURE,2026-07,958.5,0.0,0,1124.67,Virtual Machines,D4s v3 CI runner
Data-Science,rds-0136144,AWS,2026-07,1062.0,746.2,0,2034.53,RDS,db.r5.large PostgreSQL replica
Marketing-Platform,clog-01fb303,GCP,2026-07,0.0,264.9,0,64.53,Cloud Logging,Audit logs
Edge-Network,gke-0307108,GCP,2026-07,805.9,0.0,0,2520.50,GKE,Production API cluster
Customer-Portal,blob-0934606,AZURE,2026-07,0.0,5429.0,0,528.57,Blob Storage,Security audit logs
Shared-Services,rds-1070832,AWS,2026-07,541.7,393.8,0,1095.11,RDS,db.r5.large PostgreSQL replica
Compliance-Audit,rds-0d55733,AWS,2026-07,824.2,548.9,0,1574.51,RDS,db.r5.large PostgreSQL replica
Production-Secondary,mem-0dbc292,GCP,2026-07,588.4,0.0,0,423.55,Memorystore,Redis production cache
Production-Secondary,r53-1192859,AWS,2026-07,0.0,0.0,9074044,13.66,Route 53,Health checks
Internal-Tools,s3-10d4811,AWS,2026-07,0.0,4076.6,6625106,299.50,S3,Media content bucket
Compliance-Audit,r53-1052440,AWS,2026-07,0.0,0.0,8159698,11.71,Route 53,Health checks
Production-Main,s3-0019862,AWS,2026-07,0.0,2512.9,1294468,93.89,S3,Analytics export bucket
Finance-Systems,func-081f530,AZURE,2026-07,0.0,0.0,5961774,91.94,Azure Functions,API handlers
DR-Recovery,sqldb-02f5967,AZURE,2026-07,1000.6,697.8,0,4070.27,SQL Database,Premium P1 analytics
Mobile-Backend,sqs-0da8365,AWS,2026-07,0.0,0.0,333932,0.17,SQS,Dead letter queue
Staging-Env,bq-00fa654,GCP,2026-07,0.0,9216.9,0,3844.03,BigQuery,Analytics data warehouse
Analytics-Platform,gcs-0978625,GCP,2026-07,0.0,2230.0,2267203,168.33,Cloud Storage,Media assets bucket
Finance-Systems,blob-049b662,AZURE,2026-07,0.0,8608.9,83303,258.05,Blob Storage,Backup storage
Shared-Services,rds-0781760,AWS,2026-07,673.5,187.0,0,620.39,RDS,db.t3.large development DB
Marketing-Platform,sm-0de2274,AWS,2026-07,0.0,0.0,957296,3.85,Secrets Manager,Application secrets
DevOps-Central,appi-09af973,AZURE,2026-07,0.0,0.0,74730182,918.57,Application Insights,APM telemetry
Marketing-Platform,gcf-0c68192,GCP,2026-07,0.0,0.0,1775589,26.49,Cloud Functions,Scheduled tasks
Edge-Network,i-0328891,AWS,2026-07,413.2,0.0,0,1226.79,EC2,c5.2xlarge HPC node
Compliance-Audit,s3-079d136,AWS,2026-07,0.0,13618.7,2731232,474.69,S3,Data lake raw zone
Edge-Network,vpn-0315511,AWS,2026-07,759.1,0.0,0,189.94,VPN Gateway,Client VPN endpoint
Marketing-Platform,rds-0878977,AWS,2026-07,422.6,117.8,0,495.80,RDS,db.t3.medium MySQL staging
Internal-Tools,s3-0a01897,AWS,2026-07,0.0,4636.3,7649237,348.15,S3,Media content bucket
Marketing-Platform,gke-0c63614,GCP,2026-07,2407.3,0.0,0,4697.89,GKE,ML training cluster
Internal-Tools,gcf-0e65257,GCP,2026-07,0.0,0.0,2081855,31.71,Cloud Functions,Scheduled tasks
Data-Science,ec-0145951,AWS,2026-07,559.8,0.0,0,211.09,ElastiCache,Redis staging cluster
DevOps-Central,ebs-00cc665,AWS,2026-07,0.0,462.9,0,296.22,EBS,io2 volumes database
Internal-Tools,vai-0ba7212,GCP,2026-07,953.1,0.0,10778035,2159.16,Vertex AI,Model serving endpoints
Partner-Integration,gcs-03ba985,GCP,2026-07,0.0,2327.1,1133976,346.62,Cloud Storage,Model artifacts
Partner-Integration,elb-0a75516,AWS,2026-07,939.8,0.0,13307213,185.97,ELB,Classic load balancer
Production-Main,i-000f723,AWS,2026-07,896.3,0.0,0,384.29,EC2,t3.medium API server
Internal-Tools,gcf-0a2a982,GCP,2026-07,0.0,0.0,1958422,28.77,Cloud Functions,Scheduled tasks
Security-Ops,clog-0177930,GCP,2026-07,0.0,537.3,0,133.65,Cloud Logging,Application logs
Compliance-Audit,s3-0c23914,AWS,2026-07,0.0,4884.6,2438688,182.43,S3,Analytics export bucket
Data-Science,appi-014c926,AZURE,2026-07,0.0,0.0,60580391,744.72,Application Insights,APM telemetry
Production-Main,cf-0a65604,AWS,2026-07,0.0,0.0,43201510,211.96,CloudFront,CDN API distribution
Finance-Systems,gcf-0238323,GCP,2026-07,0.0,0.0,24743407,369.87,Cloud Functions,Pub/Sub processors
DevOps-Central,sentinel-00e6345,AZURE,2026-07,0.0,0.0,121053423,2996.46,Microsoft Sentinel,SIEM detection
Marketing-Platform,gke-01f3108,GCP,2026-07,4238.6,0.0,0,8194.16,GKE,GPU node pool
Marketing-Platform,mem-0de1859,GCP,2026-07,529.9,0.0,0,382.04,Memorystore,Redis staging cache
Shared-Services,cmon-01b1417,GCP,2026-07,0.0,0.0,30117884,238.68,Cloud Monitoring,Metrics and alerting
Data-Science,nat-054b109,AWS,2026-07,559.3,0.0,0,127.37,NAT Gateway,Staging VPC NAT
Mobile-Backend,vm-0a18879,AZURE,2026-07,946.6,0.0,0,1358.96,Virtual Machines,F4s v2 compute node
IoT-Platform,gke-0e3c961,GCP,2026-07,530.5,0.0,0,1541.83,GKE,Batch processing cluster
Compliance-Audit,sns-0bfb153,AWS,2026-07,0.0,0.0,15834115,7.96,SNS,Alert notifications
DevOps-Central,vm-0952136,AZURE,2026-07,719.0,0.0,0,214.26,Virtual Machines,B2s development VM
Customer-Portal,ps-027f109,GCP,2026-07,0.0,0.0,11776399,145.35,Pub/Sub,Data pipeline
Analytics-Platform,bq-0bdf860,GCP,2026-07,0.0,11985.8,0,4777.81,BigQuery,Analytics data warehouse
Production-Main,lam-1147471,AWS,2026-07,0.0,0.0,34119763,242.52,Lambda,Data transformer
Compliance-Audit,s3-0575814,AWS,2026-07,0.0,3605.7,1872823,134.85,S3,Analytics export bucket
Production-Main,sentinel-0037520,AZURE,2026-07,0.0,0.0,51227521,1280.81,Microsoft Sentinel,Log analytics
Production-Main,app-0027586,AZURE,2026-07,609.9,0.0,0,734.20,App Service,API app P2v3
Data-Science,rds-0134211,AWS,2026-07,796.8,551.8,0,2050.41,RDS,db.r5.xlarge PostgreSQL primary
Security-Ops,bq-0165272,GCP,2026-07,0.0,8519.6,0,3425.96,BigQuery,Analytics data warehouse
Partner-Integration,ses-03ca997,AWS,2026-07,0.0,0.0,691260,0.81,SES,Marketing email
Mobile-Backend,azmon-0aa4532,AZURE,2026-07,0.0,361.6,47936830,509.15,Azure Monitor,Logs and metrics
Customer-Portal,mem-0276381,GCP,2026-07,813.6,0.0,0,580.84,Memorystore,Redis production cache
DevOps-Central,sentinel-0d56288,AZURE,2026-07,0.0,0.0,37989285,937.35,Microsoft Sentinel,Log analytics
Edge-Network,vpn-05f9490,AWS,2026-07,779.0,0.0,0,197.68,VPN Gateway,Client VPN endpoint
Partner-Integration,ado-0a99621,AZURE,2026-07,647.7,0.0,0,331.38,Azure DevOps,Pipelines hosted
Data-Science,clog-0130248,GCP,2026-07,0.0,480.8,0,120.84,Cloud Logging,Application logs
QA-Testing,cf-03e3566,AWS,2026-07,0.0,0.0,176935211,864.82,CloudFront,CDN media distribution
Shared-Services,appi-01b6184,AZURE,2026-07,0.0,0.0,47432489,585.65,Application Insights,APM telemetry
Finance-Systems,sqldb-020e330,AZURE,2026-07,856.3,570.9,0,3416.70,SQL Database,Premium P1 analytics
Production-Secondary,blob-005e473,AZURE,2026-07,0.0,15184.2,38713,123.12,Blob Storage,Archive tier
Finance-Systems,s3-0ab5299,AWS,2026-07,0.0,9212.4,581500,234.69,S3,Log archive bucket
Marketing-Platform,vai-0824781,GCP,2026-07,479.0,0.0,0,2441.32,Vertex AI,Training pipelines
Production-Main,lam-0519516,AWS,2026-07,0.0,0.0,33729454,227.91,Lambda,Data transformer
Security-Ops,sentinel-015b316,AZURE,2026-07,0.0,0.0,95794816,2484.36,Microsoft Sentinel,SIEM detection
Production-Main,vai-0732821,GCP,2026-07,759.5,0.0,8689787,1706.39,Vertex AI,Model serving endpoints
Data-Science,blob-0155153,AZURE,2026-07,0.0,2355.2,5817521,392.22,Blob Storage,Media content
Marketing-Platform,ddb-0fb7490,AWS,2026-07,637.7,44.5,71642291,484.75,DynamoDB,Session store table
Production-Secondary,sqldb-0481357,AZURE,2026-07,492.8,172.1,0,856.60,SQL Database,Standard S3 production
Partner-Integration,azmon-07d2786,AZURE,2026-07,0.0,230.9,31796515,333.18,Azure Monitor,Logs and metrics
Edge-Network,vpn-0316649,AWS,2026-07,597.6,0.0,0,291.06,VPN Gateway,Site-to-site VPN
Internal-Tools,lam-0aba667,AWS,2026-07,0.0,0.0,37644123,271.73,Lambda,API gateway handler
Partner-Integration,elb-0bca587,AWS,2026-07,852.3,0.0,12004410,171.83,ELB,Classic load balancer
Marketing-Platform,clog-058a522,GCP,2026-07,0.0,601.4,0,156.11,Cloud Logging,Application logs
Finance-Systems,func-021e999,AZURE,2026-07,0.0,0.0,10254370,155.65,Azure Functions,Event processors
Customer-Portal,vpn-0579455,AWS,2026-07,1151.7,0.0,0,282.54,VPN Gateway,Client VPN endpoint
Analytics-Platform,cmon-0d1b282,GCP,2026-07,0.0,0.0,23928004,191.57,Cloud Monitoring,Metrics and alerting
Compliance-Audit,s3-06ca918,AWS,2026-07,0.0,52.4,25325439,171.45,S3,Static website hosting
Internal-Tools,blob-0833224,AZURE,2026-07,0.0,2926.4,7034410,461.21,Blob Storage,Media content
DevOps-Central,kv-05de284,AZURE,2026-07,0.0,0.0,376897,1.09,Key Vault,Certificate store
Data-Science,vai-055e755,GCP,2026-07,439.4,0.0,0,2177.90,Vertex AI,Training pipelines
Edge-Network,sqs-0600636,AWS,2026-07,0.0,0.0,32113274,15.89,SQS,Event notification queue
Production-Secondary,i-0453402,AWS,2026-07,1087.6,0.0,0,980.32,EC2,t3.large application server
Production-Secondary,vai-0093499,GCP,2026-07,690.2,0.0,7811612,1491.39,Vertex AI,Model serving endpoints
Mobile-Backend,fd-0636613,AZURE,2026-07,0.0,0.0,46245109,342.37,Front Door,Global load balancer
Analytics-Platform,eh-10c2682,AZURE,2026-07,0.0,355.4,0,91.18,Event Hubs,Capture to storage
Internal-Tools,lam-0785135,AWS,2026-07,0.0,0.0,23432709,165.20,Lambda,Data transformer
Mobile-Backend,sqs-0331305,AWS,2026-07,0.0,0.0,367584,0.19,SQS,Dead letter queue
Compliance-Audit,vpn-0617551,AWS,2026-07,938.2,0.0,0,233.24,VPN Gateway,Client VPN endpoint
Production-Main,eh-04d7845,AZURE,2026-07,0.0,820.2,0,201.89,Event Hubs,Capture to storage
ML-Training,lam-115f800,AWS,2026-07,0.0,0.0,12959964,88.94,Lambda,Notification dispatcher
Internal-Tools,cf-092d732,AWS,2026-07,0.0,0.0,106665848,545.13,CloudFront,CDN web distribution
Production-Main,cosmos-002b765,AZURE,2026-07,1074.4,73.3,22543943,742.89,Cosmos DB,Config store
Production-Main,func-0a97169,AZURE,2026-07,0.0,0.0,3002498,43.71,Azure Functions,Webhook processor
Finance-Systems,vm-0217306,AZURE,2026-07,795.5,0.0,0,1981.40,Virtual Machines,D8s v3 application server
Production-Secondary,elb-0080147,AWS,2026-07,626.3,0.0,44054789,275.38,ELB,Network load balancer
Security-Ops,ecs-08d2791,AWS,2026-07,478.5,0.0,0,840.42,ECS,Fargate API cluster
Analytics-Platform,eh-0553442,AZURE,2026-07,682.1,0.0,28183675,303.00,Event Hubs,Standard throughput units
Data-Science,eks-0148786,AWS,2026-07,428.9,0.0,0,1232.41,EKS,Staging K8s cluster
Partner-Integration,s3-1146713,AWS,2026-07,0.0,9451.9,593455,227.96,S3,Log archive bucket
DR-Recovery,appi-045d659,AZURE,2026-07,0.0,0.0,23849493,296.99,Application Insights,Custom metrics
Analytics-Platform,gcs-00a5223,GCP,2026-07,0.0,24476.7,60433,243.62,Cloud Storage,Archive bucket
Compliance-Audit,sns-0566288,AWS,2026-07,0.0,0.0,17433239,8.47,SNS,Event fanout topic
Finance-Systems,eks-06ed234,AWS,2026-07,879.3,0.0,0,2744.00,EKS,Production K8s cluster
ML-Training,sqs-072e691,AWS,2026-07,0.0,0.0,566891,0.29,SQS,Dead letter queue
Production-Secondary,ec-106a729,AWS,2026-07,874.9,0.0,0,314.29,ElastiCache,Redis staging cluster
Internal-Tools,ec-04e7101,AWS,2026-07,516.4,0.0,0,364.44,ElastiCache,Redis production cluster
Partner-Integration,ec-03d2749,AWS,2026-07,560.9,0.0,0,200.62,ElastiCache,Redis staging cluster
Internal-Tools,cr-0cfb121,GCP,2026-07,340.8,0.0,1444708,296.99,Cloud Run,Image processor
DevOps-Central,kv-00d5790,AZURE,2026-07,0.0,0.0,417781,1.26,Key Vault,Certificate store
Finance-Systems,aks-111d841,AZURE,2026-07,1458.2,0.0,0,2147.96,AKS,Staging K8s cluster
Partner-Integration,appi-0518688,AZURE,2026-07,0.0,0.0,68177254,807.91,Application Insights,APM telemetry
Marketing-Platform,gcf-07d5924,GCP,2026-07,0.0,0.0,2100071,32.08,Cloud Functions,Scheduled tasks
Production-Secondary,blob-0060140,AZURE,2026-07,0.0,7387.2,0,743.44,Blob Storage,Security audit logs
Finance-Systems,cr-0853952,GCP,2026-07,559.4,0.0,2287226,721.25,Cloud Run,ETL pipeline service
Edge-Network,sns-0e85289,AWS,2026-07,0.0,0.0,12533327,6.35,SNS,Alert notifications
Customer-Portal,ps-0836856,GCP,2026-07,0.0,0.0,10116212,122.79,Pub/Sub,Data pipeline
Edge-Network,ebs-0312701,AWS,2026-07,0.0,392.7,0,253.79,EBS,io2 volumes database
DevOps-Central,aks-040b567,AZURE,2026-07,390.8,0.0,0,578.05,AKS,Dev K8s cluster
DevOps-Central,ddb-05d7644,AWS,2026-07,1008.7,13.9,6763430,117.44,DynamoDB,Config store table
Internal-Tools,ec-02b4327,AWS,2026-07,606.8,0.0,0,436.54,ElastiCache,Redis production cluster
Production-Secondary,ecs-0c4a227,AWS,2026-07,290.3,0.0,0,540.30,ECS,Fargate batch cluster
Compliance-Audit,s3-0c98607,AWS,2026-07,0.0,755.5,1459374,66.38,S3,Artifact storage
Marketing-Platform,cmon-09f3686,GCP,2026-07,0.0,0.0,32878193,262.82,Cloud Monitoring,Metrics and alerting
Edge-Network,s3-1096283,AWS,2026-07,0.0,1246.2,2513182,109.67,S3,Artifact storage
Internal-Tools,s3-07ea402,AWS,2026-07,0.0,39.1,19402049,122.78,S3,Static website hosting
ML-Training,ebs-09a5794,AWS,2026-07,0.0,796.7,0,490.88,EBS,io2 volumes database
Compliance-Audit,ecs-1030728,AWS,2026-07,544.8,0.0,0,1010.93,ECS,Fargate worker cluster
Edge-Network,vpn-0e76532,AWS,2026-07,554.2,0.0,0,287.97,VPN Gateway,Site-to-site VPN
Internal-Tools,cr-0e27539,GCP,2026-07,709.5,0.0,2865719,930.19,Cloud Run,ETL pipeline service
Partner-Integration,redis-0521982,AZURE,2026-07,639.4,0.0,0,319.99,Azure Cache for Redis,Standard C2 cache
Marketing-Platform,i-0a25644,AWS,2026-07,621.5,0.0,0,543.40,EC2,m5.large monitoring server
Edge-Network,i-0327476,AWS,2026-07,639.1,0.0,0,2173.38,EC2,m5.2xlarge batch processor
Shared-Services,sb-01c6216,AZURE,2026-07,684.9,0.0,9122258,523.95,Service Bus,Premium messaging
Customer-Portal,ado-0264345,AZURE,2026-07,515.0,0.0,0,254.87,Azure DevOps,Pipelines hosted
Production-Secondary,app-0e45756,AZURE,2026-07,765.2,0.0,0,118.62,App Service,Web app B1
Staging-Env,vai-04cd524,GCP,2026-07,548.2,0.0,0,2871.47,Vertex AI,Training pipelines
Partner-Integration,rds-09fc828,AWS,2026-07,883.7,587.4,0,1707.20,RDS,db.r5.large PostgreSQL replica
Finance-Systems,app-0228579,AZURE,2026-07,992.4,0.0,0,152.69,App Service,Web app B1
Shared-Services,rds-0c0c979,AWS,2026-07,599.3,422.8,0,1196.66,RDS,db.r5.large PostgreSQL replica
Data-Science,csql-011a788,GCP,2026-07,770.7,544.5,0,1575.58,Cloud SQL,MySQL analytics
Customer-Portal,app-05eb327,AZURE,2026-07,587.3,0.0,0,364.54,App Service,Web app P1v3
Security-Ops,eh-015c222,AZURE,2026-07,0.0,491.5,0,120.77,Event Hubs,Capture to storage
Edge-Network,gcf-0cd5507,GCP,2026-07,0.0,0.0,11511853,174.44,Cloud Functions,Data triggers
Customer-Portal,ses-0f91414,AWS,2026-07,0.0,0.0,2024834,2.43,SES,Transactional email
Production-Secondary,blob-0911942,AZURE,2026-07,0.0,12826.5,32549,104.70,Blob Storage,Archive tier
Marketing-Platform,rs-07de855,AWS,2026-07,548.4,1465.8,0,2629.84,Redshift,Data warehouse cluster
QA-Testing,lam-0aa9972,AWS,2026-07,0.0,0.0,4960254,33.25,Lambda,Image resizer
Analytics-Platform,vai-0728925,GCP,2026-07,596.8,0.0,0,2960.56,Vertex AI,Training pipelines
Compliance-Audit,rds-0fa3116,AWS,2026-07,1136.3,801.9,0,2328.11,RDS,db.r5.large PostgreSQL replica
Production-Main,i-0926303,AWS,2026-07,860.3,0.0,0,63.96,EC2,t3.micro bastion host
DR-Recovery,appi-095b779,AZURE,2026-07,0.0,0.0,23976742,303.79,Application Insights,Custom metrics
Compliance-Audit,vpn-070e694,AWS,2026-07,421.5,0.0,0,222.08,VPN Gateway,Site-to-site VPN
Mobile-Backend,ebs-05cc362,AWS,2026-07,0.0,4583.4,0,204.63,EBS,st1 volumes archive
Production-Secondary,clog-1027901,GCP,2026-07,0.0,574.9,0,142.54,Cloud Logging,Application logs
Data-Science,ec-0b5f483,AWS,2026-07,511.7,0.0,0,177.87,ElastiCache,Redis staging cluster
Internal-Tools,nat-02ba419,AWS,2026-07,625.8,0.0,0,143.04,NAT Gateway,Dev VPC NAT
Finance-Systems,blob-07a1954,AZURE,2026-07,0.0,2242.1,5483877,350.26,Blob Storage,Media content
Partner-Integration,elb-0611191,AWS,2026-07,798.8,0.0,11243262,159.72,ELB,Classic load balancer
Finance-Systems,elb-0790493,AWS,2026-07,583.7,0.0,7908862,118.37,ELB,Classic load balancer
Production-Secondary,blob-0618339,AZURE,2026-07,0.0,13148.7,132347,393.12,Blob Storage,Backup storage
Finance-Systems,gcs-022b197,GCP,2026-07,0.0,3068.8,3158147,223.91,Cloud Storage,Media assets bucket
Analytics-Platform,gcs-00a1807,GCP,2026-07,0.0,11853.0,3996905,360.20,Cloud Storage,Data lake bucket
Edge-Network,ec-1098417,AWS,2026-07,696.5,0.0,0,495.04,ElastiCache,Redis production cluster
Data-Science,blob-071e425,AZURE,2026-07,0.0,11002.8,105535,325.91,Blob Storage,Backup storage
Customer-Portal,aks-0258969,AZURE,2026-07,405.7,0.0,0,606.69,AKS,Dev K8s cluster
Internal-Tools,lam-0a9f654,AWS,2026-07,0.0,0.0,23494203,164.96,Lambda,Data transformer
Marketing-Platform,kin-01d0507,AWS,2026-07,560.7,0.0,23700959,358.45,Kinesis,Data stream ingestion
Production-Main,blob-105c374,AZURE,2026-07,0.0,29760.9,72080,229.20,Blob Storage,Archive tier
Data-Science,i-047f834,AWS,2026-07,494.4,0.0,0,838.43,EC2,r5.xlarge cache server
Partner-Integration,cf-0fef875,AWS,2026-07,0.0,0.0,36985311,185.51,CloudFront,CDN API distribution
Shared-Services,s3-0f8f356,AWS,2026-07,0.0,14028.3,2879801,502.13,S3,Data lake raw zone
Internal-Tools,vm-08d6906,AZURE,2026-07,790.3,0.0,0,482.75,Virtual Machines,D2s v3 utility server
Finance-Systems,rds-08fc684,AWS,2026-07,743.4,815.7,0,1685.59,RDS,db.m5.xlarge analytics DB
Customer-Portal,ses-0288805,AWS,2026-07,0.0,0.0,672979,0.81,SES,Marketing email
Data-Science,mem-068e783,GCP,2026-07,415.6,0.0,0,307.08,Memorystore,Redis staging cache
Edge-Network,cmon-0f20795,GCP,2026-07,0.0,0.0,28772736,223.95,Cloud Monitoring,Metrics and alerting
DR-Recovery,sqldb-0884129,AZURE,2026-07,743.5,53.4,0,154.55,SQL Database,Basic dev database
Internal-Tools,cr-10e6257,GCP,2026-07,354.3,0.0,1445175,297.81,Cloud Run,Image processor
Production-Secondary,cosmos-0ffc140,AZURE,2026-07,813.7,224.9,45172205,1847.34,Cosmos DB,User data store
Internal-Tools,vm-029c164,AZURE,2026-07,827.1,0.0,0,1155.60,Virtual Machines,F4s v2 compute node
Analytics-Platform,cr-1118381,GCP,2026-07,738.8,0.0,15146262,1087.44,Cloud Run,API gateway service
Customer-Portal,i-028e796,AWS,2026-07,765.0,0.0,0,1317.45,EC2,m5.xlarge web server
Production-Secondary,redis-08fd634,AZURE,2026-07,1283.0,0.0,0,671.54,Azure Cache for Redis,Standard C2 cache
Shared-Services,rds-019f754,AWS,2026-07,669.0,932.8,0,2957.80,RDS,db.r5.2xlarge Aurora cluster
Partner-Integration,elb-04da950,AWS,2026-07,642.4,0.0,8626519,129.16,ELB,Classic load balancer
Internal-Tools,sentinel-04a2413,AZURE,2026-07,0.0,0.0,84067194,2171.93,Microsoft Sentinel,SIEM detection
Internal-Tools,lam-02cd701,AWS,2026-07,0.0,0.0,9765848,68.31,Lambda,Notification dispatcher
DevOps-Central,r53-056a999,AWS,2026-07,0.0,0.0,7526868,10.98,Route 53,Health checks
Edge-Network,ebs-0799406,AWS,2026-07,0.0,415.0,0,265.73,EBS,io2 volumes database
Production-Main,s3-0725116,AWS,2026-07,0.0,13715.2,2769087,479.35,S3,Data lake raw zone
Analytics-Platform,csql-0955826,GCP,2026-07,787.2,224.2,0,961.00,Cloud SQL,PostgreSQL replica
Compliance-Audit,rds-050c134,AWS,2026-07,949.1,634.0,0,1869.97,RDS,db.r5.large PostgreSQL replica
Partner-Integration,rs-09f8831,AWS,2026-07,910.3,2491.1,0,4578.55,Redshift,Data warehouse cluster
Production-Main,cf-05ce313,AWS,2026-07,0.0,0.0,50466822,246.61,CloudFront,CDN API distribution
Staging-Env,cr-010e679,GCP,2026-07,349.0,0.0,2922796,299.76,Cloud Run,Webhook handler
Edge-Network,gcf-04eb923,GCP,2026-07,0.0,0.0,6702028,95.91,Cloud Functions,Auth handlers
ML-Training,i-0368473,AWS,2026-07,811.6,0.0,0,728.64,EC2,m5.large monitoring server
Customer-Portal,eh-0268839,AZURE,2026-07,0.0,665.1,0,167.72,Event Hubs,Capture to storage
Mobile-Backend,sb-033f307,AZURE,2026-07,0.0,0.0,16124703,39.35,Service Bus,Standard messaging
Data-Science,gcs-05b5140,GCP,2026-07,0.0,544.6,8698638,98.39,Cloud Storage,Temp processing bucket
Production-Main,lam-0503943,AWS,2026-07,0.0,0.0,6917361,48.13,Lambda,Notification dispatcher
Security-Ops,df-0170417,GCP,2026-07,413.0,0.0,0,972.92,Dataflow,Batch pipeline
Production-Main,s3-054d837,AWS,2026-07,0.0,10498.6,647385,252.38,S3,Log archive bucket
Security-Ops,bq-0f8d684,GCP,2026-07,0.0,7005.6,0,2872.10,BigQuery,Analytics data warehouse
Production-Main,kv-0023471,AZURE,2026-07,0.0,0.0,426607,1.29,Key Vault,Certificate store
Production-Secondary,aks-0057749,AZURE,2026-07,560.2,0.0,0,2616.54,AKS,Production K8s cluster
Security-Ops,vm-015f925,AZURE,2026-07,1012.8,0.0,0,1384.22,Virtual Machines,F4s v2 compute node
Analytics-Platform,gcs-0da7529,GCP,2026-07,0.0,10603.1,278400,246.35,Cloud Storage,Backup bucket
Production-Main,cmon-0cb1336,GCP,2026-07,0.0,0.0,27709619,217.64,Cloud Monitoring,Metrics and alerting
Finance-Systems,gcf-0ad1638,GCP,2026-07,0.0,0.0,14915995,216.94,Cloud Functions,Data triggers
Edge-Network,s3-0b63436,AWS,2026-07,0.0,58.7,28666093,188.75,S3,Static website hosting
Internal-Tools,ebs-1066922,AWS,2026-07,0.0,5360.5,0,241.20,EBS,st1 volumes archive
Compliance-Audit,rds-0f34396,AWS,2026-07,955.4,660.5,0,2414.94,RDS,db.r5.xlarge PostgreSQL primary
Compliance-Audit,ebs-1114137,AWS,2026-07,0.0,264.7,0,32.32,EBS,gp3 volumes staging
Shared-Services,sb-09c4900,AZURE,2026-07,771.5,0.0,10977418,596.41,Service Bus,Premium messaging
Customer-Portal,elb-1008327,AWS,2026-07,789.8,0.0,10998658,159.85,ELB,Classic load balancer
Data-Science,mem-07c9408,GCP,2026-07,404.2,0.0,0,300.83,Memorystore,Redis staging cache
Internal-Tools,rds-103d389,AWS,2026-07,894.2,1218.8,0,3976.05,RDS,db.r5.2xlarge Aurora cluster
IoT-Platform,bq-0b87482,GCP,2026-07,0.0,3985.7,0,1631.55,BigQuery,BI reporting views
Production-Secondary,app-077f551,AZURE,2026-07,663.7,0.0,0,102.03,App Service,Web app B1
Marketing-Platform,gke-0f74407,GCP,2026-07,4817.1,0.0,0,9822.74,GKE,GPU node pool
Compliance-Audit,rds-105e420,AWS,2026-07,1177.1,799.4,0,2301.65,RDS,db.r5.large PostgreSQL replica
Customer-Portal,eh-0269959,AZURE,2026-07,796.9,0.0,33427132,365.56,Event Hubs,Standard throughput units
Partner-Integration,sqldb-0fa2831,AZURE,2026-07,659.3,448.1,0,2630.21,SQL Database,Premium P1 analytics
Production-Main,cosmos-0c6d534,AZURE,2026-07,1235.7,83.9,25271576,825.67,Cosmos DB,Config store
Customer-Portal,elb-0c08248,AWS,2026-07,767.3,0.0,33380551,237.22,ELB,Application load balancer
Production-Secondary,redis-0a42245,AZURE,2026-07,1029.9,0.0,0,530.40,Azure Cache for Redis,Standard C2 cache
DevOps-Central,azmon-0c06770,AZURE,2026-07,0.0,328.8,44276214,454.95,Azure Monitor,Logs and metrics
Internal-Tools,lam-0cbd665,AWS,2026-07,0.0,0.0,18424981,129.55,Lambda,Data transformer
DevOps-Central,aks-0f42341,AZURE,2026-07,496.6,0.0,0,754.49,AKS,Dev K8s cluster
Customer-Portal,blob-045f799,AZURE,2026-07,0.0,5653.8,0,564.12,Blob Storage,Security audit logs
Internal-Tools,rds-02c1573,AWS,2026-07,849.4,585.8,0,1691.64,RDS,db.r5.large PostgreSQL replica
Internal-Tools,blob-0aac997,AZURE,2026-07,0.0,3495.4,9640290,449.57,Blob Storage,Build artifacts
Staging-Env,gke-114f799,GCP,2026-07,883.5,0.0,0,2654.73,GKE,Production API cluster
Customer-Portal,appi-062c764,AZURE,2026-07,0.0,0.0,47138737,595.24,Application Insights,APM telemetry
IoT-Platform,gcs-034d761,GCP,2026-07,0.0,13381.9,4545278,397.32,Cloud Storage,Data lake bucket
IoT-Platform,csql-0c56201,GCP,2026-07,773.1,213.8,0,909.20,Cloud SQL,PostgreSQL replica
Production-Main,cf-0716452,AWS,2026-07,0.0,0.0,63918183,331.56,CloudFront,CDN API distribution
Finance-Systems,blob-0c99432,AZURE,2026-07,0.0,8095.1,81039,244.94,Blob Storage,Backup storage
Partner-Integration,appi-1023507,AZURE,2026-07,0.0,0.0,19291409,252.58,Application Insights,Custom metrics
Production-Main,appi-0847459,AZURE,2026-07,0.0,0.0,68062106,851.06,Application Insights,APM telemetry
Production-Secondary,i-0626908,AWS,2026-07,855.8,0.0,0,753.06,EC2,m5.large monitoring server
Edge-Network,sns-0c0e157,AWS,2026-07,0.0,0.0,13712811,6.89,SNS,Alert notifications
Customer-Portal,cdns-0281439,GCP,2026-07,0.0,0.0,25262033,37.84,Cloud DNS,DNS zones
IoT-Platform,csql-08d3614,GCP,2026-07,807.6,219.7,0,985.37,Cloud SQL,PostgreSQL replica
IoT-Platform,bq-0d52533,GCP,2026-07,0.0,3733.0,0,1484.94,BigQuery,BI reporting views
ML-Training,ebs-0379809,AWS,2026-07,0.0,4607.0,0,199.60,EBS,st1 volumes archive
Mobile-Backend,sqs-0330567,AWS,2026-07,0.0,0.0,24903329,11.93,SQS,Event notification queue
Compliance-Audit,r53-1067995,AWS,2026-07,0.0,0.0,6555875,9.81,Route 53,Health checks
Shared-Services,func-0d86552,AZURE,2026-07,0.0,0.0,3533375,53.58,Azure Functions,Webhook processor
Shared-Services,vai-09fa696,GCP,2026-07,308.7,0.0,0,1519.83,Vertex AI,AutoML jobs
Internal-Tools,eh-04ce593,AZURE,2026-07,0.0,532.6,0,129.26,Event Hubs,Capture to storage
Edge-Network,rds-0b2c110,AWS,2026-07,553.4,395.5,0,1442.82,RDS,db.r5.xlarge PostgreSQL primary
Staging-Env,gke-0a6f794,GCP,2026-07,572.2,0.0,0,1676.35,GKE,Production API cluster
Internal-Tools,nat-0c40267,AWS,2026-07,562.8,0.0,0,133.03,NAT Gateway,Dev VPC NAT
Shared-Services,vm-01bd545,AZURE,2026-07,848.7,0.0,0,1051.45,Virtual Machines,D4s v3 CI runner
Production-Secondary,mem-0786845,GCP,2026-07,568.6,0.0,0,419.25,Memorystore,Redis production cache
Finance-Systems,s3-0242170,AWS,2026-07,0.0,3801.2,22702163,926.80,S3,Production asset storage
Data-Science,i-116b161,AWS,2026-07,550.2,0.0,0,970.17,EC2,r5.xlarge cache server
ML-Training,i-036a778,AWS,2026-07,914.2,0.0,0,779.86,EC2,t3.large application server
Partner-Integration,azmon-0c44748,AZURE,2026-07,0.0,210.8,29248388,299.02,Azure Monitor,Logs and metrics
Edge-Network,cf-0a4d407,AWS,2026-07,0.0,0.0,196458933,1028.21,CloudFront,CDN media distribution
Analytics-Platform,fs-0cbc199,GCP,2026-07,1072.9,30.3,73537152,790.87,Firestore,Session store
Staging-Env,fs-0688519,GCP,2026-07,1127.4,79.0,47020377,660.50,Firestore,User profiles DB
Production-Secondary,sqldb-08c5740,AZURE,2026-07,676.3,479.5,0,2731.06,SQL Database,Premium P1 analytics
Analytics-Platform,cr-0769806,GCP,2026-07,566.4,0.0,2341347,759.54,Cloud Run,ETL pipeline service
Customer-Portal,gcs-1099477,GCP,2026-07,0.0,20512.5,51841,201.50,Cloud Storage,Archive bucket
Production-Main,sentinel-0d4b259,AZURE,2026-07,0.0,0.0,75365212,1961.12,Microsoft Sentinel,SIEM detection
Customer-Portal,vm-1155432,AZURE,2026-07,718.3,0.0,0,424.22,Virtual Machines,D2s v3 utility server
Edge-Network,csql-0d03946,GCP,2026-07,786.1,225.7,0,983.73,Cloud SQL,PostgreSQL replica
Compliance-Audit,s3-10df441,AWS,2026-07,0.0,710.3,1431546,60.76,S3,Artifact storage
Edge-Network,ec-030e215,AWS,2026-07,798.2,0.0,0,571.44,ElastiCache,Redis production cluster
ML-Training,rds-0378786,AWS,2026-07,964.9,669.0,0,1896.80,RDS,db.r5.large PostgreSQL replica
Internal-Tools,gke-0da5170,GCP,2026-07,562.7,0.0,0,1682.68,GKE,Production API cluster
Marketing-Platform,i-0c14600,AWS,2026-07,939.5,0.0,0,69.05,EC2,t3.micro bastion host
Marketing-Platform,vai-087a180,GCP,2026-07,576.3,0.0,0,2807.16,Vertex AI,Training pipelines
Finance-Systems,sb-0221337,AZURE,2026-07,0.0,0.0,24939638,62.82,Service Bus,Standard messaging
QA-Testing,ec-0e37563,AWS,2026-07,775.6,0.0,0,556.78,ElastiCache,Redis production cluster
Partner-Integration,sqs-0aa5305,AWS,2026-07,0.0,0.0,413743,0.21,SQS,Dead letter queue
Production-Secondary,blob-0537327,AZURE,2026-07,0.0,12448.5,31714,99.47,Blob Storage,Archive tier
Production-Main,blob-0567340,AZURE,2026-07,0.0,6460.2,2404326,347.96,Blob Storage,Data lake storage
Production-Secondary,i-05d1861,AWS,2026-07,558.0,0.0,0,995.34,EC2,r5.xlarge cache server
DevOps-Central,vm-1132587,AZURE,2026-07,686.6,0.0,0,6266.66,Virtual Machines,NC6s v3 GPU VM
Customer-Portal,i-0b42325,AWS,2026-07,751.5,0.0,0,2661.90,EC2,r5.2xlarge database server
Finance-Systems,blob-071a100,AZURE,2026-07,0.0,9930.0,95920,287.01,Blob Storage,Backup storage
Production-Secondary,eh-073c647,AZURE,2026-07,767.5,0.0,32299374,348.64,Event Hubs,Standard throughput units
Production-Main,s3-075e916,AWS,2026-07,0.0,50.6,25750271,162.39,S3,Static website hosting
Customer-Portal,mem-06af663,GCP,2026-07,796.4,0.0,0,563.66,Memorystore,Redis production cache
Compliance-Audit,s3-06bc313,AWS,2026-07,0.0,740.6,1512924,63.70,S3,Artifact storage
Staging-Env,fs-067e266,GCP,2026-07,1252.4,89.2,53530142,729.39,Firestore,User profiles DB
IoT-Platform,cr-0354135,GCP,2026-07,520.6,0.0,4188138,443.64,Cloud Run,Webhook handler
Production-Secondary,sentinel-05a5323,AZURE,2026-07,0.0,0.0,83963899,2132.76,Microsoft Sentinel,SIEM detection
Compliance-Audit,i-0e33874,AWS,2026-07,694.1,0.0,0,587.50,EC2,m5.large monitoring server
Marketing-Platform,vai-0200731,GCP,2026-07,625.0,0.0,7050470,1369.77,Vertex AI,Model serving endpoints
Marketing-Platform,ddb-066f897,AWS,2026-07,562.9,39.4,63966900,430.86,DynamoDB,Session store table
Compliance-Audit,i-03a1817,AWS,2026-07,553.7,0.0,0,233.65,EC2,t3.medium API server
Mobile-Backend,acr-1156740,AZURE,2026-07,0.0,195.1,396258,128.19,Container Registry,Docker image registry
Finance-Systems,elb-0fac721,AWS,2026-07,520.3,0.0,7111990,102.29,ELB,Classic load balancer
Customer-Portal,blob-075b799,AZURE,2026-07,0.0,5268.9,0,545.43,Blob Storage,Security audit logs
Analytics-Platform,vai-00ae972,GCP,2026-07,233.8,0.0,0,1139.46,Vertex AI,AutoML jobs
Finance-Systems,eks-024d574,AWS,2026-07,1094.4,0.0,0,3285.75,EKS,Production K8s cluster
Internal-Tools,lam-0f04460,AWS,2026-07,0.0,0.0,20194281,142.15,Lambda,Event processor
Security-Ops,bq-0e31926,GCP,2026-07,0.0,7992.3,0,3259.89,BigQuery,ML training datasets
DevOps-Central,aks-0d90350,AZURE,2026-07,432.9,0.0,0,616.91,AKS,Dev K8s cluster
DR-Recovery,azmon-05e3748,AZURE,2026-07,0.0,283.3,37027100,389.56,Azure Monitor,Logs and metrics
Shared-Services,gcs-0eef797,GCP,2026-07,0.0,4506.7,4634295,328.64,Cloud Storage,Media assets bucket
Production-Secondary,sqldb-041d260,AZURE,2026-07,482.2,165.2,0,802.78,SQL Database,Standard S3 production
Finance-Systems,csql-0637740,GCP,2026-07,810.9,230.1,0,971.93,Cloud SQL,PostgreSQL replica
Internal-Tools,lam-02ca983,AWS,2026-07,0.0,0.0,18390830,134.92,Lambda,Event processor
ML-Training,lam-0a31794,AWS,2026-07,0.0,0.0,13161676,94.47,Lambda,Notification dispatcher
Internal-Tools,s3-0496761,AWS,2026-07,0.0,4513.7,7188921,327.11,S3,Media content bucket
Customer-Portal,sentinel-024f652,AZURE,2026-07,0.0,0.0,55004422,1315.87,Microsoft Sentinel,Log analytics
Compliance-Audit,rds-0394586,AWS,2026-07,1015.7,284.0,0,920.45,RDS,db.t3.large development DB
Edge-Network,s3-05c3799,AWS,2026-07,0.0,12159.1,124276,292.70,S3,Backup storage bucket
Production-Secondary,mem-0895141,GCP,2026-07,643.3,0.0,0,456.86,Memorystore,Redis production cache
Partner-Integration,rds-0744686,AWS,2026-07,969.3,693.1,0,1912.67,RDS,db.r5.large PostgreSQL replica
Internal-Tools,aks-0b96889,AZURE,2026-07,233.8,0.0,0,359.54,AKS,Dev K8s cluster
Security-Ops,bq-07aa733,GCP,2026-07,0.0,7093.9,0,2937.31,BigQuery,Analytics data warehouse
Finance-Systems,elb-0747229,AWS,2026-07,741.3,0.0,31413959,227.68,ELB,Application load balancer
DevOps-Central,kv-0cb8429,AZURE,2026-07,0.0,0.0,425503,1.31,Key Vault,Certificate store
Partner-Integration,cf-0585487,AWS,2026-07,0.0,0.0,37238757,183.72,CloudFront,CDN API distribution
DevOps-Central,ddb-0400759,AWS,2026-07,1023.9,14.4,7137859,122.88,DynamoDB,Config store table
Mobile-Backend,aks-09cd525,AZURE,2026-07,1186.4,0.0,0,1807.50,AKS,Staging K8s cluster
QA-Testing,lam-07d9172,AWS,2026-07,0.0,0.0,3397013,23.25,Lambda,Webhook processor
Compliance-Audit,s3-0c9a509,AWS,2026-07,0.0,13882.6,2679227,484.22,S3,Data lake raw zone
Partner-Integration,s3-03cd881,AWS,2026-07,0.0,11123.1,675779,276.51,S3,Log archive bucket
Security-Ops,sm-0731134,AWS,2026-07,0.0,0.0,1253381,5.09,Secrets Manager,Application secrets
IoT-Platform,bq-0630303,GCP,2026-07,0.0,2973.1,0,1197.81,BigQuery,BI reporting views
Edge-Network,gke-110f445,GCP,2026-07,2560.7,0.0,0,4917.22,GKE,ML training cluster
Production-Main,app-0af8774,AZURE,2026-07,600.5,0.0,0,753.46,App Service,API app P2v3
Customer-Portal,bq-0fcc698,GCP,2026-07,0.0,1082.9,0,438.01,BigQuery,Data export queries
Edge-Network,kin-062d489,AWS,2026-07,529.7,0.0,14540843,214.21,Kinesis,Firehose delivery
Production-Secondary,app-0d9d259,AZURE,2026-07,643.0,0.0,0,99.28,App Service,Web app B1
Customer-Portal,s3-0924852,AWS,2026-07,0.0,19770.7,4027201,684.46,S3,Data lake raw zone
DevOps-Central,ebs-0f0a583,AWS,2026-07,0.0,488.7,0,308.08,EBS,io2 volumes database
Production-Main,gcs-0a61796,GCP,2026-07,0.0,3057.3,1501646,461.72,Cloud Storage,Model artifacts
Production-Main,gcs-0051350,GCP,2026-07,0.0,2882.1,1430451,442.82,Cloud Storage,Model artifacts
Data-Science,gke-012e883,GCP,2026-07,573.4,0.0,0,1710.13,GKE,Production API cluster
Compliance-Audit,rds-08ba268,AWS,2026-07,427.7,122.4,0,510.54,RDS,db.t3.medium MySQL staging
Finance-Systems,blob-0904360,AZURE,2026-07,0.0,8333.6,82530,245.41,Blob Storage,Backup storage
Production-Secondary,clog-0090952,GCP,2026-07,0.0,161.7,0,38.85,Cloud Logging,Audit logs
Marketing-Platform,rds-0a0d483,AWS,2026-07,768.4,216.6,0,686.01,RDS,db.t3.large development DB
Customer-Portal,elb-0d9e318,AWS,2026-07,661.4,0.0,27264512,194.13,ELB,Application load balancer
Customer-Portal,ca-0d0d656,GCP,2026-07,0.0,0.0,123124342,479.81,Cloud Armor,WAF policies
Production-Secondary,sqldb-0e2d429,AZURE,2026-07,539.5,180.7,0,908.42,SQL Database,Standard S3 production
QA-Testing,lam-0633601,AWS,2026-07,0.0,0.0,36396556,254.30,Lambda,API gateway handler
Staging-Env,ca-00ef814,GCP,2026-07,0.0,0.0,140064396,530.49,Cloud Armor,WAF policies
Production-Main,lam-0900698,AWS,2026-07,0.0,0.0,6692752,45.40,Lambda,Notification dispatcher
Production-Main,i-000e799,AWS,2026-07,675.4,0.0,0,2354.11,EC2,m5.2xlarge batch processor
Shared-Services,func-0ced650,AZURE,2026-07,0.0,0.0,3864305,57.26,Azure Functions,Webhook processor
Production-Main,s3-0018371,AWS,2026-07,0.0,53.8,26881369,175.21,S3,Static website hosting
Partner-Integration,bq-03bd412,GCP,2026-07,0.0,11499.0,0,4722.24,BigQuery,Analytics data warehouse
Security-Ops,bq-0c31657,GCP,2026-07,0.0,7052.4,0,2762.69,BigQuery,Analytics data warehouse
Marketing-Platform,lam-0e68625,AWS,2026-07,0.0,0.0,19430736,140.70,Lambda,Data transformer
Production-Secondary,blob-0b81720,AZURE,2026-07,0.0,2652.0,7042506,349.17,Blob Storage,Build artifacts
Analytics-Platform,ca-009d584,GCP,2026-07,0.0,0.0,91763084,357.16,Cloud Armor,WAF policies
Compliance-Audit,rs-05ed666,AWS,2026-07,0.0,0.0,5630857,288.91,Redshift,Spectrum queries
QA-Testing,lam-0d6c615,AWS,2026-07,0.0,0.0,5165620,36.87,Lambda,Image resizer
Internal-Tools,elb-02b7594,AWS,2026-07,1072.6,0.0,14705699,219.00,ELB,Classic load balancer
Analytics-Platform,gcs-0dc7280,GCP,2026-07,0.0,2444.2,2485393,175.84,Cloud Storage,Media assets bucket
Production-Main,gcf-0047290,GCP,2026-07,0.0,0.0,9494829,141.93,Cloud Functions,Data triggers
Analytics-Platform,kv-0d2b592,AZURE,2026-07,0.0,0.0,1716082,5.03,Key Vault,Secrets management
Marketing-Platform,clog-10bf457,GCP,2026-07,0.0,589.2,0,146.29,Cloud Logging,Application logs
Staging-Env,gcs-068f405,GCP,2026-07,0.0,16789.1,5561437,492.08,Cloud Storage,Data lake bucket
Staging-Env,gke-010a534,GCP,2026-07,719.8,0.0,0,2141.53,GKE,Production API cluster
Production-Secondary,sentinel-0af4539,AZURE,2026-07,0.0,0.0,75421043,1863.08,Microsoft Sentinel,SIEM detection
DevOps-Central,app-0bbb994,AZURE,2026-07,939.4,0.0,0,553.33,App Service,Web app P1v3
Edge-Network,bq-0e8a566,GCP,2026-07,0.0,6208.1,0,2451.27,BigQuery,Log analytics
Production-Secondary,csql-0514662,GCP,2026-07,809.7,220.2,0,957.12,Cloud SQL,PostgreSQL replica
Production-Secondary,elb-0e09451,AWS,2026-07,553.3,0.0,38209350,238.32,ELB,Network load balancer
Finance-Systems,elb-024b230,AWS,2026-07,745.6,0.0,31066928,226.12,ELB,Application load balancer
Customer-Portal,i-0293489,AWS,2026-07,673.7,0.0,0,2435.45,EC2,r5.2xlarge database server
Customer-Portal,vpn-08e8844,AWS,2026-07,1346.3,0.0,0,338.15,VPN Gateway,Client VPN endpoint
Internal-Tools,gcs-049a971,GCP,2026-07,0.0,481.6,7558378,87.98,Cloud Storage,Temp processing bucket
Mobile-Backend,sqs-114d103,AWS,2026-07,0.0,0.0,341102,0.17,SQS,Dead letter queue
Staging-Env,vai-0e58387,GCP,2026-07,528.9,0.0,0,2513.02,Vertex AI,Training pipelines
Marketing-Platform,rds-03ee310,AWS,2026-07,487.6,134.9,0,578.40,RDS,db.t3.medium MySQL staging
Finance-Systems,appi-0cbb472,AZURE,2026-07,0.0,0.0,61638811,752.90,Application Insights,APM telemetry
Edge-Network,gke-070c760,GCP,2026-07,2441.8,0.0,0,5046.75,GKE,ML training cluster
Production-Secondary,ado-0067979,AZURE,2026-07,0.0,142.1,0,35.18,Azure DevOps,Artifacts storage
Security-Ops,lam-0d8c482,AWS,2026-07,0.0,0.0,30302015,206.96,Lambda,Data transformer
Internal-Tools,s3-0b89139,AWS,2026-07,0.0,4013.7,6576241,295.95,S3,Media content bucket
Marketing-Platform,sm-0a87882,AWS,2026-07,0.0,0.0,1046988,4.33,Secrets Manager,Application secrets
Internal-Tools,cf-055f727,AWS,2026-07,0.0,0.0,148738641,750.11,CloudFront,CDN media distribution
Edge-Network,rds-031c544,AWS,2026-07,588.6,416.0,0,1487.65,RDS,db.r5.xlarge PostgreSQL primary
Security-Ops,s3-0d81273,AWS,2026-07,0.0,6272.4,9936742,450.98,S3,Media content bucket
DR-Recovery,appi-02f1748,AZURE,2026-07,0.0,0.0,21537663,274.26,Application Insights,Custom metrics
Compliance-Audit,sns-039a143,AWS,2026-07,0.0,0.0,18355148,9.03,SNS,Event fanout topic
DevOps-Central,r53-0d09187,AWS,2026-07,0.0,0.0,7978906,12.13,Route 53,Health checks
Marketing-Platform,cr-0816644,GCP,2026-07,842.9,0.0,16962197,1267.41,Cloud Run,API gateway service
Security-Ops,bq-04ab183,GCP,2026-07,0.0,1712.3,0,703.53,BigQuery,BI reporting views
Customer-Portal,csp-0273566,GCP,2026-07,657.8,92.2,45978162,3923.60,Cloud Spanner,Global transaction DB
Internal-Tools,gke-117b326,GCP,2026-07,4114.3,0.0,0,8265.00,GKE,GPU node pool
DevOps-Central,blob-0eeb156,AZURE,2026-07,0.0,8784.7,3297832,477.87,Blob Storage,Data lake storage
DevOps-Central,redis-00e7665,AZURE,2026-07,815.0,0.0,0,1011.17,Azure Cache for Redis,Premium P1 cache
Security-Ops,vai-0a4e225,GCP,2026-07,676.2,0.0,7437358,1459.69,Vertex AI,Model serving endpoints
Production-Main,i-0cdb323,AWS,2026-07,607.6,0.0,0,2106.30,EC2,m5.2xlarge batch processor
Marketing-Platform,rs-10ad805,AWS,2026-07,0.0,0.0,6568108,323.19,Redshift,Spectrum queries
Security-Ops,sqs-105a137,AWS,2026-07,0.0,0.0,53225542,26.63,SQS,Event notification queue
Marketing-Platform,cmon-10a4978,GCP,2026-07,0.0,0.0,32948024,264.70,Cloud Monitoring,Metrics and alerting
Security-Ops,bq-0403972,GCP,2026-07,0.0,9535.1,0,3737.77,BigQuery,Analytics data warehouse
Staging-Env,gcs-0eb2738,GCP,2026-07,0.0,22140.3,53327,216.73,Cloud Storage,Archive bucket
Customer-Portal,fs-0271522,GCP,2026-07,954.0,66.1,39285353,533.47,Firestore,User profiles DB
Shared-Services,app-0fa0693,AZURE,2026-07,1052.4,0.0,0,1298.49,App Service,API app P2v3
Shared-Services,ec-0919815,AWS,2026-07,846.9,0.0,0,302.04,ElastiCache,Redis staging cluster
Partner-Integration,gke-10ce108,GCP,2026-07,853.3,0.0,0,2542.01,GKE,Production API cluster
Partner-Integration,sm-0516935,AWS,2026-07,0.0,0.0,1326704,5.36,Secrets Manager,Application secrets
Internal-Tools,vm-0b99997,AZURE,2026-07,958.8,0.0,0,558.19,Virtual Machines,D2s v3 utility server
IoT-Platform,gke-035d930,GCP,2026-07,3251.0,0.0,0,6777.59,GKE,GPU node pool
Customer-Portal,s3-1138674,AWS,2026-07,0.0,22792.1,4396689,781.12,S3,Data lake raw zone
Analytics-Platform,cr-1158908,GCP,2026-07,574.3,0.0,2401742,753.81,Cloud Run,ETL pipeline service
Shared-Services,vm-0ebb781,AZURE,2026-07,1126.4,0.0,0,1316.29,Virtual Machines,D4s v3 CI runner
Analytics-Platform,csql-00a8530,GCP,2026-07,548.6,385.5,0,1076.41,Cloud SQL,MySQL analytics
Production-Main,kv-098d208,AZURE,2026-07,0.0,0.0,2683760,8.49,Key Vault,Secrets management
Finance-Systems,blob-0712300,AZURE,2026-07,0.0,7601.3,78026,233.47,Blob Storage,Backup storage
Edge-Network,s3-0fd4667,AWS,2026-07,0.0,64.6,32093400,207.34,S3,Static website hosting
ML-Training,lam-0702545,AWS,2026-07,0.0,0.0,51815928,346.83,Lambda,API gateway handler
Data-Science,i-05ef571,AWS,2026-07,538.0,0.0,0,1891.38,EC2,m5.2xlarge batch processor
Production-Main,app-09d8629,AZURE,2026-07,1148.6,0.0,0,667.15,App Service,Web app P1v3
Edge-Network,csql-06f9688,GCP,2026-07,876.3,244.0,0,1076.70,Cloud SQL,PostgreSQL replica
QA-Testing,lam-03de810,AWS,2026-07,0.0,0.0,4702042,33.74,Lambda,Image resizer
Data-Science,gcs-0114363,GCP,2026-07,0.0,10864.5,273152,250.41,Cloud Storage,Backup bucket
Production-Secondary,cosmos-0f2c465,AZURE,2026-07,632.4,87.0,21228066,819.82,Cosmos DB,Event store
Data-Science,blob-0156872,AZURE,2026-07,0.0,2652.4,6772996,331.01,Blob Storage,Build artifacts
IoT-Platform,bq-0cde410,GCP,2026-07,0.0,4065.6,0,1634.52,BigQuery,BI reporting views
Internal-Tools,rds-0635463,AWS,2026-07,901.5,1240.9,0,4034.54,RDS,db.r5.2xlarge Aurora cluster
Production-Secondary,ps-009b435,GCP,2026-07,0.0,0.0,24215498,292.98,Pub/Sub,Event streaming
Partner-Integration,ado-03a8410,AZURE,2026-07,670.6,0.0,0,329.75,Azure DevOps,Pipelines hosted
Production-Main,cf-0dd5490,AWS,2026-07,0.0,0.0,35846358,177.74,CloudFront,CDN API distribution
Shared-Services,app-01bf246,AZURE,2026-07,1025.5,0.0,0,1265.98,App Service,API app P2v3
Production-Main,ca-07a9600,GCP,2026-07,0.0,0.0,134840483,504.70,Cloud Armor,WAF policies
Production-Secondary,csql-0780305,GCP,2026-07,660.8,455.9,0,1290.80,Cloud SQL,MySQL analytics
Production-Secondary,vai-0092460,GCP,2026-07,267.7,0.0,0,1358.71,Vertex AI,AutoML jobs
Customer-Portal,ses-084a395,AWS,2026-07,0.0,0.0,830018,0.97,SES,Marketing email
Finance-Systems,sentinel-0208778,AZURE,2026-07,0.0,0.0,118353936,2843.55,Microsoft Sentinel,SIEM detection
Mobile-Backend,eh-0336161,AZURE,2026-07,765.9,0.0,31023495,356.68,Event Hubs,Standard throughput units
Finance-Systems,blob-1031652,AZURE,2026-07,0.0,5735.8,59540,172.98,Blob Storage,Backup storage
Partner-Integration,rds-08e0524,AWS,2026-07,815.7,598.9,0,1700.31,RDS,db.r5.large PostgreSQL replica
Security-Ops,mem-0162208,GCP,2026-07,396.8,0.0,0,286.02,Memorystore,Redis staging cache
Mobile-Backend,azmon-033b163,AZURE,2026-07,0.0,348.4,46654836,517.22,Azure Monitor,Logs and metrics
Production-Main,vm-1165798,AZURE,2026-07,717.6,0.0,0,889.36,Virtual Machines,D4s v3 CI runner
Security-Ops,s3-0cf8570,AWS,2026-07,0.0,18132.2,3709920,648.58,S3,Data lake raw zone
Shared-Services,vm-01bc461,AZURE,2026-07,935.9,0.0,0,3355.63,Virtual Machines,E8s v3 memory-optimized
Analytics-Platform,vai-0f1e752,GCP,2026-07,200.8,0.0,0,988.06,Vertex AI,AutoML jobs
Customer-Portal,i-10b9488,AWS,2026-07,646.8,0.0,0,2214.96,EC2,r5.2xlarge database server
Production-Secondary,blob-0bcf230,AZURE,2026-07,0.0,2527.9,6324854,410.00,Blob Storage,Media content
Customer-Portal,bq-0495859,GCP,2026-07,0.0,1086.7,0,432.06,BigQuery,Data export queries
Finance-Systems,gcs-0894469,GCP,2026-07,0.0,445.0,7235303,82.59,Cloud Storage,Temp processing bucket
Shared-Services,aks-048e500,AZURE,2026-07,403.7,0.0,0,601.58,AKS,Dev K8s cluster
Mobile-Backend,kv-065f722,AZURE,2026-07,0.0,0.0,526336,1.58,Key Vault,Certificate store
Analytics-Platform,eh-0b1e568,AZURE,2026-07,0.0,470.8,0,118.22,Event Hubs,Capture to storage
Mobile-Backend,vm-0b70277,AZURE,2026-07,860.2,0.0,0,1071.24,Virtual Machines,D4s v3 CI runner
Mobile-Backend,aks-0ae4200,AZURE,2026-07,1211.1,0.0,0,1808.37,AKS,Staging K8s cluster
Analytics-Platform,kv-041a844,AZURE,2026-07,0.0,0.0,561901,1.69,Key Vault,Certificate store
Customer-Portal,i-0c96590,AWS,2026-07,600.3,0.0,0,43.85,EC2,t3.micro bastion host
Compliance-Audit,rds-053c805,AWS,2026-07,972.4,681.8,0,1981.51,RDS,db.r5.large PostgreSQL replica
Partner-Integration,df-0897714,GCP,2026-07,968.1,0.0,0,2326.59,Dataflow,Streaming pipeline
DR-Recovery,fd-02ef948,AZURE,2026-07,0.0,0.0,76501958,576.81,Front Door,Global load balancer
Staging-Env,cr-0110150,GCP,2026-07,942.3,0.0,19092294,1415.03,Cloud Run,API gateway service
Analytics-Platform,gke-07d1585,GCP,2026-07,6145.2,0.0,0,12831.62,GKE,GPU node pool
Marketing-Platform,rds-0f2b947,AWS,2026-07,474.9,133.4,0,556.52,RDS,db.t3.medium MySQL staging
Marketing-Platform,sns-01d8631,AWS,2026-07,0.0,0.0,28962532,14.92,SNS,Event fanout topic
Marketing-Platform,vpn-01d4232,AWS,2026-07,927.0,0.0,0,484.74,VPN Gateway,Site-to-site VPN
Internal-Tools,clog-0a33159,GCP,2026-07,0.0,241.8,0,59.95,Cloud Logging,Audit logs
Marketing-Platform,ps-0eb7413,GCP,2026-07,0.0,0.0,46928981,597.60,Pub/Sub,Log forwarding
Edge-Network,gcf-1145460,GCP,2026-07,0.0,0.0,11843322,181.86,Cloud Functions,Data triggers
Customer-Portal,fd-0b08398,AZURE,2026-07,0.0,0.0,68300775,523.96,Front Door,Global load balancer
Partner-Integration,sm-0a9b348,AWS,2026-07,0.0,0.0,1552941,6.54,Secrets Manager,Application secrets
Production-Secondary,app-0d65909,AZURE,2026-07,1151.7,0.0,0,694.67,App Service,Web app P1v3
Internal-Tools,sqs-072f342,AWS,2026-07,0.0,0.0,54748011,27.85,SQS,Order processing queue
Customer-Portal,elb-0b22743,AWS,2026-07,789.0,0.0,33628216,241.78,ELB,Application load balancer
Analytics-Platform,bq-00ab376,GCP,2026-07,0.0,17752.3,0,7010.72,BigQuery,ML training datasets
Internal-Tools,gcs-0653898,GCP,2026-07,0.0,8921.8,228898,215.13,Cloud Storage,Backup bucket
Internal-Tools,rds-0b14107,AWS,2026-07,531.4,590.3,0,1266.76,RDS,db.m5.xlarge analytics DB
Internal-Tools,blob-0a06232,AZURE,2026-07,0.0,3830.9,10130975,485.59,Blob Storage,Build artifacts
Production-Main,cosmos-002a508,AZURE,2026-07,915.7,258.9,50179860,2071.44,Cosmos DB,User data store
DR-Recovery,fd-1129787,AZURE,2026-07,0.0,0.0,79764872,598.53,Front Door,Global load balancer
Customer-Portal,vpn-0e20680,AWS,2026-07,916.0,0.0,0,230.43,VPN Gateway,Client VPN endpoint
Staging-Env,fs-07cf154,GCP,2026-07,1024.3,74.2,44497329,583.15,Firestore,User profiles DB
Edge-Network,gke-0308268,GCP,2026-07,2591.7,0.0,0,5263.23,GKE,ML training cluster
Customer-Portal,i-0473915,AWS,2026-07,664.6,0.0,0,949.51,EC2,c5.xlarge compute worker
Security-Ops,gke-0c59907,GCP,2026-07,2945.7,0.0,0,5862.98,GKE,ML training cluster
DevOps-Central,appi-1157479,AZURE,2026-07,0.0,0.0,64019192,770.99,Application Insights,APM telemetry
Marketing-Platform,sqs-06a7298,AWS,2026-07,0.0,0.0,63075839,31.09,SQS,Order processing queue
Production-Main,app-0029993,AZURE,2026-07,676.8,0.0,0,106.12,App Service,Web app B1
Internal-Tools,s3-0b0b520,AWS,2026-07,0.0,39.4,20177052,128.44,S3,Static website hosting
Shared-Services,gcs-068c251,GCP,2026-07,0.0,533.7,8465773,94.95,Cloud Storage,Temp processing bucket
Compliance-Audit,s3-045c748,AWS,2026-07,0.0,14343.7,2990116,508.79,S3,Data lake raw zone
Mobile-Backend,aks-0bc9456,AZURE,2026-07,1324.2,0.0,0,1929.66,AKS,Staging K8s cluster
DevOps-Central,appi-0a74430,AZURE,2026-07,0.0,0.0,76653072,962.14,Application Insights,APM telemetry
Mobile-Backend,vm-0347828,AZURE,2026-07,609.3,0.0,0,1126.72,Virtual Machines,E4s v3 SIEM collector
Mobile-Backend,vm-04f4258,AZURE,2026-07,813.6,0.0,0,505.45,Virtual Machines,D2s v3 utility server
Marketing-Platform,gcf-0a04526,GCP,2026-07,0.0,0.0,2192017,34.63,Cloud Functions,Scheduled tasks
Production-Main,sentinel-0b5c731,AZURE,2026-07,0.0,0.0,74195517,1864.09,Microsoft Sentinel,SIEM detection
Analytics-Platform,eh-0920184,AZURE,2026-07,587.5,0.0,24186568,259.04,Event Hubs,Standard throughput units
Security-Ops,ec-0f25929,AWS,2026-07,579.9,0.0,0,201.63,ElastiCache,Redis staging cluster
Production-Main,lam-06c3822,AWS,2026-07,0.0,0.0,36926631,259.17,Lambda,Data transformer
Finance-Systems,gcf-0421328,GCP,2026-07,0.0,0.0,13604724,207.22,Cloud Functions,Data triggers
Mobile-Backend,vm-0ab2945,AZURE,2026-07,646.6,0.0,0,2398.85,Virtual Machines,E8s v3 memory-optimized
Customer-Portal,ses-0dea201,AWS,2026-07,0.0,0.0,645500,0.79,SES,Marketing email
Shared-Services,fd-0c84968,AZURE,2026-07,0.0,0.0,78718459,603.04,Front Door,Global load balancer
Marketing-Platform,vai-0994295,GCP,2026-07,572.9,0.0,6147136,1232.70,Vertex AI,Model serving endpoints
Internal-Tools,gke-0f44955,GCP,2026-07,718.0,0.0,0,2214.51,GKE,Batch processing cluster
Customer-Portal,gke-027e488,GCP,2026-07,1739.5,0.0,0,3498.41,GKE,ML training cluster
Analytics-Platform,gke-0c27957,GCP,2026-07,5477.7,0.0,0,10917.10,GKE,GPU node pool
Internal-Tools,s3-066e839,AWS,2026-07,0.0,4257.2,6806064,314.16,S3,Media content bucket
Marketing-Platform,r53-05f2407,AWS,2026-07,0.0,0.0,56231044,86.48,Route 53,DNS hosting
Partner-Integration,sqldb-03a7375,AZURE,2026-07,930.0,334.3,0,1558.51,SQL Database,Standard S3 production
Analytics-Platform,aks-063d802,AZURE,2026-07,549.4,0.0,0,833.98,AKS,Dev K8s cluster
Internal-Tools,fs-02d5561,GCP,2026-07,703.4,48.4,29176449,400.08,Firestore,User profiles DB
Data-Science,mem-054a856,GCP,2026-07,1183.8,0.0,0,849.67,Memorystore,Redis production cache
Marketing-Platform,i-0c79279,AWS,2026-07,670.3,0.0,0,2283.89,EC2,r5.2xlarge database server
Partner-Integration,r53-03d8284,AWS,2026-07,0.0,0.0,69153292,106.16,Route 53,DNS hosting
Security-Ops,bq-0cc3233,GCP,2026-07,0.0,9313.1,0,3788.30,BigQuery,Analytics data warehouse
Production-Main,lam-04a5904,AWS,2026-07,0.0,0.0,34258982,240.61,Lambda,Data transformer
Production-Main,kv-0c89603,AZURE,2026-07,0.0,0.0,2467606,7.41,Key Vault,Secrets management
Mobile-Backend,ebs-0b07495,AWS,2026-07,0.0,3557.7,0,160.56,EBS,st1 volumes archive
Shared-Services,func-0ed4230,AZURE,2026-07,0.0,0.0,9172211,143.28,Azure Functions,Event processors
Finance-Systems,elb-0eae911,AWS,2026-07,758.4,0.0,32418448,234.55,ELB,Application load balancer
Analytics-Platform,cr-00b9666,GCP,2026-07,243.1,0.0,1045267,207.45,Cloud Run,Image processor
Production-Main,vm-003f653,AZURE,2026-07,869.8,0.0,0,2207.51,Virtual Machines,D8s v3 application server
Production-Main,kin-09ce928,AWS,2026-07,660.5,0.0,18646675,274.52,Kinesis,Firehose delivery
Shared-Services,rds-0a3f668,AWS,2026-07,612.4,860.9,0,2783.46,RDS,db.r5.2xlarge Aurora cluster
Marketing-Platform,cr-0c41360,GCP,2026-07,550.4,0.0,2331392,739.88,Cloud Run,ETL pipeline service
IoT-Platform,fs-034e949,GCP,2026-07,1029.4,73.0,42310556,589.56,Firestore,User profiles DB
Finance-Systems,gcs-07ec274,GCP,2026-07,0.0,502.2,7705455,90.78,Cloud Storage,Temp processing bucket
Mobile-Backend,vm-0341972,AZURE,2026-07,531.1,0.0,0,4899.39,Virtual Machines,NC6s v3 GPU VM
Security-Ops,df-0b6c552,GCP,2026-07,332.1,0.0,0,792.17,Dataflow,Batch pipeline
Data-Science,mem-012a968,GCP,2026-07,1069.3,0.0,0,783.73,Memorystore,Redis production cache
Security-Ops,nat-0d72337,AWS,2026-07,816.4,0.0,0,185.34,NAT Gateway,Staging VPC NAT
IoT-Platform,bq-0b66868,GCP,2026-07,0.0,3026.1,0,1185.32,BigQuery,BI reporting views
Compliance-Audit,s3-038b490,AWS,2026-07,0.0,13335.3,2715933,461.53,S3,Data lake raw zone
Customer-Portal,blob-105b713,AZURE,2026-07,0.0,6211.1,0,630.22,Blob Storage,Security audit logs
Partner-Integration,sqldb-0750133,AZURE,2026-07,1045.3,355.9,0,1788.85,SQL Database,Standard S3 production
QA-Testing,elb-0c75777,AWS,2026-07,693.2,0.0,9860714,140.07,ELB,Classic load balancer
ML-Training,eks-036e675,AWS,2026-07,457.8,0.0,0,1358.46,EKS,Staging K8s cluster
Analytics-Platform,gke-00b7195,GCP,2026-07,5663.4,0.0,0,11653.62,GKE,GPU node pool
Staging-Env,cr-0e13304,GCP,2026-07,732.0,0.0,2992013,905.82,Cloud Run,ETL pipeline service
Marketing-Platform,rds-0ae5139,AWS,2026-07,385.8,107.7,0,457.83,RDS,db.t3.medium MySQL staging
Customer-Portal,s3-05ee685,AWS,2026-07,0.0,19047.8,3765225,652.12,S3,Data lake raw zone
Internal-Tools,cf-0823451,AWS,2026-07,0.0,0.0,145141441,724.45,CloudFront,CDN media distribution
Internal-Tools,gcs-02da914,GCP,2026-07,0.0,3515.8,3489982,259.40,Cloud Storage,Media assets bucket
Staging-Env,ca-0862572,GCP,2026-07,0.0,0.0,125061285,477.85,Cloud Armor,WAF policies
Partner-Integration,mem-0822632,GCP,2026-07,302.7,0.0,0,216.53,Memorystore,Redis staging cache
Edge-Network,gke-0bd1995,GCP,2026-07,2724.3,0.0,0,5539.27,GKE,ML training cluster
DevOps-Central,kin-0e6b990,AWS,2026-07,943.8,0.0,25967299,383.00,Kinesis,Firehose delivery
Data-Science,rds-0af2839,AWS,2026-07,984.0,688.2,0,2483.62,RDS,db.r5.xlarge PostgreSQL primary
IoT-Platform,bq-107d256,GCP,2026-07,0.0,3341.6,0,1377.18,BigQuery,BI reporting views
Shared-Services,cosmos-089a538,AZURE,2026-07,758.4,101.9,25835163,948.68,Cosmos DB,Event store
Finance-Systems,blob-0dfa184,AZURE,2026-07,0.0,5846.4,56419,167.63,Blob Storage,Backup storage
Finance-Systems,elb-0c7f397,AWS,2026-07,662.4,0.0,9369486,133.55,ELB,Classic load balancer
Partner-Integration,df-0628108,GCP,2026-07,1055.0,0.0,0,2551.99,Dataflow,Streaming pipeline
Production-Main,cmon-1020557,GCP,2026-07,0.0,0.0,24741945,207.81,Cloud Monitoring,Metrics and alerting
Partner-Integration,elb-10fd576,AWS,2026-07,974.5,0.0,13541717,195.11,ELB,Classic load balancer
Production-Secondary,ecs-0072782,AWS,2026-07,396.9,0.0,0,745.43,ECS,Fargate worker cluster
Production-Main,i-088c201,AWS,2026-07,1049.0,0.0,0,79.72,EC2,t3.micro bastion host
Finance-Systems,appi-0fa4969,AZURE,2026-07,0.0,0.0,19702504,246.44,Application Insights,Custom metrics
Marketing-Platform,ddb-0bd3653,AWS,2026-07,642.7,44.1,72841781,499.09,DynamoDB,Session store table
Production-Secondary,redis-0d5e966,AZURE,2026-07,981.5,0.0,0,1158.29,Azure Cache for Redis,Premium P1 cache
Compliance-Audit,s3-0a41751,AWS,2026-07,0.0,632.9,1219012,54.59,S3,Artifact storage
Internal-Tools,rds-02c6302,AWS,2026-07,894.6,1215.1,0,3837.42,RDS,db.r5.2xlarge Aurora cluster
Edge-Network,ebs-118e723,AWS,2026-07,0.0,673.2,0,85.47,EBS,gp3 volumes production
Finance-Systems,appi-0fdc444,AZURE,2026-07,0.0,0.0,41508395,541.44,Application Insights,APM telemetry
Finance-Systems,cr-0fa9949,GCP,2026-07,354.1,0.0,3040593,318.26,Cloud Run,Webhook handler
Mobile-Backend,acr-0d0e656,AZURE,2026-07,0.0,208.3,416396,136.07,Container Registry,Docker image registry
Marketing-Platform,vai-0f53537,GCP,2026-07,608.0,0.0,6764845,1333.94,Vertex AI,Model serving endpoints
Security-Ops,vai-016d169,GCP,2026-07,403.5,0.0,0,2113.82,Vertex AI,Training pipelines
Edge-Network,gcs-0302936,GCP,2026-07,0.0,19476.8,6233189,571.51,Cloud Storage,Data lake bucket
Security-Ops,ecs-0c7d446,AWS,2026-07,678.1,0.0,0,1234.63,ECS,Fargate API cluster
Compliance-Audit,vpn-0870914,AWS,2026-07,981.5,0.0,0,249.35,VPN Gateway,Client VPN endpoint
DevOps-Central,vm-00e1513,AZURE,2026-07,1062.6,0.0,0,1528.61,Virtual Machines,F4s v2 compute node
Security-Ops,bq-0b2e575,GCP,2026-07,0.0,9047.5,0,3470.93,BigQuery,Analytics data warehouse
Customer-Portal,bq-0af1701,GCP,2026-07,0.0,1060.4,0,423.22,BigQuery,Data export queries
Shared-Services,ado-0498358,AZURE,2026-07,0.0,107.3,0,27.08,Azure DevOps,Artifacts storage
Shared-Services,gcs-0eea952,GCP,2026-07,0.0,7545.1,180149,166.26,Cloud Storage,Backup bucket
Marketing-Platform,ps-0df1128,GCP,2026-07,0.0,0.0,51142854,620.48,Pub/Sub,Log forwarding
Customer-Portal,clog-0c8b599,GCP,2026-07,0.0,145.9,0,35.77,Cloud Logging,Audit logs
Security-Ops,ecs-0f17873,AWS,2026-07,201.2,0.0,0,376.49,ECS,Fargate batch cluster
Analytics-Platform,aks-07be261,AZURE,2026-07,485.8,0.0,0,719.29,AKS,Dev K8s cluster
Analytics-Platform,gcs-08fa192,GCP,2026-07,0.0,2571.0,2516161,185.73,Cloud Storage,Media assets bucket
Shared-Services,ado-0524335,AZURE,2026-07,627.4,0.0,0,310.79,Azure DevOps,Pipelines hosted
Shared-Services,gcs-01ab145,GCP,2026-07,0.0,15114.3,4903479,452.80,Cloud Storage,Data lake bucket
Shared-Services,r53-07dc433,AWS,2026-07,0.0,0.0,79867521,122.16,Route 53,DNS hosting
Production-Secondary,sb-0061462,AZURE,2026-07,0.0,0.0,24707186,62.06,Service Bus,Standard messaging
Data-Science,rds-10d2290,AWS,2026-07,893.6,616.9,0,2283.16,RDS,db.r5.xlarge PostgreSQL primary
Data-Science,aks-0151245,AZURE,2026-07,1509.6,0.0,0,2302.92,AKS,Staging K8s cluster
Analytics-Platform,bq-0608863,GCP,2026-07,0.0,10652.6,0,4321.90,BigQuery,Analytics data warehouse
Compliance-Audit,i-06f6166,AWS,2026-07,794.1,0.0,0,691.81,EC2,m5.large monitoring server
Security-Ops,gcs-0e02175,GCP,2026-07,0.0,5524.4,139477,128.58,Cloud Storage,Backup bucket
Finance-Systems,gcf-1131750,GCP,2026-07,0.0,0.0,13085099,191.39,Cloud Functions,Data triggers
Internal-Tools,blob-0a05230,AZURE,2026-07,0.0,5641.2,0,570.08,Blob Storage,Security audit logs
Data-Science,blob-04af932,AZURE,2026-07,0.0,2174.2,5443340,347.12,Blob Storage,Media content
Edge-Network,lam-032b472,AWS,2026-07,0.0,0.0,23965222,163.34,Lambda,Data transformer
Staging-Env,gcs-0c37460,GCP,2026-07,0.0,13919.3,4545540,413.64,Cloud Storage,Data lake bucket
Marketing-Platform,cr-0e17356,GCP,2026-07,631.7,0.0,2637132,843.40,Cloud Run,ETL pipeline service
Finance-Systems,cmon-022a754,GCP,2026-07,0.0,0.0,35204861,295.28,Cloud Monitoring,Metrics and alerting
Partner-Integration,rs-0c70645,AWS,2026-07,821.7,2234.2,0,4107.18,Redshift,Data warehouse cluster
ML-Training,rds-0485498,AWS,2026-07,671.5,757.5,0,1640.11,RDS,db.m5.xlarge analytics DB
Mobile-Backend,ado-0337337,AZURE,2026-07,0.0,83.1,0,20.16,Azure DevOps,Artifacts storage
Customer-Portal,bq-0a4a962,GCP,2026-07,0.0,1228.3,0,482.72,BigQuery,Data export queries
QA-Testing,lam-08bd801,AWS,2026-07,0.0,0.0,3461274,25.30,Lambda,Webhook processor
Analytics-Platform,ado-0c1c621,AZURE,2026-07,0.0,120.6,0,29.57,Azure DevOps,Artifacts storage
Data-Science,i-064e209,AWS,2026-07,883.9,0.0,0,741.92,EC2,t3.large application server
Production-Main,lam-0858407,AWS,2026-07,0.0,0.0,5664419,39.35,Lambda,Notification dispatcher
Security-Ops,ecs-0882716,AWS,2026-07,203.8,0.0,0,370.52,ECS,Fargate batch cluster
Data-Science,i-0b3c554,AWS,2026-07,396.4,0.0,0,1141.90,EC2,c5.2xlarge HPC node
Mobile-Backend,acr-0933982,AZURE,2026-07,0.0,195.7,391954,126.73,Container Registry,Docker image registry
Partner-Integration,rs-0902323,AWS,2026-07,0.0,0.0,5772493,292.52,Redshift,Spectrum queries
Shared-Services,ebs-086f615,AWS,2026-07,0.0,604.1,0,375.23,EBS,io2 volumes database
Internal-Tools,elb-0520569,AWS,2026-07,1231.0,0.0,17401632,254.76,ELB,Classic load balancer
Marketing-Platform,gcf-1078297,GCP,2026-07,0.0,0.0,2273115,33.63,Cloud Functions,Scheduled tasks
Finance-Systems,blob-0a9d546,AZURE,2026-07,0.0,9623.9,95513,287.54,Blob Storage,Backup storage
Security-Ops,gke-0174910,GCP,2026-07,560.2,0.0,0,1672.42,GKE,Batch processing cluster
Staging-Env,bq-0ffd650,GCP,2026-07,0.0,6343.0,0,2582.21,BigQuery,Log analytics
QA-Testing,lam-0e28351,AWS,2026-07,0.0,0.0,4903931,33.24,Lambda,Image resizer
Production-Secondary,r53-0e6c250,AWS,2026-07,0.0,0.0,9061150,13.92,Route 53,Health checks
Shared-Services,nat-0d10205,AWS,2026-07,649.5,0.0,0,146.89,NAT Gateway,Staging VPC NAT
ML-Training,rds-0b52197,AWS,2026-07,676.7,756.2,0,1557.52,RDS,db.m5.xlarge analytics DB
Marketing-Platform,gcf-0a8d204,GCP,2026-07,0.0,0.0,2239871,33.50,Cloud Functions,Scheduled tasks
Security-Ops,sqldb-07af165,AZURE,2026-07,1029.2,73.8,0,210.61,SQL Database,Basic dev database
Staging-Env,ps-00f0976,GCP,2026-07,0.0,0.0,15198796,197.36,Pub/Sub,Data pipeline
Marketing-Platform,ps-0d0f145,GCP,2026-07,0.0,0.0,16656147,206.80,Pub/Sub,Data pipeline
Analytics-Platform,bq-00aa634,GCP,2026-07,0.0,4353.6,0,1730.72,BigQuery,Log analytics
Partner-Integration,sb-0677216,AZURE,2026-07,723.1,0.0,9915603,555.44,Service Bus,Premium messaging
Edge-Network,csql-0303589,GCP,2026-07,924.5,249.8,0,1094.21,Cloud SQL,PostgreSQL replica
Edge-Network,gcf-0d2e351,GCP,2026-07,0.0,0.0,13164235,196.47,Cloud Functions,Data triggers
Partner-Integration,ddb-03d4797,AWS,2026-07,590.2,42.2,65764639,470.21,DynamoDB,Session store table
Finance-Systems,s3-0243583,AWS,2026-07,0.0,74.1,38022491,241.97,S3,Static website hosting
Internal-Tools,eh-0fe7790,AZURE,2026-07,0.0,612.0,0,148.97,Event Hubs,Capture to storage
Partner-Integration,kin-1069401,AWS,2026-07,975.3,0.0,39359327,596.23,Kinesis,Data stream ingestion
Analytics-Platform,gcs-0569506,GCP,2026-07,0.0,2265.7,2250581,167.17,Cloud Storage,Media assets bucket
Staging-Env,fs-010c209,GCP,2026-07,1002.6,70.3,41241867,561.01,Firestore,User profiles DB
Mobile-Backend,vm-08df543,AZURE,2026-07,999.6,0.0,0,1480.93,Virtual Machines,F4s v2 compute node
Production-Main,kin-0ab3175,AWS,2026-07,768.0,0.0,32289228,464.92,Kinesis,Data stream ingestion
Marketing-Platform,sqs-01dc694,AWS,2026-07,0.0,0.0,60700822,29.97,SQS,Order processing queue
Production-Main,blob-072a535,AZURE,2026-07,0.0,2782.1,7664849,355.34,Blob Storage,Build artifacts
Finance-Systems,sqldb-0638934,AZURE,2026-07,1158.0,402.1,0,1963.54,SQL Database,Standard S3 production
Customer-Portal,ebs-0da4750,AWS,2026-07,0.0,596.0,0,359.24,EBS,io2 volumes database
Marketing-Platform,vai-0a89162,GCP,2026-07,307.8,0.0,0,1481.64,Vertex AI,AutoML jobs
DevOps-Central,redis-0746127,AZURE,2026-07,794.5,0.0,0,972.59,Azure Cache for Redis,Premium P1 cache
Production-Secondary,ado-0f7a776,AZURE,2026-07,0.0,122.6,0,30.87,Azure DevOps,Artifacts storage
Shared-Services,vm-0ef9933,AZURE,2026-07,585.1,0.0,0,1037.72,Virtual Machines,E4s v3 SIEM collector
Customer-Portal,gcs-027b506,GCP,2026-07,0.0,19034.4,46951,186.28,Cloud Storage,Archive bucket
QA-Testing,lam-0e97658,AWS,2026-07,0.0,0.0,3688328,25.44,Lambda,Webhook processor
Edge-Network,kin-0317180,AWS,2026-07,578.5,0.0,16158253,230.59,Kinesis,Firehose delivery
IoT-Platform,bq-07f6141,GCP,2026-07,0.0,2104.4,0,839.78,BigQuery,Data export queries
Shared-Services,r53-0198426,AWS,2026-07,0.0,0.0,9346104,13.99,Route 53,Health checks
Internal-Tools,sqs-02ad468,AWS,2026-07,0.0,0.0,41036416,20.50,SQS,Event notification queue
Internal-Tools,vm-084b534,AZURE,2026-07,837.1,0.0,0,497.48,Virtual Machines,D2s v3 utility server
Internal-Tools,ses-0971417,AWS,2026-07,0.0,0.0,3204983,3.89,SES,Transactional email
Internal-Tools,cr-02e2142,GCP,2026-07,325.3,0.0,1383234,285.26,Cloud Run,Image processor
Partner-Integration,gke-0e1d533,GCP,2026-07,776.7,0.0,0,2266.49,GKE,Production API cluster
Internal-Tools,sqs-0595574,AWS,2026-07,0.0,0.0,59412976,29.55,SQS,Order processing queue
Data-Science,i-0e57691,AWS,2026-07,368.1,0.0,0,1091.65,EC2,c5.2xlarge HPC node
Partner-Integration,sm-04a9467,AWS,2026-07,0.0,0.0,1403224,5.59,Secrets Manager,Application secrets
Partner-Integration,ec-10a3752,AWS,2026-07,496.8,0.0,0,177.11,ElastiCache,Redis staging cluster
Customer-Portal,bq-0f5a146,GCP,2026-07,0.0,1015.6,0,417.24,BigQuery,Data export queries
Finance-Systems,blob-0899517,AZURE,2026-07,0.0,8834.8,88153,266.34,Blob Storage,Backup storage
Analytics-Platform,gcf-009e362,GCP,2026-07,0.0,0.0,8815113,129.90,Cloud Functions,Auth handlers
Production-Main,s3-09f4341,AWS,2026-07,0.0,11022.3,683725,270.40,S3,Log archive bucket
Production-Secondary,i-007c627,AWS,2026-07,576.3,0.0,0,1008.27,EC2,r5.xlarge cache server
Customer-Portal,ses-071f490,AWS,2026-07,0.0,0.0,752727,0.87,SES,Marketing email
Compliance-Audit,sm-10f2477,AWS,2026-07,0.0,0.0,1490824,5.73,Secrets Manager,Application secrets
Analytics-Platform,cr-0d62306,GCP,2026-07,462.7,0.0,1979851,610.12,Cloud Run,ETL pipeline service
Internal-Tools,gcf-02d7493,GCP,2026-07,0.0,0.0,10550693,161.64,Cloud Functions,Data triggers
Internal-Tools,ebs-0f72121,AWS,2026-07,0.0,1559.4,0,201.26,EBS,gp3 volumes production
Security-Ops,ecs-0d3c531,AWS,2026-07,527.5,0.0,0,978.55,ECS,Fargate API cluster
Finance-Systems,app-070d322,AZURE,2026-07,925.2,0.0,0,143.51,App Service,Web app B1
Internal-Tools,gke-02d4601,GCP,2026-07,2470.9,0.0,0,4904.66,GKE,ML training cluster
Shared-Services,r53-0ff4269,AWS,2026-07,0.0,0.0,69612994,107.87,Route 53,DNS hosting
ML-Training,ebs-05fc988,AWS,2026-07,0.0,4417.0,0,200.72,EBS,st1 volumes archive
QA-Testing,lam-0998741,AWS,2026-07,0.0,0.0,4694902,32.31,Lambda,Image resizer
Customer-Portal,cr-0279346,GCP,2026-07,541.0,0.0,2273263,723.84,Cloud Run,ETL pipeline service
Customer-Portal,elb-0aee879,AWS,2026-07,801.3,0.0,34665877,244.86,ELB,Application load balancer
Security-Ops,ecs-018d725,AWS,2026-07,537.4,0.0,0,982.81,ECS,Fargate worker cluster
Shared-Services,ado-0586532,AZURE,2026-07,562.8,0.0,0,285.92,Azure DevOps,Pipelines hosted
Compliance-Audit,nat-037e195,AWS,2026-07,570.7,0.0,0,133.20,NAT Gateway,Dev VPC NAT
Data-Science,vai-0d5f388,GCP,2026-07,383.0,0.0,0,1914.17,Vertex AI,Training pipelines
Internal-Tools,clog-02e8220,GCP,2026-07,0.0,543.1,0,134.67,Cloud Logging,Application logs
Security-Ops,sqldb-07f8643,AZURE,2026-07,784.3,53.6,0,159.87,SQL Database,Basic dev database
Partner-Integration,sm-09ef617,AWS,2026-07,0.0,0.0,1634543,6.61,Secrets Manager,Application secrets
Internal-Tools,ddb-0a2f287,AWS,2026-07,907.9,63.5,97192879,710.16,DynamoDB,Session store table
Edge-Network,cdns-0304848,GCP,2026-07,0.0,0.0,21241635,30.37,Cloud DNS,DNS zones
Internal-Tools,rds-02c2514,AWS,2026-07,646.5,717.6,0,1565.81,RDS,db.m5.xlarge analytics DB
Data-Science,bq-011c674,GCP,2026-07,0.0,3828.1,0,1550.79,BigQuery,Log analytics
Compliance-Audit,ec-0fb1705,AWS,2026-07,772.2,0.0,0,550.79,ElastiCache,Redis production cluster
Customer-Portal,sentinel-0903319,AZURE,2026-07,0.0,0.0,112811899,2853.75,Microsoft Sentinel,SIEM detection
Shared-Services,ec-0d88472,AWS,2026-07,850.9,0.0,0,312.82,ElastiCache,Redis staging cluster
Production-Secondary,cosmos-0071690,AZURE,2026-07,585.3,84.4,21339430,769.05,Cosmos DB,Event store
Analytics-Platform,aks-04e6233,AZURE,2026-07,482.3,0.0,0,737.05,AKS,Dev K8s cluster
Compliance-Audit,ses-0627154,AWS,2026-07,0.0,0.0,1792105,2.23,SES,Transactional email
Production-Main,redis-053a503,AZURE,2026-07,1012.0,0.0,0,1279.96,Azure Cache for Redis,Premium P1 cache
Production-Main,r53-0013324,AWS,2026-07,0.0,0.0,62222364,94.47,Route 53,DNS hosting
Production-Main,func-0033235,AZURE,2026-07,0.0,0.0,8909668,134.72,Azure Functions,Event processors
Internal-Tools,rds-0877129,AWS,2026-07,876.4,623.8,0,1797.55,RDS,db.r5.large PostgreSQL replica
Production-Main,lam-0007733,AWS,2026-07,0.0,0.0,1376298,10.54,Lambda,Cron job runner
Production-Main,s3-0dd8940,AWS,2026-07,0.0,52.0,25508235,168.43,S3,Static website hosting
Security-Ops,ebs-0187240,AWS,2026-07,0.0,4517.1,0,198.39,EBS,st1 volumes archive
Security-Ops,ecs-05f8138,AWS,2026-07,612.4,0.0,0,1075.41,ECS,Fargate API cluster
Customer-Portal,ses-0aec941,AWS,2026-07,0.0,0.0,954857,1.12,SES,Marketing email
Security-Ops,ecs-0ef6702,AWS,2026-07,596.4,0.0,0,1068.70,ECS,Fargate API cluster
Staging-Env,gcf-08e9473,GCP,2026-07,0.0,0.0,15828396,240.30,Cloud Functions,Data triggers
Staging-Env,bq-00f9877,GCP,2026-07,0.0,5948.5,0,2400.55,BigQuery,Log analytics
Edge-Network,s3-09b2918,AWS,2026-07,0.0,13751.3,139408,309.56,S3,Backup storage bucket
Production-Main,gcs-0053656,GCP,2026-07,0.0,8419.2,213451,195.08,Cloud Storage,Backup bucket
Staging-Env,cdns-041f176,GCP,2026-07,0.0,0.0,28165976,43.45,Cloud DNS,DNS zones
Production-Main,gcf-0861266,GCP,2026-07,0.0,0.0,10925846,158.80,Cloud Functions,Data triggers
Edge-Network,s3-0cf5556,AWS,2026-07,0.0,68.9,34323374,220.66,S3,Static website hosting
Internal-Tools,vm-0c07552,AZURE,2026-07,783.8,0.0,0,476.14,Virtual Machines,D2s v3 utility server
Analytics-Platform,fs-073a652,GCP,2026-07,1005.3,71.0,43059831,587.53,Firestore,User profiles DB
Customer-Portal,cr-056f855,GCP,2026-07,507.5,0.0,2049051,642.85,Cloud Run,ETL pipeline service
Data-Science,fd-014e379,AZURE,2026-07,0.0,0.0,45534263,355.99,Front Door,Global load balancer
Production-Main,i-0a20226,AWS,2026-07,709.7,0.0,0,2506.53,EC2,m5.2xlarge batch processor
Data-Science,i-0a5b952,AWS,2026-07,758.7,0.0,0,665.84,EC2,m5.large monitoring server
Shared-Services,r53-059e889,AWS,2026-07,0.0,0.0,74285091,108.95,Route 53,DNS hosting
Compliance-Audit,i-03a0994,AWS,2026-07,788.2,0.0,0,692.85,EC2,m5.large monitoring server
Mobile-Backend,eh-0335343,AZURE,2026-07,0.0,463.5,0,112.53,Event Hubs,Capture to storage
Compliance-Audit,rds-1171475,AWS,2026-07,1103.5,790.5,0,2269.82,RDS,db.r5.large PostgreSQL replica
Internal-Tools,nat-042b155,AWS,2026-07,577.6,0.0,0,135.78,NAT Gateway,Dev VPC NAT
DR-Recovery,eh-02f3384,AZURE,2026-07,0.0,559.0,0,141.04,Event Hubs,Capture to storage
Marketing-Platform,vai-1033821,GCP,2026-07,485.7,0.0,5294421,1046.69,Vertex AI,Model serving endpoints
Finance-Systems,sqldb-10e9583,AZURE,2026-07,1099.2,385.1,0,1792.55,SQL Database,Standard S3 production
IoT-Platform,cr-0d33810,GCP,2026-07,542.4,0.0,4390229,453.29,Cloud Run,Webhook handler
Production-Secondary,clog-06e2446,GCP,2026-07,0.0,499.0,0,126.49,Cloud Logging,Application logs
Production-Secondary,r53-114c994,AWS,2026-07,0.0,0.0,8603009,12.59,Route 53,Health checks
Internal-Tools,fs-02d6986,GCP,2026-07,885.5,24.6,60295961,619.67,Firestore,Session store
Mobile-Backend,fd-05ae464,AZURE,2026-07,0.0,0.0,41750890,313.54,Front Door,Global load balancer
Internal-Tools,aks-0ec9743,AZURE,2026-07,1510.2,0.0,0,2300.04,AKS,Staging K8s cluster
Security-Ops,sns-0188907,AWS,2026-07,0.0,0.0,9955533,4.82,SNS,Alert notifications
DR-Recovery,cosmos-02ed229,AZURE,2026-07,1012.2,68.8,20597354,694.60,Cosmos DB,Config store
Data-Science,gcf-057e580,GCP,2026-07,0.0,0.0,10444173,158.49,Cloud Functions,Auth handlers
DevOps-Central,ec-1079988,AWS,2026-07,789.4,0.0,0,557.81,ElastiCache,Redis production cluster
Customer-Portal,bq-0797763,GCP,2026-07,0.0,1103.0,0,441.24,BigQuery,Data export queries
ML-Training,ebs-0b24521,AWS,2026-07,0.0,5063.4,0,224.37,EBS,st1 volumes archive
Shared-Services,r53-0619259,AWS,2026-07,0.0,0.0,9695822,14.22,Route 53,Health checks
Partner-Integration,sb-0685610,AZURE,2026-07,772.7,0.0,10795155,606.70,Service Bus,Premium messaging
Analytics-Platform,gcs-0ce0329,GCP,2026-07,0.0,2544.5,2448692,175.35,Cloud Storage,Media assets bucket
Compliance-Audit,sm-0632353,AWS,2026-07,0.0,0.0,1157582,4.57,Secrets Manager,Application secrets
Data-Science,blob-10e3276,AZURE,2026-07,0.0,9796.2,102573,295.40,Blob Storage,Backup storage
Edge-Network,gke-0b37321,GCP,2026-07,2403.9,0.0,0,4718.28,GKE,ML training cluster
Security-Ops,cdns-092f274,GCP,2026-07,0.0,0.0,29712334,43.69,Cloud DNS,DNS zones
Edge-Network,i-1150768,AWS,2026-07,761.6,0.0,0,2626.00,EC2,r5.2xlarge database server
Security-Ops,s3-0181856,AWS,2026-07,0.0,6373.1,10344849,461.18,S3,Media content bucket
Data-Science,i-0dfc213,AWS,2026-07,528.1,0.0,0,1844.35,EC2,m5.2xlarge batch processor
Marketing-Platform,vai-054f681,GCP,2026-07,646.8,0.0,0,3173.69,Vertex AI,Training pipelines
Marketing-Platform,i-01e9479,AWS,2026-07,617.4,0.0,0,2160.16,EC2,r5.2xlarge database server
Finance-Systems,app-0ba8317,AZURE,2026-07,948.2,0.0,0,1145.69,App Service,API app P2v3
Shared-Services,ado-0e6e571,AZURE,2026-07,556.8,0.0,0,271.12,Azure DevOps,Pipelines hosted
Internal-Tools,s3-0a63927,AWS,2026-07,0.0,7080.7,440642,183.13,S3,Log archive bucket
Production-Secondary,ec-0078540,AWS,2026-07,712.0,0.0,0,494.03,ElastiCache,Redis production cluster
Internal-Tools,ps-02e6133,GCP,2026-07,0.0,0.0,21180389,262.21,Pub/Sub,Data pipeline
Internal-Tools,gcs-02de679,GCP,2026-07,0.0,19722.4,6571852,599.83,Cloud Storage,Data lake bucket
Finance-Systems,blob-0c24932,AZURE,2026-07,0.0,8291.6,80855,244.01,Blob Storage,Backup storage
Internal-Tools,sqs-0c61528,AWS,2026-07,0.0,0.0,52958893,26.31,SQS,Order processing queue
Internal-Tools,sqs-1152733,AWS,2026-07,0.0,0.0,52866381,27.40,SQS,Order processing queue
Data-Science,sb-03fb113,AZURE,2026-07,0.0,0.0,23468728,59.19,Service Bus,Standard messaging
Edge-Network,rds-031d726,AWS,2026-07,618.2,413.8,0,1168.63,RDS,db.r5.large PostgreSQL replica
Internal-Tools,redis-0e82275,AZURE,2026-07,681.3,0.0,0,338.52,Azure Cache for Redis,Standard C2 cache
Internal-Tools,redis-0294559,AZURE,2026-07,634.3,0.0,0,323.26,Azure Cache for Redis,Standard C2 cache
Marketing-Platform,cmon-0baf450,GCP,2026-07,0.0,0.0,31327840,256.12,Cloud Monitoring,Metrics and alerting
Shared-Services,vm-069e641,AZURE,2026-07,535.8,0.0,0,4901.21,Virtual Machines,NC6s v3 GPU VM
Finance-Systems,s3-0879414,AWS,2026-07,0.0,10643.6,666024,259.94,S3,Log archive bucket
Staging-Env,gcs-0104572,GCP,2026-07,0.0,16913.3,42779,173.20,Cloud Storage,Archive bucket
QA-Testing,sm-09d2871,AWS,2026-07,0.0,0.0,769000,3.08,Secrets Manager,Application secrets
Data-Science,ps-0122650,GCP,2026-07,0.0,0.0,33194022,408.50,Pub/Sub,Log forwarding
Internal-Tools,s3-0c64538,AWS,2026-07,0.0,4313.8,6775047,315.08,S3,Media content bucket
Marketing-Platform,i-01ea208,AWS,2026-07,815.6,0.0,0,352.15,EC2,t3.medium API server
DevOps-Central,ddb-1093975,AWS,2026-07,1009.2,14.4,7011927,125.96,DynamoDB,Config store table
Staging-Env,gcs-05bb643,GCP,2026-07,0.0,10913.9,3608538,328.76,Cloud Storage,Data lake bucket
Customer-Portal,vpn-0c12742,AWS,2026-07,1350.6,0.0,0,335.60,VPN Gateway,Client VPN endpoint
Finance-Systems,appi-0b64759,AZURE,2026-07,0.0,0.0,44322023,562.40,Application Insights,APM telemetry
DevOps-Central,acr-00d8552,AZURE,2026-07,0.0,279.7,560504,190.28,Container Registry,Docker image registry
Staging-Env,gcf-09c0254,GCP,2026-07,0.0,0.0,14414112,220.47,Cloud Functions,Data triggers
Production-Main,kin-001b193,AWS,2026-07,816.7,0.0,34416625,487.01,Kinesis,Data stream ingestion
Production-Secondary,aks-0508393,AZURE,2026-07,1665.3,0.0,0,2519.02,AKS,Staging K8s cluster
Production-Secondary,s3-0963950,AWS,2026-07,0.0,1121.5,2277593,102.25,S3,Artifact storage
Production-Main,vm-0ae6301,AZURE,2026-07,1080.0,0.0,0,1538.15,Virtual Machines,F4s v2 compute node
Internal-Tools,cf-08a2303,AWS,2026-07,0.0,0.0,107443752,558.89,CloudFront,CDN web distribution
Production-Secondary,cosmos-0c42811,AZURE,2026-07,578.8,81.0,19427948,749.55,Cosmos DB,Event store
Customer-Portal,sentinel-024e511,AZURE,2026-07,0.0,0.0,129010348,3299.86,Microsoft Sentinel,SIEM detection
Staging-Env,cdns-0683103,GCP,2026-07,0.0,0.0,27197782,39.89,Cloud DNS,DNS zones
Customer-Portal,blob-0e7d167,AZURE,2026-07,0.0,5146.6,0,491.80,Blob Storage,Security audit logs
Analytics-Platform,eh-0daf110,AZURE,2026-07,546.8,0.0,23306732,259.21,Event Hubs,Standard throughput units
DR-Recovery,redis-091e910,AZURE,2026-07,857.3,0.0,0,1016.19,Azure Cache for Redis,Premium P1 cache
Partner-Integration,df-03b8762,GCP,2026-07,1005.8,0.0,0,2468.88,Dataflow,Streaming pipeline
ML-Training,ec-0549300,AWS,2026-07,1187.5,0.0,0,834.57,ElastiCache,Redis production cluster
Compliance-Audit,s3-04df487,AWS,2026-07,0.0,2441.7,15058670,610.85,S3,Production asset storage
Customer-Portal,fs-0acb600,GCP,2026-07,995.6,67.2,41404948,569.18,Firestore,User profiles DB
Production-Secondary,blob-107a413,AZURE,2026-07,0.0,3004.0,8046520,398.23,Blob Storage,Build artifacts
Internal-Tools,gcs-089d790,GCP,2026-07,0.0,16808.7,5740131,520.20,Cloud Storage,Data lake bucket
ML-Training,i-04f5359,AWS,2026-07,863.4,0.0,0,755.64,EC2,m5.large monitoring server
Production-Main,eh-0f89343,AZURE,2026-07,789.2,0.0,31725740,344.74,Event Hubs,Standard throughput units
ML-Training,rds-0a96205,AWS,2026-07,618.4,695.7,0,1414.27,RDS,db.m5.xlarge analytics DB
ML-Training,r53-0371230,AWS,2026-07,0.0,0.0,12372644,18.87,Route 53,Health checks
Marketing-Platform,rds-0657267,AWS,2026-07,483.0,130.9,0,555.39,RDS,db.t3.medium MySQL staging
Finance-Systems,ado-0222957,AZURE,2026-07,519.9,0.0,0,255.79,Azure DevOps,Pipelines hosted
Analytics-Platform,gke-0c3a292,GCP,2026-07,5271.8,0.0,0,10442.37,GKE,GPU node pool
Customer-Portal,cosmos-0b44271,AZURE,2026-07,549.9,79.7,19178150,731.08,Cosmos DB,Event store
Production-Main,vm-06e4791,AZURE,2026-07,528.4,0.0,0,4717.87,Virtual Machines,NC6s v3 GPU VM
IoT-Platform,cr-07da555,GCP,2026-07,467.4,0.0,1962627,591.98,Cloud Run,ETL pipeline service
Marketing-Platform,rds-10d6482,AWS,2026-07,672.1,181.7,0,601.11,RDS,db.t3.large development DB
Analytics-Platform,gcs-0b6a812,GCP,2026-07,0.0,1852.3,897200,285.49,Cloud Storage,Model artifacts
Production-Secondary,cosmos-0070623,AZURE,2026-07,785.3,216.9,42494456,1734.43,Cosmos DB,User data store
Analytics-Platform,clog-0ba4541,GCP,2026-07,0.0,473.6,0,121.59,Cloud Logging,Application logs
Security-Ops,sqldb-0408548,AZURE,2026-07,899.3,62.2,0,181.39,SQL Database,Basic dev database
Production-Secondary,cosmos-091d756,AZURE,2026-07,819.9,231.9,45190375,1905.76,Cosmos DB,User data store
Shared-Services,gcs-046a617,GCP,2026-07,0.0,3572.2,3601603,270.36,Cloud Storage,Media assets bucket
Analytics-Platform,bq-0b80564,GCP,2026-07,0.0,18202.8,0,7273.66,BigQuery,ML training datasets
Staging-Env,fs-010b493,GCP,2026-07,658.1,18.3,44874215,468.54,Firestore,Session store
ML-Training,r53-05ab480,AWS,2026-07,0.0,0.0,13935471,20.70,Route 53,Health checks
Finance-Systems,csql-0ae9870,GCP,2026-07,824.3,231.3,0,994.81,Cloud SQL,PostgreSQL replica
Staging-Env,gcs-0105570,GCP,2026-07,0.0,617.4,10009869,114.83,Cloud Storage,Temp processing bucket
Customer-Portal,vm-025d194,AZURE,2026-07,1012.8,0.0,0,309.21,Virtual Machines,B2s development VM
Marketing-Platform,sm-0b4d765,AWS,2026-07,0.0,0.0,1148838,4.64,Secrets Manager,Application secrets
Marketing-Platform,rds-07a0415,AWS,2026-07,498.4,137.0,0,569.53,RDS,db.t3.medium MySQL staging
Security-Ops,sentinel-0f54548,AZURE,2026-07,0.0,0.0,98356376,2401.75,Microsoft Sentinel,SIEM detection
DevOps-Central,app-00eb594,AZURE,2026-07,777.5,0.0,0,906.04,App Service,API app P2v3
Marketing-Platform,ca-0a67990,GCP,2026-07,0.0,0.0,62746340,245.49,Cloud Armor,WAF policies
Edge-Network,s3-08f1673,AWS,2026-07,0.0,1125.7,2256317,102.20,S3,Artifact storage
ML-Training,rs-072c560,AWS,2026-07,0.0,0.0,4655153,229.15,Redshift,Spectrum queries
Marketing-Platform,gcf-0dcb547,GCP,2026-07,0.0,0.0,2269922,33.99,Cloud Functions,Scheduled tasks
Production-Secondary,fd-005a664,AZURE,2026-07,0.0,0.0,79201933,587.00,Front Door,Global load balancer
Internal-Tools,s3-02bd407,AWS,2026-07,0.0,7682.5,482855,192.09,S3,Log archive bucket
Staging-Env,gcs-0108793,GCP,2026-07,0.0,11125.3,284391,256.54,Cloud Storage,Backup bucket
Production-Main,csql-0f51153,GCP,2026-07,893.2,592.8,0,1685.86,Cloud SQL,MySQL analytics
ML-Training,ebs-0974587,AWS,2026-07,0.0,759.7,0,469.46,EBS,io2 volumes database
IoT-Platform,bq-0f8e380,GCP,2026-07,0.0,2992.0,0,1216.12,BigQuery,BI reporting views
Staging-Env,cr-0ddc370,GCP,2026-07,857.6,0.0,3613375,1116.49,Cloud Run,ETL pipeline service
Shared-Services,ado-09e6900,AZURE,2026-07,628.7,0.0,0,318.10,Azure DevOps,Pipelines hosted
Finance-Systems,clog-1076168,GCP,2026-07,0.0,226.7,0,56.93,Cloud Logging,Audit logs
DevOps-Central,blob-00d9603,AZURE,2026-07,0.0,6224.2,0,613.76,Blob Storage,Security audit logs
Customer-Portal,i-0930835,AWS,2026-07,572.5,0.0,0,42.45,EC2,t3.micro bastion host
IoT-Platform,mem-044e635,GCP,2026-07,920.6,0.0,0,654.94,Memorystore,Redis production cache
Security-Ops,s3-0771322,AWS,2026-07,0.0,20479.9,4299775,741.43,S3,Data lake raw zone
Analytics-Platform,aks-1048569,AZURE,2026-07,614.3,0.0,0,2837.82,AKS,Production K8s cluster
Data-Science,i-0d23982,AWS,2026-07,426.8,0.0,0,1229.85,EC2,c5.2xlarge HPC node
Finance-Systems,s3-08dd455,AWS,2026-07,0.0,5617.1,9158301,419.24,S3,Media content bucket
Finance-Systems,gcf-0a51450,GCP,2026-07,0.0,0.0,10607357,156.87,Cloud Functions,Auth handlers
Partner-Integration,ado-0b3b205,AZURE,2026-07,701.1,0.0,0,338.86,Azure DevOps,Pipelines hosted
Partner-Integration,gke-0b7b939,GCP,2026-07,758.5,0.0,0,2247.75,GKE,Production API cluster
Compliance-Audit,ses-0592338,AWS,2026-07,0.0,0.0,1762954,2.08,SES,Transactional email
Internal-Tools,ec-0eb3410,AWS,2026-07,566.7,0.0,0,430.44,ElastiCache,Redis production cluster
Partner-Integration,sqldb-03a5439,AZURE,2026-07,768.3,508.3,0,3116.62,SQL Database,Premium P1 analytics
Internal-Tools,s3-09aa761,AWS,2026-07,0.0,40.5,20048127,131.55,S3,Static website hosting
DevOps-Central,aks-0e66233,AZURE,2026-07,431.7,0.0,0,644.97,AKS,Dev K8s cluster
Compliance-Audit,sm-1017804,AWS,2026-07,0.0,0.0,1176050,4.67,Secrets Manager,Application secrets
Shared-Services,vai-01ad930,GCP,2026-07,903.6,0.0,10008398,1938.10,Vertex AI,Model serving endpoints
Data-Science,mem-0504714,GCP,2026-07,378.1,0.0,0,262.86,Memorystore,Redis staging cache
Internal-Tools,ps-0890488,GCP,2026-07,0.0,0.0,36133389,452.24,Pub/Sub,Event streaming
Analytics-Platform,vai-079c548,GCP,2026-07,740.7,0.0,0,3578.21,Vertex AI,Training pipelines
Compliance-Audit,elb-0f00262,AWS,2026-07,840.1,0.0,33771118,259.18,ELB,Application load balancer
Production-Secondary,blob-081e798,AZURE,2026-07,0.0,7520.3,2826752,419.46,Blob Storage,Data lake storage
Production-Main,sns-0c8c772,AWS,2026-07,0.0,0.0,7628980,3.88,SNS,Alert notifications
Shared-Services,rds-0f6e315,AWS,2026-07,761.9,209.8,0,691.32,RDS,db.t3.large development DB
Finance-Systems,sqldb-020f404,AZURE,2026-07,1052.9,357.9,0,1757.40,SQL Database,Standard S3 production
Analytics-Platform,cr-0943616,GCP,2026-07,466.7,0.0,1987920,602.71,Cloud Run,ETL pipeline service
IoT-Platform,cr-10a0129,GCP,2026-07,404.4,0.0,1690735,520.02,Cloud Run,ETL pipeline service
Security-Ops,gcs-0cba289,GCP,2026-07,0.0,6320.6,160999,147.39,Cloud Storage,Backup bucket
IoT-Platform,cr-03f3623,GCP,2026-07,797.0,0.0,16950317,1196.96,Cloud Run,API gateway service
DevOps-Central,kv-0b3d149,AZURE,2026-07,0.0,0.0,2764927,8.30,Key Vault,Secrets management
Production-Secondary,app-10d9619,AZURE,2026-07,708.9,0.0,0,108.96,App Service,Web app B1
Customer-Portal,elb-0525461,AWS,2026-07,820.3,0.0,34927834,254.57,ELB,Application load balancer
Marketing-Platform,vai-0ff7365,GCP,2026-07,628.8,0.0,0,3156.53,Vertex AI,Training pipelines
Production-Main,cmon-0b17682,GCP,2026-07,0.0,0.0,24957844,201.32,Cloud Monitoring,Metrics and alerting
Data-Science,i-013b699,AWS,2026-07,865.5,0.0,0,1300.32,EC2,c5.xlarge compute worker
QA-Testing,lam-05b6672,AWS,2026-07,0.0,0.0,3653466,25.14,Lambda,Webhook processor
QA-Testing,ses-08a5385,AWS,2026-07,0.0,0.0,2796776,3.31,SES,Transactional email
Production-Secondary,sqldb-051f349,AZURE,2026-07,493.8,173.5,0,824.10,SQL Database,Standard S3 production
Partner-Integration,ps-03c1778,GCP,2026-07,0.0,0.0,11133075,142.46,Pub/Sub,Data pipeline
Production-Secondary,clog-05d5179,GCP,2026-07,0.0,172.1,0,44.74,Cloud Logging,Audit logs
Shared-Services,vm-05ec122,AZURE,2026-07,639.7,0.0,0,1160.86,Virtual Machines,E4s v3 SIEM collector
Analytics-Platform,ps-06e6283,GCP,2026-07,0.0,0.0,45106588,588.52,Pub/Sub,Log forwarding
IoT-Platform,cdns-0437748,GCP,2026-07,0.0,0.0,13535925,20.31,Cloud DNS,DNS zones
Internal-Tools,sentinel-0cd3679,AZURE,2026-07,0.0,0.0,75749717,1838.03,Microsoft Sentinel,SIEM detection
Shared-Services,rds-0cda288,AWS,2026-07,596.2,159.1,0,516.70,RDS,db.t3.large development DB
IoT-Platform,cr-05d2913,GCP,2026-07,494.2,0.0,2131482,646.91,Cloud Run,ETL pipeline service
Partner-Integration,azmon-0cbf470,AZURE,2026-07,0.0,305.3,41390637,437.49,Azure Monitor,Logs and metrics
Edge-Network,ebs-0b4e168,AWS,2026-07,0.0,192.6,0,23.42,EBS,gp3 volumes staging
Shared-Services,sb-042f463,AZURE,2026-07,575.9,0.0,7846277,432.13,Service Bus,Premium messaging
Partner-Integration,sqs-0bf2947,AWS,2026-07,0.0,0.0,455545,0.24,SQS,Dead letter queue
Finance-Systems,vpn-1134255,AWS,2026-07,1099.9,0.0,0,275.97,VPN Gateway,Client VPN endpoint
Mobile-Backend,aks-0e51488,AZURE,2026-07,1313.9,0.0,0,1953.11,AKS,Staging K8s cluster
Customer-Portal,vpn-0a09478,AWS,2026-07,1184.8,0.0,0,292.35,VPN Gateway,Client VPN endpoint
Production-Main,vai-0664562,GCP,2026-07,590.6,0.0,0,2973.82,Vertex AI,Training pipelines
Shared-Services,sb-094b954,AZURE,2026-07,624.2,0.0,8465901,484.18,Service Bus,Premium messaging
Production-Secondary,sqldb-084c701,AZURE,2026-07,573.0,198.1,0,963.63,SQL Database,Standard S3 production
Production-Main,ecs-0de7751,AWS,2026-07,330.6,0.0,0,626.22,ECS,Fargate batch cluster
Production-Secondary,aks-0e26217,AZURE,2026-07,343.6,0.0,0,527.11,AKS,Dev K8s cluster
Edge-Network,ebs-0313368,AWS,2026-07,0.0,814.0,0,98.80,EBS,gp3 volumes production
Data-Science,eks-0916603,AWS,2026-07,450.2,0.0,0,1400.86,EKS,Staging K8s cluster
Marketing-Platform,rs-08d1200,AWS,2026-07,0.0,0.0,6406634,319.13,Redshift,Spectrum queries
Compliance-Audit,ses-08e6753,AWS,2026-07,0.0,0.0,1638637,2.01,SES,Transactional email
Finance-Systems,elb-06a1968,AWS,2026-07,896.8,0.0,63179222,396.75,ELB,Network load balancer
DevOps-Central,redis-0705828,AZURE,2026-07,811.7,0.0,0,1013.63,Azure Cache for Redis,Premium P1 cache
Finance-Systems,s3-0ead914,AWS,2026-07,0.0,1213.0,2393895,106.48,S3,Artifact storage
Shared-Services,fd-07bb349,AZURE,2026-07,0.0,0.0,56365107,417.87,Front Door,Global load balancer
Production-Secondary,sentinel-10f6292,AZURE,2026-07,0.0,0.0,75202929,1819.23,Microsoft Sentinel,SIEM detection
Production-Main,gcs-0055926,GCP,2026-07,0.0,30146.8,73596,302.06,Cloud Storage,Archive bucket
QA-Testing,vpn-03e6329,AWS,2026-07,539.9,0.0,0,142.40,VPN Gateway,Client VPN endpoint
Internal-Tools,cr-04bf565,GCP,2026-07,893.5,0.0,19387291,1367.72,Cloud Run,API gateway service
Production-Main,func-0032597,AZURE,2026-07,0.0,0.0,2920532,42.00,Azure Functions,Webhook processor
Customer-Portal,cosmos-0253523,AZURE,2026-07,833.5,55.6,16999585,542.01,Cosmos DB,Config store
Staging-Env,vai-1137133,GCP,2026-07,498.8,0.0,0,2517.89,Vertex AI,Training pipelines
Finance-Systems,vm-0cfc281,AZURE,2026-07,812.6,0.0,0,1923.01,Virtual Machines,D8s v3 application server
Finance-Systems,cr-0a5d466,GCP,2026-07,757.7,0.0,3218036,977.69,Cloud Run,ETL pipeline service
Compliance-Audit,vpn-0e3e760,AWS,2026-07,858.7,0.0,0,212.39,VPN Gateway,Client VPN endpoint
Compliance-Audit,i-039d669,AWS,2026-07,571.7,0.0,0,828.19,EC2,c5.xlarge compute worker
QA-Testing,ebs-03ec526,AWS,2026-07,0.0,1282.4,0,154.35,EBS,gp3 volumes production
Production-Main,sns-101d656,AWS,2026-07,0.0,0.0,7976239,4.02,SNS,Alert notifications
Compliance-Audit,ses-0b1f287,AWS,2026-07,0.0,0.0,2092011,2.49,SES,Transactional email
Production-Main,lam-0d54228,AWS,2026-07,0.0,0.0,5661024,39.36,Lambda,Notification dispatcher
Compliance-Audit,rds-0397974,AWS,2026-07,379.7,106.7,0,455.98,RDS,db.t3.medium MySQL staging
Production-Main,app-0e8f585,AZURE,2026-07,615.6,0.0,0,761.39,App Service,API app P2v3
Production-Secondary,eh-006b891,AZURE,2026-07,0.0,685.4,0,178.55,Event Hubs,Capture to storage
Edge-Network,ebs-0461141,AWS,2026-07,0.0,140.4,0,18.51,EBS,gp3 volumes staging
Production-Secondary,elb-0e5b461,AWS,2026-07,612.1,0.0,42326126,261.41,ELB,Network load balancer
Customer-Portal,gcs-027a462,GCP,2026-07,0.0,458.4,7313709,84.93,Cloud Storage,Temp processing bucket
Production-Main,i-10f4869,AWS,2026-07,453.5,0.0,0,1274.04,EC2,c5.2xlarge HPC node
Internal-Tools,lam-03ef109,AWS,2026-07,0.0,0.0,1423400,10.77,Lambda,Cron job runner
Analytics-Platform,ca-0eaf212,GCP,2026-07,0.0,0.0,80563687,315.19,Cloud Armor,WAF policies
Mobile-Backend,ebs-0d37236,AWS,2026-07,0.0,4585.4,0,211.54,EBS,st1 volumes archive
Customer-Portal,ado-0714795,AZURE,2026-07,0.0,118.9,0,30.41,Azure DevOps,Artifacts storage
Customer-Portal,vm-0e9c963,AZURE,2026-07,654.4,0.0,0,1154.36,Virtual Machines,E4s v3 SIEM collector
Finance-Systems,eh-052e307,AZURE,2026-07,0.0,597.2,0,151.88,Event Hubs,Capture to storage
Data-Science,gcf-0fd1891,GCP,2026-07,0.0,0.0,10407797,155.30,Cloud Functions,Auth handlers
Finance-Systems,gcs-091f304,GCP,2026-07,0.0,7535.9,185323,169.97,Cloud Storage,Backup bucket
Internal-Tools,s3-09d0481,AWS,2026-07,0.0,6825.5,443795,170.13,S3,Log archive bucket
Partner-Integration,rs-04b3252,AWS,2026-07,0.0,0.0,5438784,267.16,Redshift,Spectrum queries
Marketing-Platform,gke-1060979,GCP,2026-07,4746.5,0.0,0,9600.23,GKE,GPU node pool
Mobile-Backend,vm-0d08853,AZURE,2026-07,685.2,0.0,0,856.80,Virtual Machines,D4s v3 CI runner
Data-Science,rds-0bc7339,AWS,2026-07,926.9,658.9,0,2352.24,RDS,db.r5.xlarge PostgreSQL primary
Compliance-Audit,rds-0d85584,AWS,2026-07,331.3,91.7,0,404.37,RDS,db.t3.medium MySQL staging
Shared-Services,gcs-01a8772,GCP,2026-07,0.0,7302.7,188207,168.44,Cloud Storage,Backup bucket
Edge-Network,sns-1054312,AWS,2026-07,0.0,0.0,13245799,6.70,SNS,Alert notifications
Finance-Systems,eh-0220761,AZURE,2026-07,699.5,0.0,30179674,332.76,Event Hubs,Standard throughput units
Data-Science,clog-0f98724,GCP,2026-07,0.0,504.4,0,128.79,Cloud Logging,Application logs
Production-Secondary,ps-1166581,GCP,2026-07,0.0,0.0,15980242,195.30,Pub/Sub,Data pipeline
Production-Main,r53-0886456,AWS,2026-07,0.0,0.0,15303949,22.87,Route 53,Health checks
Staging-Env,fs-0571274,GCP,2026-07,986.6,68.9,42645027,593.33,Firestore,User profiles DB
Internal-Tools,sentinel-0b74350,AZURE,2026-07,0.0,0.0,86386535,2198.63,Microsoft Sentinel,SIEM detection
Customer-Portal,acr-0255148,AZURE,2026-07,0.0,298.9,571729,191.26,Container Registry,Docker image registry
Security-Ops,ebs-0436210,AWS,2026-07,0.0,782.4,0,478.55,EBS,io2 volumes database
Customer-Portal,blob-0e3d646,AZURE,2026-07,0.0,4427.7,0,446.05,Blob Storage,Security audit logs
Analytics-Platform,vai-0679493,GCP,2026-07,233.4,0.0,0,1164.12,Vertex AI,AutoML jobs
Marketing-Platform,cr-0f6f935,GCP,2026-07,805.8,0.0,16517000,1229.79,Cloud Run,API gateway service
Data-Science,mem-0991932,GCP,2026-07,383.4,0.0,0,274.56,Memorystore,Redis staging cache
Partner-Integration,cf-0b62712,AWS,2026-07,0.0,0.0,45954473,228.17,CloudFront,CDN API distribution
Customer-Portal,gcf-0dee262,GCP,2026-07,0.0,0.0,16535341,251.03,Cloud Functions,Data triggers
Security-Ops,nat-017e771,AWS,2026-07,699.0,0.0,0,162.53,NAT Gateway,Staging VPC NAT
Edge-Network,sns-0f3e442,AWS,2026-07,0.0,0.0,11010149,5.55,SNS,Alert notifications
Data-Science,i-0137554,AWS,2026-07,822.2,0.0,0,678.13,EC2,t3.large application server
Analytics-Platform,clog-0b21991,GCP,2026-07,0.0,412.7,0,102.95,Cloud Logging,Application logs
Mobile-Backend,vm-09e5814,AZURE,2026-07,793.4,0.0,0,2838.48,Virtual Machines,E8s v3 memory-optimized
Shared-Services,sb-10c0746,AZURE,2026-07,607.5,0.0,8485936,453.98,Service Bus,Premium messaging
Internal-Tools,gcf-02d8617,GCP,2026-07,0.0,0.0,11496367,178.01,Cloud Functions,Auth handlers
QA-Testing,ebs-0df8926,AWS,2026-07,0.0,1375.8,0,169.46,EBS,gp3 volumes production
Compliance-Audit,s3-08f5280,AWS,2026-07,0.0,757.5,1577891,68.34,S3,Artifact storage
Marketing-Platform,i-0c1b224,AWS,2026-07,630.5,0.0,0,542.37,EC2,t3.large application server
Production-Secondary,elb-04bd339,AWS,2026-07,568.8,0.0,39483018,255.02,ELB,Network load balancer
Production-Main,gcs-08f7185,GCP,2026-07,0.0,2414.0,1188647,388.91,Cloud Storage,Model artifacts
IoT-Platform,csql-0f63852,GCP,2026-07,838.3,239.5,0,1005.11,Cloud SQL,PostgreSQL replica
DR-Recovery,cosmos-0b34859,AZURE,2026-07,848.2,60.0,17702241,574.01,Cosmos DB,Config store
Security-Ops,bq-0819283,GCP,2026-07,0.0,7516.9,0,3034.33,BigQuery,Analytics data warehouse
Edge-Network,s3-04f7382,AWS,2026-07,0.0,1184.9,2357814,102.76,S3,Artifact storage
Internal-Tools,cosmos-094f603,AZURE,2026-07,733.4,202.0,41433058,1702.29,Cosmos DB,User data store
Edge-Network,gcf-0309730,GCP,2026-07,0.0,0.0,28913339,437.30,Cloud Functions,Pub/Sub processors
Shared-Services,func-01c8820,AZURE,2026-07,0.0,0.0,10889393,156.04,Azure Functions,API handlers
Production-Main,fd-0041592,AZURE,2026-07,0.0,0.0,63153198,480.20,Front Door,Global load balancer
Analytics-Platform,ado-0fea891,AZURE,2026-07,0.0,119.2,0,30.84,Azure DevOps,Artifacts storage
Internal-Tools,cf-02b2509,AWS,2026-07,0.0,0.0,147288347,758.98,CloudFront,CDN media distribution
Customer-Portal,cf-028c709,AWS,2026-07,0.0,0.0,48024795,237.62,CloudFront,CDN API distribution
DevOps-Central,app-0c13134,AZURE,2026-07,1079.2,0.0,0,167.92,App Service,Web app B1
Staging-Env,gke-05c8132,GCP,2026-07,2792.6,0.0,0,5735.17,GKE,ML training cluster
Shared-Services,gcs-0701705,GCP,2026-07,0.0,25865.9,65960,255.49,Cloud Storage,Archive bucket
DevOps-Central,appi-0ce4354,AZURE,2026-07,0.0,0.0,16967110,209.67,Application Insights,Custom metrics
Finance-Systems,gcs-0564899,GCP,2026-07,0.0,3513.5,3426380,251.16,Cloud Storage,Media assets bucket
Marketing-Platform,cdns-059c553,GCP,2026-07,0.0,0.0,14805797,21.97,Cloud DNS,DNS zones
Customer-Portal,i-0e71663,AWS,2026-07,596.7,0.0,0,2142.42,EC2,r5.2xlarge database server
Finance-Systems,gcs-0b51970,GCP,2026-07,0.0,485.7,7500426,89.75,Cloud Storage,Temp processing bucket
Production-Secondary,redis-0ffb272,AZURE,2026-07,1153.2,0.0,0,1348.75,Azure Cache for Redis,Premium P1 cache
QA-Testing,lam-043c899,AWS,2026-07,0.0,0.0,37181576,267.57,Lambda,API gateway handler
DR-Recovery,appi-0f14890,AZURE,2026-07,0.0,0.0,21582411,281.43,Application Insights,Custom metrics
Compliance-Audit,i-0e5a884,AWS,2026-07,510.3,0.0,0,733.50,EC2,c5.xlarge compute worker
Analytics-Platform,clog-0c1a111,GCP,2026-07,0.0,433.1,0,110.36,Cloud Logging,Application logs
Edge-Network,fs-02fa805,GCP,2026-07,651.8,17.8,44015807,464.95,Firestore,Session store
Partner-Integration,rs-0e5c348,AWS,2026-07,938.1,2513.3,0,4717.22,Redshift,Data warehouse cluster
Compliance-Audit,s3-07f4252,AWS,2026-07,0.0,800.7,1561776,68.39,S3,Artifact storage
ML-Training,r53-09f2874,AWS,2026-07,0.0,0.0,12409487,18.36,Route 53,Health checks
Production-Main,blob-1125912,AZURE,2026-07,0.0,2869.6,7722282,383.02,Blob Storage,Build artifacts
Data-Science,vai-067f829,GCP,2026-07,356.3,0.0,0,1763.28,Vertex AI,Training pipelines
Security-Ops,ecs-0a3b167,AWS,2026-07,162.1,0.0,0,298.70,ECS,Fargate batch cluster
Security-Ops,gke-0172619,GCP,2026-07,2604.2,0.0,0,5250.48,GKE,ML training cluster
Analytics-Platform,cr-0b8d600,GCP,2026-07,647.9,0.0,13065368,931.15,Cloud Run,API gateway service
Finance-Systems,blob-0e74551,AZURE,2026-07,0.0,9915.9,101147,296.46,Blob Storage,Backup storage
Data-Science,rds-04e4902,AWS,2026-07,594.1,173.5,0,554.44,RDS,db.t3.large development DB
Internal-Tools,ec-0d42588,AWS,2026-07,589.3,0.0,0,414.23,ElastiCache,Redis production cluster
Production-Secondary,r53-10a6788,AWS,2026-07,0.0,0.0,10294674,15.84,Route 53,Health checks
Partner-Integration,azmon-03a4247,AZURE,2026-07,0.0,284.5,38883077,398.44,Azure Monitor,Logs and metrics
Analytics-Platform,vai-0e80203,GCP,2026-07,227.3,0.0,0,1115.50,Vertex AI,AutoML jobs
Analytics-Platform,cr-0ce1398,GCP,2026-07,550.9,0.0,2343638,705.13,Cloud Run,ETL pipeline service
Internal-Tools,eh-0bd6129,AZURE,2026-07,0.0,618.6,0,151.71,Event Hubs,Capture to storage
Analytics-Platform,vai-089c476,GCP,2026-07,820.3,0.0,0,4158.47,Vertex AI,Training pipelines
Production-Secondary,fs-09dc756,GCP,2026-07,1060.9,28.2,71694560,766.08,Firestore,Session store
Partner-Integration,rds-05a0419,AWS,2026-07,431.8,120.3,0,530.07,RDS,db.t3.medium MySQL staging
Internal-Tools,vpn-0557720,AWS,2026-07,1155.8,0.0,0,585.04,VPN Gateway,Site-to-site VPN
Security-Ops,cdns-016c878,GCP,2026-07,0.0,0.0,25679560,39.20,Cloud DNS,DNS zones
Edge-Network,ps-0db4850,GCP,2026-07,0.0,0.0,49727825,651.28,Pub/Sub,Log forwarding
Mobile-Backend,acr-07ff591,AZURE,2026-07,0.0,213.8,442302,144.95,Container Registry,Docker image registry
Customer-Portal,acr-0d83191,AZURE,2026-07,0.0,246.1,490872,156.08,Container Registry,Docker image registry
Internal-Tools,s3-02c0211,AWS,2026-07,0.0,4910.6,8271532,367.78,S3,Media content bucket
Internal-Tools,vm-0d0c590,AZURE,2026-07,745.2,0.0,0,1072.09,Virtual Machines,F4s v2 compute node
Compliance-Audit,rs-0e67494,AWS,2026-07,702.8,1922.0,0,3575.03,Redshift,Data warehouse cluster
Analytics-Platform,cr-0593605,GCP,2026-07,619.8,0.0,13133497,922.31,Cloud Run,API gateway service
Customer-Portal,vm-0c0d537,AZURE,2026-07,550.1,0.0,0,1018.29,Virtual Machines,E4s v3 SIEM collector
Partner-Integration,redis-066b401,AZURE,2026-07,721.7,0.0,0,896.58,Azure Cache for Redis,Premium P1 cache
Production-Secondary,blob-0bd9587,AZURE,2026-07,0.0,2441.0,6565308,314.51,Blob Storage,Build artifacts
Data-Science,cosmos-0fe6107,AZURE,2026-07,678.5,48.8,14847983,476.99,Cosmos DB,Config store
Production-Main,aks-0a5f479,AZURE,2026-07,464.9,0.0,0,704.21,AKS,Dev K8s cluster
Analytics-Platform,kv-08c1391,AZURE,2026-07,0.0,0.0,1709632,5.23,Key Vault,Secrets management
DR-Recovery,appi-0e3a902,AZURE,2026-07,0.0,0.0,18465866,235.93,Application Insights,Custom metrics
Production-Main,eh-0c55388,AZURE,2026-07,0.0,696.9,0,179.26,Event Hubs,Capture to storage
Partner-Integration,rs-08ef216,AWS,2026-07,838.2,2306.9,0,4140.17,Redshift,Data warehouse cluster
IoT-Platform,bq-0359656,GCP,2026-07,0.0,3006.9,0,1181.24,BigQuery,BI reporting views
Customer-Portal,i-0291352,AWS,2026-07,697.5,0.0,0,995.62,EC2,c5.xlarge compute worker
Analytics-Platform,kv-0e54871,AZURE,2026-07,0.0,0.0,1927093,5.66,Key Vault,Secrets management
Customer-Portal,sentinel-0c4c755,AZURE,2026-07,0.0,0.0,47485001,1238.16,Microsoft Sentinel,Log analytics
Edge-Network,i-0435944,AWS,2026-07,813.3,0.0,0,1394.08,EC2,r5.xlarge cache server
Production-Main,eh-0f23188,AZURE,2026-07,779.0,0.0,32972155,345.03,Event Hubs,Standard throughput units
Internal-Tools,blob-0b2f184,AZURE,2026-07,0.0,3478.9,9483054,470.25,Blob Storage,Build artifacts
Production-Secondary,r53-0754776,AWS,2026-07,0.0,0.0,10110218,15.47,Route 53,Health checks
Analytics-Platform,fs-0531779,GCP,2026-07,1130.4,31.6,76838091,819.45,Firestore,Session store
Analytics-Platform,kv-00c3580,AZURE,2026-07,0.0,0.0,582686,1.76,Key Vault,Certificate store
Edge-Network,elb-0c8a626,AWS,2026-07,773.0,0.0,11142384,159.34,ELB,Classic load balancer
Compliance-Audit,s3-0722468,AWS,2026-07,0.0,700.5,1410608,61.86,S3,Artifact storage
Shared-Services,fd-046d439,AZURE,2026-07,0.0,0.0,63531801,485.35,Front Door,Global load balancer
Production-Secondary,df-0f1d560,GCP,2026-07,735.3,0.0,0,1808.38,Dataflow,Streaming pipeline
Shared-Services,gcs-05a3592,GCP,2026-07,0.0,3646.0,3708052,264.41,Cloud Storage,Media assets bucket
ML-Training,r53-0581711,AWS,2026-07,0.0,0.0,14036029,20.41,Route 53,Health checks
Internal-Tools,elb-0aed112,AWS,2026-07,1174.5,0.0,16273975,229.50,ELB,Classic load balancer
Compliance-Audit,rds-0d18388,AWS,2026-07,331.1,94.4,0,382.86,RDS,db.t3.medium MySQL staging
Data-Science,i-05bc939,AWS,2026-07,728.2,0.0,0,623.61,EC2,m5.large monitoring server
Data-Science,blob-040e812,AZURE,2026-07,0.0,2124.2,5351406,342.08,Blob Storage,Media content
Shared-Services,kv-0d97187,AZURE,2026-07,0.0,0.0,430760,1.27,Key Vault,Certificate store
Marketing-Platform,i-1182333,AWS,2026-07,573.2,0.0,0,1634.70,EC2,c5.2xlarge HPC node
DR-Recovery,kv-0baa296,AZURE,2026-07,0.0,0.0,3176893,9.58,Key Vault,Secrets management
Production-Secondary,ecs-0074667,AWS,2026-07,298.8,0.0,0,545.33,ECS,Fargate batch cluster
Staging-Env,bq-0cd4810,GCP,2026-07,0.0,6677.8,0,2596.41,BigQuery,Log analytics
Marketing-Platform,cr-1081890,GCP,2026-07,527.9,0.0,2140748,696.99,Cloud Run,ETL pipeline service
DevOps-Central,blob-04ad851,AZURE,2026-07,0.0,9086.7,3369615,476.00,Blob Storage,Data lake storage
Security-Ops,sqs-0194667,AWS,2026-07,0.0,0.0,71800534,36.00,SQS,Order processing queue
ML-Training,rs-0543817,AWS,2026-07,0.0,0.0,4239786,209.86,Redshift,Spectrum queries
Production-Secondary,redis-0a16837,AZURE,2026-07,988.9,0.0,0,1220.13,Azure Cache for Redis,Premium P1 cache
Production-Secondary,sb-0062995,AZURE,2026-07,961.7,0.0,13562429,725.86,Service Bus,Premium messaging
Internal-Tools,ps-02e4769,GCP,2026-07,0.0,0.0,32626409,394.96,Pub/Sub,Event streaming
Partner-Integration,eks-0912980,AWS,2026-07,430.7,0.0,0,1306.57,EKS,Staging K8s cluster
ML-Training,lam-0374425,AWS,2026-07,0.0,0.0,54376109,361.45,Lambda,Auth token validator
Production-Secondary,app-0069940,AZURE,2026-07,709.9,0.0,0,107.95,App Service,Web app B1
Internal-Tools,lam-0ab4217,AWS,2026-07,0.0,0.0,21702350,154.24,Lambda,Data transformer
Shared-Services,func-06e8816,AZURE,2026-07,0.0,0.0,10383648,149.34,Azure Functions,API handlers
Finance-Systems,cr-0c71114,GCP,2026-07,603.2,0.0,2482548,804.03,Cloud Run,ETL pipeline service
Production-Secondary,mem-0f3c369,GCP,2026-07,519.3,0.0,0,386.40,Memorystore,Redis production cache
Internal-Tools,sentinel-0a0c256,AZURE,2026-07,0.0,0.0,71956844,1886.43,Microsoft Sentinel,SIEM detection
Analytics-Platform,fs-0ce2384,GCP,2026-07,1112.8,30.6,74677075,824.32,Firestore,Session store
Production-Main,blob-0d02486,AZURE,2026-07,0.0,26495.5,65449,216.61,Blob Storage,Archive tier
DR-Recovery,sb-10f8769,AZURE,2026-07,0.0,0.0,17193389,42.22,Service Bus,Standard messaging
Production-Secondary,fs-0098646,GCP,2026-07,1097.9,75.2,44938476,600.60,Firestore,User profiles DB
Internal-Tools,s3-0e9b779,AWS,2026-07,0.0,3959.0,6436717,304.15,S3,Media content bucket
Shared-Services,gcs-0dd0869,GCP,2026-07,0.0,7423.4,186755,170.24,Cloud Storage,Backup bucket
Mobile-Backend,kin-092c972,AWS,2026-07,933.1,0.0,25487462,376.76,Kinesis,Firehose delivery
Compliance-Audit,rds-075f423,AWS,2026-07,372.8,98.7,0,439.01,RDS,db.t3.medium MySQL staging
ML-Training,i-0da2988,AWS,2026-07,804.7,0.0,0,673.64,EC2,t3.large application server
Edge-Network,lam-0ff8208,AWS,2026-07,0.0,0.0,27321053,189.40,Lambda,Data transformer
Finance-Systems,sqldb-0c9c210,AZURE,2026-07,1024.1,360.7,0,1739.75,SQL Database,Standard S3 production
Data-Science,appi-0a5a764,AZURE,2026-07,0.0,0.0,64651418,785.72,Application Insights,APM telemetry
QA-Testing,lam-058e428,AWS,2026-07,0.0,0.0,4260369,29.66,Lambda,Image resizer
Analytics-Platform,gcs-00a3891,GCP,2026-07,0.0,2520.6,2516977,178.71,Cloud Storage,Media assets bucket
Partner-Integration,elb-0be8163,AWS,2026-07,753.1,0.0,10437837,144.24,ELB,Classic load balancer
Staging-Env,vai-0b7e256,GCP,2026-07,591.8,0.0,0,2834.67,Vertex AI,Training pipelines
Compliance-Audit,s3-064c941,AWS,2026-07,0.0,14133.6,2833677,491.37,S3,Data lake raw zone
Data-Science,i-100c822,AWS,2026-07,558.6,0.0,0,992.55,EC2,r5.xlarge cache server
Finance-Systems,s3-0e8b782,AWS,2026-07,0.0,13157.9,2645317,465.14,S3,Data lake raw zone
Production-Secondary,sqs-09a9219,AWS,2026-07,0.0,0.0,31223427,15.19,SQS,Event notification queue
Internal-Tools,cr-1040486,GCP,2026-07,738.7,0.0,3062691,944.17,Cloud Run,ETL pipeline service
Staging-Env,fs-0ac3233,GCP,2026-07,577.3,16.1,39646664,429.15,Firestore,Session store
Finance-Systems,csql-0948424,GCP,2026-07,633.7,170.5,0,755.84,Cloud SQL,PostgreSQL replica
Internal-Tools,ec-05c5519,AWS,2026-07,487.9,0.0,0,348.27,ElastiCache,Redis production cluster
Partner-Integration,sqs-03d1971,AWS,2026-07,0.0,0.0,481267,0.24,SQS,Dead letter queue
Staging-Env,gcs-0c39939,GCP,2026-07,0.0,15216.6,39035,154.18,Cloud Storage,Archive bucket
Marketing-Platform,rds-01e1409,AWS,2026-07,887.0,1202.4,0,3888.25,RDS,db.r5.2xlarge Aurora cluster
Marketing-Platform,rds-0fcf531,AWS,2026-07,845.4,593.8,0,2226.92,RDS,db.r5.xlarge PostgreSQL primary
Edge-Network,s3-0935976,AWS,2026-07,0.0,1160.9,2368575,104.18,S3,Artifact storage
Production-Secondary,sqldb-1063866,AZURE,2026-07,493.9,176.7,0,863.61,SQL Database,Standard S3 production
Production-Main,cf-0a48593,AWS,2026-07,0.0,0.0,33292133,169.21,CloudFront,CDN static assets
Compliance-Audit,s3-0cb2590,AWS,2026-07,0.0,48.7,24144710,155.70,S3,Static website hosting
Edge-Network,vpn-0d69869,AWS,2026-07,545.4,0.0,0,142.74,VPN Gateway,Client VPN endpoint
Finance-Systems,cosmos-0972198,AZURE,2026-07,530.8,73.8,19003486,699.73,Cosmos DB,Event store
Shared-Services,vm-01b9536,AZURE,2026-07,849.4,0.0,0,1196.69,Virtual Machines,F4s v2 compute node
Shared-Services,nat-09a0830,AWS,2026-07,680.8,0.0,0,317.20,NAT Gateway,Production VPC NAT
Analytics-Platform,bq-00ac651,GCP,2026-07,0.0,2417.5,0,952.85,BigQuery,BI reporting views
Production-Main,blob-061f857,AZURE,2026-07,0.0,5412.5,0,552.42,Blob Storage,Security audit logs
Data-Science,i-10ab373,AWS,2026-07,495.6,0.0,0,861.58,EC2,r5.xlarge cache server
Data-Science,gcs-0ded742,GCP,2026-07,0.0,11870.5,295683,265.42,Cloud Storage,Backup bucket
Security-Ops,vm-084d410,AZURE,2026-07,659.7,0.0,0,2360.36,Virtual Machines,E8s v3 memory-optimized
Production-Main,vm-0e62704,AZURE,2026-07,592.2,0.0,0,368.79,Virtual Machines,D2s v3 utility server
Shared-Services,ado-0603789,AZURE,2026-07,0.0,94.3,0,22.63,Azure DevOps,Artifacts storage
Partner-Integration,ddb-090c493,AWS,2026-07,681.1,9.5,4745203,83.38,DynamoDB,Config store table
DevOps-Central,ebs-0d66422,AWS,2026-07,0.0,445.5,0,267.89,EBS,io2 volumes database
Security-Ops,gcs-09b4232,GCP,2026-07,0.0,7516.4,186915,169.58,Cloud Storage,Backup bucket
ML-Training,ebs-08f8987,AWS,2026-07,0.0,596.9,0,383.13,EBS,io2 volumes database
Production-Main,vai-1173315,GCP,2026-07,852.0,0.0,9555870,1861.50,Vertex AI,Model serving endpoints
Internal-Tools,gcf-0b56804,GCP,2026-07,0.0,0.0,2112013,31.84,Cloud Functions,Scheduled tasks
Shared-Services,ado-0d38457,AZURE,2026-07,534.1,0.0,0,263.46,Azure DevOps,Pipelines hosted
Shared-Services,ado-0c7e652,AZURE,2026-07,0.0,97.1,0,24.79,Azure DevOps,Artifacts storage
Shared-Services,gcs-01a9890,GCP,2026-07,0.0,624.9,9691895,110.19,Cloud Storage,Temp processing bucket
IoT-Platform,bq-0440809,GCP,2026-07,0.0,3474.6,0,1342.00,BigQuery,BI reporting views
Shared-Services,rds-0aa6904,AWS,2026-07,682.9,963.9,0,3008.70,RDS,db.r5.2xlarge Aurora cluster
Customer-Portal,vpn-06f0884,AWS,2026-07,1167.8,0.0,0,295.38,VPN Gateway,Client VPN endpoint
Internal-Tools,gke-0975533,GCP,2026-07,658.7,0.0,0,1983.69,GKE,Production API cluster
Compliance-Audit,s3-038a496,AWS,2026-07,0.0,9850.0,628002,246.27,S3,Log archive bucket
Data-Science,gke-07eb913,GCP,2026-07,3121.0,0.0,0,6087.47,GKE,GPU node pool
Compliance-Audit,rds-0ed7512,AWS,2026-07,327.2,91.7,0,386.34,RDS,db.t3.medium MySQL staging
QA-Testing,lam-03e2943,AWS,2026-07,0.0,0.0,859748,6.73,Lambda,Cron job runner
Shared-Services,clog-07c4377,GCP,2026-07,0.0,252.8,0,62.52,Cloud Logging,Audit logs
IoT-Platform,gke-0ce5101,GCP,2026-07,730.5,0.0,0,2207.79,GKE,Production API cluster
Security-Ops,fs-0b68310,GCP,2026-07,558.3,38.0,23267442,314.71,Firestore,User profiles DB
Shared-Services,rds-019e148,AWS,2026-07,689.5,194.5,0,644.98,RDS,db.t3.large development DB
Customer-Portal,gcf-1092282,GCP,2026-07,0.0,0.0,17116260,258.17,Cloud Functions,Data triggers
Data-Science,blob-0154681,AZURE,2026-07,0.0,20353.3,48880,160.77,Blob Storage,Archive tier
Edge-Network,ps-05b4841,GCP,2026-07,0.0,0.0,42779328,558.35,Pub/Sub,Log forwarding
Internal-Tools,lam-0f01981,AWS,2026-07,0.0,0.0,25284999,180.68,Lambda,Data transformer
ML-Training,rs-0d61874,AWS,2026-07,567.7,1614.0,0,2947.06,Redshift,Data warehouse cluster
Partner-Integration,gcs-0aab436,GCP,2026-07,0.0,15488.7,37450,150.24,Cloud Storage,Archive bucket
Compliance-Audit,ses-1028890,AWS,2026-07,0.0,0.0,1681186,2.04,SES,Transactional email
Shared-Services,cosmos-0fc1348,AZURE,2026-07,674.6,93.3,23656521,844.28,Cosmos DB,Event store
Finance-Systems,blob-0820121,AZURE,2026-07,0.0,10483.7,106572,319.82,Blob Storage,Backup storage
IoT-Platform,mem-0a3e700,GCP,2026-07,921.9,0.0,0,669.54,Memorystore,Redis production cache
Analytics-Platform,kv-0406146,AZURE,2026-07,0.0,0.0,1847966,5.57,Key Vault,Secrets management
Customer-Portal,vpn-0e79543,AWS,2026-07,1122.8,0.0,0,291.29,VPN Gateway,Client VPN endpoint
Customer-Portal,cf-0469288,AWS,2026-07,0.0,0.0,78590885,388.70,CloudFront,CDN web distribution
Customer-Portal,s3-0bb8451,AWS,2026-07,0.0,19375.0,3999872,696.92,S3,Data lake raw zone
Marketing-Platform,ec-0b95778,AWS,2026-07,769.8,0.0,0,551.25,ElastiCache,Redis production cluster
Marketing-Platform,gke-0d7a344,GCP,2026-07,2582.5,0.0,0,4968.41,GKE,ML training cluster
Production-Secondary,sqs-047b744,AWS,2026-07,0.0,0.0,25175577,12.75,SQS,Event notification queue
DevOps-Central,appi-0c51901,AZURE,2026-07,0.0,0.0,74522274,958.91,Application Insights,APM telemetry
Security-Ops,bq-0e95411,GCP,2026-07,0.0,1991.1,0,796.55,BigQuery,Data export queries
Shared-Services,vai-01ae833,GCP,2026-07,410.0,0.0,0,2017.81,Vertex AI,Training pipelines
Finance-Systems,s3-0a35431,AWS,2026-07,0.0,9624.2,596433,243.69,S3,Log archive bucket
DevOps-Central,aks-00e8216,AZURE,2026-07,2120.8,0.0,0,3276.91,AKS,Staging K8s cluster
Finance-Systems,rds-06bf447,AWS,2026-07,663.9,933.0,0,2927.84,RDS,db.r5.2xlarge Aurora cluster
Partner-Integration,elb-06eb646,AWS,2026-07,830.7,0.0,11647795,175.05,ELB,Classic load balancer
ML-Training,ec-0b39148,AWS,2026-07,1032.4,0.0,0,753.84,ElastiCache,Redis production cluster
Marketing-Platform,rds-0d63346,AWS,2026-07,487.1,134.8,0,589.59,RDS,db.t3.medium MySQL staging
Partner-Integration,sb-07e9878,AZURE,2026-07,775.9,0.0,10723853,571.56,Service Bus,Premium messaging
Customer-Portal,azmon-0aa3619,AZURE,2026-07,0.0,225.6,29295042,311.10,Azure Monitor,Logs and metrics
Production-Secondary,ecs-0d99511,AWS,2026-07,285.0,0.0,0,520.88,ECS,Fargate batch cluster
Data-Science,i-0de8277,AWS,2026-07,433.2,0.0,0,1234.12,EC2,c5.2xlarge HPC node
QA-Testing,ses-03dc848,AWS,2026-07,0.0,0.0,2361872,2.69,SES,Transactional email
QA-Testing,elb-0f2f994,AWS,2026-07,936.9,0.0,38029489,274.70,ELB,Application load balancer
Marketing-Platform,cdns-0dd7912,GCP,2026-07,0.0,0.0,14853299,22.36,Cloud DNS,DNS zones
Shared-Services,func-0995812,AZURE,2026-07,0.0,0.0,3180103,47.84,Azure Functions,Webhook processor
Marketing-Platform,r53-09a7690,AWS,2026-07,0.0,0.0,56844250,85.49,Route 53,DNS hosting
Production-Main,ecs-0bb5632,AWS,2026-07,351.0,0.0,0,636.61,ECS,Fargate worker cluster
Security-Ops,ps-016a878,GCP,2026-07,0.0,0.0,29670169,384.33,Pub/Sub,Event streaming
Shared-Services,clog-01a6144,GCP,2026-07,0.0,278.9,0,68.19,Cloud Logging,Audit logs
Shared-Services,s3-085d679,AWS,2026-07,0.0,15978.0,3110457,543.28,S3,Data lake raw zone
Production-Secondary,app-1000684,AZURE,2026-07,663.1,0.0,0,100.15,App Service,Web app B1
Data-Science,gcs-04a8439,GCP,2026-07,0.0,589.7,9662261,111.78,Cloud Storage,Temp processing bucket
Marketing-Platform,vai-0c22165,GCP,2026-07,553.6,0.0,6007467,1177.70,Vertex AI,Model serving endpoints
Marketing-Platform,rds-07cb642,AWS,2026-07,706.9,205.4,0,653.66,RDS,db.t3.large development DB
Partner-Integration,cf-0cb6427,AWS,2026-07,0.0,0.0,45514850,228.24,CloudFront,CDN API distribution
Finance-Systems,gcf-0dd9858,GCP,2026-07,0.0,0.0,10819189,161.56,Cloud Functions,Auth handlers
Mobile-Backend,vm-0b10826,AZURE,2026-07,811.2,0.0,0,504.09,Virtual Machines,D2s v3 utility server
Partner-Integration,df-0b5b821,GCP,2026-07,995.3,0.0,0,2479.82,Dataflow,Streaming pipeline
Shared-Services,vm-10e0416,AZURE,2026-07,815.5,0.0,0,1942.06,Virtual Machines,D8s v3 application server
Internal-Tools,cf-02b1760,AWS,2026-07,0.0,0.0,47287227,228.64,CloudFront,CDN API distribution
ML-Training,sqs-095c104,AWS,2026-07,0.0,0.0,560942,0.29,SQS,Dead letter queue
Analytics-Platform,gcs-06d0310,GCP,2026-07,0.0,2554.1,2531119,192.62,Cloud Storage,Media assets bucket
Security-Ops,lam-0776812,AWS,2026-07,0.0,0.0,4526397,33.20,Lambda,Image resizer
Customer-Portal,ps-0a07220,GCP,2026-07,0.0,0.0,11453552,139.99,Pub/Sub,Data pipeline
Marketing-Platform,lam-01ce578,AWS,2026-07,0.0,0.0,1193084,8.98,Lambda,Cron job runner
Production-Secondary,blob-0416770,AZURE,2026-07,0.0,13938.3,33853,106.46,Blob Storage,Archive tier
Internal-Tools,ec-0e42669,AWS,2026-07,563.9,0.0,0,386.93,ElastiCache,Redis production cluster
Edge-Network,ps-0d68507,GCP,2026-07,0.0,0.0,46701275,591.89,Pub/Sub,Log forwarding
DevOps-Central,blob-061a187,AZURE,2026-07,0.0,5180.0,0,532.91,Blob Storage,Security audit logs
Analytics-Platform,csql-00a7449,GCP,2026-07,820.3,224.0,0,966.71,Cloud SQL,PostgreSQL replica
Customer-Portal,ps-045a155,GCP,2026-07,0.0,0.0,58734706,718.87,Pub/Sub,Log forwarding
Customer-Portal,acr-0e00958,AZURE,2026-07,0.0,236.3,467993,149.24,Container Registry,Docker image registry
Production-Secondary,eh-0576711,AZURE,2026-07,637.1,0.0,26911988,297.27,Event Hubs,Standard throughput units
Finance-Systems,gcf-0b85483,GCP,2026-07,0.0,0.0,3161832,45.73,Cloud Functions,Scheduled tasks
Production-Secondary,ecs-0e91146,AWS,2026-07,322.8,0.0,0,614.42,ECS,Fargate batch cluster
Edge-Network,ecs-0c11707,AWS,2026-07,331.7,0.0,0,608.53,ECS,Fargate worker cluster
Internal-Tools,lam-10f5761,AWS,2026-07,0.0,0.0,21303860,149.64,Lambda,Data transformer
Internal-Tools,mem-0ee0154,GCP,2026-07,545.9,0.0,0,389.25,Memorystore,Redis staging cache
Customer-Portal,clog-0275664,GCP,2026-07,0.0,154.7,0,38.12,Cloud Logging,Audit logs
Production-Secondary,app-0745398,AZURE,2026-07,748.3,0.0,0,118.61,App Service,Web app B1
DevOps-Central,ddb-09c2548,AWS,2026-07,639.9,85.6,130757507,973.06,DynamoDB,Cache table
Edge-Network,ps-0be2328,GCP,2026-07,0.0,0.0,45164021,595.32,Pub/Sub,Log forwarding
DevOps-Central,redis-08a8623,AZURE,2026-07,879.2,0.0,0,1030.07,Azure Cache for Redis,Premium P1 cache
Marketing-Platform,vai-01ff426,GCP,2026-07,349.8,0.0,0,1743.00,Vertex AI,AutoML jobs
Mobile-Backend,vm-0d27691,AZURE,2026-07,619.4,0.0,0,738.19,Virtual Machines,D4s v3 CI runner
Shared-Services,func-04c7461,AZURE,2026-07,0.0,0.0,10905306,163.20,Azure Functions,API handlers
Internal-Tools,gcs-0703657,GCP,2026-07,0.0,481.1,7739405,87.08,Cloud Storage,Temp processing bucket
DevOps-Central,sqldb-0a91564,AZURE,2026-07,718.7,245.0,0,1187.16,SQL Database,Standard S3 production
Partner-Integration,mem-03b7150,GCP,2026-07,272.5,0.0,0,201.70,Memorystore,Redis staging cache
Production-Secondary,sqldb-0789138,AZURE,2026-07,436.7,147.5,0,725.84,SQL Database,Standard S3 production
Internal-Tools,gcs-0993189,GCP,2026-07,0.0,487.0,7693553,90.27,Cloud Storage,Temp processing bucket
Partner-Integration,elb-0a0e128,AWS,2026-07,602.6,0.0,8541540,123.61,ELB,Classic load balancer
Finance-Systems,app-0c58925,AZURE,2026-07,836.6,0.0,0,982.38,App Service,API app P2v3
Shared-Services,nat-01a4526,AWS,2026-07,675.5,0.0,0,312.32,NAT Gateway,Production VPC NAT
Finance-Systems,cmon-0863154,GCP,2026-07,0.0,0.0,34059664,281.93,Cloud Monitoring,Metrics and alerting
Security-Ops,vai-04fa668,GCP,2026-07,260.4,0.0,0,1238.76,Vertex AI,AutoML jobs
DevOps-Central,sentinel-0854602,AZURE,2026-07,0.0,0.0,119170662,2963.50,Microsoft Sentinel,SIEM detection
Marketing-Platform,nat-01e0885,AWS,2026-07,894.2,0.0,0,206.68,NAT Gateway,Dev VPC NAT
Mobile-Backend,acr-0ff3421,AZURE,2026-07,0.0,215.0,436828,147.28,Container Registry,Docker image registry
Production-Main,cosmos-002c629,AZURE,2026-07,730.4,101.2,25557005,967.94,Cosmos DB,Event store
Production-Main,i-053d315,AWS,2026-07,793.5,0.0,0,56.50,EC2,t3.micro bastion host
Internal-Tools,ps-0c2b811,GCP,2026-07,0.0,0.0,36974747,440.68,Pub/Sub,Event streaming
Production-Secondary,app-0468902,AZURE,2026-07,1037.3,0.0,0,619.70,App Service,Web app P1v3
Marketing-Platform,sm-0ed6873,AWS,2026-07,0.0,0.0,999733,3.91,Secrets Manager,Application secrets
Finance-Systems,s3-0247530,AWS,2026-07,0.0,9662.9,609187,251.37,S3,Log archive bucket
DevOps-Central,redis-0718230,AZURE,2026-07,901.4,0.0,0,1123.04,Azure Cache for Redis,Premium P1 cache
Security-Ops,ca-112a285,GCP,2026-07,0.0,0.0,122773984,477.15,Cloud Armor,WAF policies
Marketing-Platform,ps-0f37394,GCP,2026-07,0.0,0.0,45018595,576.69,Pub/Sub,Log forwarding
Internal-Tools,blob-0ac1639,AZURE,2026-07,0.0,4494.1,11982426,586.87,Blob Storage,Build artifacts
Security-Ops,sqldb-095f436,AZURE,2026-07,793.7,57.7,0,170.61,SQL Database,Basic dev database
DevOps-Central,sqldb-0bd5208,AZURE,2026-07,734.0,260.3,0,1263.21,SQL Database,Standard S3 production
Production-Secondary,sentinel-0b9d521,AZURE,2026-07,0.0,0.0,67884429,1709.08,Microsoft Sentinel,SIEM detection
Marketing-Platform,ps-01f9738,GCP,2026-07,0.0,0.0,55243727,674.00,Pub/Sub,Log forwarding
Internal-Tools,ec-066c806,AWS,2026-07,568.7,0.0,0,431.62,ElastiCache,Redis production cluster
Security-Ops,bq-0e48207,GCP,2026-07,0.0,6850.7,0,2635.95,BigQuery,Analytics data warehouse
Finance-Systems,rds-023f159,AWS,2026-07,795.7,865.1,0,1870.21,RDS,db.m5.xlarge analytics DB
Data-Science,rs-046b649,AWS,2026-07,754.7,2119.2,0,3824.29,Redshift,Data warehouse cluster
Data-Science,clog-0f1f300,GCP,2026-07,0.0,273.6,0,71.18,Cloud Logging,Audit logs
Data-Science,bq-0120409,GCP,2026-07,0.0,16907.2,0,6812.82,BigQuery,ML training datasets
Edge-Network,sns-059b224,AWS,2026-07,0.0,0.0,14590986,7.22,SNS,Alert notifications
Production-Main,app-110c575,AZURE,2026-07,607.5,0.0,0,760.92,App Service,API app P2v3
Partner-Integration,azmon-03fa592,AZURE,2026-07,0.0,254.2,34285144,368.88,Azure Monitor,Logs and metrics
Edge-Network,s3-0318881,AWS,2026-07,0.0,17355.3,3584085,607.30,S3,Data lake raw zone
Security-Ops,cmon-0976930,GCP,2026-07,0.0,0.0,24792298,201.58,Cloud Monitoring,Metrics and alerting
Staging-Env,cdns-0641241,GCP,2026-07,0.0,0.0,21287724,31.68,Cloud DNS,DNS zones
IoT-Platform,fs-06b4788,GCP,2026-07,782.3,21.8,56778249,588.94,Firestore,Session store
Finance-Systems,kv-0a56102,AZURE,2026-07,0.0,0.0,3073351,9.60,Key Vault,Secrets management
Customer-Portal,i-028d484,AWS,2026-07,550.6,0.0,0,1894.76,EC2,m5.2xlarge batch processor
Shared-Services,aks-0c94504,AZURE,2026-07,338.2,0.0,0,507.06,AKS,Dev K8s cluster
Production-Main,lam-0642919,AWS,2026-07,0.0,0.0,34093394,237.89,Lambda,Data transformer
QA-Testing,lam-03e1413,AWS,2026-07,0.0,0.0,3382445,24.26,Lambda,Webhook processor
Security-Ops,ecs-0f75161,AWS,2026-07,603.5,0.0,0,1108.87,ECS,Fargate API cluster
Finance-Systems,s3-0c3b952,AWS,2026-07,0.0,10858.3,2228134,387.76,S3,Data lake raw zone
Customer-Portal,i-0290733,AWS,2026-07,591.6,0.0,0,41.67,EC2,t3.micro bastion host
DevOps-Central,appi-0d28385,AZURE,2026-07,0.0,0.0,18241360,232.97,Application Insights,Custom metrics
Compliance-Audit,sns-0f94109,AWS,2026-07,0.0,0.0,16020828,7.91,SNS,Event fanout topic
Finance-Systems,elb-024c328,AWS,2026-07,922.8,0.0,63004689,409.21,ELB,Network load balancer
Finance-Systems,rds-023e525,AWS,2026-07,610.9,834.1,0,2742.65,RDS,db.r5.2xlarge Aurora cluster
Internal-Tools,eks-0690150,AWS,2026-07,595.3,0.0,0,1724.81,EKS,Staging K8s cluster
Production-Main,eh-0c15276,AZURE,2026-07,0.0,859.4,0,217.15,Event Hubs,Capture to storage
Staging-Env,vai-00f2137,GCP,2026-07,527.2,0.0,0,2699.52,Vertex AI,Training pipelines
Staging-Env,df-0111460,GCP,2026-07,434.9,0.0,0,1068.67,Dataflow,Batch pipeline
QA-Testing,elb-0980148,AWS,2026-07,832.8,0.0,34916283,248.31,ELB,Application load balancer
Production-Secondary,cosmos-09cf617,AZURE,2026-07,606.5,82.6,20660493,791.33,Cosmos DB,Event store
Analytics-Platform,clog-0f3d446,GCP,2026-07,0.0,389.0,0,98.11,Cloud Logging,Application logs
Internal-Tools,rds-0ec4795,AWS,2026-07,781.9,534.6,0,1924.49,RDS,db.r5.xlarge PostgreSQL primary
IoT-Platform,bq-0357916,GCP,2026-07,0.0,1850.6,0,748.29,BigQuery,Data export queries
Staging-Env,gcs-04fc822,GCP,2026-07,0.0,13813.4,4736370,430.86,Cloud Storage,Data lake bucket
Compliance-Audit,i-0f6d336,AWS,2026-07,813.1,0.0,0,731.34,EC2,m5.large monitoring server
DR-Recovery,eh-08e4690,AZURE,2026-07,0.0,554.3,0,138.99,Event Hubs,Capture to storage
Analytics-Platform,fs-0b55279,GCP,2026-07,1015.4,27.9,68807847,744.92,Firestore,Session store
Customer-Portal,ps-0405218,GCP,2026-07,0.0,0.0,50884536,610.21,Pub/Sub,Log forwarding
Data-Science,nat-0132859,AWS,2026-07,561.1,0.0,0,132.72,NAT Gateway,Staging VPC NAT
Production-Main,cf-0001263,AWS,2026-07,0.0,0.0,52697875,257.58,CloudFront,CDN API distribution
Data-Science,rds-04cc470,AWS,2026-07,713.4,193.2,0,654.09,RDS,db.t3.large development DB
Staging-Env,df-0f02823,GCP,2026-07,595.0,0.0,0,1464.32,Dataflow,Streaming pipeline
Internal-Tools,blob-0b8b546,AZURE,2026-07,0.0,2648.5,6525005,420.14,Blob Storage,Media content
Shared-Services,ado-10cc486,AZURE,2026-07,493.9,0.0,0,255.46,Azure DevOps,Pipelines hosted
Finance-Systems,gcf-0526817,GCP,2026-07,0.0,0.0,13465031,203.20,Cloud Functions,Data triggers
Data-Science,ses-077c383,AWS,2026-07,0.0,0.0,455755,0.52,SES,Marketing email
Marketing-Platform,i-079f164,AWS,2026-07,743.0,0.0,0,1264.43,EC2,r5.xlarge cache server
Customer-Portal,gcs-1062875,GCP,2026-07,0.0,440.9,7218518,84.38,Cloud Storage,Temp processing bucket
QA-Testing,ec-06bd918,AWS,2026-07,888.2,0.0,0,623.50,ElastiCache,Redis production cluster
Data-Science,i-0859781,AWS,2026-07,362.5,0.0,0,1086.58,EC2,c5.2xlarge HPC node
Data-Science,cmon-0e6a268,GCP,2026-07,0.0,0.0,36976874,304.08,Cloud Monitoring,Metrics and alerting
Edge-Network,ec-063c794,AWS,2026-07,797.3,0.0,0,578.12,ElastiCache,Redis production cluster
Mobile-Backend,vm-1082854,AZURE,2026-07,1157.8,0.0,0,1628.23,Virtual Machines,F4s v2 compute node
Mobile-Backend,kv-111e842,AZURE,2026-07,0.0,0.0,1887119,5.48,Key Vault,Secrets management
Analytics-Platform,acr-00c8676,AZURE,2026-07,0.0,215.3,432627,144.22,Container Registry,Docker image registry
DevOps-Central,aks-0474653,AZURE,2026-07,2083.2,0.0,0,3085.85,AKS,Staging K8s cluster
Mobile-Backend,kv-033c971,AZURE,2026-07,0.0,0.0,1932465,5.97,Key Vault,Secrets management
Internal-Tools,cf-0dbb199,AWS,2026-07,0.0,0.0,180650607,867.13,CloudFront,CDN media distribution
Security-Ops,bq-06c8903,GCP,2026-07,0.0,8716.4,0,3402.35,BigQuery,ML training datasets
Edge-Network,ecs-09c1206,AWS,2026-07,326.3,0.0,0,585.00,ECS,Fargate worker cluster
Shared-Services,ado-0fd5860,AZURE,2026-07,0.0,96.4,0,23.36,Azure DevOps,Artifacts storage
Compliance-Audit,s3-08a7782,AWS,2026-07,0.0,12269.1,2490141,422.96,S3,Data lake raw zone
Customer-Portal,gcf-026e659,GCP,2026-07,0.0,0.0,1704635,25.50,Cloud Functions,Scheduled tasks
Security-Ops,bq-0b75354,GCP,2026-07,0.0,7551.5,0,3170.26,BigQuery,ML training datasets
Compliance-Audit,s3-0c04431,AWS,2026-07,0.0,12556.4,2525316,432.68,S3,Data lake raw zone
Finance-Systems,gcs-0ee3791,GCP,2026-07,0.0,10110.1,3477083,305.72,Cloud Storage,Data lake bucket
Shared-Services,ado-0d7d199,AZURE,2026-07,604.7,0.0,0,315.02,Azure DevOps,Pipelines hosted
DevOps-Central,blob-0fc7470,AZURE,2026-07,0.0,7872.5,2915558,428.38,Blob Storage,Data lake storage
Mobile-Backend,vm-09e4739,AZURE,2026-07,748.2,0.0,0,2684.07,Virtual Machines,E8s v3 memory-optimized
Internal-Tools,ses-0dbe321,AWS,2026-07,0.0,0.0,2828933,3.29,SES,Transactional email
Internal-Tools,cr-0a26381,GCP,2026-07,735.5,0.0,3095361,947.03,Cloud Run,ETL pipeline service
Data-Science,i-0a28926,AWS,2026-07,471.1,0.0,0,1665.83,EC2,m5.2xlarge batch processor
Internal-Tools,eks-02a6314,AWS,2026-07,527.6,0.0,0,1529.73,EKS,Staging K8s cluster
Data-Science,aks-0ae2613,AZURE,2026-07,1392.5,0.0,0,2089.44,AKS,Staging K8s cluster
Shared-Services,cf-019a583,AWS,2026-07,0.0,0.0,170634496,845.25,CloudFront,CDN media distribution
Partner-Integration,gke-118b595,GCP,2026-07,832.9,0.0,0,2481.79,GKE,Production API cluster
Staging-Env,gcf-05fd332,GCP,2026-07,0.0,0.0,31605184,463.98,Cloud Functions,Pub/Sub processors
Marketing-Platform,gcf-1167527,GCP,2026-07,0.0,0.0,1602911,23.87,Cloud Functions,Scheduled tasks
Edge-Network,i-087e912,AWS,2026-07,786.0,0.0,0,1369.34,EC2,r5.xlarge cache server
Marketing-Platform,gke-0f27659,GCP,2026-07,2348.7,0.0,0,4575.64,GKE,ML training cluster
Analytics-Platform,fs-0b19394,GCP,2026-07,1165.9,30.9,80041191,814.13,Firestore,Session store
Partner-Integration,redis-03af826,AZURE,2026-07,588.5,0.0,0,294.81,Azure Cache for Redis,Standard C2 cache
Finance-Systems,gcf-08a1204,GCP,2026-07,0.0,0.0,15885337,236.91,Cloud Functions,Data triggers
Production-Secondary,redis-05cd720,AZURE,2026-07,950.2,0.0,0,1123.27,Azure Cache for Redis,Premium P1 cache
Production-Secondary,aks-0887612,AZURE,2026-07,317.2,0.0,0,491.28,AKS,Dev K8s cluster
Production-Secondary,mem-0ccd673,GCP,2026-07,772.7,0.0,0,543.55,Memorystore,Redis production cache
Analytics-Platform,aks-00c0825,AZURE,2026-07,1391.6,0.0,0,2152.83,AKS,Staging K8s cluster
Data-Science,i-0866884,AWS,2026-07,582.1,0.0,0,1008.74,EC2,r5.xlarge cache server
Production-Main,aks-087d143,AZURE,2026-07,1466.0,0.0,0,2191.46,AKS,Staging K8s cluster
Data-Science,gke-0dc2614,GCP,2026-07,3985.6,0.0,0,7612.66,GKE,GPU node pool
Analytics-Platform,aks-0901861,AZURE,2026-07,612.2,0.0,0,879.50,AKS,Dev K8s cluster
Customer-Portal,gcf-026d273,GCP,2026-07,0.0,0.0,10713617,164.83,Cloud Functions,Auth handlers
DevOps-Central,appi-1091671,AZURE,2026-07,0.0,0.0,82167471,1032.66,Application Insights,APM telemetry
Production-Main,clog-099d699,GCP,2026-07,0.0,339.0,0,80.97,Cloud Logging,Audit logs
Internal-Tools,ebs-0868993,AWS,2026-07,0.0,1514.0,0,185.06,EBS,gp3 volumes production
Marketing-Platform,gke-05a9143,GCP,2026-07,2258.5,0.0,0,4528.78,GKE,ML training cluster
Customer-Portal,mem-0be9967,GCP,2026-07,374.3,0.0,0,271.83,Memorystore,Redis staging cache
Finance-Systems,app-0bbc103,AZURE,2026-07,1168.2,0.0,0,181.71,App Service,Web app B1
Mobile-Backend,kin-032d614,AWS,2026-07,751.2,0.0,31524214,459.43,Kinesis,Data stream ingestion
Production-Main,bq-0044162,GCP,2026-07,0.0,15998.3,0,6164.36,BigQuery,ML training datasets
Partner-Integration,ecs-0c6a269,AWS,2026-07,546.0,0.0,0,1005.21,ECS,Fargate API cluster
Compliance-Audit,s3-038c556,AWS,2026-07,0.0,50.3,25799889,165.00,S3,Static website hosting
Production-Secondary,acr-0ae3180,AZURE,2026-07,0.0,232.2,454590,155.02,Container Registry,Docker image registry
Customer-Portal,vm-1043820,AZURE,2026-07,973.0,0.0,0,309.09,Virtual Machines,B2s development VM
Finance-Systems,s3-0244518,AWS,2026-07,0.0,11604.9,2278972,415.18,S3,Data lake raw zone
Edge-Network,ecs-031e824,AWS,2026-07,412.9,0.0,0,715.91,ECS,Fargate API cluster
Internal-Tools,mem-082c959,GCP,2026-07,504.0,0.0,0,354.20,Memorystore,Redis staging cache
Marketing-Platform,fs-0e2b804,GCP,2026-07,521.7,14.2,36597337,387.87,Firestore,Session store
Finance-Systems,s3-0f0f949,AWS,2026-07,0.0,6015.1,9864892,454.35,S3,Media content bucket
Analytics-Platform,bq-0d1e739,GCP,2026-07,0.0,2530.8,0,1007.10,BigQuery,BI reporting views
Security-Ops,ps-065c549,GCP,2026-07,0.0,0.0,33076273,428.16,Pub/Sub,Event streaming
Internal-Tools,mem-02eb311,GCP,2026-07,665.0,0.0,0,471.20,Memorystore,Redis production cache
Mobile-Backend,vm-0813383,AZURE,2026-07,931.8,0.0,0,1285.95,Virtual Machines,F4s v2 compute node
Customer-Portal,ses-0ddf126,AWS,2026-07,0.0,0.0,535715,0.64,SES,Marketing email
Data-Science,blob-0153838,AZURE,2026-07,0.0,10377.6,101122,300.12,Blob Storage,Backup storage
Data-Science,gcf-102b155,GCP,2026-07,0.0,0.0,10108658,148.23,Cloud Functions,Auth handlers
Compliance-Audit,i-08da194,AWS,2026-07,606.8,0.0,0,897.44,EC2,c5.xlarge compute worker
Staging-Env,gcs-06fa515,GCP,2026-07,0.0,16869.1,43061,172.02,Cloud Storage,Archive bucket
Marketing-Platform,lam-073d564,AWS,2026-07,0.0,0.0,17133924,124.95,Lambda,Data transformer
Production-Secondary,aks-04e9539,AZURE,2026-07,1654.5,0.0,0,2409.84,AKS,Staging K8s cluster
Production-Main,app-058f647,AZURE,2026-07,538.7,0.0,0,650.18,App Service,API app P2v3
DR-Recovery,appi-0df9366,AZURE,2026-07,0.0,0.0,16330853,194.30,Application Insights,Custom metrics
DevOps-Central,blob-0f60507,AZURE,2026-07,0.0,8311.6,3123193,432.12,Blob Storage,Data lake storage
QA-Testing,lam-04bb141,AWS,2026-07,0.0,0.0,5395503,37.33,Lambda,Image resizer
Production-Secondary,sb-0b67850,AZURE,2026-07,0.0,0.0,23296593,56.75,Service Bus,Standard messaging
Marketing-Platform,nat-08ce373,AWS,2026-07,604.0,0.0,0,138.02,NAT Gateway,Staging VPC NAT
Marketing-Platform,i-01ec560,AWS,2026-07,617.2,0.0,0,519.97,EC2,m5.large monitoring server
Shared-Services,sb-01c7290,AZURE,2026-07,0.0,0.0,15739976,38.68,Service Bus,Standard messaging
Internal-Tools,mem-0d47243,GCP,2026-07,651.1,0.0,0,469.98,Memorystore,Redis production cache
Staging-Env,fs-111a954,GCP,2026-07,1191.9,81.6,48259916,689.12,Firestore,User profiles DB
Partner-Integration,appi-03a2597,AZURE,2026-07,0.0,0.0,20603335,258.38,Application Insights,Custom metrics
Security-Ops,s3-0183786,AWS,2026-07,0.0,829.7,1636224,72.33,S3,Artifact storage
Marketing-Platform,mem-0205771,GCP,2026-07,679.0,0.0,0,490.81,Memorystore,Redis production cache
Customer-Portal,blob-08b1911,AZURE,2026-07,0.0,5928.9,0,619.24,Blob Storage,Security audit logs
Production-Secondary,app-0068571,AZURE,2026-07,991.1,0.0,0,600.89,App Service,Web app P1v3
Internal-Tools,fs-1014977,GCP,2026-07,976.6,28.3,67841680,722.90,Firestore,Session store
Production-Main,lam-06d3145,AWS,2026-07,0.0,0.0,60967836,408.54,Lambda,API gateway handler
Analytics-Platform,gke-118c166,GCP,2026-07,4719.7,0.0,0,9165.67,GKE,GPU node pool
Shared-Services,ec-0c82412,AWS,2026-07,820.9,0.0,0,304.44,ElastiCache,Redis staging cluster
Staging-Env,mem-0102679,GCP,2026-07,828.5,0.0,0,588.92,Memorystore,Redis production cache
Security-Ops,ecs-0f85647,AWS,2026-07,525.3,0.0,0,945.13,ECS,Fargate worker cluster
Shared-Services,rds-084e637,AWS,2026-07,682.3,949.6,0,3121.84,RDS,db.r5.2xlarge Aurora cluster
Edge-Network,csql-0c36420,GCP,2026-07,840.6,229.8,0,991.56,Cloud SQL,PostgreSQL replica
Partner-Integration,elb-057a924,AWS,2026-07,731.9,0.0,10111971,141.40,ELB,Classic load balancer
Customer-Portal,cosmos-0db3851,AZURE,2026-07,721.1,100.6,25511466,959.01,Cosmos DB,Event store
Partner-Integration,azmon-0ab0934,AZURE,2026-07,0.0,292.8,39384851,410.77,Azure Monitor,Logs and metrics
Security-Ops,ecs-018b473,AWS,2026-07,187.2,0.0,0,342.25,ECS,Fargate batch cluster
Production-Main,lam-1011255,AWS,2026-07,0.0,0.0,30855456,216.42,Lambda,Data transformer
Data-Science,rds-074d478,AWS,2026-07,802.1,932.7,0,1908.80,RDS,db.m5.xlarge analytics DB
Shared-Services,r53-08c8350,AWS,2026-07,0.0,0.0,64142244,95.44,Route 53,DNS hosting
Staging-Env,cr-0c5a970,GCP,2026-07,646.0,0.0,2667403,828.19,Cloud Run,ETL pipeline service
Analytics-Platform,kv-07cc983,AZURE,2026-07,0.0,0.0,620809,1.83,Key Vault,Certificate store
Production-Main,i-0df3860,AWS,2026-07,850.7,0.0,0,59.97,EC2,t3.micro bastion host
Staging-Env,fs-0ce9401,GCP,2026-07,1287.3,89.2,52107008,722.29,Firestore,User profiles DB
Production-Secondary,i-0574661,AWS,2026-07,1254.4,0.0,0,1095.98,EC2,t3.large application server
DevOps-Central,redis-0415551,AZURE,2026-07,956.4,0.0,0,1119.24,Azure Cache for Redis,Premium P1 cache
Edge-Network,cmon-02fb997,GCP,2026-07,0.0,0.0,25896164,208.87,Cloud Monitoring,Metrics and alerting
Shared-Services,nat-0e47148,AWS,2026-07,566.9,0.0,0,268.08,NAT Gateway,Production VPC NAT
Shared-Services,rds-0f7b881,AWS,2026-07,615.2,170.3,0,556.45,RDS,db.t3.large development DB
Internal-Tools,clog-0565633,GCP,2026-07,0.0,293.5,0,77.01,Cloud Logging,Audit logs
Mobile-Backend,sqs-0ec8187,AWS,2026-07,0.0,0.0,355048,0.18,SQS,Dead letter queue
Production-Main,ca-083b242,GCP,2026-07,0.0,0.0,145650764,570.60,Cloud Armor,WAF policies
Marketing-Platform,i-0c4b661,AWS,2026-07,631.5,0.0,0,1759.09,EC2,c5.2xlarge HPC node
Production-Main,i-0a7c855,AWS,2026-07,930.4,0.0,0,69.61,EC2,t3.micro bastion host
Security-Ops,ec-0478184,AWS,2026-07,602.5,0.0,0,215.20,ElastiCache,Redis staging cluster
DevOps-Central,ddb-0beb915,AWS,2026-07,1048.2,14.5,7289648,127.95,DynamoDB,Config store table
Marketing-Platform,rds-01e2924,AWS,2026-07,802.8,224.7,0,714.14,RDS,db.t3.large development DB
Security-Ops,csql-0709515,GCP,2026-07,692.9,194.0,0,824.90,Cloud SQL,PostgreSQL replica
Marketing-Platform,sm-08bb419,AWS,2026-07,0.0,0.0,1044682,4.31,Secrets Manager,Application secrets
Security-Ops,eks-0434972,AWS,2026-07,475.6,0.0,0,1427.41,EKS,Staging K8s cluster
Shared-Services,ado-09f0961,AZURE,2026-07,0.0,107.2,0,27.71,Azure DevOps,Artifacts storage
Staging-Env,bq-0740271,GCP,2026-07,0.0,1563.3,0,612.43,BigQuery,BI reporting views
ML-Training,eks-036f728,AWS,2026-07,919.4,0.0,0,2673.58,EKS,Production K8s cluster
Staging-Env,bq-073b727,GCP,2026-07,0.0,1723.3,0,687.03,BigQuery,BI reporting views
Security-Ops,sqldb-067d679,AZURE,2026-07,1087.1,73.7,0,218.16,SQL Database,Basic dev database
Compliance-Audit,i-0fb9329,AWS,2026-07,599.7,0.0,0,531.44,EC2,m5.large monitoring server
Internal-Tools,blob-0f88578,AZURE,2026-07,0.0,3329.9,7993979,522.49,Blob Storage,Media content
Finance-Systems,s3-0d12329,AWS,2026-07,0.0,10040.6,1957343,335.52,S3,Data lake raw zone
Compliance-Audit,i-0de9629,AWS,2026-07,612.2,0.0,0,266.72,EC2,t3.medium API server
Finance-Systems,vpn-0a0f703,AWS,2026-07,653.9,0.0,0,335.11,VPN Gateway,Site-to-site VPN
Edge-Network,clog-0301555,GCP,2026-07,0.0,577.6,0,143.71,Cloud Logging,Application logs
Partner-Integration,sqs-0580884,AWS,2026-07,0.0,0.0,452745,0.23,SQS,Dead letter queue
Production-Main,i-0db9952,AWS,2026-07,1040.7,0.0,0,447.67,EC2,t3.medium API server
DevOps-Central,ebs-07bd747,AWS,2026-07,0.0,514.7,0,320.71,EBS,io2 volumes database
Partner-Integration,azmon-07b1730,AZURE,2026-07,0.0,271.0,36510202,371.08,Azure Monitor,Logs and metrics
Data-Science,cosmos-0927286,AZURE,2026-07,724.8,203.3,41445887,1633.08,Cosmos DB,User data store
Production-Main,blob-002f172,AZURE,2026-07,0.0,7405.4,2700382,395.97,Blob Storage,Data lake storage
Internal-Tools,s3-0529282,AWS,2026-07,0.0,3316.0,1714657,129.87,S3,Analytics export bucket
Finance-Systems,eks-0659376,AWS,2026-07,1029.6,0.0,0,3195.24,EKS,Production K8s cluster
Internal-Tools,aks-0297432,AZURE,2026-07,1689.6,0.0,0,2632.16,AKS,Staging K8s cluster
Partner-Integration,nat-03ce770,AWS,2026-07,1031.9,0.0,0,234.07,NAT Gateway,Dev VPC NAT
Analytics-Platform,kv-0cb7100,AZURE,2026-07,0.0,0.0,1462870,4.36,Key Vault,Secrets management
Finance-Systems,ado-0d5d179,AZURE,2026-07,491.5,0.0,0,242.92,Azure DevOps,Pipelines hosted
Production-Secondary,cmon-008b179,GCP,2026-07,0.0,0.0,28481564,225.68,Cloud Monitoring,Metrics and alerting
Mobile-Backend,sqldb-0a27822,AZURE,2026-07,924.9,308.1,0,1482.60,SQL Database,Standard S3 production
Finance-Systems,vpn-0249799,AWS,2026-07,748.8,0.0,0,374.14,VPN Gateway,Site-to-site VPN
Production-Main,vm-003a385,AZURE,2026-07,749.8,0.0,0,460.62,Virtual Machines,D2s v3 utility server
Internal-Tools,mem-02ea903,GCP,2026-07,432.6,0.0,0,322.21,Memorystore,Redis staging cache
Edge-Network,nat-032a145,AWS,2026-07,803.8,0.0,0,190.31,NAT Gateway,Dev VPC NAT
Production-Secondary,i-0cb5459,AWS,2026-07,532.1,0.0,0,925.09,EC2,r5.xlarge cache server
Analytics-Platform,eh-00c4152,AZURE,2026-07,0.0,455.6,0,110.52,Event Hubs,Capture to storage
Internal-Tools,gcs-0a1c146,GCP,2026-07,0.0,8819.4,211242,202.23,Cloud Storage,Backup bucket
Production-Secondary,r53-0629377,AWS,2026-07,0.0,0.0,10400714,15.79,Route 53,Health checks
Finance-Systems,blob-0ccb663,AZURE,2026-07,0.0,2282.7,5834886,378.36,Blob Storage,Media content
Production-Main,lam-0e7f833,AWS,2026-07,0.0,0.0,35437766,245.09,Lambda,Data transformer
ML-Training,lam-0bf7821,AWS,2026-07,0.0,0.0,11901573,83.85,Lambda,Notification dispatcher
Production-Secondary,csql-008c653,GCP,2026-07,722.0,196.0,0,888.63,Cloud SQL,PostgreSQL replica
Customer-Portal,azmon-110e151,AZURE,2026-07,0.0,228.1,30740993,336.11,Azure Monitor,Logs and metrics
Marketing-Platform,mem-0ef4659,GCP,2026-07,518.1,0.0,0,355.84,Memorystore,Redis staging cache
Internal-Tools,rds-0bc8856,AWS,2026-07,674.8,485.4,0,1746.28,RDS,db.r5.xlarge PostgreSQL primary
Data-Science,i-0945672,AWS,2026-07,483.7,0.0,0,1649.33,EC2,m5.2xlarge batch processor
Customer-Portal,cosmos-0252776,AZURE,2026-07,991.0,286.7,54854466,2258.45,Cosmos DB,User data store
Analytics-Platform,cr-0a94901,GCP,2026-07,646.8,0.0,2651972,808.91,Cloud Run,ETL pipeline service
Production-Main,s3-05ff747,AWS,2026-07,0.0,16029.4,3214452,578.48,S3,Data lake raw zone
Edge-Network,bq-06c0962,GCP,2026-07,0.0,8219.6,0,3278.09,BigQuery,Analytics data warehouse
Internal-Tools,ps-053f365,GCP,2026-07,0.0,0.0,33917748,418.79,Pub/Sub,Event streaming
Finance-Systems,cosmos-021b523,AZURE,2026-07,565.9,155.2,32134380,1246.30,Cosmos DB,User data store
Security-Ops,s3-0fee392,AWS,2026-07,0.0,7159.8,11151823,511.29,S3,Media content bucket
DR-Recovery,appi-0c28938,AZURE,2026-07,0.0,0.0,23466454,309.20,Application Insights,Custom metrics
Internal-Tools,ec-0444818,AWS,2026-07,560.6,0.0,0,399.14,ElastiCache,Redis production cluster
Production-Secondary,df-0e23359,GCP,2026-07,1002.7,0.0,0,2497.02,Dataflow,Streaming pipeline
Production-Secondary,r53-093c580,AWS,2026-07,0.0,0.0,9158468,13.16,Route 53,Health checks
Security-Ops,ps-0845974,GCP,2026-07,0.0,0.0,29860765,370.53,Pub/Sub,Event streaming
Customer-Portal,blob-0851669,AZURE,2026-07,0.0,5506.2,0,548.81,Blob Storage,Security audit logs
Compliance-Audit,s3-0973601,AWS,2026-07,0.0,15348.2,3010738,534.41,S3,Data lake raw zone
Finance-Systems,app-0fe4884,AZURE,2026-07,1050.7,0.0,0,162.70,App Service,Web app B1
Finance-Systems,gcs-0764373,GCP,2026-07,0.0,10530.1,3494079,319.44,Cloud Storage,Data lake bucket
Edge-Network,eks-10ea823,AWS,2026-07,717.2,0.0,0,2147.63,EKS,Production K8s cluster
Production-Main,i-106d831,AWS,2026-07,446.6,0.0,0,1293.85,EC2,c5.2xlarge HPC node
Internal-Tools,s3-0542610,AWS,2026-07,0.0,7311.7,74174,175.15,S3,Backup storage bucket
Production-Main,blob-04d1230,AZURE,2026-07,0.0,2763.9,7459091,370.29,Blob Storage,Build artifacts
Edge-Network,lam-0fd2997,AWS,2026-07,0.0,0.0,25768779,179.21,Lambda,Data transformer
Edge-Network,csql-101e324,GCP,2026-07,704.2,201.1,0,860.59,Cloud SQL,PostgreSQL replica
DR-Recovery,sqldb-02f4102,AZURE,2026-07,710.1,49.1,0,149.91,SQL Database,Basic dev database
Finance-Systems,func-0402202,AZURE,2026-07,0.0,0.0,5878322,87.06,Azure Functions,API handlers
Compliance-Audit,i-039e433,AWS,2026-07,751.9,0.0,0,1283.49,EC2,r5.xlarge cache server
Finance-Systems,blob-03ff840,AZURE,2026-07,0.0,2172.1,5545163,355.42,Blob Storage,Media content
Shared-Services,vai-01af568,GCP,2026-07,315.2,0.0,0,1572.41,Vertex AI,AutoML jobs
Production-Secondary,ec-09d7888,AWS,2026-07,934.0,0.0,0,338.03,ElastiCache,Redis staging cluster
ML-Training,ebs-0e30384,AWS,2026-07,0.0,712.2,0,87.46,EBS,gp3 volumes production
Edge-Network,s3-0484514,AWS,2026-07,0.0,1238.9,2396210,103.57,S3,Artifact storage
Customer-Portal,ses-0676835,AWS,2026-07,0.0,0.0,850725,1.00,SES,Marketing email
Mobile-Backend,kv-0b79582,AZURE,2026-07,0.0,0.0,515233,1.55,Key Vault,Certificate store
Security-Ops,s3-0184470,AWS,2026-07,0.0,52.2,26486004,170.34,S3,Static website hosting
Production-Secondary,i-1026374,AWS,2026-07,733.3,0.0,0,624.73,EC2,m5.large monitoring server
Data-Science,aks-0150773,AZURE,2026-07,304.8,0.0,0,472.36,AKS,Dev K8s cluster
Finance-Systems,blob-0a8c725,AZURE,2026-07,0.0,6681.7,64323,200.58,Blob Storage,Backup storage
Compliance-Audit,i-039b844,AWS,2026-07,709.8,0.0,0,2407.79,EC2,r5.2xlarge database server
Finance-Systems,vpn-0248486,AWS,2026-07,1005.8,0.0,0,249.91,VPN Gateway,Client VPN endpoint
Production-Secondary,aks-0f13431,AZURE,2026-07,1459.5,0.0,0,2162.42,AKS,Staging K8s cluster
Finance-Systems,eh-0ce3909,AZURE,2026-07,678.4,0.0,27297445,294.75,Event Hubs,Standard throughput units
Finance-Systems,aks-0213923,AZURE,2026-07,1046.9,0.0,0,4695.97,AKS,Production K8s cluster
Marketing-Platform,nat-083c511,AWS,2026-07,544.0,0.0,0,123.75,NAT Gateway,Staging VPC NAT
Compliance-Audit,sm-0382839,AWS,2026-07,0.0,0.0,1246852,4.97,Secrets Manager,Application secrets
Marketing-Platform,gcf-0203789,GCP,2026-07,0.0,0.0,20367808,313.87,Cloud Functions,Pub/Sub processors
Edge-Network,r53-0323539,AWS,2026-07,0.0,0.0,49281587,74.42,Route 53,DNS hosting
Internal-Tools,eks-0923427,AWS,2026-07,644.8,0.0,0,1901.85,EKS,Staging K8s cluster
Staging-Env,gke-0da1584,GCP,2026-07,3166.6,0.0,0,6341.30,GKE,ML training cluster
Staging-Env,gcf-0d4c132,GCP,2026-07,0.0,0.0,16838912,264.55,Cloud Functions,Data triggers
IoT-Platform,gke-0bfa929,GCP,2026-07,3124.7,0.0,0,6446.02,GKE,ML training cluster
Data-Science,vai-07e2724,GCP,2026-07,352.0,0.0,0,1848.90,Vertex AI,Training pipelines
Staging-Env,vai-07a5769,GCP,2026-07,495.4,0.0,0,2389.94,Vertex AI,Training pipelines
Security-Ops,ec-018a285,AWS,2026-07,637.0,0.0,0,225.89,ElastiCache,Redis staging cluster
Compliance-Audit,rds-0b76559,AWS,2026-07,373.0,103.4,0,431.46,RDS,db.t3.medium MySQL staging
Production-Main,s3-0ab1484,AWS,2026-07,0.0,11053.3,694841,274.17,S3,Log archive bucket
Staging-Env,gcs-09d1780,GCP,2026-07,0.0,13206.4,4239496,384.51,Cloud Storage,Data lake bucket
Edge-Network,r53-0f4f980,AWS,2026-07,0.0,0.0,50804530,74.15,Route 53,DNS hosting
Finance-Systems,app-05d9740,AZURE,2026-07,945.9,0.0,0,1160.89,App Service,API app P2v3
Partner-Integration,rds-08a3964,AWS,2026-07,907.1,624.8,0,1796.47,RDS,db.r5.large PostgreSQL replica
Marketing-Platform,gcf-0a80128,GCP,2026-07,0.0,0.0,2280046,34.43,Cloud Functions,Scheduled tasks
Partner-Integration,cf-052a323,AWS,2026-07,0.0,0.0,38872390,194.14,CloudFront,CDN API distribution
Finance-Systems,sqldb-020d385,AZURE,2026-07,1063.9,72.2,0,219.17,SQL Database,Basic dev database
Edge-Network,ebs-041c946,AWS,2026-07,0.0,160.9,0,20.88,EBS,gp3 volumes staging
Data-Science,cosmos-0e72317,AZURE,2026-07,780.1,104.6,26431167,1006.63,Cosmos DB,Event store
Compliance-Audit,rds-1110124,AWS,2026-07,897.1,1007.9,0,2145.52,RDS,db.m5.xlarge analytics DB
Production-Secondary,i-0783728,AWS,2026-07,860.1,0.0,0,729.74,EC2,m5.large monitoring server
Security-Ops,ecs-079e707,AWS,2026-07,156.4,0.0,0,289.71,ECS,Fargate batch cluster
Edge-Network,sns-102d146,AWS,2026-07,0.0,0.0,13543790,6.47,SNS,Alert notifications
Production-Main,cf-0002448,AWS,2026-07,0.0,0.0,37415285,187.17,CloudFront,CDN static assets
Production-Secondary,blob-0a30257,AZURE,2026-07,0.0,14956.5,36236,117.83,Blob Storage,Archive tier
Shared-Services,nat-0cf3375,AWS,2026-07,613.4,0.0,0,140.38,NAT Gateway,Staging VPC NAT
Shared-Services,aks-09a6162,AZURE,2026-07,1061.4,0.0,0,1527.02,AKS,Staging K8s cluster
Production-Main,ebs-0db5569,AWS,2026-07,0.0,625.5,0,381.91,EBS,io2 volumes database
Partner-Integration,ddb-118f465,AWS,2026-07,1072.6,151.4,220506909,1623.09,DynamoDB,Cache table
Staging-Env,cdns-070b939,GCP,2026-07,0.0,0.0,27915269,40.97,Cloud DNS,DNS zones
Data-Science,aks-0896218,AZURE,2026-07,293.5,0.0,0,440.79,AKS,Dev K8s cluster
IoT-Platform,csql-0e5e176,GCP,2026-07,889.1,247.5,0,1069.65,Cloud SQL,PostgreSQL replica
Staging-Env,ps-0db2431,GCP,2026-07,0.0,0.0,13765036,175.34,Pub/Sub,Data pipeline
Marketing-Platform,vpn-06a4632,AWS,2026-07,895.8,0.0,0,229.22,VPN Gateway,Client VPN endpoint
Analytics-Platform,cr-0fbb528,GCP,2026-07,532.1,0.0,2202443,700.83,Cloud Run,ETL pipeline service
Shared-Services,aks-076e357,AZURE,2026-07,1254.9,0.0,0,1872.01,AKS,Staging K8s cluster
Data-Science,nat-0f38347,AWS,2026-07,575.0,0.0,0,131.56,NAT Gateway,Staging VPC NAT
Production-Main,i-10a7273,AWS,2026-07,804.4,0.0,0,2805.47,EC2,m5.2xlarge batch processor
Finance-Systems,eh-021f394,AZURE,2026-07,0.0,658.4,0,166.43,Event Hubs,Capture to storage
Finance-Systems,eks-0d6f989,AWS,2026-07,917.2,0.0,0,2697.92,EKS,Production K8s cluster
Customer-Portal,s3-10a8780,AWS,2026-07,0.0,19389.6,4028798,687.45,S3,Data lake raw zone
ML-Training,ebs-0720778,AWS,2026-07,0.0,662.8,0,418.64,EBS,io2 volumes database
DevOps-Central,aks-0b28145,AZURE,2026-07,350.1,0.0,0,536.94,AKS,Dev K8s cluster
Production-Secondary,i-007a915,AWS,2026-07,515.2,0.0,0,1501.19,EC2,c5.2xlarge HPC node
Mobile-Backend,fd-0334773,AZURE,2026-07,0.0,0.0,44578793,334.22,Front Door,Global load balancer
Production-Main,cmon-050f770,GCP,2026-07,0.0,0.0,23640518,195.09,Cloud Monitoring,Metrics and alerting
Analytics-Platform,bq-056e499,GCP,2026-07,0.0,2475.3,0,1021.88,BigQuery,BI reporting views
Internal-Tools,gcs-0c10220,GCP,2026-07,0.0,11852.1,300792,267.76,Cloud Storage,Backup bucket
Security-Ops,lam-017c772,AWS,2026-07,0.0,0.0,57736413,398.42,Lambda,API gateway handler
Analytics-Platform,aks-0d0b935,AZURE,2026-07,676.9,0.0,0,973.29,AKS,Dev K8s cluster
QA-Testing,ec-049e465,AWS,2026-07,854.9,0.0,0,612.35,ElastiCache,Redis production cluster
Data-Science,gcf-0118506,GCP,2026-07,0.0,0.0,15051525,227.41,Cloud Functions,Data triggers
Analytics-Platform,aks-113f390,AZURE,2026-07,702.2,0.0,0,3169.39,AKS,Production K8s cluster
IoT-Platform,cr-1013303,GCP,2026-07,478.1,0.0,3933334,410.41,Cloud Run,Webhook handler
Finance-Systems,csql-0a9c161,GCP,2026-07,988.5,677.9,0,1933.06,Cloud SQL,MySQL analytics
DevOps-Central,appi-00d3140,AZURE,2026-07,0.0,0.0,16502479,199.54,Application Insights,Custom metrics
DevOps-Central,aks-00e9220,AZURE,2026-07,401.8,0.0,0,605.75,AKS,Dev K8s cluster
Security-Ops,ecs-0a46735,AWS,2026-07,187.4,0.0,0,331.10,ECS,Fargate batch cluster
Shared-Services,func-087c893,AZURE,2026-07,0.0,0.0,9702298,141.86,Azure Functions,Event processors
Customer-Portal,vm-0bf1249,AZURE,2026-07,682.0,0.0,0,416.49,Virtual Machines,D2s v3 utility server
Analytics-Platform,fs-0cea740,GCP,2026-07,1274.6,36.3,90266547,955.85,Firestore,Session store
Shared-Services,ecs-09cb472,AWS,2026-07,248.1,0.0,0,470.44,ECS,Fargate worker cluster
Customer-Portal,gcf-0687702,GCP,2026-07,0.0,0.0,21915852,315.60,Cloud Functions,Pub/Sub processors
Security-Ops,ecs-0feb605,AWS,2026-07,557.8,0.0,0,1004.23,ECS,Fargate API cluster
Staging-Env,gcf-00f5519,GCP,2026-07,0.0,0.0,15557867,226.73,Cloud Functions,Data triggers
Data-Science,rds-0532882,AWS,2026-07,835.5,572.9,0,2166.55,RDS,db.r5.xlarge PostgreSQL primary
Compliance-Audit,rs-0380544,AWS,2026-07,621.6,1769.7,0,3181.58,Redshift,Data warehouse cluster
Data-Science,rs-0bae486,AWS,2026-07,716.9,2020.4,0,3664.06,Redshift,Data warehouse cluster
Edge-Network,ps-107f204,GCP,2026-07,0.0,0.0,40947825,492.62,Pub/Sub,Log forwarding
Finance-Systems,s3-04d8321,AWS,2026-07,0.0,13274.5,2600609,459.29,S3,Data lake raw zone
Analytics-Platform,cr-0596438,GCP,2026-07,675.7,0.0,14378003,1024.66,Cloud Run,API gateway service
Compliance-Audit,rs-0584267,AWS,2026-07,0.0,0.0,5249504,259.85,Redshift,Spectrum queries
Production-Main,eh-0d6a232,AZURE,2026-07,0.0,830.7,0,211.11,Event Hubs,Capture to storage
Security-Ops,bq-050a549,GCP,2026-07,0.0,10057.9,0,3975.59,BigQuery,ML training datasets
Production-Main,sentinel-0d46883,AZURE,2026-07,0.0,0.0,54739633,1324.46,Microsoft Sentinel,Log analytics
Shared-Services,func-0be4858,AZURE,2026-07,0.0,0.0,9430722,140.89,Azure Functions,API handlers
Production-Secondary,sentinel-0960796,AZURE,2026-07,0.0,0.0,71971701,1787.61,Microsoft Sentinel,SIEM detection
Production-Main,gcf-06b6593,GCP,2026-07,0.0,0.0,16454561,249.96,Cloud Functions,Pub/Sub processors
Marketing-Platform,cr-01f5683,GCP,2026-07,252.0,0.0,1072682,212.29,Cloud Run,Image processor
Data-Science,i-013f540,AWS,2026-07,827.0,0.0,0,60.14,EC2,t3.micro bastion host
Security-Ops,ebs-0f08503,AWS,2026-07,0.0,4287.6,0,196.74,EBS,st1 volumes archive
Shared-Services,fd-047c534,AZURE,2026-07,0.0,0.0,66488901,501.07,Front Door,Global load balancer
QA-Testing,lam-04fb414,AWS,2026-07,0.0,0.0,4270372,30.78,Lambda,Image resizer
Shared-Services,func-0418785,AZURE,2026-07,0.0,0.0,3236868,49.26,Azure Functions,Webhook processor
Production-Main,ca-004b678,GCP,2026-07,0.0,0.0,125254883,457.88,Cloud Armor,WAF policies
Analytics-Platform,gke-05ac611,GCP,2026-07,5376.9,0.0,0,10784.91,GKE,GPU node pool
Shared-Services,ado-114b393,AZURE,2026-07,0.0,102.4,0,25.27,Azure DevOps,Artifacts storage
Internal-Tools,ses-0480175,AWS,2026-07,0.0,0.0,583072,0.71,SES,Marketing email
Security-Ops,gke-0173694,GCP,2026-07,4490.6,0.0,0,9158.92,GKE,GPU node pool
Internal-Tools,rds-0a58813,AWS,2026-07,830.4,1206.6,0,3872.34,RDS,db.r5.2xlarge Aurora cluster
Security-Ops,sentinel-08ca167,AZURE,2026-07,0.0,0.0,108127016,2790.13,Microsoft Sentinel,SIEM detection
Production-Secondary,elb-0081586,AWS,2026-07,679.8,0.0,27874073,199.34,ELB,Application load balancer
Production-Main,lam-0f15914,AWS,2026-07,0.0,0.0,41544247,291.62,Lambda,Data transformer
Production-Secondary,sqs-0c78882,AWS,2026-07,0.0,0.0,31955366,16.10,SQS,Event notification queue
Internal-Tools,cf-02b3439,AWS,2026-07,0.0,0.0,126267495,611.30,CloudFront,CDN web distribution
Shared-Services,vai-0756962,GCP,2026-07,326.5,0.0,0,1602.13,Vertex AI,AutoML jobs
Marketing-Platform,ddb-099f108,AWS,2026-07,659.7,43.9,70191734,504.52,DynamoDB,Session store table
DR-Recovery,eh-0de4297,AZURE,2026-07,0.0,623.8,0,155.85,Event Hubs,Capture to storage
Finance-Systems,vm-0216865,AZURE,2026-07,884.9,0.0,0,3330.19,Virtual Machines,E8s v3 memory-optimized
Customer-Portal,fd-09eb623,AZURE,2026-07,0.0,0.0,69557034,537.59,Front Door,Global load balancer
Security-Ops,ebs-0b88756,AWS,2026-07,0.0,653.4,0,416.13,EBS,io2 volumes database
Compliance-Audit,ec-1085586,AWS,2026-07,610.1,0.0,0,439.49,ElastiCache,Redis production cluster
Mobile-Backend,redis-0333751,AZURE,2026-07,852.5,0.0,0,426.52,Azure Cache for Redis,Standard C2 cache
Shared-Services,vm-0ccf546,AZURE,2026-07,833.3,0.0,0,3062.66,Virtual Machines,E8s v3 memory-optimized
Production-Secondary,ca-0d70255,GCP,2026-07,0.0,0.0,112466430,421.40,Cloud Armor,WAF policies
Production-Main,cmon-0c29871,GCP,2026-07,0.0,0.0,25859118,201.25,Cloud Monitoring,Metrics and alerting
Production-Main,vm-003b995,AZURE,2026-07,534.1,0.0,0,4839.36,Virtual Machines,NC6s v3 GPU VM
Internal-Tools,gke-10b2192,GCP,2026-07,4431.6,0.0,0,8786.48,GKE,GPU node pool
Production-Main,gcs-0e9f520,GCP,2026-07,0.0,16680.0,5796892,519.62,Cloud Storage,Data lake bucket
Compliance-Audit,rds-0395341,AWS,2026-07,858.3,574.8,0,2128.46,RDS,db.r5.xlarge PostgreSQL primary
DevOps-Central,kin-1047535,AWS,2026-07,1088.0,0.0,30608098,451.46,Kinesis,Firehose delivery
Production-Main,i-10be601,AWS,2026-07,646.8,0.0,0,48.11,EC2,t3.micro bastion host
Marketing-Platform,ca-0f4b589,GCP,2026-07,0.0,0.0,61962644,225.70,Cloud Armor,WAF policies
Mobile-Backend,vm-0b83258,AZURE,2026-07,845.0,0.0,0,1067.32,Virtual Machines,D4s v3 CI runner
Shared-Services,vai-1038265,GCP,2026-07,303.6,0.0,0,1512.79,Vertex AI,AutoML jobs
Internal-Tools,clog-02e7189,GCP,2026-07,0.0,283.6,0,68.03,Cloud Logging,Audit logs
ML-Training,rds-06bb423,AWS,2026-07,735.8,827.3,0,1666.50,RDS,db.m5.xlarge analytics DB
Edge-Network,s3-061c989,AWS,2026-07,0.0,1326.2,2580771,112.72,S3,Artifact storage
Shared-Services,sb-0d48406,AZURE,2026-07,571.4,0.0,7802468,433.73,Service Bus,Premium messaging
Finance-Systems,gcs-0a23868,GCP,2026-07,0.0,7579.2,188017,176.48,Cloud Storage,Backup bucket
Production-Secondary,blob-0b77983,AZURE,2026-07,0.0,2402.3,6076976,395.33,Blob Storage,Media content
Production-Secondary,appi-0fa6211,AZURE,2026-07,0.0,0.0,41753086,517.23,Application Insights,APM telemetry
Partner-Integration,r53-03d9599,AWS,2026-07,0.0,0.0,13436845,19.58,Route 53,Health checks
Partner-Integration,ddb-06b5916,AWS,2026-07,835.7,11.9,5728510,99.63,DynamoDB,Config store table
Finance-Systems,cr-0536882,GCP,2026-07,356.2,0.0,2883662,307.29,Cloud Run,Webhook handler
QA-Testing,ec-03e4601,AWS,2026-07,711.4,0.0,0,265.32,ElastiCache,Redis staging cluster
Compliance-Audit,s3-1036303,AWS,2026-07,0.0,707.5,1429497,62.71,S3,Artifact storage
Security-Ops,ses-059a356,AWS,2026-07,0.0,0.0,2765423,3.27,SES,Transactional email
DR-Recovery,sb-02f8539,AZURE,2026-07,0.0,0.0,17917931,44.61,Service Bus,Standard messaging
IoT-Platform,bq-03fd605,GCP,2026-07,0.0,1914.3,0,749.36,BigQuery,Data export queries
Production-Main,vai-0c2d231,GCP,2026-07,700.8,0.0,7969785,1586.66,Vertex AI,Model serving endpoints
Edge-Network,i-0694281,AWS,2026-07,685.3,0.0,0,2465.44,EC2,m5.2xlarge batch processor
Shared-Services,rds-065b167,AWS,2026-07,731.0,983.9,0,3259.11,RDS,db.r5.2xlarge Aurora cluster
Edge-Network,gcf-0cc6556,GCP,2026-07,0.0,0.0,6253743,92.47,Cloud Functions,Auth handlers
Customer-Portal,i-0e08975,AWS,2026-07,694.1,0.0,0,51.02,EC2,t3.micro bastion host
Shared-Services,appi-0e4c650,AZURE,2026-07,0.0,0.0,48915556,625.77,Application Insights,APM telemetry
Security-Ops,kin-0193241,AWS,2026-07,946.7,0.0,41211015,590.43,Kinesis,Data stream ingestion
Internal-Tools,cr-0c2c557,GCP,2026-07,450.7,0.0,3796790,386.87,Cloud Run,Webhook handler
Marketing-Platform,sm-1101565,AWS,2026-07,0.0,0.0,1087072,4.34,Secrets Manager,Application secrets
Compliance-Audit,i-0e34427,AWS,2026-07,734.5,0.0,0,647.85,EC2,m5.large monitoring server
DevOps-Central,ddb-00d0172,AWS,2026-07,975.5,69.7,110694192,771.20,DynamoDB,Session store table
Finance-Systems,aks-10e7263,AZURE,2026-07,224.0,0.0,0,338.90,AKS,Dev K8s cluster
Data-Science,rds-03f0203,AWS,2026-07,785.3,563.4,0,2002.96,RDS,db.r5.xlarge PostgreSQL primary
Production-Main,i-0e11185,AWS,2026-07,693.9,0.0,0,52.90,EC2,t3.micro bastion host
Finance-Systems,blob-0464577,AZURE,2026-07,0.0,8655.9,88001,258.07,Blob Storage,Backup storage
DevOps-Central,vm-00df422,AZURE,2026-07,791.8,0.0,0,232.94,Virtual Machines,B2s development VM
Compliance-Audit,ecs-0b5e734,AWS,2026-07,542.8,0.0,0,990.48,ECS,Fargate worker cluster
Finance-Systems,redis-06f3501,AZURE,2026-07,786.2,0.0,0,413.21,Azure Cache for Redis,Standard C2 cache
Staging-Env,gke-0774882,GCP,2026-07,680.9,0.0,0,1981.12,GKE,Production API cluster
Production-Secondary,ec-08ac154,AWS,2026-07,843.1,0.0,0,298.27,ElastiCache,Redis staging cluster
Shared-Services,ado-0d93508,AZURE,2026-07,0.0,81.2,0,21.19,Azure DevOps,Artifacts storage
IoT-Platform,mem-0539653,GCP,2026-07,367.5,0.0,0,266.47,Memorystore,Redis staging cache
Marketing-Platform,rs-09b1953,AWS,2026-07,0.0,0.0,7502565,382.94,Redshift,Spectrum queries
Shared-Services,s3-0674192,AWS,2026-07,0.0,19022.3,3861347,663.79,S3,Data lake raw zone
Finance-Systems,s3-06ae169,AWS,2026-07,0.0,7294.5,74066,168.57,S3,Backup storage bucket
Data-Science,mem-075d545,GCP,2026-07,388.4,0.0,0,272.94,Memorystore,Redis staging cache
ML-Training,i-1111465,AWS,2026-07,742.7,0.0,0,2563.47,EC2,r5.2xlarge database server
DR-Recovery,sqldb-0a7a105,AZURE,2026-07,728.6,51.0,0,154.08,SQL Database,Basic dev database
Finance-Systems,gcf-0237921,GCP,2026-07,0.0,0.0,2599116,39.21,Cloud Functions,Scheduled tasks
Production-Secondary,blob-0b27268,AZURE,2026-07,0.0,12205.5,31410,99.08,Blob Storage,Archive tier
Internal-Tools,gcs-0413983,GCP,2026-07,0.0,20876.1,6804388,636.62,Cloud Storage,Data lake bucket
Data-Science,ddb-0143420,AWS,2026-07,724.1,97.9,148500198,1114.30,DynamoDB,Cache table
DevOps-Central,kv-00d6689,AZURE,2026-07,0.0,0.0,2788310,8.45,Key Vault,Secrets management
Mobile-Backend,aks-033a939,AZURE,2026-07,1188.5,0.0,0,1785.03,AKS,Staging K8s cluster
Edge-Network,gcf-05cf952,GCP,2026-07,0.0,0.0,29123589,448.26,Cloud Functions,Pub/Sub processors
Internal-Tools,s3-09df817,AWS,2026-07,0.0,4739.2,7556449,342.47,S3,Media content bucket
Staging-Env,gcs-0698537,GCP,2026-07,0.0,14145.5,4732000,424.39,Cloud Storage,Data lake bucket
Production-Secondary,aks-04be630,AZURE,2026-07,598.2,0.0,0,2723.99,AKS,Production K8s cluster
Internal-Tools,sqs-060b238,AWS,2026-07,0.0,0.0,51728019,25.39,SQS,Order processing queue
IoT-Platform,gke-04e2720,GCP,2026-07,508.9,0.0,0,1518.94,GKE,Batch processing cluster
Production-Main,blob-0b59559,AZURE,2026-07,0.0,7020.9,2663465,372.50,Blob Storage,Data lake storage
Security-Ops,s3-0669507,AWS,2026-07,0.0,51.0,25237736,159.43,S3,Static website hosting
Production-Main,kv-0ea5380,AZURE,2026-07,0.0,0.0,2474811,7.43,Key Vault,Secrets management
Analytics-Platform,clog-0a73765,GCP,2026-07,0.0,444.9,0,112.18,Cloud Logging,Application logs
Security-Ops,mem-0721292,GCP,2026-07,666.5,0.0,0,467.15,Memorystore,Redis production cache
Finance-Systems,blob-0848995,AZURE,2026-07,0.0,9952.3,3802607,531.41,Blob Storage,Data lake storage
Security-Ops,sqs-10d7510,AWS,2026-07,0.0,0.0,48275730,23.94,SQS,Event notification queue
Production-Secondary,blob-0dab457,AZURE,2026-07,0.0,2202.8,5631445,361.09,Blob Storage,Media content
Compliance-Audit,s3-0a50616,AWS,2026-07,0.0,3044.8,18115259,770.30,S3,Production asset storage
Finance-Systems,app-0735979,AZURE,2026-07,950.6,0.0,0,1154.36,App Service,API app P2v3
Production-Main,mem-0045614,GCP,2026-07,837.7,0.0,0,610.32,Memorystore,Redis production cache
Production-Secondary,gcs-009a238,GCP,2026-07,0.0,18066.6,6283393,555.84,Cloud Storage,Data lake bucket
Data-Science,rds-0c7a236,AWS,2026-07,763.3,205.8,0,667.31,RDS,db.t3.large development DB
Production-Main,func-0034684,AZURE,2026-07,0.0,0.0,10275546,153.93,Azure Functions,API handlers
DevOps-Central,kv-0966849,AZURE,2026-07,0.0,0.0,330015,1.01,Key Vault,Certificate store
Shared-Services,gcs-0cd8493,GCP,2026-07,0.0,27627.0,69214,283.34,Cloud Storage,Archive bucket
Analytics-Platform,df-00af561,GCP,2026-07,683.6,0.0,0,1705.98,Dataflow,Streaming pipeline
Marketing-Platform,vpn-0dd6580,AWS,2026-07,844.7,0.0,0,443.32,VPN Gateway,Site-to-site VPN
Marketing-Platform,rds-0e87973,AWS,2026-07,530.9,142.9,0,610.71,RDS,db.t3.medium MySQL staging
Edge-Network,sns-0adf491,AWS,2026-07,0.0,0.0,12677694,6.47,SNS,Alert notifications
Analytics-Platform,gcs-05d0754,GCP,2026-07,0.0,2492.3,2498752,182.13,Cloud Storage,Media assets bucket
Analytics-Platform,aks-10a1281,AZURE,2026-07,526.0,0.0,0,781.30,AKS,Dev K8s cluster
Edge-Network,csql-0a92538,GCP,2026-07,906.8,250.6,0,1143.17,Cloud SQL,PostgreSQL replica
Internal-Tools,s3-04de710,AWS,2026-07,0.0,8769.3,548992,222.35,S3,Log archive bucket
Production-Main,func-0e70460,AZURE,2026-07,0.0,0.0,2910186,45.93,Azure Functions,Webhook processor
Mobile-Backend,eh-0ee7100,AZURE,2026-07,670.1,0.0,28204471,311.36,Event Hubs,Standard throughput units
Data-Science,gcs-08dc643,GCP,2026-07,0.0,582.8,9183413,107.66,Cloud Storage,Temp processing bucket
Edge-Network,csql-0dca965,GCP,2026-07,878.7,241.8,0,1016.15,Cloud SQL,PostgreSQL replica
Security-Ops,sqldb-116c948,AZURE,2026-07,907.5,61.9,0,182.75,SQL Database,Basic dev database
DevOps-Central,sentinel-061b348,AZURE,2026-07,0.0,0.0,129253812,3231.56,Microsoft Sentinel,SIEM detection
Security-Ops,sqs-0efd772,AWS,2026-07,0.0,0.0,48225006,23.31,SQS,Event notification queue
Internal-Tools,lam-02ce460,AWS,2026-07,0.0,0.0,4238829,29.95,Lambda,Image resizer
Security-Ops,ecs-106e357,AWS,2026-07,202.4,0.0,0,356.60,ECS,Fargate batch cluster
Production-Main,ebs-0510188,AWS,2026-07,0.0,750.6,0,451.61,EBS,io2 volumes database
Compliance-Audit,eks-0398875,AWS,2026-07,590.7,0.0,0,1860.12,EKS,Production K8s cluster
DR-Recovery,appi-02f2887,AZURE,2026-07,0.0,0.0,67479268,847.56,Application Insights,APM telemetry
Customer-Portal,app-026a146,AZURE,2026-07,690.2,0.0,0,442.19,App Service,Web app P1v3
Finance-Systems,appi-0225717,AZURE,2026-07,0.0,0.0,49075264,594.34,Application Insights,APM telemetry
Production-Main,kv-0aae335,AZURE,2026-07,0.0,0.0,2581773,7.75,Key Vault,Secrets management
DevOps-Central,vm-090b907,AZURE,2026-07,832.1,0.0,0,254.66,Virtual Machines,B2s development VM
IoT-Platform,csql-0fbe637,GCP,2026-07,990.8,280.8,0,1584.11,Cloud SQL,PostgreSQL primary
Security-Ops,lam-0a77629,AWS,2026-07,0.0,0.0,28220167,196.57,Lambda,Data transformer
Partner-Integration,cdns-1022426,GCP,2026-07,0.0,0.0,16307652,24.40,Cloud DNS,DNS zones
Staging-Env,gcs-0106109,GCP,2026-07,0.0,14081.5,4580923,419.53,Cloud Storage,Data lake bucket
Internal-Tools,sqs-0dfd225,AWS,2026-07,0.0,0.0,62076186,32.28,SQS,Order processing queue
Production-Secondary,ses-0084349,AWS,2026-07,0.0,0.0,551478,0.67,SES,Marketing email
Internal-Tools,eh-10fe850,AZURE,2026-07,0.0,483.2,0,120.74,Event Hubs,Capture to storage
QA-Testing,cf-1064548,AWS,2026-07,0.0,0.0,154212603,774.97,CloudFront,CDN media distribution
Marketing-Platform,i-01ed199,AWS,2026-07,664.0,0.0,0,983.02,EC2,c5.xlarge compute worker
Security-Ops,ses-0189997,AWS,2026-07,0.0,0.0,2484451,2.94,SES,Transactional email
Shared-Services,fd-0f90890,AZURE,2026-07,0.0,0.0,81426472,617.18,Front Door,Global load balancer
Customer-Portal,appi-0cae731,AZURE,2026-07,0.0,0.0,25171495,312.22,Application Insights,Custom metrics
IoT-Platform,fs-0dac648,GCP,2026-07,776.8,21.9,55649546,570.89,Firestore,Session store
Production-Secondary,sqldb-0d25557,AZURE,2026-07,445.2,152.8,0,768.50,SQL Database,Standard S3 production
Partner-Integration,sqs-03d0699,AWS,2026-07,0.0,0.0,31031189,15.44,SQS,Event notification queue
DevOps-Central,appi-047d948,AZURE,2026-07,0.0,0.0,65639353,819.67,Application Insights,APM telemetry
Analytics-Platform,app-00bd383,AZURE,2026-07,930.5,0.0,0,574.02,App Service,Web app P1v3
Customer-Portal,i-082b392,AWS,2026-07,991.8,0.0,0,843.09,EC2,m5.large monitoring server
Security-Ops,bq-0849554,GCP,2026-07,0.0,8930.0,0,3453.97,BigQuery,ML training datasets
Partner-Integration,ado-065e537,AZURE,2026-07,0.0,110.6,0,27.96,Azure DevOps,Artifacts storage
Analytics-Platform,vai-0aa8578,GCP,2026-07,786.0,0.0,0,3809.33,Vertex AI,Training pipelines
Security-Ops,lam-0b97493,AWS,2026-07,0.0,0.0,4179403,30.32,Lambda,Image resizer
Edge-Network,i-0ebe182,AWS,2026-07,789.3,0.0,0,2707.05,EC2,r5.2xlarge database server
Finance-Systems,gcf-0749730,GCP,2026-07,0.0,0.0,14660032,221.98,Cloud Functions,Data triggers
Production-Main,blob-0efc134,AZURE,2026-07,0.0,3025.2,8008019,408.30,Blob Storage,Build artifacts
DevOps-Central,ebs-0a47271,AWS,2026-07,0.0,455.4,0,288.78,EBS,io2 volumes database
ML-Training,r53-05e4431,AWS,2026-07,0.0,0.0,13948377,20.37,Route 53,Health checks
Internal-Tools,lam-06df377,AWS,2026-07,0.0,0.0,9684444,68.63,Lambda,Notification dispatcher
Analytics-Platform,aks-0e44813,AZURE,2026-07,1356.2,0.0,0,2021.93,AKS,Staging K8s cluster
DevOps-Central,app-0b8f534,AZURE,2026-07,1127.0,0.0,0,171.31,App Service,Web app B1
Shared-Services,ado-0a0b685,AZURE,2026-07,522.9,0.0,0,260.45,Azure DevOps,Pipelines hosted
Finance-Systems,gcs-022d354,GCP,2026-07,0.0,8753.4,226387,202.28,Cloud Storage,Backup bucket
ML-Training,ebs-047e173,AWS,2026-07,0.0,716.5,0,424.46,EBS,io2 volumes database
Analytics-Platform,clog-00b3386,GCP,2026-07,0.0,186.3,0,47.63,Cloud Logging,Audit logs
Production-Secondary,mem-0953822,GCP,2026-07,546.4,0.0,0,390.21,Memorystore,Redis production cache
Security-Ops,df-0857910,GCP,2026-07,347.3,0.0,0,851.64,Dataflow,Batch pipeline
Compliance-Audit,i-0a7d533,AWS,2026-07,1166.7,0.0,0,85.56,EC2,t3.micro bastion host
Security-Ops,csql-07d8129,GCP,2026-07,665.1,177.0,0,781.48,Cloud SQL,PostgreSQL replica
Production-Main,lam-0e06405,AWS,2026-07,0.0,0.0,33335475,228.03,Lambda,Data transformer
Internal-Tools,vpn-02d0237,AWS,2026-07,597.5,0.0,0,150.61,VPN Gateway,Client VPN endpoint
Marketing-Platform,cr-0666505,GCP,2026-07,556.2,0.0,2362780,742.02,Cloud Run,ETL pipeline service
Staging-Env,fs-0990514,GCP,2026-07,1227.6,87.4,50680779,701.93,Firestore,User profiles DB
Data-Science,ses-04d0520,AWS,2026-07,0.0,0.0,2545455,3.06,SES,Transactional email
Mobile-Backend,sqldb-04db913,AZURE,2026-07,934.6,659.5,0,3677.96,SQL Database,Premium P1 analytics
QA-Testing,lam-0d3d329,AWS,2026-07,0.0,0.0,3108115,21.55,Lambda,Webhook processor
Internal-Tools,lam-0a62935,AWS,2026-07,0.0,0.0,23024861,158.89,Lambda,Data transformer
Customer-Portal,func-025e719,AZURE,2026-07,0.0,0.0,3021790,46.01,Azure Functions,Webhook processor
IoT-Platform,bq-044c961,GCP,2026-07,0.0,7413.9,0,3014.16,BigQuery,Analytics data warehouse
DR-Recovery,redis-112b516,AZURE,2026-07,780.6,0.0,0,932.35,Azure Cache for Redis,Premium P1 cache
Compliance-Audit,s3-038d550,AWS,2026-07,0.0,4009.5,6385170,277.59,S3,Media content bucket
Finance-Systems,sentinel-0918997,AZURE,2026-07,0.0,0.0,122854667,3089.38,Microsoft Sentinel,SIEM detection
Data-Science,mem-0e05561,GCP,2026-07,398.8,0.0,0,281.84,Memorystore,Redis staging cache
Finance-Systems,app-0bd2556,AZURE,2026-07,1140.0,0.0,0,169.59,App Service,Web app B1
Analytics-Platform,gcs-08d5306,GCP,2026-07,0.0,2723.9,2809355,206.80,Cloud Storage,Media assets bucket
Finance-Systems,sb-0af7412,AZURE,2026-07,0.0,0.0,29941461,75.58,Service Bus,Standard messaging
Shared-Services,func-01cb238,AZURE,2026-07,0.0,0.0,451374,6.92,Azure Functions,Timer triggers
Mobile-Backend,sb-033e339,AZURE,2026-07,783.0,0.0,10981017,601.72,Service Bus,Premium messaging
Marketing-Platform,rds-01e5261,AWS,2026-07,464.5,127.5,0,550.51,RDS,db.t3.medium MySQL staging
Security-Ops,s3-0c00456,AWS,2026-07,0.0,20143.5,4015210,680.58,S3,Data lake raw zone
Analytics-Platform,bq-08f6597,GCP,2026-07,0.0,2817.3,0,1092.54,BigQuery,BI reporting views
Internal-Tools,gcs-07fe763,GCP,2026-07,0.0,19098.9,6306717,564.78,Cloud Storage,Data lake bucket
Security-Ops,lam-0f95467,AWS,2026-07,0.0,0.0,3852506,27.96,Lambda,Image resizer
Staging-Env,vai-0c7b152,GCP,2026-07,544.9,0.0,0,2743.81,Vertex AI,Training pipelines
Security-Ops,lam-0178762,AWS,2026-07,0.0,0.0,1344237,9.96,Lambda,Cron job runner
Data-Science,gcf-0f09760,GCP,2026-07,0.0,0.0,12702700,188.88,Cloud Functions,Auth handlers
Finance-Systems,cr-0f59927,GCP,2026-07,352.3,0.0,2991161,310.41,Cloud Run,Webhook handler
Analytics-Platform,cr-0a6a717,GCP,2026-07,562.7,0.0,2381916,736.75,Cloud Run,ETL pipeline service
Production-Main,vm-0522364,AZURE,2026-07,675.6,0.0,0,793.77,Virtual Machines,D4s v3 CI runner
Production-Main,vai-07c7834,GCP,2026-07,773.3,0.0,8696623,1663.07,Vertex AI,Model serving endpoints
Customer-Portal,kv-0261440,AZURE,2026-07,0.0,0.0,445214,1.36,Key Vault,Certificate store
ML-Training,i-036b203,AWS,2026-07,575.9,0.0,0,1967.95,EC2,m5.2xlarge batch processor
Shared-Services,vm-08c4697,AZURE,2026-07,980.7,0.0,0,3503.35,Virtual Machines,E8s v3 memory-optimized
Partner-Integration,sqldb-0e15863,AZURE,2026-07,776.5,539.5,0,3239.58,SQL Database,Premium P1 analytics
Mobile-Backend,ebs-1018746,AWS,2026-07,0.0,4037.0,0,182.33,EBS,st1 volumes archive
Compliance-Audit,s3-1162957,AWS,2026-07,0.0,12091.4,121916,270.42,S3,Backup storage bucket
Customer-Portal,ps-0661860,GCP,2026-07,0.0,0.0,48992282,610.71,Pub/Sub,Log forwarding
Finance-Systems,sqldb-0a6c230,AZURE,2026-07,1125.8,79.7,0,229.77,SQL Database,Basic dev database
ML-Training,r53-0c3c716,AWS,2026-07,0.0,0.0,14628993,22.08,Route 53,Health checks
Edge-Network,ps-0dae809,GCP,2026-07,0.0,0.0,40020734,514.27,Pub/Sub,Log forwarding
Production-Main,ecs-0a4c265,AWS,2026-07,426.7,0.0,0,794.16,ECS,Fargate worker cluster
Analytics-Platform,redis-00c1155,AZURE,2026-07,573.4,0.0,0,669.33,Azure Cache for Redis,Premium P1 cache
Internal-Tools,ebs-0bf3427,AWS,2026-07,0.0,1426.6,0,175.93,EBS,gp3 volumes production
IoT-Platform,cr-096e898,GCP,2026-07,451.2,0.0,3721210,388.24,Cloud Run,Webhook handler
DR-Recovery,eh-0830824,AZURE,2026-07,0.0,504.5,0,128.08,Event Hubs,Capture to storage
Production-Secondary,sqs-06ac317,AWS,2026-07,0.0,0.0,27160199,13.58,SQS,Event notification queue
DevOps-Central,redis-0678471,AZURE,2026-07,754.0,0.0,0,905.17,Azure Cache for Redis,Premium P1 cache
Analytics-Platform,fs-009f267,GCP,2026-07,951.6,65.9,39360314,546.72,Firestore,User profiles DB
Compliance-Audit,s3-08c6538,AWS,2026-07,0.0,3586.4,1803070,136.58,S3,Analytics export bucket
Production-Main,app-0e9e755,AZURE,2026-07,605.3,0.0,0,743.58,App Service,API app P2v3
Customer-Portal,vpn-047a741,AWS,2026-07,1012.9,0.0,0,265.07,VPN Gateway,Client VPN endpoint
Marketing-Platform,vai-0b50204,GCP,2026-07,571.0,0.0,6352632,1201.89,Vertex AI,Model serving endpoints
Customer-Portal,vm-0d14393,AZURE,2026-07,610.7,0.0,0,371.40,Virtual Machines,D2s v3 utility server
Shared-Services,cosmos-01c5475,AZURE,2026-07,629.4,84.3,21861725,781.81,Cosmos DB,Event store
Partner-Integration,sqs-0cee896,AWS,2026-07,0.0,0.0,39098563,19.99,SQS,Event notification queue
Production-Main,blob-002e702,AZURE,2026-07,0.0,5978.7,0,591.23,Blob Storage,Security audit logs
Internal-Tools,rds-0d59420,AWS,2026-07,545.4,602.8,0,1226.32,RDS,db.m5.xlarge analytics DB
Mobile-Backend,azmon-0c97221,AZURE,2026-07,0.0,417.1,54127578,579.51,Azure Monitor,Logs and metrics
Security-Ops,gke-0d9c385,GCP,2026-07,2809.4,0.0,0,5659.17,GKE,ML training cluster
Partner-Integration,gcs-09db877,GCP,2026-07,0.0,16727.5,41575,165.77,Cloud Storage,Archive bucket
Production-Main,lam-0e64419,AWS,2026-07,0.0,0.0,7438965,53.27,Lambda,Notification dispatcher
Internal-Tools,ebs-0a17241,AWS,2026-07,0.0,424.8,0,262.11,EBS,io2 volumes database
Marketing-Platform,sm-0b53746,AWS,2026-07,0.0,0.0,986343,3.89,Secrets Manager,Application secrets
Analytics-Platform,bq-0aad103,GCP,2026-07,0.0,2373.8,0,981.27,BigQuery,BI reporting views
Finance-Systems,s3-09cc225,AWS,2026-07,0.0,1404.8,2802640,119.98,S3,Artifact storage
Data-Science,i-04a3473,AWS,2026-07,402.2,0.0,0,1122.61,EC2,c5.2xlarge HPC node
Compliance-Audit,rds-0bdd884,AWS,2026-07,1125.0,317.1,0,1054.82,RDS,db.t3.large development DB
Shared-Services,rds-09b7314,AWS,2026-07,623.2,173.1,0,561.14,RDS,db.t3.large development DB
Security-Ops,lam-0f1a552,AWS,2026-07,0.0,0.0,30974968,225.02,Lambda,Data transformer
Production-Main,cmon-0869801,GCP,2026-07,0.0,0.0,26860530,213.80,Cloud Monitoring,Metrics and alerting
Internal-Tools,s3-0751248,AWS,2026-07,0.0,9003.1,90373,202.47,S3,Backup storage bucket
Marketing-Platform,sm-089e505,AWS,2026-07,0.0,0.0,1097772,4.44,Secrets Manager,Application secrets
DevOps-Central,appi-0d57672,AZURE,2026-07,0.0,0.0,19862291,245.66,Application Insights,Custom metrics
Security-Ops,ec-0f29845,AWS,2026-07,813.4,0.0,0,288.65,ElastiCache,Redis staging cluster
Production-Main,cf-1086153,AWS,2026-07,0.0,0.0,35881113,176.15,CloudFront,CDN static assets
Production-Secondary,csql-0a6b702,GCP,2026-07,672.6,457.9,0,1281.56,Cloud SQL,MySQL analytics
Production-Main,vai-0507510,GCP,2026-07,821.5,0.0,9153815,1764.07,Vertex AI,Model serving endpoints
Production-Secondary,sqldb-050d815,AZURE,2026-07,497.6,173.6,0,856.26,SQL Database,Standard S3 production
Customer-Portal,cosmos-057f603,AZURE,2026-07,726.8,52.6,15399704,494.96,Cosmos DB,Config store
Analytics-Platform,ca-0cad296,GCP,2026-07,0.0,0.0,88672387,331.76,Cloud Armor,WAF policies
Edge-Network,csql-0624779,GCP,2026-07,955.6,264.4,0,1136.65,Cloud SQL,PostgreSQL replica
Customer-Portal,eh-0501800,AZURE,2026-07,0.0,685.4,0,174.91,Event Hubs,Capture to storage
Customer-Portal,ses-0a5c461,AWS,2026-07,0.0,0.0,790227,0.91,SES,Marketing email
Analytics-Platform,cr-04f2770,GCP,2026-07,509.4,0.0,2114656,661.31,Cloud Run,ETL pipeline service
Production-Secondary,ecs-06ba406,AWS,2026-07,447.2,0.0,0,804.21,ECS,Fargate worker cluster
Security-Ops,df-099a532,GCP,2026-07,339.9,0.0,0,847.51,Dataflow,Batch pipeline
IoT-Platform,csql-034b365,GCP,2026-07,861.7,242.7,0,1000.36,Cloud SQL,PostgreSQL replica
DevOps-Central,appi-0f19138,AZURE,2026-07,0.0,0.0,60185983,734.40,Application Insights,APM telemetry
Finance-Systems,vm-10f9391,AZURE,2026-07,792.3,0.0,0,1962.96,Virtual Machines,D8s v3 application server
Partner-Integration,bq-0a3d119,GCP,2026-07,0.0,12969.2,0,5235.63,BigQuery,Analytics data warehouse
Shared-Services,sb-09c5978,AZURE,2026-07,791.5,0.0,11301987,615.05,Service Bus,Premium messaging
Data-Science,ps-100e742,GCP,2026-07,0.0,0.0,24645911,309.56,Pub/Sub,Event streaming
Finance-Systems,csql-09d4523,GCP,2026-07,704.8,203.4,0,1140.70,Cloud SQL,PostgreSQL primary
Data-Science,gcs-06d2218,GCP,2026-07,0.0,584.1,9595080,111.62,Cloud Storage,Temp processing bucket
Security-Ops,df-076a110,GCP,2026-07,372.9,0.0,0,958.06,Dataflow,Batch pipeline
ML-Training,ebs-037a362,AWS,2026-07,0.0,810.4,0,98.69,EBS,gp3 volumes production
Marketing-Platform,ddb-0631674,AWS,2026-07,728.1,49.4,80221257,570.49,DynamoDB,Session store table
Marketing-Platform,rs-1184112,AWS,2026-07,0.0,0.0,6805884,336.11,Redshift,Spectrum queries
Finance-Systems,s3-0af5560,AWS,2026-07,0.0,6772.6,68012,153.73,S3,Backup storage bucket
Partner-Integration,df-0e2e494,GCP,2026-07,1029.4,0.0,0,2499.25,Dataflow,Streaming pipeline
Edge-Network,csp-0306871,GCP,2026-07,948.2,135.4,68058401,5699.80,Cloud Spanner,Global transaction DB
Mobile-Backend,sqs-09bf888,AWS,2026-07,0.0,0.0,384697,0.19,SQS,Dead letter queue
DevOps-Central,appi-0dd3396,AZURE,2026-07,0.0,0.0,14215463,185.70,Application Insights,Custom metrics
Finance-Systems,cosmos-0219643,AZURE,2026-07,557.1,78.3,19808156,733.72,Cosmos DB,Event store
Security-Ops,s3-05b8656,AWS,2026-07,0.0,53.0,26839553,175.57,S3,Static website hosting
Marketing-Platform,vai-0538638,GCP,2026-07,496.0,0.0,0,2432.37,Vertex AI,Training pipelines
Production-Secondary,elb-0fdd444,AWS,2026-07,679.0,0.0,46789396,284.03,ELB,Network load balancer
Finance-Systems,cr-0f0e694,GCP,2026-07,641.7,0.0,2747214,854.60,Cloud Run,ETL pipeline service
Internal-Tools,eh-104e481,AZURE,2026-07,0.0,626.8,0,155.92,Event Hubs,Capture to storage
Marketing-Platform,rds-0a36947,AWS,2026-07,441.6,120.9,0,532.27,RDS,db.t3.medium MySQL staging
Production-Main,acr-0035926,AZURE,2026-07,0.0,335.5,649648,223.02,Container Registry,Docker image registry
Edge-Network,gke-0f9a884,GCP,2026-07,2185.5,0.0,0,4518.63,GKE,ML training cluster
Finance-Systems,eh-05d4851,AZURE,2026-07,704.7,0.0,30220574,321.10,Event Hubs,Standard throughput units
Production-Main,vai-115d400,GCP,2026-07,567.8,0.0,0,2823.35,Vertex AI,Training pipelines
Security-Ops,lam-0e14664,AWS,2026-07,0.0,0.0,1275038,9.55,Lambda,Cron job runner
Data-Science,mem-09e1108,GCP,2026-07,424.2,0.0,0,303.77,Memorystore,Redis staging cache
Internal-Tools,lam-1019595,AWS,2026-07,0.0,0.0,1288146,9.94,Lambda,Cron job runner
Production-Main,gcs-08cf702,GCP,2026-07,0.0,9178.9,221787,214.63,Cloud Storage,Backup bucket
Security-Ops,ec-0aea108,AWS,2026-07,768.6,0.0,0,270.10,ElastiCache,Redis staging cluster
Marketing-Platform,ec-07f7887,AWS,2026-07,699.6,0.0,0,507.10,ElastiCache,Redis production cluster
Marketing-Platform,gke-1107964,GCP,2026-07,2420.8,0.0,0,5013.98,GKE,ML training cluster
Staging-Env,fs-0874807,GCP,2026-07,536.8,14.9,36894941,388.13,Firestore,Session store
Edge-Network,gcs-0996314,GCP,2026-07,0.0,20916.6,6856794,647.02,Cloud Storage,Data lake bucket
Compliance-Audit,rds-0914885,AWS,2026-07,694.0,491.6,0,1840.57,RDS,db.r5.xlarge PostgreSQL primary
Compliance-Audit,s3-1074650,AWS,2026-07,0.0,17221.6,3425427,625.63,S3,Data lake raw zone
Finance-Systems,gcs-0f77491,GCP,2026-07,0.0,409.6,6679166,76.95,Cloud Storage,Temp processing bucket
Analytics-Platform,gcs-103b639,GCP,2026-07,0.0,2082.5,1049503,329.77,Cloud Storage,Model artifacts
Partner-Integration,sqs-0a84952,AWS,2026-07,0.0,0.0,35697012,17.35,SQS,Event notification queue
DevOps-Central,redis-05a6544,AZURE,2026-07,779.8,0.0,0,921.31,Azure Cache for Redis,Premium P1 cache
Partner-Integration,eh-0fc3866,AZURE,2026-07,638.8,0.0,26154446,288.65,Event Hubs,Standard throughput units
Edge-Network,bq-08a9565,GCP,2026-07,0.0,5704.5,0,2284.42,BigQuery,Log analytics
QA-Testing,lam-0d07109,AWS,2026-07,0.0,0.0,4018137,27.06,Lambda,Image resizer
Mobile-Backend,vm-080e442,AZURE,2026-07,860.1,0.0,0,1256.72,Virtual Machines,F4s v2 compute node
Production-Main,cf-0004444,AWS,2026-07,0.0,0.0,125596602,639.47,CloudFront,CDN web distribution
Finance-Systems,eh-0e99947,AZURE,2026-07,694.1,0.0,29996440,315.58,Event Hubs,Standard throughput units
Finance-Systems,app-063b847,AZURE,2026-07,893.6,0.0,0,1108.77,App Service,API app P2v3
Analytics-Platform,mem-0e2a421,GCP,2026-07,602.2,0.0,0,446.92,Memorystore,Redis production cache
Compliance-Audit,s3-0391199,AWS,2026-07,0.0,3136.8,18617873,787.11,S3,Production asset storage
Edge-Network,sns-0dc0114,AWS,2026-07,0.0,0.0,12994108,6.67,SNS,Alert notifications
Production-Main,vai-004e568,GCP,2026-07,602.1,0.0,0,2906.64,Vertex AI,Training pipelines
Marketing-Platform,sm-0999408,AWS,2026-07,0.0,0.0,1022820,4.13,Secrets Manager,Application secrets
Compliance-Audit,r53-0f97693,AWS,2026-07,0.0,0.0,7231938,10.97,Route 53,Health checks
Finance-Systems,s3-06e1275,AWS,2026-07,0.0,12098.6,2360180,425.04,S3,Data lake raw zone
Customer-Portal,i-115b995,AWS,2026-07,690.0,0.0,0,50.40,EC2,t3.micro bastion host
Mobile-Backend,sm-0332348,AWS,2026-07,0.0,0.0,1295254,5.35,Secrets Manager,Application secrets
Internal-Tools,gcs-0651710,GCP,2026-07,0.0,439.7,7150199,85.05,Cloud Storage,Temp processing bucket
DevOps-Central,aks-0f3b213,AZURE,2026-07,2207.6,0.0,0,3215.68,AKS,Staging K8s cluster
Internal-Tools,ebs-02ab559,AWS,2026-07,0.0,5065.2,0,227.70,EBS,st1 volumes archive
Production-Secondary,s3-0e24718,AWS,2026-07,0.0,1093.1,2283339,96.51,S3,Artifact storage
Partner-Integration,gcs-03b9519,GCP,2026-07,0.0,19475.1,46735,189.17,Cloud Storage,Archive bucket
Production-Secondary,eh-0f4e930,AZURE,2026-07,0.0,737.3,0,189.35,Event Hubs,Capture to storage
Security-Ops,lam-0649249,AWS,2026-07,0.0,0.0,28038688,203.81,Lambda,Data transformer
Customer-Portal,appi-0256518,AZURE,2026-07,0.0,0.0,25416787,313.07,Application Insights,Custom metrics
Edge-Network,csql-0a34427,GCP,2026-07,928.8,260.3,0,1127.28,Cloud SQL,PostgreSQL replica
Shared-Services,rds-01a2711,AWS,2026-07,1055.4,1112.3,0,2390.96,RDS,db.m5.xlarge analytics DB
Marketing-Platform,vpn-112e330,AWS,2026-07,760.0,0.0,0,193.40,VPN Gateway,Client VPN endpoint
Edge-Network,i-0325468,AWS,2026-07,767.6,0.0,0,2733.27,EC2,r5.2xlarge database server
Finance-Systems,elb-0edb765,AWS,2026-07,699.9,0.0,9579408,139.04,ELB,Classic load balancer
Edge-Network,bq-0f45454,GCP,2026-07,0.0,7811.9,0,3054.21,BigQuery,Analytics data warehouse
Shared-Services,aks-07ce741,AZURE,2026-07,1135.9,0.0,0,1741.67,AKS,Staging K8s cluster
DevOps-Central,aks-0748902,AZURE,2026-07,332.8,0.0,0,503.05,AKS,Dev K8s cluster
Production-Secondary,clog-06a5604,GCP,2026-07,0.0,186.3,0,46.64,Cloud Logging,Audit logs
Marketing-Platform,gke-01f2581,GCP,2026-07,581.1,0.0,0,1783.53,GKE,Batch processing cluster
Internal-Tools,ebs-09b0400,AWS,2026-07,0.0,469.2,0,305.78,EBS,io2 volumes database
Finance-Systems,eks-10b8855,AWS,2026-07,953.8,0.0,0,2942.17,EKS,Production K8s cluster
Security-Ops,ps-043d277,GCP,2026-07,0.0,0.0,31260212,387.53,Pub/Sub,Event streaming
Finance-Systems,blob-0209645,AZURE,2026-07,0.0,8800.7,3276430,469.68,Blob Storage,Data lake storage
Internal-Tools,rds-0614124,AWS,2026-07,860.6,599.5,0,1673.13,RDS,db.r5.large PostgreSQL replica
DR-Recovery,kv-02ec904,AZURE,2026-07,0.0,0.0,2878536,8.99,Key Vault,Secrets management
Marketing-Platform,ddb-08e1627,AWS,2026-07,526.6,36.6,56403492,406.92,DynamoDB,Session store table
Staging-Env,cr-0881110,GCP,2026-07,631.9,0.0,2612471,840.11,Cloud Run,ETL pipeline service
Data-Science,r53-0149781,AWS,2026-07,0.0,0.0,10407602,14.91,Route 53,Health checks
Analytics-Platform,mem-05ad446,GCP,2026-07,355.2,0.0,0,266.76,Memorystore,Redis staging cache
DevOps-Central,aks-0e98359,AZURE,2026-07,441.3,0.0,0,673.44,AKS,Dev K8s cluster
Customer-Portal,ses-074e901,AWS,2026-07,0.0,0.0,734615,0.90,SES,Marketing email
DevOps-Central,kv-07d7650,AZURE,2026-07,0.0,0.0,447469,1.28,Key Vault,Certificate store
Edge-Network,vpn-05d8638,AWS,2026-07,702.7,0.0,0,178.60,VPN Gateway,Client VPN endpoint
Production-Secondary,csql-0831452,GCP,2026-07,710.7,489.8,0,1384.37,Cloud SQL,MySQL analytics
Internal-Tools,vai-07d4545,GCP,2026-07,921.7,0.0,9914430,2011.60,Vertex AI,Model serving endpoints
Shared-Services,func-07ef321,AZURE,2026-07,0.0,0.0,11995485,173.07,Azure Functions,API handlers
Mobile-Backend,vm-10bb955,AZURE,2026-07,950.5,0.0,0,1344.03,Virtual Machines,F4s v2 compute node
Partner-Integration,redis-0e4a190,AZURE,2026-07,817.9,0.0,0,987.70,Azure Cache for Redis,Premium P1 cache
Shared-Services,func-01ca602,AZURE,2026-07,0.0,0.0,2850487,44.38,Azure Functions,Webhook processor
Customer-Portal,cf-028a177,AWS,2026-07,0.0,0.0,78999767,391.53,CloudFront,CDN web distribution
Mobile-Backend,sqs-1135610,AWS,2026-07,0.0,0.0,381880,0.20,SQS,Dead letter queue
Customer-Portal,vai-111c139,GCP,2026-07,213.1,0.0,0,1076.56,Vertex AI,AutoML jobs
Security-Ops,bq-08af736,GCP,2026-07,0.0,7353.3,0,2965.70,BigQuery,Analytics data warehouse
Finance-Systems,appi-0226443,AZURE,2026-07,0.0,0.0,17015673,206.53,Application Insights,Custom metrics
Mobile-Backend,vm-103c910,AZURE,2026-07,611.7,0.0,0,1160.05,Virtual Machines,E4s v3 SIEM collector
Staging-Env,gke-0a8b163,GCP,2026-07,754.8,0.0,0,2216.50,GKE,Production API cluster
Edge-Network,elb-0329218,AWS,2026-07,893.2,0.0,12511927,181.29,ELB,Classic load balancer
Compliance-Audit,rds-0cc0641,AWS,2026-07,956.7,660.1,0,1884.03,RDS,db.r5.large PostgreSQL replica
Security-Ops,vm-0f8c889,AZURE,2026-07,761.2,0.0,0,451.93,Virtual Machines,D2s v3 utility server
