Account_Name,Resource_ID,Cloud_Provider,Billing_Period,Compute_Hours,Storage_GB_Used,API_Requests,Total_Charge,Service_Name,Description
Mobile-Backend,ebs-0ab8278,AWS,2026-05,0.0,3224.0,0,146.37,EBS,st1 volumes archive
Internal-Tools,gcs-10b6998,GCP,2026-05,0.0,2226.0,1097451,346.82,Cloud Storage,Model artifacts
Customer-Portal,gcf-0b90135,GCP,2026-05,0.0,0.0,18749128,284.57,Cloud Functions,Pub/Sub processors
Data-Science,cf-0140766,AWS,2026-05,0.0,0.0,103915709,510.21,CloudFront,CDN web distribution
Security-Ops,ebs-0bcb202,AWS,2026-05,0.0,4541.2,0,200.37,EBS,st1 volumes archive
Marketing-Platform,vai-0ae7409,GCP,2026-05,611.9,0.0,0,3119.3,Vertex AI,Training pipelines
Data-Science,csp-096a716,GCP,2026-05,558.0,76.9,38417349,3302.29,Cloud Spanner,Global transaction DB
Marketing-Platform,rs-0483517,AWS,2026-05,601.4,1709.0,0,3046.09,Redshift,Data warehouse cluster
Production-Main,sns-114a513,AWS,2026-05,0.0,0.0,6342237,3.1,SNS,Alert notifications
Security-Ops,s3-017f436,AWS,2026-05,0.0,16246.7,3324978,575.76,S3,Data lake raw zone
DevOps-Central,ado-00e2292,AZURE,2026-05,0.0,95.1,0,23.13,Azure DevOps,Artifacts storage
DevOps-Central,redis-0b8c869,AZURE,2026-05,904.0,0.0,0,1065.78,Azure Cache for Redis,Premium P1 cache
Internal-Tools,rds-0f84794,AWS,2026-05,938.4,1316.2,0,4046.91,RDS,db.r5.2xlarge Aurora cluster
DevOps-Central,kin-09fd183,AWS,2026-05,912.4,0.0,25137261,358.57,Kinesis,Firehose delivery
Staging-Env,vai-094d369,GCP,2026-05,547.2,0.0,0,2711.96,Vertex AI,Training pipelines
Internal-Tools,sqs-1090601,AWS,2026-05,0.0,0.0,58293549,28.0,SQS,Order processing queue
Shared-Services,fd-0ecb547,AZURE,2026-05,0.0,0.0,77231632,568.03,Front Door,Global load balancer
Mobile-Backend,ebs-0ed8926,AWS,2026-05,0.0,2737.4,0,120.14,EBS,st1 volumes archive
Partner-Integration,rds-09ee347,AWS,2026-05,800.3,560.5,0,1598.83,RDS,db.r5.large PostgreSQL replica
DevOps-Central,sm-00d1740,AWS,2026-05,0.0,0.0,1182511,4.73,Secrets Manager,Application secrets
Production-Secondary,ecs-0b92760,AWS,2026-05,477.9,0.0,0,855.44,ECS,Fargate API cluster
Production-Main,eh-0bee571,AZURE,2026-05,606.1,0.0,25176277,265.92,Event Hubs,Standard throughput units
Production-Secondary,nat-0083744,AWS,2026-05,663.2,0.0,0,155.27,NAT Gateway,Staging VPC NAT
Partner-Integration,gcs-0f81901,GCP,2026-05,0.0,18631.5,46700,183.08,Cloud Storage,Archive bucket
DR-Recovery,cosmos-04b4890,AZURE,2026-05,880.2,60.2,17998008,569.73,Cosmos DB,Config store
Data-Science,gcf-0117841,GCP,2026-05,0.0,0.0,9696674,144.91,Cloud Functions,Auth handlers
Marketing-Platform,i-01e6426,AWS,2026-05,889.7,0.0,0,65.23,EC2,t3.micro bastion host
DevOps-Central,azmon-0b5a859,AZURE,2026-05,0.0,308.7,40669644,430.78,Azure Monitor,Logs and metrics
Staging-Env,df-080d892,GCP,2026-05,588.1,0.0,0,1451.25,Dataflow,Streaming pipeline
Data-Science,cosmos-0de3347,AZURE,2026-05,752.1,214.1,41717389,1682.03,Cosmos DB,User data store
Customer-Portal,eh-067c886,AZURE,2026-05,0.0,591.6,0,145.43,Event Hubs,Capture to storage
Security-Ops,ecs-0ca2184,AWS,2026-05,480.8,0.0,0,863.34,ECS,Fargate API cluster
Production-Secondary,sqs-0086923,AWS,2026-05,0.0,0.0,24234983,12.04,SQS,Event notification queue
Internal-Tools,gcs-0a02698,GCP,2026-05,0.0,458.3,7093848,82.46,Cloud Storage,Temp processing bucket
Finance-Systems,eks-061d810,AWS,2026-05,809.5,0.0,0,2353.59,EKS,Production K8s cluster
Production-Main,kin-045b307,AWS,2026-05,711.2,0.0,19819527,285.86,Kinesis,Firehose delivery
Shared-Services,nat-0d7f916,AWS,2026-05,628.1,0.0,0,292.68,NAT Gateway,Production VPC NAT
Finance-Systems,aks-0bf9833,AZURE,2026-05,238.1,0.0,0,356.73,AKS,Dev K8s cluster
Customer-Portal,ebs-0b9a537,AWS,2026-05,0.0,506.5,0,307.18,EBS,io2 volumes database
Production-Main,cmon-0696406,GCP,2026-05,0.0,0.0,20003088,158.31,Cloud Monitoring,Metrics and alerting
DevOps-Central,ec-0ce8236,AWS,2026-05,695.1,0.0,0,485.74,ElastiCache,Redis production cluster
Partner-Integration,sm-0856857,AWS,2026-05,0.0,0.0,1343789,5.4,Secrets Manager,Application secrets
Security-Ops,vm-0f8c889,AZURE,2026-05,662.9,0.0,0,401.77,Virtual Machines,D2s v3 utility server
Compliance-Audit,elb-0aeb454,AWS,2026-05,429.4,0.0,29098739,178.46,ELB,Network load balancer
Mobile-Backend,ebs-0898961,AWS,2026-05,0.0,4016.7,0,175.77,EBS,st1 volumes archive
Marketing-Platform,gke-110b932,GCP,2026-05,3412.3,0.0,0,6784.55,GKE,GPU node pool
Security-Ops,lam-017a794,AWS,2026-05,0.0,0.0,3667535,25.11,Lambda,Image resizer
Partner-Integration,rds-1042178,AWS,2026-05,870.1,613.2,0,1738.25,RDS,db.r5.large PostgreSQL replica
Customer-Portal,blob-0442236,AZURE,2026-05,0.0,5169.1,0,503.41,Blob Storage,Security audit logs
Customer-Portal,csql-027c570,GCP,2026-05,946.0,267.9,0,1124.03,Cloud SQL,PostgreSQL replica
IoT-Platform,bq-0d7b721,GCP,2026-05,0.0,1929.0,0,750.55,BigQuery,Data export queries
Analytics-Platform,aks-059f313,AZURE,2026-05,1268.8,0.0,0,1878.97,AKS,Staging K8s cluster
Customer-Portal,clog-0274116,GCP,2026-05,0.0,548.8,0,134.13,Cloud Logging,Application logs
Edge-Network,df-098c180,GCP,2026-05,601.2,0.0,0,1486.64,Dataflow,Streaming pipeline
Data-Science,gcf-0cd0636,GCP,2026-05,0.0,0.0,19753750,291.71,Cloud Functions,Pub/Sub processors
Security-Ops,sm-08a6920,AWS,2026-05,0.0,0.0,1176746,4.68,Secrets Manager,Application secrets
Customer-Portal,blob-0c4e917,AZURE,2026-05,0.0,4600.1,0,450.98,Blob Storage,Security audit logs
Production-Main,eh-0026187,AZURE,2026-05,0.0,653.8,0,157.22,Event Hubs,Capture to storage
Compliance-Audit,sns-0c1d686,AWS,2026-05,0.0,0.0,11279156,5.61,SNS,Alert notifications
IoT-Platform,mem-0d64683,GCP,2026-05,724.8,0.0,0,508.01,Memorystore,Redis production cache
Customer-Portal,appi-0257485,AZURE,2026-05,0.0,0.0,38000931,478.0,Application Insights,APM telemetry
DevOps-Central,vm-0814453,AZURE,2026-05,613.6,0.0,0,180.94,Virtual Machines,B2s development VM
Edge-Network,ecs-031f111,AWS,2026-05,275.2,0.0,0,493.93,ECS,Fargate worker cluster
ML-Training,i-0dad813,AWS,2026-05,590.8,0.0,0,2049.97,EC2,r5.2xlarge database server
Production-Secondary,redis-0801574,AZURE,2026-05,1007.0,0.0,0,503.95,Azure Cache for Redis,Standard C2 cache
Marketing-Platform,sm-0a3a425,AWS,2026-05,0.0,0.0,816463,3.19,Secrets Manager,Application secrets
Compliance-Audit,kin-083d194,AWS,2026-05,645.2,0.0,26624964,383.21,Kinesis,Data stream ingestion
Finance-Systems,gcf-1015168,GCP,2026-05,0.0,0.0,7742390,114.4,Cloud Functions,Auth handlers
Partner-Integration,eks-03c5402,AWS,2026-05,702.9,0.0,0,2157.28,EKS,Production K8s cluster
Edge-Network,lam-0e35921,AWS,2026-05,0.0,0.0,18908746,133.97,Lambda,Data transformer
Finance-Systems,ado-0e52241,AZURE,2026-05,519.5,0.0,0,251.41,Azure DevOps,Pipelines hosted
Marketing-Platform,sm-0d30645,AWS,2026-05,0.0,0.0,1011051,4.06,Secrets Manager,Application secrets
Marketing-Platform,sm-0e7c136,AWS,2026-05,0.0,0.0,767621,2.95,Secrets Manager,Application secrets
Finance-Systems,sentinel-07b4432,AZURE,2026-05,0.0,0.0,106360470,2547.51,Microsoft Sentinel,SIEM detection
Partner-Integration,elb-0bd4274,AWS,2026-05,568.5,0.0,8000298,117.64,ELB,Classic load balancer
Marketing-Platform,gke-0c87458,GCP,2026-05,1717.6,0.0,0,3426.59,GKE,ML training cluster
Internal-Tools,rs-02b6574,AWS,2026-05,0.0,0.0,4566280,225.61,Redshift,Spectrum queries
Production-Secondary,sentinel-0502751,AZURE,2026-05,0.0,0.0,60892171,1542.14,Microsoft Sentinel,SIEM detection
Data-Science,rs-0146862,AWS,2026-05,679.9,1905.1,0,3478.64,Redshift,Data warehouse cluster
ML-Training,lam-055d746,AWS,2026-05,0.0,0.0,9892916,68.61,Lambda,Notification dispatcher
Customer-Portal,func-0958195,AZURE,2026-05,0.0,0.0,2432148,36.64,Azure Functions,Webhook processor
Finance-Systems,kv-0563504,AZURE,2026-05,0.0,0.0,2737164,8.1,Key Vault,Secrets management
Finance-Systems,gcf-0517299,GCP,2026-05,0.0,0.0,8323117,122.48,Cloud Functions,Auth handlers
Partner-Integration,azmon-0cc4223,AZURE,2026-05,0.0,195.5,26017364,266.57,Azure Monitor,Logs and metrics
Data-Science,blob-0d32531,AZURE,2026-05,0.0,2374.6,6343331,304.15,Blob Storage,Build artifacts
Production-Secondary,blob-04dd841,AZURE,2026-05,0.0,11231.6,28487,87.27,Blob Storage,Archive tier
Security-Ops,lam-09fe233,AWS,2026-05,0.0,0.0,22834629,160.81,Lambda,Data transformer
Staging-Env,fs-0f41779,GCP,2026-05,1155.1,80.1,46765583,657.22,Firestore,User profiles DB
Customer-Portal,redis-0260701,AZURE,2026-05,850.3,0.0,0,429.4,Azure Cache for Redis,Standard C2 cache
Compliance-Audit,i-1029425,AWS,2026-05,567.2,0.0,0,488.95,EC2,m5.large monitoring server
Finance-Systems,gcf-0b69780,GCP,2026-05,0.0,0.0,12134020,181.64,Cloud Functions,Data triggers
Security-Ops,ps-0ff9385,GCP,2026-05,0.0,0.0,27512386,339.02,Pub/Sub,Event streaming
Edge-Network,vpn-0c9e800,AWS,2026-05,471.6,0.0,0,115.7,VPN Gateway,Client VPN endpoint
Production-Main,r53-0c16894,AWS,2026-05,0.0,0.0,14543136,21.93,Route 53,Health checks
Edge-Network,i-06ce887,AWS,2026-05,694.7,0.0,0,2417.51,EC2,r5.2xlarge database server
Production-Main,i-0d80610,AWS,2026-05,432.2,0.0,0,1224.35,EC2,c5.2xlarge HPC node
ML-Training,i-0b25477,AWS,2026-05,527.8,0.0,0,1828.99,EC2,r5.2xlarge database server
Partner-Integration,rds-03c8753,AWS,2026-05,407.8,112.1,0,462.28,RDS,db.t3.medium MySQL staging
Marketing-Platform,r53-01dd837,AWS,2026-05,0.0,0.0,54211373,80.41,Route 53,DNS hosting
Production-Secondary,sqldb-04d6752,AZURE,2026-05,507.7,176.7,0,843.95,SQL Database,Standard S3 production
Edge-Network,ps-0791593,GCP,2026-05,0.0,0.0,44841835,538.6,Pub/Sub,Log forwarding
Marketing-Platform,i-01e7981,AWS,2026-05,547.6,0.0,0,1601.19,EC2,c5.2xlarge HPC node
Finance-Systems,sb-093d809,AZURE,2026-05,0.0,0.0,24768805,61.25,Service Bus,Standard messaging
Security-Ops,ps-0eca484,GCP,2026-05,0.0,0.0,30157017,376.31,Pub/Sub,Event streaming
Data-Science,clog-0f05447,GCP,2026-05,0.0,505.5,0,125.75,Cloud Logging,Application logs
QA-Testing,ec-1136274,AWS,2026-05,775.9,0.0,0,558.1,ElastiCache,Redis production cluster
Security-Ops,ses-09f7782,AWS,2026-05,0.0,0.0,2337282,2.81,SES,Transactional email
Finance-Systems,gcs-0589860,GCP,2026-05,0.0,370.6,6015102,68.54,Cloud Storage,Temp processing bucket
Edge-Network,cmon-040a287,GCP,2026-05,0.0,0.0,25761793,196.73,Cloud Monitoring,Metrics and alerting
Security-Ops,s3-08db379,AWS,2026-05,0.0,49.0,23827293,158.05,S3,Static website hosting
Partner-Integration,sb-03ab945,AZURE,2026-05,683.9,0.0,9658465,529.85,Service Bus,Premium messaging
Partner-Integration,ses-03cb400,AWS,2026-05,0.0,0.0,2101864,2.5,SES,Transactional email
ML-Training,lam-0c34400,AWS,2026-05,0.0,0.0,9452655,66.35,Lambda,Notification dispatcher
Edge-Network,bq-0476620,GCP,2026-05,0.0,5691.7,0,2222.15,BigQuery,Log analytics
DevOps-Central,appi-00d4852,AZURE,2026-05,0.0,0.0,62860448,770.52,Application Insights,APM telemetry
Security-Ops,eh-08a0504,AZURE,2026-05,0.0,379.6,0,95.36,Event Hubs,Capture to storage
Internal-Tools,elb-08c2704,AWS,2026-05,940.5,0.0,13118206,191.61,ELB,Classic load balancer
Compliance-Audit,ecs-0d1c714,AWS,2026-05,462.0,0.0,0,845.82,ECS,Fargate worker cluster
DevOps-Central,azmon-061e582,AZURE,2026-05,0.0,312.0,40325625,432.47,Azure Monitor,Logs and metrics
Finance-Systems,gcs-0852873,GCP,2026-05,0.0,10299.5,3441023,303.43,Cloud Storage,Data lake bucket
DR-Recovery,appi-07b6956,AZURE,2026-05,0.0,0.0,18350191,230.9,Application Insights,Custom metrics
Shared-Services,ado-078c824,AZURE,2026-05,0.0,79.6,0,19.8,Azure DevOps,Artifacts storage
Production-Main,i-1108283,AWS,2026-05,304.6,0.0,0,884.5,EC2,c5.2xlarge HPC node
Compliance-Audit,s3-0c95132,AWS,2026-05,0.0,716.5,1440610,60.54,S3,Artifact storage
Edge-Network,ebs-09ad548,AWS,2026-05,0.0,702.5,0,86.32,EBS,gp3 volumes production
Staging-Env,bq-0f5b837,GCP,2026-05,0.0,5046.0,0,1950.04,BigQuery,Log analytics
Production-Main,i-000d373,AWS,2026-05,382.6,0.0,0,1087.26,EC2,c5.2xlarge HPC node
Compliance-Audit,s3-0667496,AWS,2026-05,0.0,11789.8,2310553,402.2,S3,Data lake raw zone
Finance-Systems,blob-1044860,AZURE,2026-05,0.0,8075.0,80104,240.27,Blob Storage,Backup storage
Finance-Systems,csql-0eba390,GCP,2026-05,612.5,174.4,0,756.99,Cloud SQL,PostgreSQL replica
Data-Science,gcf-0b1b828,GCP,2026-05,0.0,0.0,9805442,144.92,Cloud Functions,Auth handlers
Mobile-Backend,ec-032e628,AWS,2026-05,591.7,0.0,0,416.56,ElastiCache,Redis production cluster
Partner-Integration,r53-060c599,AWS,2026-05,0.0,0.0,63550875,92.4,Route 53,DNS hosting
Internal-Tools,s3-0e43727,AWS,2026-05,0.0,3592.8,5633869,261.36,S3,Media content bucket
Finance-Systems,ado-0451264,AZURE,2026-05,496.2,0.0,0,244.32,Azure DevOps,Pipelines hosted
Production-Main,vai-0775922,GCP,2026-05,714.1,0.0,7862069,1535.44,Vertex AI,Model serving endpoints
Security-Ops,ecs-0499787,AWS,2026-05,425.5,0.0,0,743.65,ECS,Fargate worker cluster
Finance-Systems,gcf-0239796,GCP,2026-05,0.0,0.0,13936401,207.51,Cloud Functions,Data triggers
Finance-Systems,cr-086d481,GCP,2026-05,547.3,0.0,2218816,693.33,Cloud Run,ETL pipeline service
IoT-Platform,fs-064b410,GCP,2026-05,972.1,27.5,68269776,715.12,Firestore,Session store
Shared-Services,sb-0621661,AZURE,2026-05,536.1,0.0,7751297,420.4,Service Bus,Premium messaging
Analytics-Platform,vai-0b7a724,GCP,2026-05,199.4,0.0,0,989.62,Vertex AI,AutoML jobs
Production-Main,csql-109c812,GCP,2026-05,765.2,519.5,0,1450.58,Cloud SQL,MySQL analytics
Production-Secondary,ps-1180924,GCP,2026-05,0.0,0.0,12428163,152.17,Pub/Sub,Data pipeline
Customer-Portal,func-081c995,AZURE,2026-05,0.0,0.0,2711871,40.03,Azure Functions,Webhook processor
Partner-Integration,vai-03b5957,GCP,2026-05,215.1,0.0,0,1083.65,Vertex AI,AutoML jobs
Marketing-Platform,vai-0c18574,GCP,2026-05,233.3,0.0,0,1154.97,Vertex AI,AutoML jobs
Analytics-Platform,clog-0e12229,GCP,2026-05,0.0,454.2,0,111.4,Cloud Logging,Application logs
Production-Secondary,s3-0075793,AWS,2026-05,0.0,64.9,32599849,206.6,S3,Static website hosting
Security-Ops,sqs-0195828,AWS,2026-05,0.0,0.0,38750415,19.02,SQS,Event notification queue
Security-Ops,ebs-08c0486,AWS,2026-05,0.0,691.8,0,422.58,EBS,io2 volumes database
Production-Main,cf-0a4b960,AWS,2026-05,0.0,0.0,57663203,276.02,CloudFront,CDN API distribution
QA-Testing,elb-03e9138,AWS,2026-05,799.0,0.0,54459389,345.49,ELB,Network load balancer
Marketing-Platform,sm-10db510,AWS,2026-05,0.0,0.0,1133741,4.51,Secrets Manager,Application secrets
Marketing-Platform,gke-1057959,GCP,2026-05,2087.1,0.0,0,4194.29,GKE,ML training cluster
Customer-Portal,vm-0dcd189,AZURE,2026-05,460.7,0.0,0,819.41,Virtual Machines,E4s v3 SIEM collector
DevOps-Central,cosmos-00ee239,AZURE,2026-05,735.1,50.0,14910667,482.77,Cosmos DB,Config store
Staging-Env,fs-109d158,GCP,2026-05,744.7,52.5,30815300,425.71,Firestore,User profiles DB
Finance-Systems,aks-0554673,AZURE,2026-05,261.7,0.0,0,397.14,AKS,Dev K8s cluster
Data-Science,ses-0e41871,AWS,2026-05,0.0,0.0,2113717,2.48,SES,Transactional email
Internal-Tools,eh-097f635,AZURE,2026-05,0.0,524.4,0,127.18,Event Hubs,Capture to storage
Production-Main,rds-0005467,AWS,2026-05,650.7,466.0,0,1688.29,RDS,db.r5.xlarge PostgreSQL primary
DR-Recovery,appi-0d8e996,AZURE,2026-05,0.0,0.0,49198061,618.83,Application Insights,APM telemetry
Shared-Services,gcs-06aa524,GCP,2026-05,0.0,7406.9,178577,165.39,Cloud Storage,Backup bucket
Finance-Systems,redis-0211914,AZURE,2026-05,749.4,0.0,0,889.91,Azure Cache for Redis,Premium P1 cache
QA-Testing,ebs-0cff760,AWS,2026-05,0.0,1101.0,0,136.94,EBS,gp3 volumes production
Production-Secondary,elb-0fed620,AWS,2026-05,552.6,0.0,38599162,233.24,ELB,Network load balancer
Production-Secondary,csql-008e810,GCP,2026-05,590.9,419.9,0,1157.98,Cloud SQL,MySQL analytics
Customer-Portal,eh-075a870,AZURE,2026-05,688.6,0.0,28947123,320.07,Event Hubs,Standard throughput units
Production-Main,blob-086a814,AZURE,2026-05,0.0,2288.1,6233320,299.95,Blob Storage,Build artifacts
ML-Training,ebs-0b54889,AWS,2026-05,0.0,4377.9,0,197.82,EBS,st1 volumes archive
Finance-Systems,gcf-0ebd850,GCP,2026-05,0.0,0.0,11397421,164.92,Cloud Functions,Data triggers
Analytics-Platform,aks-09f1619,AZURE,2026-05,1189.2,0.0,0,1745.87,AKS,Staging K8s cluster
Partner-Integration,sm-03d6254,AWS,2026-05,0.0,0.0,1249522,4.87,Secrets Manager,Application secrets
Analytics-Platform,ado-0968389,AZURE,2026-05,0.0,117.0,0,28.88,Azure DevOps,Artifacts storage
Finance-Systems,cr-0fbf375,GCP,2026-05,482.9,0.0,1979071,633.64,Cloud Run,ETL pipeline service
Customer-Portal,vm-0d19441,AZURE,2026-05,505.8,0.0,0,307.96,Virtual Machines,D2s v3 utility server
Security-Ops,s3-09e0838,AWS,2026-05,0.0,53.8,26998253,177.02,S3,Static website hosting
Edge-Network,ebs-0907384,AWS,2026-05,0.0,390.4,0,248.76,EBS,io2 volumes database
ML-Training,sqs-0365439,AWS,2026-05,0.0,0.0,495091,0.24,SQS,Dead letter queue
Partner-Integration,eks-03c4771,AWS,2026-05,420.7,0.0,0,1242.32,EKS,Staging K8s cluster
Compliance-Audit,ses-0ad0283,AWS,2026-05,0.0,0.0,1693774,2.08,SES,Transactional email
Shared-Services,vm-0594419,AZURE,2026-05,779.6,0.0,0,2834.4,Virtual Machines,E8s v3 memory-optimized
Internal-Tools,gcs-0985887,GCP,2026-05,0.0,18725.2,6348924,564.01,Cloud Storage,Data lake bucket
Mobile-Backend,sqldb-0e7e331,AZURE,2026-05,726.6,499.0,0,2929.55,SQL Database,Premium P1 analytics
Production-Secondary,app-05e2432,AZURE,2026-05,1090.3,0.0,0,649.54,App Service,Web app P1v3
Shared-Services,rds-0c30227,AWS,2026-05,459.4,328.1,0,895.44,RDS,db.r5.large PostgreSQL replica
Production-Main,blob-09bc732,AZURE,2026-05,0.0,5668.3,2134826,299.93,Blob Storage,Data lake storage
Customer-Portal,ses-0bde451,AWS,2026-05,0.0,0.0,655189,0.78,SES,Marketing email
Compliance-Audit,rds-055c490,AWS,2026-05,1034.5,726.8,0,2052.25,RDS,db.r5.large PostgreSQL replica
Data-Science,kin-0141333,AWS,2026-05,704.5,0.0,19511805,276.08,Kinesis,Firehose delivery
Analytics-Platform,bq-0a93447,GCP,2026-05,0.0,1971.6,0,770.08,BigQuery,BI reporting views
Analytics-Platform,clog-0d3f486,GCP,2026-05,0.0,395.7,0,97.17,Cloud Logging,Application logs
Staging-Env,bq-00fd332,GCP,2026-05,0.0,1960.2,0,771.71,BigQuery,Data export queries
Marketing-Platform,gke-01f1963,GCP,2026-05,2255.7,0.0,0,4485.02,GKE,ML training cluster
Mobile-Backend,kv-0d0a877,AZURE,2026-05,0.0,0.0,1504520,4.58,Key Vault,Secrets management
Production-Secondary,blob-04c0764,AZURE,2026-05,0.0,2199.2,5384085,355.99,Blob Storage,Media content
Security-Ops,sqs-0acf483,AWS,2026-05,0.0,0.0,43197208,21.34,SQS,Event notification queue
Marketing-Platform,sm-0c60824,AWS,2026-05,0.0,0.0,946546,3.69,Secrets Manager,Application secrets
Customer-Portal,vm-0ea1350,AZURE,2026-05,584.9,0.0,0,354.01,Virtual Machines,D2s v3 utility server
Edge-Network,eks-0c0a109,AWS,2026-05,584.1,0.0,0,1721.65,EKS,Production K8s cluster
Shared-Services,aks-01c1897,AZURE,2026-05,1012.9,0.0,0,1494.12,AKS,Staging K8s cluster
Production-Secondary,vai-078b500,GCP,2026-05,225.3,0.0,0,1107.72,Vertex AI,AutoML jobs
ML-Training,i-0b05946,AWS,2026-05,536.4,0.0,0,1845.51,EC2,r5.2xlarge database server
Marketing-Platform,vai-0675764,GCP,2026-05,519.7,0.0,5891132,1151.7,Vertex AI,Model serving endpoints
Finance-Systems,app-0d8b965,AZURE,2026-05,804.3,0.0,0,121.2,App Service,Web app B1
Production-Main,cf-05be618,AWS,2026-05,0.0,0.0,51176724,248.43,CloudFront,CDN API distribution
Production-Secondary,ecs-0073512,AWS,2026-05,442.8,0.0,0,818.55,ECS,Fargate API cluster
Data-Science,gcs-0a7b183,GCP,2026-05,0.0,8709.2,217754,195.34,Cloud Storage,Backup bucket
Compliance-Audit,elb-0d8f759,AWS,2026-05,360.2,0.0,25108254,153.18,ELB,Network load balancer
Security-Ops,ecs-1053185,AWS,2026-05,451.1,0.0,0,825.93,ECS,Fargate worker cluster
Internal-Tools,rds-02c5855,AWS,2026-05,675.1,478.7,0,1714.83,RDS,db.r5.xlarge PostgreSQL primary
Marketing-Platform,r53-0b06291,AWS,2026-05,0.0,0.0,51789355,76.17,Route 53,DNS hosting
Edge-Network,csql-04c4474,GCP,2026-05,843.0,234.8,0,994.5,Cloud SQL,PostgreSQL replica
Data-Science,blob-06c1498,AZURE,2026-05,0.0,9330.1,92555,280.35,Blob Storage,Backup storage
Analytics-Platform,bq-0616922,GCP,2026-05,0.0,16238.7,0,6463.04,BigQuery,ML training datasets
Internal-Tools,gcs-08ae795,GCP,2026-05,0.0,1995.9,973023,298.33,Cloud Storage,Model artifacts
Analytics-Platform,eh-0c1e810,AZURE,2026-05,456.6,0.0,19791846,214.03,Event Hubs,Standard throughput units
QA-Testing,lam-1169721,AWS,2026-05,0.0,0.0,79099835,548.59,Lambda,Auth token validator
Shared-Services,func-0456674,AZURE,2026-05,0.0,0.0,424083,6.28,Azure Functions,Timer triggers
Data-Science,cr-0124770,GCP,2026-05,304.5,0.0,1261718,261.1,Cloud Run,Image processor
Analytics-Platform,gcs-067a623,GCP,2026-05,0.0,2388.2,2408479,168.78,Cloud Storage,Media assets bucket
Finance-Systems,cosmos-0527195,AZURE,2026-05,472.5,132.6,26190406,1058.37,Cosmos DB,User data store
Partner-Integration,app-03b2567,AZURE,2026-05,591.4,0.0,0,360.47,App Service,Web app P1v3
Compliance-Audit,elb-0385602,AWS,2026-05,747.1,0.0,30783633,219.88,ELB,Application load balancer
Finance-Systems,s3-0570229,AWS,2026-05,0.0,2321.7,1135876,84.39,S3,Analytics export bucket
DevOps-Central,aks-0f83666,AZURE,2026-05,382.7,0.0,0,568.45,AKS,Dev K8s cluster
QA-Testing,lam-0622244,AWS,2026-05,0.0,0.0,31646402,216.46,Lambda,API gateway handler
Production-Secondary,sentinel-118d311,AZURE,2026-05,0.0,0.0,60759547,1562.3,Microsoft Sentinel,SIEM detection
Customer-Portal,df-027d947,GCP,2026-05,615.8,0.0,0,1502.89,Dataflow,Streaming pipeline
Production-Main,kv-0426522,AZURE,2026-05,0.0,0.0,2223024,6.47,Key Vault,Secrets management
QA-Testing,lam-07f0573,AWS,2026-05,0.0,0.0,4691642,32.78,Lambda,Image resizer
Marketing-Platform,sm-01d7826,AWS,2026-05,0.0,0.0,886592,3.44,Secrets Manager,Application secrets
Edge-Network,ec-0e4b931,AWS,2026-05,749.1,0.0,0,543.18,ElastiCache,Redis production cluster
Marketing-Platform,rds-0d51613,AWS,2026-05,457.7,126.1,0,535.93,RDS,db.t3.medium MySQL staging
ML-Training,kin-0a76630,AWS,2026-05,696.1,0.0,28082469,407.83,Kinesis,Data stream ingestion
Security-Ops,eks-0191572,AWS,2026-05,475.5,0.0,0,1434.42,EKS,Staging K8s cluster
Shared-Services,vpn-0199240,AWS,2026-05,847.9,0.0,0,211.1,VPN Gateway,Client VPN endpoint
Mobile-Backend,sqldb-1045702,AZURE,2026-05,729.4,509.4,0,2927.78,SQL Database,Premium P1 analytics
Shared-Services,kv-0d17212,AZURE,2026-05,0.0,0.0,393558,1.16,Key Vault,Certificate store
Finance-Systems,s3-0555363,AWS,2026-05,0.0,65.0,31570400,204.1,S3,Static website hosting
Compliance-Audit,s3-0f76493,AWS,2026-05,0.0,772.5,1536165,66.26,S3,Artifact storage
Partner-Integration,vai-0eb9357,GCP,2026-05,561.3,0.0,0,2815.84,Vertex AI,Training pipelines
Internal-Tools,lam-100a745,AWS,2026-05,0.0,0.0,1067949,7.9,Lambda,Cron job runner
Marketing-Platform,ddb-0bef403,AWS,2026-05,572.6,7.7,3980439,68.06,DynamoDB,Config store table
Data-Science,gcs-043a104,GCP,2026-05,0.0,578.5,9396883,107.39,Cloud Storage,Temp processing bucket
Finance-Systems,vm-05c1838,AZURE,2026-05,721.0,0.0,0,1747.3,Virtual Machines,D8s v3 application server
Analytics-Platform,kv-05a4469,AZURE,2026-05,0.0,0.0,1444432,4.15,Key Vault,Secrets management
Security-Ops,ebs-0a88692,AWS,2026-05,0.0,4154.5,0,183.9,EBS,st1 volumes archive
Internal-Tools,cr-02e1655,GCP,2026-05,476.8,0.0,3974206,403.1,Cloud Run,Webhook handler
Marketing-Platform,vpn-04ea593,AWS,2026-05,769.6,0.0,0,198.4,VPN Gateway,Client VPN endpoint
IoT-Platform,mem-1148803,GCP,2026-05,783.2,0.0,0,572.78,Memorystore,Redis production cache
Partner-Integration,vai-1105921,GCP,2026-05,221.7,0.0,0,1083.96,Vertex AI,AutoML jobs
Finance-Systems,clog-0eff840,GCP,2026-05,0.0,202.8,0,49.4,Cloud Logging,Audit logs
Analytics-Platform,gcs-0b65524,GCP,2026-05,0.0,10086.7,244861,227.55,Cloud Storage,Backup bucket
Security-Ops,cmon-0fde210,GCP,2026-05,0.0,0.0,23480236,180.83,Cloud Monitoring,Metrics and alerting
Production-Main,s3-057d934,AWS,2026-05,0.0,8454.2,520623,209.63,S3,Log archive bucket
Internal-Tools,aks-08d9511,AZURE,2026-05,1536.1,0.0,0,2292.14,AKS,Staging K8s cluster
Compliance-Audit,rs-10fb531,AWS,2026-05,0.0,0.0,4652065,234.88,Redshift,Spectrum queries
Security-Ops,bq-0e63979,GCP,2026-05,0.0,1540.4,0,605.91,BigQuery,BI reporting views
Internal-Tools,cf-0a39494,AWS,2026-05,0.0,0.0,138501996,668.11,CloudFront,CDN media distribution
Analytics-Platform,bq-0c50327,GCP,2026-05,0.0,10941.8,0,4385.89,BigQuery,Analytics data warehouse
Production-Secondary,csql-0951252,GCP,2026-05,521.7,369.2,0,1025.68,Cloud SQL,MySQL analytics
Production-Secondary,eh-0d77234,AZURE,2026-05,567.4,0.0,23951472,253.95,Event Hubs,Standard throughput units
Production-Secondary,blob-0cd7269,AZURE,2026-05,0.0,7374.3,2736331,390.36,Blob Storage,Data lake storage
Analytics-Platform,gke-00b6558,GCP,2026-05,553.0,0.0,0,1640.39,GKE,Batch processing cluster
Internal-Tools,cr-0d34819,GCP,2026-05,327.9,0.0,1340331,284.09,Cloud Run,Image processor
Compliance-Audit,ecs-06db379,AWS,2026-05,468.3,0.0,0,845.07,ECS,Fargate worker cluster
Internal-Tools,ebs-02a9257,AWS,2026-05,0.0,425.9,0,259.26,EBS,io2 volumes database
Partner-Integration,sqldb-0efb498,AZURE,2026-05,812.0,292.9,0,1373.77,SQL Database,Standard S3 production
Production-Secondary,csql-10cf442,GCP,2026-05,713.6,195.7,0,834.77,Cloud SQL,PostgreSQL replica
DevOps-Central,aks-0f5d284,AZURE,2026-05,1682.3,0.0,0,2476.48,AKS,Staging K8s cluster
Compliance-Audit,vpn-0a64605,AWS,2026-05,729.3,0.0,0,179.92,VPN Gateway,Client VPN endpoint
Staging-Env,gcf-07b9875,GCP,2026-05,0.0,0.0,5313450,78.95,Cloud Functions,Auth handlers
Edge-Network,csql-05ea238,GCP,2026-05,722.9,205.8,0,858.37,Cloud SQL,PostgreSQL replica
Data-Science,gcf-0d9b819,GCP,2026-05,0.0,0.0,9269426,134.37,Cloud Functions,Auth handlers
ML-Training,rs-0788768,AWS,2026-05,0.0,0.0,4213080,204.51,Redshift,Spectrum queries
Internal-Tools,cr-03f4389,GCP,2026-05,593.2,0.0,2394808,769.84,Cloud Run,ETL pipeline service
IoT-Platform,gke-035b126,GCP,2026-05,400.6,0.0,0,1214.23,GKE,Batch processing cluster
Internal-Tools,cosmos-02a3540,AZURE,2026-05,683.6,192.5,38022557,1554.15,Cosmos DB,User data store
Finance-Systems,elb-0e1e935,AWS,2026-05,762.6,0.0,32090068,233.44,ELB,Application load balancer
Internal-Tools,vm-029e595,AZURE,2026-05,672.2,0.0,0,404.33,Virtual Machines,D2s v3 utility server
Finance-Systems,cr-0b1c943,GCP,2026-05,583.9,0.0,2356935,739.96,Cloud Run,ETL pipeline service
Staging-Env,gcs-072b621,GCP,2026-05,0.0,11381.0,3778433,333.09,Cloud Storage,Data lake bucket
Production-Secondary,app-05df445,AZURE,2026-05,912.3,0.0,0,554.98,App Service,Web app P1v3
Production-Secondary,blob-005d230,AZURE,2026-05,0.0,2270.8,6148856,300.53,Blob Storage,Build artifacts
Finance-Systems,gcf-06da891,GCP,2026-05,0.0,0.0,9299385,136.76,Cloud Functions,Auth handlers
Customer-Portal,elb-0287653,AWS,2026-05,658.9,0.0,9279395,133.01,ELB,Classic load balancer
ML-Training,i-0bdb603,AWS,2026-05,737.0,0.0,0,2557.39,EC2,r5.2xlarge database server
QA-Testing,r53-085b883,AWS,2026-05,0.0,0.0,9014287,13.59,Route 53,Health checks
Customer-Portal,i-0ae1467,AWS,2026-05,645.7,0.0,0,2163.87,EC2,r5.2xlarge database server
Production-Secondary,i-007b774,AWS,2026-05,818.4,0.0,0,700.98,EC2,m5.large monitoring server
Production-Secondary,ec-0bb0589,AWS,2026-05,870.5,0.0,0,315.72,ElastiCache,Redis staging cluster
Production-Secondary,aks-0b9c491,AZURE,2026-05,301.3,0.0,0,454.23,AKS,Dev K8s cluster
Marketing-Platform,rs-0f0b689,AWS,2026-05,0.0,0.0,6944899,343.55,Redshift,Spectrum queries
Production-Main,lam-000a777,AWS,2026-05,0.0,0.0,5618157,39.08,Lambda,Notification dispatcher
Production-Secondary,mem-0c26642,GCP,2026-05,597.4,0.0,0,422.69,Memorystore,Redis production cache
QA-Testing,ses-0411794,AWS,2026-05,0.0,0.0,2249527,2.65,SES,Transactional email
Partner-Integration,sqldb-0e96563,AZURE,2026-05,1126.6,391.3,0,1843.82,SQL Database,Standard S3 production
IoT-Platform,gke-035e159,GCP,2026-05,2583.9,0.0,0,4952.74,GKE,ML training cluster
Compliance-Audit,sns-0987286,AWS,2026-05,0.0,0.0,15192803,7.29,SNS,Event fanout topic
Customer-Portal,ps-096d972,GCP,2026-05,0.0,0.0,38150990,479.87,Pub/Sub,Log forwarding
Edge-Network,bq-0300179,GCP,2026-05,0.0,7048.1,0,2755.49,BigQuery,Analytics data warehouse
Customer-Portal,vpn-09b8118,AWS,2026-05,1035.8,0.0,0,255.04,VPN Gateway,Client VPN endpoint
Partner-Integration,appi-07a4515,AZURE,2026-05,0.0,0.0,71003810,867.56,Application Insights,APM telemetry
Internal-Tools,nat-0ba5290,AWS,2026-05,490.1,0.0,0,111.22,NAT Gateway,Dev VPC NAT
Staging-Env,gcs-1188613,GCP,2026-05,0.0,13124.8,4248683,385.19,Cloud Storage,Data lake bucket
Shared-Services,vm-08aa601,AZURE,2026-05,323.6,0.0,0,3012.64,Virtual Machines,NC6s v3 GPU VM
Internal-Tools,ec-0a9a592,AWS,2026-05,504.2,0.0,0,354.69,ElastiCache,Redis production cluster
Analytics-Platform,bq-0d5b922,GCP,2026-05,0.0,14606.5,0,5698.9,BigQuery,ML training datasets
Partner-Integration,elb-0b31940,AWS,2026-05,414.7,0.0,17557665,121.92,ELB,Application load balancer
Security-Ops,ps-093e830,GCP,2026-05,0.0,0.0,31091417,392.75,Pub/Sub,Event streaming
Marketing-Platform,ddb-07e5376,AWS,2026-05,592.6,8.4,4250726,72.5,DynamoDB,Config store table
Customer-Portal,i-06d9393,AWS,2026-05,564.3,0.0,0,816.78,EC2,c5.xlarge compute worker
Security-Ops,r53-018f903,AWS,2026-05,0.0,0.0,65725862,97.31,Route 53,DNS hosting
Production-Main,gcf-0741711,GCP,2026-05,0.0,0.0,15084278,225.5,Cloud Functions,Pub/Sub processors
Finance-Systems,gcs-0d31493,GCP,2026-05,0.0,441.0,6911337,80.55,Cloud Storage,Temp processing bucket
Compliance-Audit,rs-0bf0566,AWS,2026-05,566.0,1538.8,0,2833.38,Redshift,Data warehouse cluster
DR-Recovery,appi-048f749,AZURE,2026-05,0.0,0.0,19601147,245.66,Application Insights,Custom metrics
Production-Main,vm-048d646,AZURE,2026-05,793.2,0.0,0,1929.4,Virtual Machines,D8s v3 application server
Shared-Services,sb-1037505,AZURE,2026-05,631.6,0.0,8715581,482.04,Service Bus,Premium messaging
Production-Main,s3-062a775,AWS,2026-05,0.0,10368.5,637615,249.32,S3,Log archive bucket
DevOps-Central,vm-0691282,AZURE,2026-05,666.9,0.0,0,205.72,Virtual Machines,B2s development VM
Production-Main,i-0724237,AWS,2026-05,396.1,0.0,0,1151.49,EC2,c5.2xlarge HPC node
Marketing-Platform,i-06c6949,AWS,2026-05,863.9,0.0,0,61.97,EC2,t3.micro bastion host
DevOps-Central,sb-0e4e903,AZURE,2026-05,698.3,0.0,9530384,534.1,Service Bus,Premium messaging
Production-Main,gcs-0601678,GCP,2026-05,0.0,15906.8,5431273,478.6,Cloud Storage,Data lake bucket
Internal-Tools,eh-06f5432,AZURE,2026-05,0.0,476.6,0,115.62,Event Hubs,Capture to storage
Finance-Systems,redis-1119805,AZURE,2026-05,720.4,0.0,0,363.9,Azure Cache for Redis,Standard C2 cache
IoT-Platform,bq-0ca5217,GCP,2026-05,0.0,1593.0,0,612.11,BigQuery,Data export queries
Finance-Systems,s3-0240452,AWS,2026-05,0.0,7012.0,69995,157.03,S3,Backup storage bucket
Data-Science,bq-0cfe536,GCP,2026-05,0.0,3085.3,0,1218.5,BigQuery,Log analytics
Edge-Network,ps-0df6327,GCP,2026-05,0.0,0.0,19471428,235.56,Pub/Sub,Event streaming
Marketing-Platform,vai-081a178,GCP,2026-05,547.3,0.0,0,2790.68,Vertex AI,Training pipelines
Internal-Tools,rds-02c4542,AWS,2026-05,387.9,108.7,0,464.09,RDS,db.t3.medium MySQL staging
Finance-Systems,blob-0d4a811,AZURE,2026-05,0.0,9541.1,95379,273.45,Blob Storage,Backup storage
Compliance-Audit,kin-0386537,AWS,2026-05,652.7,0.0,27668257,396.86,Kinesis,Data stream ingestion
Staging-Env,vai-08eb520,GCP,2026-05,547.8,0.0,0,2711.07,Vertex AI,Training pipelines
Edge-Network,s3-097d920,AWS,2026-05,0.0,831.9,1652989,71.32,S3,Artifact storage
Compliance-Audit,i-0a57109,AWS,2026-05,608.4,0.0,0,525.14,EC2,m5.large monitoring server
Security-Ops,ebs-0186597,AWS,2026-05,0.0,646.7,0,407.92,EBS,io2 volumes database
Data-Science,i-0f5f350,AWS,2026-05,632.1,0.0,0,1094.07,EC2,r5.xlarge cache server
Marketing-Platform,gke-0472798,GCP,2026-05,4191.6,0.0,0,8457.1,GKE,GPU node pool
Staging-Env,df-0e86737,GCP,2026-05,663.5,0.0,0,1628.79,Dataflow,Streaming pipeline
Data-Science,bq-0c86405,GCP,2026-05,0.0,1559.6,0,603.26,BigQuery,BI reporting views
Internal-Tools,gcs-02db399,GCP,2026-05,0.0,23550.7,58423,234.12,Cloud Storage,Archive bucket
Compliance-Audit,s3-1109492,AWS,2026-05,0.0,856.3,1707459,73.97,S3,Artifact storage
Production-Main,ecs-001f111,AWS,2026-05,291.9,0.0,0,543.47,ECS,Fargate batch cluster
IoT-Platform,bq-0ece462,GCP,2026-05,0.0,2584.5,0,981.36,BigQuery,BI reporting views
DevOps-Central,appi-0fd7806,AZURE,2026-05,0.0,0.0,17027142,216.06,Application Insights,Custom metrics
Production-Secondary,sentinel-0e21747,AZURE,2026-05,0.0,0.0,71484298,1816.64,Microsoft Sentinel,SIEM detection
Finance-Systems,gcf-068b670,GCP,2026-05,0.0,0.0,14629097,216.07,Cloud Functions,Data triggers
Partner-Integration,sb-03aa861,AZURE,2026-05,0.0,0.0,14970998,37.71,Service Bus,Standard messaging
Internal-Tools,gcs-0a11938,GCP,2026-05,0.0,365.3,5742043,64.03,Cloud Storage,Temp processing bucket
Production-Secondary,elb-106c801,AWS,2026-05,595.2,0.0,24649084,179.42,ELB,Application load balancer
Finance-Systems,elb-10f0785,AWS,2026-05,623.1,0.0,26853513,190.65,ELB,Application load balancer
Marketing-Platform,ca-0c19747,GCP,2026-05,0.0,0.0,55868376,203.35,Cloud Armor,WAF policies
Analytics-Platform,cr-0a15445,GCP,2026-05,473.8,0.0,1965010,594.46,Cloud Run,ETL pipeline service
Staging-Env,gcs-085e743,GCP,2026-05,0.0,17349.8,41953,166.99,Cloud Storage,Archive bucket
Analytics-Platform,bq-0ad8962,GCP,2026-05,0.0,9717.5,0,3955.47,BigQuery,Analytics data warehouse
DR-Recovery,sb-02f7507,AZURE,2026-05,855.8,0.0,11926858,650.85,Service Bus,Premium messaging
Compliance-Audit,rds-0425609,AWS,2026-05,880.8,627.8,0,1774.8,RDS,db.r5.large PostgreSQL replica
ML-Training,ebs-0ad9186,AWS,2026-05,0.0,3616.0,0,160.54,EBS,st1 volumes archive
Analytics-Platform,ado-00c7802,AZURE,2026-05,0.0,106.3,0,25.67,Azure DevOps,Artifacts storage
Security-Ops,s3-0180786,AWS,2026-05,0.0,12009.8,121566,270.06,S3,Backup storage bucket
Shared-Services,r53-0b2b508,AWS,2026-05,0.0,0.0,8041454,12.3,Route 53,Health checks
Finance-Systems,azmon-0218730,AZURE,2026-05,0.0,232.7,30456472,322.13,Azure Monitor,Logs and metrics
Internal-Tools,eks-03f1737,AWS,2026-05,466.3,0.0,0,1381.59,EKS,Staging K8s cluster
Marketing-Platform,r53-0c76143,AWS,2026-05,0.0,0.0,62885985,93.26,Route 53,DNS hosting
Production-Secondary,csql-090a778,GCP,2026-05,662.7,460.6,0,1291.84,Cloud SQL,MySQL analytics
Edge-Network,s3-0c0b689,AWS,2026-05,0.0,63.0,32087565,205.81,S3,Static website hosting
Marketing-Platform,ec-08b3367,AWS,2026-05,620.3,0.0,0,440.83,ElastiCache,Redis production cluster
Staging-Env,gke-0109701,GCP,2026-05,2771.3,0.0,0,5528.87,GKE,ML training cluster
IoT-Platform,bq-069d685,GCP,2026-05,0.0,2707.2,0,1048.15,BigQuery,BI reporting views
Customer-Portal,ps-0280184,GCP,2026-05,0.0,0.0,44954433,554.64,Pub/Sub,Log forwarding
Internal-Tools,ec-02b5631,AWS,2026-05,718.2,0.0,0,260.76,ElastiCache,Redis staging cluster
Mobile-Backend,sqs-0caf152,AWS,2026-05,0.0,0.0,288253,0.15,SQS,Dead letter queue
Mobile-Backend,aks-0338186,AZURE,2026-05,961.9,0.0,0,4276.23,AKS,Production K8s cluster
Internal-Tools,ec-0a32433,AWS,2026-05,624.3,0.0,0,219.25,ElastiCache,Redis staging cluster
Data-Science,gke-0f9c745,GCP,2026-05,2469.8,0.0,0,4902.7,GKE,GPU node pool
Production-Secondary,sentinel-075c368,AZURE,2026-05,0.0,0.0,71519285,1779.78,Microsoft Sentinel,SIEM detection
Shared-Services,s3-0fd6134,AWS,2026-05,0.0,13626.5,2799944,483.1,S3,Data lake raw zone
Production-Secondary,sqs-1120122,AWS,2026-05,0.0,0.0,26418982,12.87,SQS,Event notification queue
Internal-Tools,vai-02e9702,GCP,2026-05,880.0,0.0,9647834,1896.88,Vertex AI,Model serving endpoints
Customer-Portal,vpn-051d688,AWS,2026-05,994.4,0.0,0,244.47,VPN Gateway,Client VPN endpoint
Compliance-Audit,s3-04b9679,AWS,2026-05,0.0,2538.6,15172756,630.0,S3,Production asset storage
Marketing-Platform,ec-0e10130,AWS,2026-05,801.0,0.0,0,589.69,ElastiCache,Redis production cluster
Partner-Integration,gcs-1012851,GCP,2026-05,0.0,20412.2,51024,202.33,Cloud Storage,Archive bucket
Customer-Portal,azmon-0250396,AZURE,2026-05,0.0,229.6,30645208,321.77,Azure Monitor,Logs and metrics
Internal-Tools,ebs-0742903,AWS,2026-05,0.0,1240.8,0,156.13,EBS,gp3 volumes production
Edge-Network,gke-05bf119,GCP,2026-05,2436.6,0.0,0,4839.8,GKE,ML training cluster
Security-Ops,s3-058b286,AWS,2026-05,0.0,6255.9,9843455,460.85,S3,Media content bucket
IoT-Platform,cr-05db884,GCP,2026-05,693.3,0.0,14739002,1015.39,Cloud Run,API gateway service
Marketing-Platform,ddb-0f52812,AWS,2026-05,687.9,48.3,77841148,528.92,DynamoDB,Session store table
Customer-Portal,vpn-044d967,AWS,2026-05,923.1,0.0,0,225.35,VPN Gateway,Client VPN endpoint
ML-Training,i-036c430,AWS,2026-05,640.5,0.0,0,2210.85,EC2,r5.2xlarge database server
Internal-Tools,sqs-0758153,AWS,2026-05,0.0,0.0,50983205,24.9,SQS,Order processing queue
Customer-Portal,vpn-080b733,AWS,2026-05,781.2,0.0,0,201.22,VPN Gateway,Client VPN endpoint
Marketing-Platform,nat-01df371,AWS,2026-05,853.7,0.0,0,381.54,NAT Gateway,Production VPC NAT
Staging-Env,cdns-03f7306,GCP,2026-05,0.0,0.0,23406360,34.23,Cloud DNS,DNS zones
Mobile-Backend,acr-07fd235,AZURE,2026-05,0.0,224.0,433918,139.55,Container Registry,Docker image registry
Production-Main,blob-0590204,AZURE,2026-05,0.0,2412.6,6361620,305.05,Blob Storage,Build artifacts
Production-Main,kv-0024951,AZURE,2026-05,0.0,0.0,2449684,7.3,Key Vault,Secrets management
Edge-Network,i-0607444,AWS,2026-05,496.1,0.0,0,1747.9,EC2,m5.2xlarge batch processor
Shared-Services,s3-0d6d893,AWS,2026-05,0.0,15669.0,3089778,531.34,S3,Data lake raw zone
Production-Main,i-068a660,AWS,2026-05,358.5,0.0,0,1016.19,EC2,c5.2xlarge HPC node
Shared-Services,ec-019b105,AWS,2026-05,695.8,0.0,0,250.39,ElastiCache,Redis staging cluster
Internal-Tools,s3-02bf969,AWS,2026-05,0.0,37.0,18632984,118.99,S3,Static website hosting
IoT-Platform,cdns-0ca6353,GCP,2026-05,0.0,0.0,13639376,20.62,Cloud DNS,DNS zones
Customer-Portal,elb-0285346,AWS,2026-05,562.9,0.0,39341314,236.41,ELB,Network load balancer
Partner-Integration,redis-0b29754,AZURE,2026-05,498.0,0.0,0,585.75,Azure Cache for Redis,Premium P1 cache
Partner-Integration,ado-0439616,AZURE,2026-05,615.5,0.0,0,297.51,Azure DevOps,Pipelines hosted
ML-Training,lam-084f704,AWS,2026-05,0.0,0.0,8585456,59.31,Lambda,Notification dispatcher
Production-Main,vm-003d976,AZURE,2026-05,871.8,0.0,0,1574.1,Virtual Machines,E4s v3 SIEM collector
Analytics-Platform,aks-09e9857,AZURE,2026-05,518.4,0.0,0,763.59,AKS,Dev K8s cluster
Analytics-Platform,gcs-1154713,GCP,2026-05,0.0,9588.8,239988,213.13,Cloud Storage,Backup bucket
Production-Secondary,app-0466740,AZURE,2026-05,926.4,0.0,0,577.74,App Service,Web app P1v3
Edge-Network,s3-0a66300,AWS,2026-05,0.0,11091.6,108153,247.33,S3,Backup storage bucket
Production-Secondary,r53-0a8a968,AWS,2026-05,0.0,0.0,9248978,13.88,Route 53,Health checks
Production-Secondary,fs-0c72951,GCP,2026-05,830.9,23.5,59362581,614.02,Firestore,Session store
ML-Training,lam-0373133,AWS,2026-05,0.0,0.0,10616318,71.13,Lambda,Notification dispatcher
Data-Science,ses-04ff620,AWS,2026-05,0.0,0.0,321550,0.38,SES,Marketing email
Shared-Services,ado-0fb4902,AZURE,2026-05,0.0,95.1,0,23.2,Azure DevOps,Artifacts storage
Data-Science,rs-0410704,AWS,2026-05,612.8,1676.0,0,2990.75,Redshift,Data warehouse cluster
DevOps-Central,redis-04b6472,AZURE,2026-05,734.2,0.0,0,857.29,Azure Cache for Redis,Premium P1 cache
Finance-Systems,eks-08fb841,AWS,2026-05,1050.1,0.0,0,3084.5,EKS,Production K8s cluster
Production-Secondary,i-10c1954,AWS,2026-05,976.4,0.0,0,813.16,EC2,t3.large application server
Compliance-Audit,s3-05e1422,AWS,2026-05,0.0,13665.9,2655820,463.04,S3,Data lake raw zone
Customer-Portal,i-0913746,AWS,2026-05,595.7,0.0,0,41.74,EC2,t3.micro bastion host
Customer-Portal,bq-0e0f473,GCP,2026-05,0.0,948.4,0,373.91,BigQuery,Data export queries
Production-Secondary,elb-0082886,AWS,2026-05,760.6,0.0,10775567,151.74,ELB,Classic load balancer
Staging-Env,gcs-046f674,GCP,2026-05,0.0,11222.8,3688384,326.66,Cloud Storage,Data lake bucket
Customer-Portal,ses-0dde104,AWS,2026-05,0.0,0.0,591953,0.69,SES,Marketing email
Production-Main,eh-0b35787,AZURE,2026-05,0.0,631.7,0,153.07,Event Hubs,Capture to storage
Security-Ops,vm-1185620,AZURE,2026-05,566.2,0.0,0,1987.19,Virtual Machines,E8s v3 memory-optimized
Staging-Env,bq-09f5742,GCP,2026-05,0.0,1824.0,0,734.29,BigQuery,BI reporting views
Production-Main,i-0c92467,AWS,2026-05,625.7,0.0,0,2140.22,EC2,m5.2xlarge batch processor
IoT-Platform,cr-086e266,GCP,2026-05,463.8,0.0,3811287,404.98,Cloud Run,Webhook handler
Data-Science,vai-0128802,GCP,2026-05,343.5,0.0,0,1768.47,Vertex AI,Training pipelines
DevOps-Central,r53-00d2330,AWS,2026-05,0.0,0.0,7430666,10.89,Route 53,Health checks
Shared-Services,r53-0558765,AWS,2026-05,0.0,0.0,69055542,99.89,Route 53,DNS hosting
QA-Testing,elb-03e8828,AWS,2026-05,548.2,0.0,7330408,108.12,ELB,Classic load balancer
ML-Training,ebs-0ba3526,AWS,2026-05,0.0,4384.4,0,195.35,EBS,st1 volumes archive
Compliance-Audit,s3-06e9419,AWS,2026-05,0.0,2982.0,17739160,731.93,S3,Production asset storage
Customer-Portal,ca-0278283,GCP,2026-05,0.0,0.0,118807717,454.22,Cloud Armor,WAF policies
Partner-Integration,eh-03b1952,AZURE,2026-05,574.7,0.0,23686420,260.96,Event Hubs,Standard throughput units
Analytics-Platform,kv-0e9a441,AZURE,2026-05,0.0,0.0,1362770,3.93,Key Vault,Secrets management
Customer-Portal,gcs-0b71914,GCP,2026-05,0.0,19892.0,47823,187.6,Cloud Storage,Archive bucket
DR-Recovery,sqldb-0cf9280,AZURE,2026-05,964.0,694.2,0,3996.5,SQL Database,Premium P1 analytics
Production-Secondary,r53-0f0d232,AWS,2026-05,0.0,0.0,9262606,14.21,Route 53,Health checks
Internal-Tools,gke-0e78642,GCP,2026-05,638.2,0.0,0,1876.46,GKE,Batch processing cluster
Edge-Network,gke-0b84982,GCP,2026-05,1928.4,0.0,0,3939.77,GKE,ML training cluster
Production-Secondary,sqldb-1181399,AZURE,2026-05,376.2,130.9,0,617.78,SQL Database,Standard S3 production
Customer-Portal,bq-0270967,GCP,2026-05,0.0,1040.8,0,410.39,BigQuery,Data export queries
Production-Secondary,ec-0079721,AWS,2026-05,847.8,0.0,0,306.65,ElastiCache,Redis staging cluster
Edge-Network,sns-048c776,AWS,2026-05,0.0,0.0,11372564,5.49,SNS,Alert notifications
Production-Main,r53-0470454,AWS,2026-05,0.0,0.0,11489468,17.34,Route 53,Health checks
Marketing-Platform,ps-0ef1751,GCP,2026-05,0.0,0.0,17540791,217.61,Pub/Sub,Data pipeline
Customer-Portal,app-0d4f996,AZURE,2026-05,714.4,0.0,0,862.57,App Service,API app P2v3
Production-Main,vm-088a832,AZURE,2026-05,738.2,0.0,0,2735.2,Virtual Machines,E8s v3 memory-optimized
Edge-Network,vpn-0800570,AWS,2026-05,535.9,0.0,0,138.92,VPN Gateway,Client VPN endpoint
Staging-Env,fs-0546802,GCP,2026-05,1018.6,72.3,42631113,574.55,Firestore,User profiles DB
Compliance-Audit,kin-0bc3292,AWS,2026-05,631.1,0.0,25710830,380.49,Kinesis,Data stream ingestion
Internal-Tools,gke-0f18163,GCP,2026-05,744.3,0.0,0,2127.51,GKE,Production API cluster
Analytics-Platform,gke-0af9529,GCP,2026-05,4552.5,0.0,0,9011.22,GKE,GPU node pool
Marketing-Platform,gke-090f342,GCP,2026-05,3790.4,0.0,0,7342.99,GKE,GPU node pool
Production-Main,cmon-0931564,GCP,2026-05,0.0,0.0,23369550,183.68,Cloud Monitoring,Metrics and alerting
Marketing-Platform,ddb-0a45101,AWS,2026-05,454.2,32.2,51418837,359.26,DynamoDB,Session store table
Data-Science,i-0465430,AWS,2026-05,575.3,0.0,0,484.16,EC2,m5.large monitoring server
Finance-Systems,s3-0241654,AWS,2026-05,0.0,5654.1,9049027,404.49,S3,Media content bucket
Data-Science,ses-0692725,AWS,2026-05,0.0,0.0,2270131,2.65,SES,Transactional email
Security-Ops,sqldb-015d279,AZURE,2026-05,821.8,57.7,0,175.56,SQL Database,Basic dev database
QA-Testing,lam-0888169,AWS,2026-05,0.0,0.0,4113407,29.39,Lambda,Image resizer
DevOps-Central,sb-1051676,AZURE,2026-05,675.5,0.0,9411683,506.23,Service Bus,Premium messaging
Finance-Systems,elb-1128805,AWS,2026-05,810.3,0.0,56106020,337.61,ELB,Network load balancer
Internal-Tools,ddb-02b0773,AWS,2026-05,859.1,59.1,94183509,656.43,DynamoDB,Session store table
IoT-Platform,cr-0b18689,GCP,2026-05,408.2,0.0,1716398,537.17,Cloud Run,ETL pipeline service
Customer-Portal,vm-0832652,AZURE,2026-05,861.2,0.0,0,257.01,Virtual Machines,B2s development VM
Security-Ops,cr-0175685,GCP,2026-05,305.6,0.0,1249069,266.33,Cloud Run,Image processor
ML-Training,rs-1144262,AWS,2026-05,0.0,0.0,4194114,211.07,Redshift,Spectrum queries
Finance-Systems,blob-0ec5692,AZURE,2026-05,0.0,2224.8,5395307,350.7,Blob Storage,Media content
IoT-Platform,gcs-0b0f310,GCP,2026-05,0.0,10842.2,3517616,313.85,Cloud Storage,Data lake bucket
Compliance-Audit,rds-0ac6147,AWS,2026-05,509.7,353.6,0,1292.82,RDS,db.r5.xlarge PostgreSQL primary
Production-Main,vm-0639386,AZURE,2026-05,1062.9,0.0,0,1467.67,Virtual Machines,F4s v2 compute node
Finance-Systems,csql-077d497,GCP,2026-05,625.4,176.6,0,749.3,Cloud SQL,PostgreSQL replica
IoT-Platform,gke-0763978,GCP,2026-05,491.1,0.0,0,1498.14,GKE,Batch processing cluster
IoT-Platform,bq-04e5220,GCP,2026-05,0.0,3007.8,0,1205.32,BigQuery,BI reporting views
Production-Secondary,ps-096f870,GCP,2026-05,0.0,0.0,13433570,172.21,Pub/Sub,Data pipeline
Marketing-Platform,ec-01d6411,AWS,2026-05,736.1,0.0,0,527.11,ElastiCache,Redis production cluster
Compliance-Audit,rds-05e8100,AWS,2026-05,1032.1,282.7,0,917.48,RDS,db.t3.large development DB
QA-Testing,lam-093f853,AWS,2026-05,0.0,0.0,32888651,230.74,Lambda,API gateway handler
Production-Secondary,vai-0599285,GCP,2026-05,236.2,0.0,0,1205.14,Vertex AI,AutoML jobs
Finance-Systems,s3-0ad4697,AWS,2026-05,0.0,9522.6,599225,237.03,S3,Log archive bucket
Mobile-Backend,vm-1113710,AZURE,2026-05,690.3,0.0,0,1000.19,Virtual Machines,F4s v2 compute node
Production-Secondary,sqldb-112c524,AZURE,2026-05,482.2,173.3,0,818.4,SQL Database,Standard S3 production
Mobile-Backend,vm-0345320,AZURE,2026-05,761.9,0.0,0,463.01,Virtual Machines,D2s v3 utility server
IoT-Platform,cr-080a213,GCP,2026-05,495.1,0.0,2103558,638.19,Cloud Run,ETL pipeline service
Compliance-Audit,rs-0b4f885,AWS,2026-05,0.0,0.0,4701778,232.53,Redshift,Spectrum queries
Analytics-Platform,vai-060a544,GCP,2026-05,197.2,0.0,0,964.17,Vertex AI,AutoML jobs
Compliance-Audit,ses-0b60255,AWS,2026-05,0.0,0.0,1633401,1.94,SES,Transactional email
ML-Training,rds-0f5e458,AWS,2026-05,533.2,580.7,0,1200.17,RDS,db.m5.xlarge analytics DB
DevOps-Central,blob-0817476,AZURE,2026-05,0.0,8179.7,2994122,427.02,Blob Storage,Data lake storage
Finance-Systems,cosmos-0aff500,AZURE,2026-05,573.5,162.2,31964969,1297.61,Cosmos DB,User data store
Data-Science,gcf-0115177,GCP,2026-05,0.0,0.0,19405955,292.41,Cloud Functions,Pub/Sub processors
Marketing-Platform,sm-0bf6746,AWS,2026-05,0.0,0.0,1071559,4.24,Secrets Manager,Application secrets
IoT-Platform,gke-0c09866,GCP,2026-05,378.4,0.0,0,1113.92,GKE,Batch processing cluster
Analytics-Platform,vai-09f9353,GCP,2026-05,194.2,0.0,0,969.4,Vertex AI,AutoML jobs
Security-Ops,cdns-0c4d441,GCP,2026-05,0.0,0.0,22758972,33.32,Cloud DNS,DNS zones
Customer-Portal,elb-078d589,AWS,2026-05,698.3,0.0,29335084,210.84,ELB,Application load balancer
QA-Testing,lam-0ca7303,AWS,2026-05,0.0,0.0,4701435,32.98,Lambda,Image resizer
DevOps-Central,appi-0b7d877,AZURE,2026-05,0.0,0.0,15791306,199.48,Application Insights,Custom metrics
DevOps-Central,appi-1005985,AZURE,2026-05,0.0,0.0,64510919,780.77,Application Insights,APM telemetry
Internal-Tools,gcs-02dd272,GCP,2026-05,0.0,2058.4,1012322,318.67,Cloud Storage,Model artifacts
Edge-Network,vpn-08cb273,AWS,2026-05,537.0,0.0,0,135.73,VPN Gateway,Client VPN endpoint
ML-Training,i-088d971,AWS,2026-05,733.5,0.0,0,2461.16,EC2,r5.2xlarge database server
Edge-Network,vai-10c7891,GCP,2026-05,622.3,0.0,6875106,1287.11,Vertex AI,Model serving endpoints
Customer-Portal,vpn-098e105,AWS,2026-05,1045.1,0.0,0,268.77,VPN Gateway,Client VPN endpoint
Data-Science,gcs-0113379,GCP,2026-05,0.0,505.4,8315397,93.45,Cloud Storage,Temp processing bucket
Data-Science,gcf-07e4298,GCP,2026-05,0.0,0.0,9581565,144.66,Cloud Functions,Auth handlers
Shared-Services,cosmos-0b23168,AZURE,2026-05,626.6,86.4,21601432,803.35,Cosmos DB,Event store
Compliance-Audit,elb-0e88274,AWS,2026-05,579.7,0.0,39032348,247.06,ELB,Network load balancer
DR-Recovery,cosmos-08fe192,AZURE,2026-05,818.9,225.8,44286111,1796.29,Cosmos DB,User data store
Data-Science,i-10b4120,AWS,2026-05,430.0,0.0,0,1489.0,EC2,m5.2xlarge batch processor
Shared-Services,s3-019d844,AWS,2026-05,0.0,15831.7,3078743,537.59,S3,Data lake raw zone
Staging-Env,ps-1034885,GCP,2026-05,0.0,0.0,13723627,169.63,Pub/Sub,Data pipeline
Partner-Integration,ddb-1080701,AWS,2026-05,1089.6,151.2,224922013,1654.07,DynamoDB,Cache table
Compliance-Audit,vpn-0dcf521,AWS,2026-05,629.6,0.0,0,157.34,VPN Gateway,Client VPN endpoint
Partner-Integration,rds-0a86894,AWS,2026-05,976.8,693.1,0,1916.21,RDS,db.r5.large PostgreSQL replica
Staging-Env,bq-0438561,GCP,2026-05,0.0,1777.3,0,712.12,BigQuery,BI reporting views
Data-Science,csql-011b368,GCP,2026-05,851.5,239.4,0,1323.95,Cloud SQL,PostgreSQL primary
IoT-Platform,cr-0351276,GCP,2026-05,267.0,0.0,1140926,228.61,Cloud Run,Image processor
QA-Testing,elb-06d7691,AWS,2026-05,800.5,0.0,33527454,232.98,ELB,Application load balancer
Production-Main,clog-0050175,GCP,2026-05,0.0,268.7,0,64.96,Cloud Logging,Audit logs
Partner-Integration,vai-1112432,GCP,2026-05,583.1,0.0,0,2782.84,Vertex AI,Training pipelines
Analytics-Platform,mem-00bb357,GCP,2026-05,304.4,0.0,0,219.39,Memorystore,Redis staging cache
Production-Secondary,i-007e938,AWS,2026-05,634.2,0.0,0,2190.61,EC2,r5.2xlarge database server
ML-Training,ebs-0eb6707,AWS,2026-05,0.0,673.8,0,83.18,EBS,gp3 volumes production
Shared-Services,cosmos-0921628,AZURE,2026-05,493.3,69.0,17011219,635.67,Cosmos DB,Event store
Finance-Systems,csql-05a8505,GCP,2026-05,597.6,168.5,0,971.18,Cloud SQL,PostgreSQL primary
Production-Main,cdns-0891333,GCP,2026-05,0.0,0.0,15943458,23.1,Cloud DNS,DNS zones
DR-Recovery,cosmos-0ee2607,AZURE,2026-05,870.2,249.6,47804719,1948.34,Cosmos DB,User data store
Data-Science,blob-07d6144,AZURE,2026-05,0.0,10372.4,100483,304.72,Blob Storage,Backup storage
Partner-Integration,rs-03c7685,AWS,2026-05,769.6,2096.3,0,3777.3,Redshift,Data warehouse cluster
Partner-Integration,azmon-0695468,AZURE,2026-05,0.0,271.3,36799728,386.32,Azure Monitor,Logs and metrics
Shared-Services,rds-0f49206,AWS,2026-05,595.4,413.9,0,1147.59,RDS,db.r5.large PostgreSQL replica
Analytics-Platform,bq-07cd619,GCP,2026-05,0.0,18614.4,0,7359.76,BigQuery,ML training datasets
DevOps-Central,appi-09ca610,AZURE,2026-05,0.0,0.0,58215703,712.99,Application Insights,APM telemetry
Data-Science,aks-014f990,AZURE,2026-05,476.0,0.0,0,2189.32,AKS,Production K8s cluster
Data-Science,aks-102c324,AZURE,2026-05,258.8,0.0,0,382.82,AKS,Dev K8s cluster
Production-Main,kin-001a241,AWS,2026-05,647.4,0.0,18167833,263.63,Kinesis,Firehose delivery
Production-Main,s3-0017758,AWS,2026-05,0.0,14329.5,2742577,489.83,S3,Data lake raw zone
Internal-Tools,ec-0706217,AWS,2026-05,524.0,0.0,0,371.07,ElastiCache,Redis production cluster
Compliance-Audit,vpn-0388274,AWS,2026-05,481.0,0.0,0,244.41,VPN Gateway,Site-to-site VPN
Partner-Integration,gke-06ef417,GCP,2026-05,622.9,0.0,0,1841.27,GKE,Production API cluster
DevOps-Central,vm-0fd0689,AZURE,2026-05,682.0,0.0,0,207.34,Virtual Machines,B2s development VM
Production-Main,kv-0a38604,AZURE,2026-05,0.0,0.0,2521357,7.6,Key Vault,Secrets management
Compliance-Audit,rds-10d0202,AWS,2026-05,529.7,371.7,0,1335.51,RDS,db.r5.xlarge PostgreSQL primary
Analytics-Platform,cr-090d817,GCP,2026-05,473.8,0.0,1987061,600.34,Cloud Run,ETL pipeline service
Internal-Tools,redis-044a879,AZURE,2026-05,596.3,0.0,0,299.04,Azure Cache for Redis,Standard C2 cache
IoT-Platform,bq-067b487,GCP,2026-05,0.0,3482.0,0,1372.73,BigQuery,BI reporting views
Finance-Systems,sb-0ea2541,AZURE,2026-05,0.0,0.0,25737236,63.74,Service Bus,Standard messaging
Data-Science,bq-011f575,GCP,2026-05,0.0,1653.6,0,657.92,BigQuery,Data export queries
Production-Secondary,ps-009c434,GCP,2026-05,0.0,0.0,12029034,152.34,Pub/Sub,Data pipeline
Internal-Tools,aks-09b3389,AZURE,2026-05,1599.3,0.0,0,2345.03,AKS,Staging K8s cluster
Internal-Tools,s3-07a6794,AWS,2026-05,0.0,3864.1,6053542,273.75,S3,Media content bucket
Customer-Portal,azmon-0faa173,AZURE,2026-05,0.0,214.4,28493592,293.04,Azure Monitor,Logs and metrics
Data-Science,i-0cfd292,AWS,2026-05,806.0,0.0,0,700.96,EC2,t3.large application server
Marketing-Platform,ps-0bf5968,GCP,2026-05,0.0,0.0,44732532,557.37,Pub/Sub,Log forwarding
Production-Secondary,sqldb-006d367,AZURE,2026-05,537.0,37.2,0,112.09,SQL Database,Basic dev database
Production-Main,cmon-0871829,GCP,2026-05,0.0,0.0,25965856,207.53,Cloud Monitoring,Metrics and alerting
Edge-Network,s3-0719478,AWS,2026-05,0.0,48.5,24378540,150.53,S3,Static website hosting
Shared-Services,eh-01b3861,AZURE,2026-05,899.9,0.0,37169129,400.76,Event Hubs,Standard throughput units
Analytics-Platform,csql-0e94250,GCP,2026-05,623.7,171.2,0,755.09,Cloud SQL,PostgreSQL replica
Edge-Network,sns-04ef293,AWS,2026-05,0.0,0.0,10706024,5.38,SNS,Alert notifications
ML-Training,kin-1087550,AWS,2026-05,779.3,0.0,32873540,475.88,Kinesis,Data stream ingestion
Data-Science,ddb-0144483,AWS,2026-05,786.8,56.2,87396852,628.25,DynamoDB,Session store table
QA-Testing,lam-09f6339,AWS,2026-05,0.0,0.0,4558325,31.62,Lambda,Image resizer
Analytics-Platform,fs-0559899,GCP,2026-05,1019.1,28.2,69782303,734.19,Firestore,Session store
Data-Science,mem-0e29480,GCP,2026-05,308.7,0.0,0,221.71,Memorystore,Redis staging cache
Internal-Tools,elb-0947447,AWS,2026-05,944.5,0.0,13103016,194.71,ELB,Classic load balancer
Finance-Systems,gcf-0236582,GCP,2026-05,0.0,0.0,8875274,136.21,Cloud Functions,Auth handlers
Customer-Portal,sqldb-0262859,AZURE,2026-05,929.0,331.7,0,1505.56,SQL Database,Standard S3 production
Shared-Services,gcs-04f9594,GCP,2026-05,0.0,3609.4,3498626,257.74,Cloud Storage,Media assets bucket
Customer-Portal,ses-06a2688,AWS,2026-05,0.0,0.0,548903,0.65,SES,Marketing email
Production-Secondary,s3-0077408,AWS,2026-05,0.0,5432.3,8739372,382.72,S3,Media content bucket
Internal-Tools,s3-02bc563,AWS,2026-05,0.0,3486.5,1753657,127.46,S3,Analytics export bucket
Finance-Systems,aks-0215831,AZURE,2026-05,1255.7,0.0,0,1862.79,AKS,Staging K8s cluster
Shared-Services,vai-0a1b338,GCP,2026-05,262.1,0.0,0,1317.59,Vertex AI,AutoML jobs
Analytics-Platform,ado-0ed0672,AZURE,2026-05,0.0,102.1,0,24.94,Azure DevOps,Artifacts storage
Production-Secondary,csql-0b38645,GCP,2026-05,579.7,161.2,0,904.4,Cloud SQL,PostgreSQL primary
QA-Testing,lam-0bd8325,AWS,2026-05,0.0,0.0,33277707,230.06,Lambda,API gateway handler
Edge-Network,fs-104b516,GCP,2026-05,520.8,14.7,36427416,385.87,Firestore,Session store
Finance-Systems,gcs-0e36381,GCP,2026-05,0.0,386.5,6093634,70.03,Cloud Storage,Temp processing bucket
Internal-Tools,s3-0827332,AWS,2026-05,0.0,41.1,20434676,131.84,S3,Static website hosting
DR-Recovery,appi-0da9194,AZURE,2026-05,0.0,0.0,21244243,258.06,Application Insights,Custom metrics
Edge-Network,s3-031b847,AWS,2026-05,0.0,56.7,28272991,182.89,S3,Static website hosting
Mobile-Backend,ebs-04fd975,AWS,2026-05,0.0,3850.7,0,170.0,EBS,st1 volumes archive
Security-Ops,csp-016b743,GCP,2026-05,936.1,129.5,64389601,5598.38,Cloud Spanner,Global transaction DB
IoT-Platform,bq-0fc4346,GCP,2026-05,0.0,2390.4,0,946.09,BigQuery,BI reporting views
QA-Testing,lam-03e0492,AWS,2026-05,0.0,0.0,14968198,105.97,Lambda,Event processor
Production-Main,aks-0bc0816,AZURE,2026-05,1215.2,0.0,0,1830.87,AKS,Staging K8s cluster
Mobile-Backend,fd-06fe344,AZURE,2026-05,0.0,0.0,40359835,298.42,Front Door,Global load balancer
Customer-Portal,cosmos-04b5613,AZURE,2026-05,651.4,45.1,13787767,435.52,Cosmos DB,Config store
Finance-Systems,elb-098a560,AWS,2026-05,723.4,0.0,30049899,217.14,ELB,Application load balancer
DevOps-Central,ec-00cb370,AWS,2026-05,763.3,0.0,0,555.13,ElastiCache,Redis production cluster
Security-Ops,lam-0179437,AWS,2026-05,0.0,0.0,26410015,187.92,Lambda,Data transformer
ML-Training,lam-117f789,AWS,2026-05,0.0,0.0,13717926,93.78,Lambda,Notification dispatcher
Edge-Network,vpn-0a60326,AWS,2026-05,512.6,0.0,0,256.11,VPN Gateway,Site-to-site VPN
Marketing-Platform,ec-0bd0408,AWS,2026-05,688.3,0.0,0,494.62,ElastiCache,Redis production cluster
Production-Secondary,df-0523907,GCP,2026-05,750.2,0.0,0,1786.38,Dataflow,Streaming pipeline
Marketing-Platform,csp-01fa503,GCP,2026-05,964.1,130.3,66571255,5616.75,Cloud Spanner,Global transaction DB
Production-Main,lam-10c9218,AWS,2026-05,0.0,0.0,4426659,30.84,Lambda,Notification dispatcher
Edge-Network,ps-06fd572,GCP,2026-05,0.0,0.0,37188373,466.75,Pub/Sub,Log forwarding
Internal-Tools,ec-0992806,AWS,2026-05,459.8,0.0,0,323.01,ElastiCache,Redis production cluster
Production-Main,i-0bac739,AWS,2026-05,344.3,0.0,0,1022.35,EC2,c5.2xlarge HPC node
Edge-Network,csql-106f438,GCP,2026-05,717.1,199.8,0,854.57,Cloud SQL,PostgreSQL replica
IoT-Platform,cdns-0808182,GCP,2026-05,0.0,0.0,14990062,22.11,Cloud DNS,DNS zones
Partner-Integration,elb-0700448,AWS,2026-05,467.0,0.0,18950826,137.62,ELB,Application load balancer
Shared-Services,s3-019c253,AWS,2026-05,0.0,2017.3,12222852,508.92,S3,Production asset storage
Customer-Portal,ps-0982535,GCP,2026-05,0.0,0.0,7747466,99.64,Pub/Sub,Data pipeline
Finance-Systems,sb-0abe213,AZURE,2026-05,0.0,0.0,25234918,60.93,Service Bus,Standard messaging
Shared-Services,vm-01ba554,AZURE,2026-05,380.0,0.0,0,3409.72,Virtual Machines,NC6s v3 GPU VM
Production-Secondary,app-0909121,AZURE,2026-05,1200.5,0.0,0,727.51,App Service,Web app P1v3
Finance-Systems,s3-0dbf295,AWS,2026-05,0.0,4923.0,7539237,345.12,S3,Media content bucket
Internal-Tools,ec-08ee362,AWS,2026-05,487.8,0.0,0,345.84,ElastiCache,Redis production cluster
Security-Ops,bq-0167622,GCP,2026-05,0.0,1521.0,0,590.62,BigQuery,BI reporting views
ML-Training,lam-089f792,AWS,2026-05,0.0,0.0,45638054,311.9,Lambda,API gateway handler
Analytics-Platform,ado-00c6175,AZURE,2026-05,449.4,0.0,0,224.62,Azure DevOps,Pipelines hosted
Edge-Network,csql-093b762,GCP,2026-05,755.3,210.8,0,872.62,Cloud SQL,PostgreSQL replica
Finance-Systems,blob-0ae8718,AZURE,2026-05,0.0,7025.0,68724,202.75,Blob Storage,Backup storage
Edge-Network,rds-0f71882,AWS,2026-05,490.3,353.1,0,1253.69,RDS,db.r5.xlarge PostgreSQL primary
Security-Ops,vm-015e672,AZURE,2026-05,588.7,0.0,0,359.3,Virtual Machines,D2s v3 utility server
Production-Secondary,mem-0095546,GCP,2026-05,587.0,0.0,0,417.72,Memorystore,Redis production cache
Data-Science,gke-0e32687,GCP,2026-05,3673.3,0.0,0,7177.56,GKE,GPU node pool
Security-Ops,bq-0c2f971,GCP,2026-05,0.0,1535.6,0,596.12,BigQuery,BI reporting views
Data-Science,gcf-09ab546,GCP,2026-05,0.0,0.0,9180454,133.88,Cloud Functions,Auth handlers
Internal-Tools,gcs-0489208,GCP,2026-05,0.0,398.0,6196444,69.77,Cloud Storage,Temp processing bucket
Data-Science,fd-078a255,AZURE,2026-05,0.0,0.0,34215055,252.33,Front Door,Global load balancer
Partner-Integration,gcs-1007922,GCP,2026-05,0.0,2296.1,1156494,358.7,Cloud Storage,Model artifacts
Internal-Tools,elb-02b9187,AWS,2026-05,915.7,0.0,63955700,401.51,ELB,Network load balancer
Customer-Portal,cosmos-0835427,AZURE,2026-05,828.7,56.9,16937126,548.47,Cosmos DB,Config store
Production-Secondary,blob-0fbd152,AZURE,2026-05,0.0,14422.1,35782,112.72,Blob Storage,Archive tier
Customer-Portal,blob-0839846,AZURE,2026-05,0.0,5721.0,0,561.54,Blob Storage,Security audit logs
Production-Main,aks-0aa2773,AZURE,2026-05,570.7,0.0,0,2449.96,AKS,Production K8s cluster
Internal-Tools,cr-046e870,GCP,2026-05,268.4,0.0,1123985,233.69,Cloud Run,Image processor
Partner-Integration,vai-0cf6544,GCP,2026-05,226.3,0.0,0,1150.68,Vertex AI,AutoML jobs
Production-Main,aks-0eb0801,AZURE,2026-05,466.0,0.0,0,690.49,AKS,Dev K8s cluster
Marketing-Platform,sm-0b6e297,AWS,2026-05,0.0,0.0,834247,3.24,Secrets Manager,Application secrets
Production-Secondary,elb-0937293,AWS,2026-05,675.1,0.0,28677022,205.19,ELB,Application load balancer
Customer-Portal,ado-0910502,AZURE,2026-05,0.0,104.8,0,24.7,Azure DevOps,Artifacts storage
Shared-Services,ado-07b2307,AZURE,2026-05,459.7,0.0,0,233.02,Azure DevOps,Pipelines hosted
Production-Main,cosmos-0ceb324,AZURE,2026-05,892.9,253.3,50936628,1984.8,Cosmos DB,User data store
Shared-Services,rds-0c77272,AWS,2026-05,559.3,156.8,0,486.95,RDS,db.t3.large development DB
Compliance-Audit,vpn-0689714,AWS,2026-05,423.8,0.0,0,213.9,VPN Gateway,Site-to-site VPN
DR-Recovery,appi-1178561,AZURE,2026-05,0.0,0.0,15768243,197.13,Application Insights,Custom metrics
Internal-Tools,blob-0298842,AZURE,2026-05,0.0,3555.7,9291278,449.83,Blob Storage,Build artifacts
Analytics-Platform,kv-09a4625,AZURE,2026-05,0.0,0.0,518967,1.54,Key Vault,Certificate store
Production-Secondary,redis-1191966,AZURE,2026-05,981.4,0.0,0,496.82,Azure Cache for Redis,Standard C2 cache
Compliance-Audit,i-042e877,AWS,2026-05,580.8,0.0,0,1030.65,EC2,r5.xlarge cache server
Production-Secondary,sentinel-0a95436,AZURE,2026-05,0.0,0.0,67216558,1642.76,Microsoft Sentinel,SIEM detection
Shared-Services,nat-04f3423,AWS,2026-05,618.0,0.0,0,283.94,NAT Gateway,Production VPC NAT
IoT-Platform,cr-0352291,GCP,2026-05,636.2,0.0,13610650,981.17,Cloud Run,API gateway service
Finance-Systems,rds-0766891,AWS,2026-05,581.6,819.1,0,2543.92,RDS,db.r5.2xlarge Aurora cluster
Production-Main,cf-0003320,AWS,2026-05,0.0,0.0,103832425,497.42,CloudFront,CDN media distribution
Customer-Portal,mem-0970602,GCP,2026-05,321.0,0.0,0,230.83,Memorystore,Redis staging cache
Production-Secondary,acr-0834611,AZURE,2026-05,0.0,204.5,407105,131.35,Container Registry,Docker image registry
Production-Secondary,blob-1149645,AZURE,2026-05,0.0,2463.2,6083160,387.9,Blob Storage,Media content
Customer-Portal,i-0bd7434,AWS,2026-05,579.9,0.0,0,41.69,EC2,t3.micro bastion host
DevOps-Central,blob-0fb6133,AZURE,2026-05,0.0,4830.8,0,474.34,Blob Storage,Security audit logs
Analytics-Platform,gcs-0561333,GCP,2026-05,0.0,8898.1,222562,195.55,Cloud Storage,Backup bucket
Marketing-Platform,lam-063a502,AWS,2026-05,0.0,0.0,18446827,129.36,Lambda,Data transformer
Shared-Services,func-106b269,AZURE,2026-05,0.0,0.0,8478618,124.07,Azure Functions,API handlers
Mobile-Backend,kin-056c185,AWS,2026-05,669.0,0.0,27796978,397.64,Kinesis,Data stream ingestion
Production-Main,i-04f1220,AWS,2026-05,621.4,0.0,0,2155.6,EC2,m5.2xlarge batch processor
DevOps-Central,vm-0a85632,AZURE,2026-05,615.0,0.0,0,5678.92,Virtual Machines,NC6s v3 GPU VM
Mobile-Backend,fd-0587882,AZURE,2026-05,0.0,0.0,39413628,302.12,Front Door,Global load balancer
Production-Secondary,sqldb-0dda483,AZURE,2026-05,423.7,147.4,0,706.83,SQL Database,Standard S3 production
Shared-Services,fd-01b4291,AZURE,2026-05,0.0,0.0,52694991,398.81,Front Door,Global load balancer
Security-Ops,gke-1088434,GCP,2026-05,2686.7,0.0,0,5311.09,GKE,ML training cluster
Security-Ops,vpn-0d67108,AWS,2026-05,583.5,0.0,0,149.54,VPN Gateway,Client VPN endpoint
Staging-Env,gcs-0107576,GCP,2026-05,0.0,3876.9,3731534,266.22,Cloud Storage,Media assets bucket
Analytics-Platform,fs-05fa889,GCP,2026-05,1028.8,28.7,70002755,734.49,Firestore,Session store
Internal-Tools,sentinel-02a1505,AZURE,2026-05,0.0,0.0,33954426,824.62,Microsoft Sentinel,Log analytics
Edge-Network,s3-0ea4486,AWS,2026-05,0.0,14139.3,136933,310.72,S3,Backup storage bucket
Security-Ops,df-0f86836,GCP,2026-05,336.1,0.0,0,798.62,Dataflow,Batch pipeline
Analytics-Platform,gcs-0d7e884,GCP,2026-05,0.0,1890.8,1869073,134.53,Cloud Storage,Media assets bucket
Production-Secondary,kv-0065440,AZURE,2026-05,0.0,0.0,2299797,6.8,Key Vault,Secrets management
Security-Ops,bq-0e89270,GCP,2026-05,0.0,9420.7,0,3771.05,BigQuery,ML training datasets
DR-Recovery,cosmos-0867713,AZURE,2026-05,867.9,243.7,49620210,1940.06,Cosmos DB,User data store
Shared-Services,vm-05d6199,AZURE,2026-05,426.0,0.0,0,3852.85,Virtual Machines,NC6s v3 GPU VM
Internal-Tools,aks-0296711,AZURE,2026-05,745.6,0.0,0,3369.92,AKS,Production K8s cluster
Internal-Tools,ebs-05fb936,AWS,2026-05,0.0,1271.8,0,158.02,EBS,gp3 volumes production
Production-Secondary,acr-1133427,AZURE,2026-05,0.0,200.4,395305,131.87,Container Registry,Docker image registry
Production-Secondary,blob-087f580,AZURE,2026-05,0.0,6780.7,2479379,344.65,Blob Storage,Data lake storage
Compliance-Audit,s3-0b6b490,AWS,2026-05,0.0,3867.4,1901737,142.39,S3,Analytics export bucket
Data-Science,gcs-0645888,GCP,2026-05,0.0,9520.5,238863,212.81,Cloud Storage,Backup bucket
Edge-Network,s3-06ff262,AWS,2026-05,0.0,959.2,1909058,81.36,S3,Artifact storage
Finance-Systems,gcs-022e492,GCP,2026-05,0.0,10124.7,3375050,294.07,Cloud Storage,Data lake bucket
Shared-Services,kv-0957987,AZURE,2026-05,0.0,0.0,433386,1.27,Key Vault,Certificate store
Finance-Systems,s3-0a14417,AWS,2026-05,0.0,6536.3,64197,144.3,S3,Backup storage bucket
Customer-Portal,mem-0ef3274,GCP,2026-05,343.5,0.0,0,242.08,Memorystore,Redis staging cache
Production-Main,vm-0b41296,AZURE,2026-05,438.4,0.0,0,4057.46,Virtual Machines,NC6s v3 GPU VM
Compliance-Audit,ecs-0387740,AWS,2026-05,436.0,0.0,0,785.5,ECS,Fargate worker cluster
QA-Testing,lam-10dd814,AWS,2026-05,0.0,0.0,2999708,21.43,Lambda,Webhook processor
Marketing-Platform,ddb-0bfd934,AWS,2026-05,617.4,44.5,69467483,489.85,DynamoDB,Session store table
Partner-Integration,redis-06f8389,AZURE,2026-05,808.9,0.0,0,968.22,Azure Cache for Redis,Premium P1 cache
Shared-Services,rds-04e1616,AWS,2026-05,634.9,173.0,0,564.49,RDS,db.t3.large development DB
Mobile-Backend,ebs-10e8663,AWS,2026-05,0.0,2793.9,0,118.74,EBS,st1 volumes archive
Production-Main,cmon-0427100,GCP,2026-05,0.0,0.0,23062036,176.45,Cloud Monitoring,Metrics and alerting
Marketing-Platform,cdns-0d26589,GCP,2026-05,0.0,0.0,14773923,21.4,Cloud DNS,DNS zones
DR-Recovery,sqldb-0803479,AZURE,2026-05,958.3,674.4,0,3853.77,SQL Database,Premium P1 analytics
Production-Main,ecs-0bb3908,AWS,2026-05,345.2,0.0,0,635.99,ECS,Fargate worker cluster
Internal-Tools,ses-02a7914,AWS,2026-05,0.0,0.0,606930,0.73,SES,Marketing email
Production-Secondary,acr-07ad940,AZURE,2026-05,0.0,238.4,476395,156.39,Container Registry,Docker image registry
Compliance-Audit,s3-038f677,AWS,2026-05,0.0,3642.1,1837260,134.77,S3,Analytics export bucket
Customer-Portal,i-028f489,AWS,2026-05,748.2,0.0,0,662.79,EC2,t3.large application server
IoT-Platform,fs-034f225,GCP,2026-05,867.3,24.4,59280114,622.63,Firestore,Session store
Analytics-Platform,eh-0806403,AZURE,2026-05,595.4,0.0,25344815,269.73,Event Hubs,Standard throughput units
Edge-Network,sns-0bbd511,AWS,2026-05,0.0,0.0,13286309,6.52,SNS,Alert notifications
Finance-Systems,ps-022f437,GCP,2026-05,0.0,0.0,46971799,588.67,Pub/Sub,Log forwarding
Finance-Systems,acr-0224993,AZURE,2026-05,0.0,324.6,650854,207.1,Container Registry,Docker image registry
Finance-Systems,s3-09d3333,AWS,2026-05,0.0,9082.6,561683,219.97,S3,Log archive bucket
Production-Main,vai-004d787,GCP,2026-05,654.8,0.0,7484397,1412.66,Vertex AI,Model serving endpoints
Production-Main,aks-0f57337,AZURE,2026-05,406.3,0.0,0,600.32,AKS,Dev K8s cluster
Shared-Services,vm-01b8556,AZURE,2026-05,612.0,0.0,0,1499.03,Virtual Machines,D8s v3 application server
Shared-Services,sb-08e5943,AZURE,2026-05,466.3,0.0,6470510,349.83,Service Bus,Premium messaging
Data-Science,blob-04b8243,AZURE,2026-05,0.0,10076.5,100153,292.14,Blob Storage,Backup storage
Customer-Portal,func-0e55523,AZURE,2026-05,0.0,0.0,2671412,41.05,Azure Functions,Webhook processor
Compliance-Audit,i-0e90994,AWS,2026-05,650.6,0.0,0,553.95,EC2,m5.large monitoring server
DevOps-Central,azmon-00e3878,AZURE,2026-05,0.0,322.9,44133169,452.49,Azure Monitor,Logs and metrics
ML-Training,rds-1056958,AWS,2026-05,595.9,677.1,0,1382.87,RDS,db.m5.xlarge analytics DB
Internal-Tools,cr-02e3551,GCP,2026-05,850.2,0.0,17887766,1241.18,Cloud Run,API gateway service
Marketing-Platform,ec-07ee977,AWS,2026-05,639.4,0.0,0,445.55,ElastiCache,Redis production cluster
QA-Testing,elb-1159984,AWS,2026-05,614.4,0.0,8853790,127.08,ELB,Classic load balancer
DevOps-Central,aks-041e972,AZURE,2026-05,369.7,0.0,0,554.61,AKS,Dev K8s cluster
Production-Main,blob-0c25669,AZURE,2026-05,0.0,2400.6,6357852,314.18,Blob Storage,Build artifacts
Data-Science,gcf-0aa7783,GCP,2026-05,0.0,0.0,12949493,189.06,Cloud Functions,Data triggers
Production-Secondary,eh-0450304,AZURE,2026-05,654.7,0.0,26316000,290.47,Event Hubs,Standard throughput units
Edge-Network,elb-0512305,AWS,2026-05,772.6,0.0,10793859,154.11,ELB,Classic load balancer
DevOps-Central,app-00ea379,AZURE,2026-05,708.5,0.0,0,433.62,App Service,Web app P1v3
Marketing-Platform,ddb-0fdb347,AWS,2026-05,535.0,37.2,57768757,413.5,DynamoDB,Session store table
Analytics-Platform,cr-091c564,GCP,2026-05,586.0,0.0,12651619,885.46,Cloud Run,API gateway service
Edge-Network,ps-0583674,GCP,2026-05,0.0,0.0,40535851,499.08,Pub/Sub,Log forwarding
Staging-Env,cr-010f896,GCP,2026-05,592.4,0.0,2522790,750.11,Cloud Run,ETL pipeline service
Internal-Tools,blob-1187759,AZURE,2026-05,0.0,13119.9,133349,390.99,Blob Storage,Backup storage
Production-Secondary,elb-05c2651,AWS,2026-05,620.0,0.0,26345967,188.96,ELB,Application load balancer
Production-Main,blob-1077331,AZURE,2026-05,0.0,2992.4,7773603,382.12,Blob Storage,Build artifacts
ML-Training,lam-0fbc967,AWS,2026-05,0.0,0.0,49592078,332.55,Lambda,API gateway handler
Compliance-Audit,i-0c4f200,AWS,2026-05,856.1,0.0,0,62.29,EC2,t3.micro bastion host
Production-Main,lam-1143684,AWS,2026-05,0.0,0.0,36753160,256.98,Lambda,Data transformer
Shared-Services,ado-0b61138,AZURE,2026-05,0.0,76.6,0,18.75,Azure DevOps,Artifacts storage
Marketing-Platform,gke-1179708,GCP,2026-05,3924.1,0.0,0,7575.26,GKE,GPU node pool
Internal-Tools,lam-0d49445,AWS,2026-05,0.0,0.0,20261010,139.19,Lambda,Data transformer
Security-Ops,bq-0ac0928,GCP,2026-05,0.0,7986.9,0,3037.4,BigQuery,Analytics data warehouse
Marketing-Platform,ec-09a2710,AWS,2026-05,670.7,0.0,0,492.19,ElastiCache,Redis production cluster
Production-Secondary,elb-0ab7130,AWS,2026-05,536.1,0.0,22127355,158.82,ELB,Application load balancer
Customer-Portal,vm-025b762,AZURE,2026-05,582.9,0.0,0,351.25,Virtual Machines,D2s v3 utility server
Shared-Services,rds-01a1956,AWS,2026-05,498.4,349.9,0,1011.96,RDS,db.r5.large PostgreSQL replica
Production-Secondary,app-0fb2316,AZURE,2026-05,779.0,0.0,0,467.73,App Service,Web app P1v3
Staging-Env,gcf-0792467,GCP,2026-05,0.0,0.0,2633202,39.85,Cloud Functions,Scheduled tasks
Production-Secondary,elb-08b6221,AWS,2026-05,694.5,0.0,28443528,206.33,ELB,Application load balancer
Internal-Tools,ec-04d3686,AWS,2026-05,461.4,0.0,0,329.94,ElastiCache,Redis production cluster
Marketing-Platform,eks-01d3629,AWS,2026-05,345.3,0.0,0,1024.21,EKS,Staging K8s cluster
Shared-Services,func-0509892,AZURE,2026-05,0.0,0.0,8125276,123.2,Azure Functions,API handlers
Production-Secondary,eh-0ed1531,AZURE,2026-05,684.3,0.0,28521988,317.72,Event Hubs,Standard throughput units
Finance-Systems,cr-0230163,GCP,2026-05,529.1,0.0,2279023,708.39,Cloud Run,ETL pipeline service
Production-Secondary,mem-049c168,GCP,2026-05,536.8,0.0,0,385.4,Memorystore,Redis production cache
Production-Secondary,sb-0550807,AZURE,2026-05,0.0,0.0,21331938,52.21,Service Bus,Standard messaging
Mobile-Backend,sqs-05af649,AWS,2026-05,0.0,0.0,315684,0.16,SQS,Dead letter queue
Compliance-Audit,rds-0513820,AWS,2026-05,575.5,397.5,0,1415.44,RDS,db.r5.xlarge PostgreSQL primary
Customer-Portal,ses-117c830,AWS,2026-05,0.0,0.0,657577,0.79,SES,Marketing email
ML-Training,sns-0366281,AWS,2026-05,0.0,0.0,9053076,4.44,SNS,Alert notifications
Marketing-Platform,rds-0420438,AWS,2026-05,400.3,111.6,0,465.02,RDS,db.t3.medium MySQL staging
Customer-Portal,vai-0272824,GCP,2026-05,194.1,0.0,0,958.92,Vertex AI,AutoML jobs
Compliance-Audit,s3-0477403,AWS,2026-05,0.0,711.8,1434383,59.96,S3,Artifact storage
Production-Secondary,fs-0de5948,GCP,2026-05,971.8,26.6,66034836,701.15,Firestore,Session store
Finance-Systems,func-021d261,AZURE,2026-05,0.0,0.0,4027671,58.12,Azure Functions,Webhook processor
IoT-Platform,cmon-0355663,GCP,2026-05,0.0,0.0,30073235,233.3,Cloud Monitoring,Metrics and alerting
Compliance-Audit,elb-0d71740,AWS,2026-05,419.7,0.0,29027608,179.88,ELB,Network load balancer
Internal-Tools,gcf-0f0c894,GCP,2026-05,0.0,0.0,2123342,31.31,Cloud Functions,Scheduled tasks
Customer-Portal,fs-04aa211,GCP,2026-05,849.8,59.2,35289568,483.6,Firestore,User profiles DB
QA-Testing,ses-06cb257,AWS,2026-05,0.0,0.0,2263832,2.77,SES,Transactional email
Analytics-Platform,gke-0ec0794,GCP,2026-05,4322.7,0.0,0,8808.51,GKE,GPU node pool
Compliance-Audit,rds-0393803,AWS,2026-05,935.0,666.9,0,1808.78,RDS,db.r5.large PostgreSQL replica
Partner-Integration,vai-1089220,GCP,2026-05,614.3,0.0,0,3014.27,Vertex AI,Training pipelines
Compliance-Audit,i-07a7252,AWS,2026-05,782.2,0.0,0,651.57,EC2,m5.large monitoring server
Marketing-Platform,vai-0787119,GCP,2026-05,589.0,0.0,0,3002.54,Vertex AI,Training pipelines
Finance-Systems,appi-0ada402,AZURE,2026-05,0.0,0.0,15564192,197.94,Application Insights,Custom metrics
DevOps-Central,ddb-00ce395,AWS,2026-05,503.1,69.0,103791188,767.27,DynamoDB,Cache table
Marketing-Platform,vai-0201406,GCP,2026-05,545.0,0.0,0,2767.56,Vertex AI,Training pipelines
Production-Secondary,blob-08d0486,AZURE,2026-05,0.0,12068.4,117515,346.02,Blob Storage,Backup storage
Production-Secondary,blob-1102786,AZURE,2026-05,0.0,13932.6,34495,110.34,Blob Storage,Archive tier
Marketing-Platform,gke-0da0927,GCP,2026-05,2039.1,0.0,0,4112.84,GKE,ML training cluster
Finance-Systems,func-0b2d239,AZURE,2026-05,0.0,0.0,4617714,70.92,Azure Functions,API handlers
Shared-Services,func-0fb3832,AZURE,2026-05,0.0,0.0,3098792,47.08,Azure Functions,Webhook processor
Security-Ops,vpn-017d779,AWS,2026-05,517.1,0.0,0,129.06,VPN Gateway,Client VPN endpoint
Security-Ops,ecs-0658518,AWS,2026-05,155.6,0.0,0,275.65,ECS,Fargate batch cluster
Data-Science,blob-0ff1848,AZURE,2026-05,0.0,2505.0,6472842,317.31,Blob Storage,Build artifacts
ML-Training,i-0dc9655,AWS,2026-05,614.9,0.0,0,2149.49,EC2,r5.2xlarge database server
Security-Ops,cmon-0171477,GCP,2026-05,0.0,0.0,20918643,161.37,Cloud Monitoring,Metrics and alerting
Customer-Portal,elb-0286969,AWS,2026-05,735.1,0.0,30781066,224.38,ELB,Application load balancer
Production-Main,lam-0009821,AWS,2026-05,0.0,0.0,32117098,216.26,Lambda,Data transformer
Security-Ops,ps-0a1e824,GCP,2026-05,0.0,0.0,29439364,367.72,Pub/Sub,Event streaming
Partner-Integration,rs-03c6136,AWS,2026-05,0.0,0.0,4672645,223.65,Redshift,Spectrum queries
Marketing-Platform,gcf-0c54457,GCP,2026-05,0.0,0.0,1615339,24.48,Cloud Functions,Scheduled tasks
Security-Ops,ecs-101c745,AWS,2026-05,454.3,0.0,0,834.86,ECS,Fargate worker cluster
Finance-Systems,gcf-0afd438,GCP,2026-05,0.0,0.0,12541277,183.77,Cloud Functions,Data triggers
Production-Main,blob-0f7c723,AZURE,2026-05,0.0,2745.1,7146768,346.58,Blob Storage,Build artifacts
Marketing-Platform,r53-0d41208,AWS,2026-05,0.0,0.0,43914844,65.41,Route 53,DNS hosting
Internal-Tools,lam-0b1d283,AWS,2026-05,0.0,0.0,8371055,58.98,Lambda,Notification dispatcher
Shared-Services,eh-04b1664,AZURE,2026-05,1014.4,0.0,42688349,452.89,Event Hubs,Standard throughput units
Edge-Network,s3-101a960,AWS,2026-05,0.0,12680.6,121422,279.55,S3,Backup storage bucket
Analytics-Platform,gcs-101b784,GCP,2026-05,0.0,8233.7,211533,192.66,Cloud Storage,Backup bucket
Marketing-Platform,ca-0a37345,GCP,2026-05,0.0,0.0,58455779,214.49,Cloud Armor,WAF policies
Staging-Env,gke-10ef646,GCP,2026-05,605.1,0.0,0,1810.35,GKE,Production API cluster
Customer-Portal,blob-0671523,AZURE,2026-05,0.0,4688.5,0,445.68,Blob Storage,Security audit logs
IoT-Platform,cr-0ea8795,GCP,2026-05,417.7,0.0,3421518,364.11,Cloud Run,Webhook handler
Analytics-Platform,aks-06ee815,AZURE,2026-05,472.9,0.0,0,706.47,AKS,Dev K8s cluster
Production-Secondary,blob-005f915,AZURE,2026-05,0.0,2571.8,6295236,408.35,Blob Storage,Media content
Analytics-Platform,gcs-0807814,GCP,2026-05,0.0,2466.4,2456186,174.96,Cloud Storage,Media assets bucket
Staging-Env,csql-0100157,GCP,2026-05,642.3,180.7,0,1017.73,Cloud SQL,PostgreSQL primary
Customer-Portal,vpn-0f7d948,AWS,2026-05,1357.3,0.0,0,331.96,VPN Gateway,Client VPN endpoint
Mobile-Backend,azmon-0a21733,AZURE,2026-05,0.0,251.7,33169420,343.43,Azure Monitor,Logs and metrics
Finance-Systems,blob-083a215,AZURE,2026-05,0.0,6455.3,63622,188.65,Blob Storage,Backup storage
Customer-Portal,app-09dd159,AZURE,2026-05,699.0,0.0,0,430.79,App Service,Web app P1v3
IoT-Platform,bq-1193133,GCP,2026-05,0.0,3405.9,0,1331.37,BigQuery,BI reporting views
Production-Main,lam-08ec165,AWS,2026-05,0.0,0.0,32444501,226.94,Lambda,Data transformer
Marketing-Platform,vai-0f10130,GCP,2026-05,455.6,0.0,5032535,986.9,Vertex AI,Model serving endpoints
Staging-Env,bq-0f21859,GCP,2026-05,0.0,1303.8,0,506.3,BigQuery,BI reporting views
Analytics-Platform,ado-0761752,AZURE,2026-05,0.0,121.6,0,29.36,Azure DevOps,Artifacts storage
Shared-Services,ca-01b0910,GCP,2026-05,0.0,0.0,80218138,293.07,Cloud Armor,WAF policies
IoT-Platform,csql-108b463,GCP,2026-05,722.0,199.8,0,837.34,Cloud SQL,PostgreSQL replica
DevOps-Central,appi-056d259,AZURE,2026-05,0.0,0.0,57165560,720.72,Application Insights,APM telemetry
Compliance-Audit,kin-0fd9497,AWS,2026-05,699.5,0.0,29960477,428.51,Kinesis,Data stream ingestion
ML-Training,rs-1151520,AWS,2026-05,573.9,1639.3,0,2945.92,Redshift,Data warehouse cluster
DevOps-Central,vm-10f1723,AZURE,2026-05,667.1,0.0,0,1190.21,Virtual Machines,E4s v3 SIEM collector
Analytics-Platform,gcs-1084193,GCP,2026-05,0.0,8561.2,213429,198.5,Cloud Storage,Backup bucket
IoT-Platform,gke-035c324,GCP,2026-05,639.2,0.0,0,1896.62,GKE,Production API cluster
Data-Science,nat-0602814,AWS,2026-05,470.5,0.0,0,106.8,NAT Gateway,Staging VPC NAT
Staging-Env,ps-0e3b104,GCP,2026-05,0.0,0.0,12405131,158.64,Pub/Sub,Data pipeline
DevOps-Central,appi-0804101,AZURE,2026-05,0.0,0.0,70770532,861.05,Application Insights,APM telemetry
Edge-Network,elb-060d300,AWS,2026-05,849.6,0.0,11632838,166.48,ELB,Classic load balancer
Partner-Integration,appi-07e3482,AZURE,2026-05,0.0,0.0,46769644,575.26,Application Insights,APM telemetry
Production-Main,eh-0bb2869,AZURE,2026-05,0.0,579.5,0,137.99,Event Hubs,Capture to storage
Analytics-Platform,aks-00bf283,AZURE,2026-05,588.7,0.0,0,2628.56,AKS,Production K8s cluster
Marketing-Platform,rs-0db7790,AWS,2026-05,0.0,0.0,6634206,330.71,Redshift,Spectrum queries
Mobile-Backend,sqldb-0883304,AZURE,2026-05,827.5,569.2,0,3371.58,SQL Database,Premium P1 analytics
DevOps-Central,kin-0bc2586,AWS,2026-05,920.0,0.0,24980215,369.21,Kinesis,Firehose delivery
Finance-Systems,s3-109f584,AWS,2026-05,0.0,11700.6,2365526,409.8,S3,Data lake raw zone
Analytics-Platform,vai-070f100,GCP,2026-05,207.0,0.0,0,1007.39,Vertex AI,AutoML jobs
QA-Testing,lam-0cce559,AWS,2026-05,0.0,0.0,4247709,29.3,Lambda,Image resizer
Internal-Tools,aks-06b0216,AZURE,2026-05,1619.8,0.0,0,2416.05,AKS,Staging K8s cluster
Partner-Integration,gke-03be323,GCP,2026-05,470.8,0.0,0,1391.35,GKE,Batch processing cluster
Internal-Tools,aks-0f22641,AZURE,2026-05,1497.7,0.0,0,2186.42,AKS,Staging K8s cluster
Analytics-Platform,fs-00a0210,GCP,2026-05,926.7,26.5,65478976,690.54,Firestore,Session store
Marketing-Platform,ddb-0c73535,AWS,2026-05,485.8,6.6,3305934,58.03,DynamoDB,Config store table
Production-Main,aks-0022100,AZURE,2026-05,464.3,0.0,0,676.57,AKS,Dev K8s cluster
Analytics-Platform,csql-082e688,GCP,2026-05,548.8,384.6,0,1084.19,Cloud SQL,MySQL analytics
Edge-Network,gke-0b47654,GCP,2026-05,2361.6,0.0,0,4840.8,GKE,ML training cluster
Customer-Portal,vpn-0d53194,AWS,2026-05,849.1,0.0,0,215.79,VPN Gateway,Client VPN endpoint
Staging-Env,bq-0493686,GCP,2026-05,0.0,1420.4,0,557.5,BigQuery,BI reporting views
Data-Science,rds-0135326,AWS,2026-05,696.7,784.8,0,1620.17,RDS,db.m5.xlarge analytics DB
Finance-Systems,gcs-0c6f627,GCP,2026-05,0.0,10043.0,3302985,298.14,Cloud Storage,Data lake bucket
Shared-Services,appi-0dfe368,AZURE,2026-05,0.0,0.0,36856093,471.61,Application Insights,APM telemetry
Finance-Systems,csql-0235236,GCP,2026-05,585.3,164.3,0,919.4,Cloud SQL,PostgreSQL primary
Internal-Tools,sqs-02af753,AWS,2026-05,0.0,0.0,50146479,25.7,SQS,Order processing queue
Production-Secondary,i-0f80736,AWS,2026-05,1174.1,0.0,0,1033.01,EC2,t3.large application server
Customer-Portal,bq-0ca4291,GCP,2026-05,0.0,1093.7,0,428.13,BigQuery,Data export queries
Production-Secondary,i-007d734,AWS,2026-05,598.0,0.0,0,2019.1,EC2,m5.2xlarge batch processor
Customer-Portal,elb-04a4272,AWS,2026-05,748.1,0.0,10621686,154.23,ELB,Classic load balancer
Data-Science,cmon-0b0e986,GCP,2026-05,0.0,0.0,34299083,278.86,Cloud Monitoring,Metrics and alerting
Internal-Tools,ec-0940670,AWS,2026-05,466.2,0.0,0,327.39,ElastiCache,Redis production cluster
Internal-Tools,gcs-02df884,GCP,2026-05,0.0,9385.4,231995,210.91,Cloud Storage,Backup bucket
Mobile-Backend,vm-09bb165,AZURE,2026-05,670.7,0.0,0,952.22,Virtual Machines,F4s v2 compute node
Customer-Portal,fd-0251891,AZURE,2026-05,0.0,0.0,63796837,460.23,Front Door,Global load balancer
Data-Science,cosmos-09e8442,AZURE,2026-05,581.8,161.1,32953037,1319.49,Cosmos DB,User data store
Customer-Portal,blob-0eb1253,AZURE,2026-05,0.0,5140.1,0,503.65,Blob Storage,Security audit logs
DevOps-Central,sqldb-0a8e401,AZURE,2026-05,619.0,212.5,0,1028.62,SQL Database,Standard S3 production
Edge-Network,ebs-0314161,AWS,2026-05,0.0,161.5,0,20.3,EBS,gp3 volumes staging
Data-Science,csp-0121138,GCP,2026-05,539.2,75.8,37343292,3220.92,Cloud Spanner,Global transaction DB
Finance-Systems,aks-102f898,AZURE,2026-05,265.8,0.0,0,400.81,AKS,Dev K8s cluster
Finance-Systems,s3-0d74264,AWS,2026-05,0.0,7671.8,75655,169.66,S3,Backup storage bucket
Partner-Integration,azmon-0a59651,AZURE,2026-05,0.0,231.0,30136105,310.46,Azure Monitor,Logs and metrics
Compliance-Audit,i-1059858,AWS,2026-05,813.4,0.0,0,696.87,EC2,m5.large monitoring server
Analytics-Platform,kv-10e4289,AZURE,2026-05,0.0,0.0,485784,1.47,Key Vault,Certificate store
Shared-Services,func-09a1968,AZURE,2026-05,0.0,0.0,10235458,154.39,Azure Functions,API handlers
Production-Secondary,fs-0097230,GCP,2026-05,862.9,25.0,61407029,638.05,Firestore,Session store
Staging-Env,gke-0d96647,GCP,2026-05,603.1,0.0,0,1751.06,GKE,Production API cluster
Customer-Portal,blob-0259159,AZURE,2026-05,0.0,2397.9,6013364,380.64,Blob Storage,Media content
Production-Main,vm-003c553,AZURE,2026-05,930.3,0.0,0,1316.71,Virtual Machines,F4s v2 compute node
Shared-Services,sb-05c7144,AZURE,2026-05,534.4,0.0,7409254,397.47,Service Bus,Premium messaging
Production-Main,eh-0025680,AZURE,2026-05,586.7,0.0,24867562,264.34,Event Hubs,Standard throughput units
Partner-Integration,rds-056b126,AWS,2026-05,860.8,602.4,0,1685.96,RDS,db.r5.large PostgreSQL replica
Compliance-Audit,rs-0ab9836,AWS,2026-05,616.7,1712.5,0,3070.88,Redshift,Data warehouse cluster
Marketing-Platform,gcf-0e5d976,GCP,2026-05,0.0,0.0,2052107,30.4,Cloud Functions,Scheduled tasks
Finance-Systems,s3-0591832,AWS,2026-05,0.0,5296.7,8307954,380.3,S3,Media content bucket
Staging-Env,gcf-00f6258,GCP,2026-05,0.0,0.0,25202581,362.12,Cloud Functions,Pub/Sub processors
DevOps-Central,sb-00d7881,AZURE,2026-05,766.6,0.0,10349699,573.72,Service Bus,Premium messaging
Analytics-Platform,eh-0c57869,AZURE,2026-05,0.0,362.4,0,88.05,Event Hubs,Capture to storage
Partner-Integration,sb-05dd537,AZURE,2026-05,738.3,0.0,10345557,559.29,Service Bus,Premium messaging
Data-Science,i-013c432,AWS,2026-05,552.8,0.0,0,1933.03,EC2,m5.2xlarge batch processor
ML-Training,rs-0363157,AWS,2026-05,499.6,1398.9,0,2445.61,Redshift,Data warehouse cluster
Shared-Services,sb-0dc4566,AZURE,2026-05,517.2,0.0,7263388,399.73,Service Bus,Premium messaging
DevOps-Central,aks-0cf1749,AZURE,2026-05,411.6,0.0,0,613.34,AKS,Dev K8s cluster
Analytics-Platform,eh-0479891,AZURE,2026-05,0.0,355.7,0,86.5,Event Hubs,Capture to storage
Edge-Network,ebs-0f39725,AWS,2026-05,0.0,127.7,0,15.49,EBS,gp3 volumes staging
Finance-Systems,rds-0f26468,AWS,2026-05,778.4,871.6,0,1817.27,RDS,db.m5.xlarge analytics DB
Partner-Integration,appi-064d380,AZURE,2026-05,0.0,0.0,67859102,833.61,Application Insights,APM telemetry
Internal-Tools,gke-02d2760,GCP,2026-05,4434.5,0.0,0,8732.81,GKE,GPU node pool
Production-Secondary,csql-070a801,GCP,2026-05,611.2,433.6,0,1199.22,Cloud SQL,MySQL analytics
Data-Science,gke-012c228,GCP,2026-05,3513.5,0.0,0,6942.78,GKE,GPU node pool
ML-Training,rs-1068403,AWS,2026-05,486.2,1366.2,0,2435.18,Redshift,Data warehouse cluster
IoT-Platform,cr-0c2a220,GCP,2026-05,303.3,0.0,1248855,257.1,Cloud Run,Image processor
Security-Ops,vai-016f381,GCP,2026-05,629.8,0.0,7065599,1334.19,Vertex AI,Model serving endpoints
Compliance-Audit,s3-0864751,AWS,2026-05,0.0,12510.1,2504923,423.71,S3,Data lake raw zone
Security-Ops,ps-098b992,GCP,2026-05,0.0,0.0,27105090,338.52,Pub/Sub,Event streaming
Staging-Env,gcs-0876450,GCP,2026-05,0.0,18285.1,45948,179.73,Cloud Storage,Archive bucket
Internal-Tools,lam-02c7649,AWS,2026-05,0.0,0.0,1173238,8.81,Lambda,Cron job runner
Internal-Tools,s3-102e326,AWS,2026-05,0.0,4090.8,6563092,292.03,S3,Media content bucket
Internal-Tools,ses-02a8789,AWS,2026-05,0.0,0.0,2435990,2.89,SES,Transactional email
Data-Science,kv-015a390,AZURE,2026-05,0.0,0.0,467844,1.43,Key Vault,Certificate store
Mobile-Backend,azmon-0bba725,AZURE,2026-05,0.0,315.2,41328889,431.7,Azure Monitor,Logs and metrics
Finance-Systems,aks-0922802,AZURE,2026-05,308.6,0.0,0,457.05,AKS,Dev K8s cluster
Marketing-Platform,rds-0dec903,AWS,2026-05,635.2,457.4,0,1247.0,RDS,db.r5.large PostgreSQL replica
Mobile-Backend,fd-095e352,AZURE,2026-05,0.0,0.0,54075246,394.11,Front Door,Global load balancer
Partner-Integration,rs-0af6242,AWS,2026-05,626.7,1740.7,0,3200.08,Redshift,Data warehouse cluster
DevOps-Central,sentinel-00e5745,AZURE,2026-05,0.0,0.0,36601773,924.86,Microsoft Sentinel,Log analytics
Edge-Network,sns-065d432,AWS,2026-05,0.0,0.0,10759846,5.43,SNS,Alert notifications
Analytics-Platform,eh-04e3729,AZURE,2026-05,538.8,0.0,22129052,243.47,Event Hubs,Standard throughput units
Partner-Integration,elb-0534422,AWS,2026-05,461.8,0.0,19005841,138.4,ELB,Application load balancer
DevOps-Central,redis-0fc2470,AZURE,2026-05,763.0,0.0,0,884.66,Azure Cache for Redis,Premium P1 cache
Customer-Portal,vm-05b7601,AZURE,2026-05,594.9,0.0,0,353.59,Virtual Machines,D2s v3 utility server
Compliance-Audit,sns-07bc236,AWS,2026-05,0.0,0.0,17167664,8.55,SNS,Event fanout topic
Customer-Portal,i-0292184,AWS,2026-05,810.0,0.0,0,709.94,EC2,m5.large monitoring server
DevOps-Central,sentinel-0905483,AZURE,2026-05,0.0,0.0,37447637,910.6,Microsoft Sentinel,Log analytics
DevOps-Central,kv-0c74453,AZURE,2026-05,0.0,0.0,2506293,7.69,Key Vault,Secrets management
Production-Secondary,cosmos-0ad3510,AZURE,2026-05,523.6,74.1,17598992,671.17,Cosmos DB,Event store
Finance-Systems,eks-0458148,AWS,2026-05,1017.2,0.0,0,2982.75,EKS,Production K8s cluster
Marketing-Platform,ddb-01d9664,AWS,2026-05,577.6,40.7,64220926,443.89,DynamoDB,Session store table
Production-Main,redis-0042268,AZURE,2026-05,902.7,0.0,0,1107.9,Azure Cache for Redis,Premium P1 cache
Compliance-Audit,elb-0755271,AWS,2026-05,787.9,0.0,33457633,233.63,ELB,Application load balancer
Compliance-Audit,vpn-113e883,AWS,2026-05,598.2,0.0,0,151.14,VPN Gateway,Client VPN endpoint
Customer-Portal,s3-09c9825,AWS,2026-05,0.0,20969.6,4118544,724.11,S3,Data lake raw zone
Marketing-Platform,gke-114e881,GCP,2026-05,3838.2,0.0,0,7493.67,GKE,GPU node pool
Production-Main,cmon-0049683,GCP,2026-05,0.0,0.0,22417192,176.15,Cloud Monitoring,Metrics and alerting
Edge-Network,sns-10c8578,AWS,2026-05,0.0,0.0,9853347,4.75,SNS,Alert notifications
Marketing-Platform,ddb-0f33123,AWS,2026-05,571.3,41.0,65493352,453.4,DynamoDB,Session store table
Production-Main,r53-0407779,AWS,2026-05,0.0,0.0,61817984,92.8,Route 53,DNS hosting
Security-Ops,ses-0c0f585,AWS,2026-05,0.0,0.0,2077780,2.56,SES,Transactional email
Data-Science,bq-09d9422,GCP,2026-05,0.0,1538.9,0,605.55,BigQuery,BI reporting views
Partner-Integration,appi-0ef7381,AZURE,2026-05,0.0,0.0,45619847,570.94,Application Insights,APM telemetry
Production-Secondary,sqldb-006e371,AZURE,2026-05,565.2,399.0,0,2259.71,SQL Database,Premium P1 analytics
Data-Science,aks-10ae750,AZURE,2026-05,249.7,0.0,0,379.35,AKS,Dev K8s cluster
DR-Recovery,sb-0ba9867,AZURE,2026-05,0.0,0.0,15043634,37.12,Service Bus,Standard messaging
Marketing-Platform,ddb-050e790,AWS,2026-05,627.1,8.9,4429172,74.77,DynamoDB,Config store table
QA-Testing,elb-03e7273,AWS,2026-05,763.5,0.0,32351639,231.86,ELB,Application load balancer
Shared-Services,vm-0c90772,AZURE,2026-05,898.9,0.0,0,1080.75,Virtual Machines,D4s v3 CI runner
Partner-Integration,rds-0f16278,AWS,2026-05,763.7,537.2,0,1468.99,RDS,db.r5.large PostgreSQL replica
Finance-Systems,sb-0610431,AZURE,2026-05,0.0,0.0,23844328,60.1,Service Bus,Standard messaging
Partner-Integration,redis-03b0238,AZURE,2026-05,723.7,0.0,0,869.26,Azure Cache for Redis,Premium P1 cache
Mobile-Backend,sqldb-0349366,AZURE,2026-05,804.7,573.9,0,3188.84,SQL Database,Premium P1 analytics
Mobile-Backend,vm-0986858,AZURE,2026-05,675.1,0.0,0,950.93,Virtual Machines,F4s v2 compute node
Production-Main,s3-0eb8776,AWS,2026-05,0.0,1752.9,10336407,434.56,S3,Production asset storage
Production-Main,app-0028269,AZURE,2026-05,927.2,0.0,0,569.12,App Service,Web app P1v3
Production-Main,r53-0a71797,AWS,2026-05,0.0,0.0,13745775,20.77,Route 53,Health checks
DevOps-Central,appi-060e853,AZURE,2026-05,0.0,0.0,58566414,743.0,Application Insights,APM telemetry
Production-Main,cmon-112d573,GCP,2026-05,0.0,0.0,21107085,166.66,Cloud Monitoring,Metrics and alerting
Marketing-Platform,nat-052d993,AWS,2026-05,832.4,0.0,0,193.1,NAT Gateway,Dev VPC NAT
Data-Science,sb-0152320,AZURE,2026-05,0.0,0.0,23177967,57.79,Service Bus,Standard messaging
Partner-Integration,elb-108e748,AWS,2026-05,782.1,0.0,10545311,156.12,ELB,Classic load balancer
Staging-Env,bq-094e546,GCP,2026-05,0.0,1826.2,0,691.61,BigQuery,BI reporting views
Production-Main,cf-10fc798,AWS,2026-05,0.0,0.0,44791609,225.36,CloudFront,CDN API distribution
Customer-Portal,elb-054e407,AWS,2026-05,799.7,0.0,34574119,240.72,ELB,Application load balancer
Customer-Portal,cosmos-0aa0416,AZURE,2026-05,554.7,79.2,19367998,709.5,Cosmos DB,Event store
Analytics-Platform,aks-0f9f800,AZURE,2026-05,1016.1,0.0,0,1462.85,AKS,Staging K8s cluster
Internal-Tools,ebs-02aa908,AWS,2026-05,0.0,226.0,0,27.65,EBS,gp3 volumes staging
Data-Science,i-0c45831,AWS,2026-05,701.9,0.0,0,1200.74,EC2,m5.xlarge web server
Finance-Systems,sentinel-108a486,AZURE,2026-05,0.0,0.0,104726934,2669.22,Microsoft Sentinel,SIEM detection
Finance-Systems,appi-0fce421,AZURE,2026-05,0.0,0.0,52021694,624.82,Application Insights,APM telemetry
Production-Main,aks-0828395,AZURE,2026-05,1175.4,0.0,0,1749.15,AKS,Staging K8s cluster
Analytics-Platform,bq-0855409,GCP,2026-05,0.0,2401.8,0,929.14,BigQuery,BI reporting views
Edge-Network,csql-0f1b746,GCP,2026-05,710.1,197.8,0,840.76,Cloud SQL,PostgreSQL replica
Security-Ops,sqs-0a29511,AWS,2026-05,0.0,0.0,43809380,21.53,SQS,Event notification queue
IoT-Platform,df-035f202,GCP,2026-05,474.8,0.0,0,1136.77,Dataflow,Batch pipeline
Partner-Integration,eks-093a354,AWS,2026-05,426.5,0.0,0,1241.71,EKS,Staging K8s cluster
Customer-Portal,s3-0b03411,AWS,2026-05,0.0,18307.0,3578623,619.55,S3,Data lake raw zone
Mobile-Backend,acr-0c2e265,AZURE,2026-05,0.0,162.9,316237,104.65,Container Registry,Docker image registry
Analytics-Platform,cdns-00b5600,GCP,2026-05,0.0,0.0,22489776,34.01,Cloud DNS,DNS zones
Production-Main,i-04c9242,AWS,2026-05,388.2,0.0,0,1117.33,EC2,c5.2xlarge HPC node
IoT-Platform,gke-0ff2384,GCP,2026-05,2551.1,0.0,0,4918.87,GKE,ML training cluster
Compliance-Audit,s3-0e75150,AWS,2026-05,0.0,12364.8,2447867,432.09,S3,Data lake raw zone
Production-Main,s3-0bb9469,AWS,2026-05,0.0,10227.8,621398,246.07,S3,Log archive bucket
Customer-Portal,blob-0df2180,AZURE,2026-05,0.0,2685.5,6825202,435.66,Blob Storage,Media content
Security-Ops,ecs-0b43950,AWS,2026-05,184.6,0.0,0,330.6,ECS,Fargate batch cluster
Staging-Env,vai-113c698,GCP,2026-05,432.5,0.0,0,2113.57,Vertex AI,Training pipelines
Mobile-Backend,kin-032c685,AWS,2026-05,892.1,0.0,23809596,346.98,Kinesis,Firehose delivery
Production-Secondary,eh-0eec514,AZURE,2026-05,624.7,0.0,26112469,276.5,Event Hubs,Standard throughput units
Marketing-Platform,rds-0ee5106,AWS,2026-05,641.5,177.1,0,568.27,RDS,db.t3.large development DB
Partner-Integration,ado-0c66978,AZURE,2026-05,0.0,84.2,0,19.98,Azure DevOps,Artifacts storage
Partner-Integration,redis-0765770,AZURE,2026-05,581.4,0.0,0,695.65,Azure Cache for Redis,Premium P1 cache
Partner-Integration,cf-0cd9510,AWS,2026-05,0.0,0.0,40245568,198.62,CloudFront,CDN API distribution
DevOps-Central,kin-0fc6673,AWS,2026-05,583.7,0.0,24007863,347.91,Kinesis,Data stream ingestion
Finance-Systems,mem-0229681,GCP,2026-05,431.5,0.0,0,310.95,Memorystore,Redis staging cache
Internal-Tools,aks-0672283,AZURE,2026-05,735.9,0.0,0,3201.96,AKS,Production K8s cluster
Production-Main,lam-0008470,AWS,2026-05,0.0,0.0,56400997,391.28,Lambda,API gateway handler
Finance-Systems,cr-069b523,GCP,2026-05,294.2,0.0,2438373,258.9,Cloud Run,Webhook handler
Mobile-Backend,ebs-032f576,AWS,2026-05,0.0,3566.3,0,156.85,EBS,st1 volumes archive
Partner-Integration,sqldb-0979792,AZURE,2026-05,977.7,353.0,0,1615.31,SQL Database,Standard S3 production
Production-Main,blob-1073292,AZURE,2026-05,0.0,2543.9,6576987,319.85,Blob Storage,Build artifacts
Customer-Portal,i-0d4e952,AWS,2026-05,449.3,0.0,0,32.41,EC2,t3.micro bastion host
Analytics-Platform,kv-1126150,AZURE,2026-05,0.0,0.0,580216,1.73,Key Vault,Certificate store
Analytics-Platform,cdns-0738745,GCP,2026-05,0.0,0.0,20846193,30.75,Cloud DNS,DNS zones
Production-Main,app-0623118,AZURE,2026-05,516.8,0.0,0,613.07,App Service,API app P2v3
Edge-Network,df-0e6f587,GCP,2026-05,614.8,0.0,0,1519.09,Dataflow,Streaming pipeline
Internal-Tools,gke-044b696,GCP,2026-05,583.2,0.0,0,1712.74,GKE,Production API cluster
Finance-Systems,sentinel-0552744,AZURE,2026-05,0.0,0.0,101339198,2594.24,Microsoft Sentinel,SIEM detection
Mobile-Backend,vm-0959284,AZURE,2026-05,601.4,0.0,0,176.45,Virtual Machines,B2s development VM
Partner-Integration,sqldb-09c3873,AZURE,2026-05,1056.6,368.9,0,1778.05,SQL Database,Standard S3 production
Production-Main,kv-0bab992,AZURE,2026-05,0.0,0.0,2540806,7.44,Key Vault,Secrets management
DevOps-Central,sentinel-0c65933,AZURE,2026-05,0.0,0.0,121801160,2948.38,Microsoft Sentinel,SIEM detection
Shared-Services,ado-0a55808,AZURE,2026-05,464.1,0.0,0,230.17,Azure DevOps,Pipelines hosted
Shared-Services,fd-0f31203,AZURE,2026-05,0.0,0.0,69781107,509.75,Front Door,Global load balancer
Data-Science,cr-0125601,GCP,2026-05,263.8,0.0,2185370,223.51,Cloud Run,Webhook handler
Analytics-Platform,ps-0e4f411,GCP,2026-05,0.0,0.0,36513985,447.74,Pub/Sub,Log forwarding
Staging-Env,fs-0818568,GCP,2026-05,799.6,56.2,34108894,464.72,Firestore,User profiles DB
ML-Training,ebs-0841189,AWS,2026-05,0.0,651.0,0,399.0,EBS,io2 volumes database
Shared-Services,ado-0734847,AZURE,2026-05,429.0,0.0,0,211.8,Azure DevOps,Pipelines hosted
Compliance-Audit,ec-04b0887,AWS,2026-05,617.9,0.0,0,438.46,ElastiCache,Redis production cluster
Shared-Services,ec-0b20815,AWS,2026-05,682.8,0.0,0,237.66,ElastiCache,Redis staging cluster
Production-Secondary,aks-0c9d452,AZURE,2026-05,263.3,0.0,0,392.56,AKS,Dev K8s cluster
DR-Recovery,kv-0f82870,AZURE,2026-05,0.0,0.0,3258688,9.37,Key Vault,Secrets management
Finance-Systems,blob-0f7e871,AZURE,2026-05,0.0,7460.9,74283,217.01,Blob Storage,Backup storage
Data-Science,i-0fa7215,AWS,2026-05,652.7,0.0,0,561.7,EC2,m5.large monitoring server
DR-Recovery,sqldb-02f6848,AZURE,2026-05,836.7,285.1,0,1352.19,SQL Database,Standard S3 production
ML-Training,ebs-0f7f128,AWS,2026-05,0.0,628.8,0,373.04,EBS,io2 volumes database
Production-Main,vm-003e151,AZURE,2026-05,747.5,0.0,0,219.72,Virtual Machines,B2s development VM
Analytics-Platform,cr-0795973,GCP,2026-05,205.3,0.0,887615,180.46,Cloud Run,Image processor
Marketing-Platform,gcf-0d8a232,GCP,2026-05,0.0,0.0,6800989,97.66,Cloud Functions,Auth handlers
Finance-Systems,appi-1002402,AZURE,2026-05,0.0,0.0,53517855,663.68,Application Insights,APM telemetry
ML-Training,ec-0375244,AWS,2026-05,926.3,0.0,0,651.87,ElastiCache,Redis production cluster
Compliance-Audit,s3-0bed504,AWS,2026-05,0.0,12211.5,2446285,425.22,S3,Data lake raw zone
Production-Secondary,acr-1141721,AZURE,2026-05,0.0,180.8,361586,117.24,Container Registry,Docker image registry
DevOps-Central,appi-0cb4375,AZURE,2026-05,0.0,0.0,13313719,164.78,Application Insights,Custom metrics
Production-Main,r53-0c3e737,AWS,2026-05,0.0,0.0,10555119,15.44,Route 53,Health checks
Customer-Portal,cosmos-0447788,AZURE,2026-05,769.6,55.0,16068633,505.83,Cosmos DB,Config store
Finance-Systems,elb-1055185,AWS,2026-05,477.1,0.0,6650723,93.44,ELB,Classic load balancer
Production-Secondary,s3-08f4922,AWS,2026-05,0.0,4977.1,7891871,357.75,S3,Media content bucket
Marketing-Platform,gke-01f0606,GCP,2026-05,501.6,0.0,0,1465.14,GKE,Production API cluster
Analytics-Platform,csql-00a6170,GCP,2026-05,804.9,218.9,0,1284.65,Cloud SQL,PostgreSQL primary
Production-Secondary,i-0fb0145,AWS,2026-05,854.5,0.0,0,725.64,EC2,t3.large application server
Partner-Integration,ado-092b573,AZURE,2026-05,653.8,0.0,0,320.54,Azure DevOps,Pipelines hosted
IoT-Platform,csp-035a467,GCP,2026-05,862.1,117.9,59535326,5215.74,Cloud Spanner,Global transaction DB
Marketing-Platform,gcf-1164171,GCP,2026-05,0.0,0.0,1873125,27.69,Cloud Functions,Scheduled tasks
Edge-Network,cf-088b275,AWS,2026-05,0.0,0.0,177712675,875.26,CloudFront,CDN media distribution
Shared-Services,ado-1140484,AZURE,2026-05,0.0,107.2,0,25.74,Azure DevOps,Artifacts storage
ML-Training,rs-1153734,AWS,2026-05,0.0,0.0,3753812,181.95,Redshift,Spectrum queries
DevOps-Central,kin-00c9161,AWS,2026-05,736.2,0.0,20481825,300.53,Kinesis,Firehose delivery
Data-Science,i-0139251,AWS,2026-05,643.4,0.0,0,1066.94,EC2,m5.xlarge web server
Partner-Integration,vai-03b6866,GCP,2026-05,608.3,0.0,0,2946.66,Vertex AI,Training pipelines
Shared-Services,fd-0560173,AZURE,2026-05,0.0,0.0,60293416,446.97,Front Door,Global load balancer
Marketing-Platform,gke-0840185,GCP,2026-05,3868.0,0.0,0,7545.41,GKE,GPU node pool
DevOps-Central,redis-09e7408,AZURE,2026-05,723.0,0.0,0,893.16,Azure Cache for Redis,Premium P1 cache
Data-Science,ca-012f338,GCP,2026-05,0.0,0.0,119690225,448.05,Cloud Armor,WAF policies
DevOps-Central,blob-00da581,AZURE,2026-05,0.0,10783.4,3930156,546.15,Blob Storage,Data lake storage
Compliance-Audit,rds-0be3189,AWS,2026-05,799.0,556.4,0,1533.13,RDS,db.r5.large PostgreSQL replica
Marketing-Platform,i-0a0a518,AWS,2026-05,934.8,0.0,0,66.9,EC2,t3.micro bastion host
DevOps-Central,ebs-04a0171,AWS,2026-05,0.0,392.4,0,239.58,EBS,io2 volumes database
DevOps-Central,redis-1190753,AZURE,2026-05,652.5,0.0,0,789.0,Azure Cache for Redis,Premium P1 cache
Production-Main,vai-0ab6883,GCP,2026-05,734.3,0.0,8107920,1547.45,Vertex AI,Model serving endpoints
Edge-Network,s3-06d1496,AWS,2026-05,0.0,51.7,25199648,163.89,S3,Static website hosting
Compliance-Audit,ses-0412488,AWS,2026-05,0.0,0.0,1311859,1.55,SES,Transactional email
Marketing-Platform,lam-0815639,AWS,2026-05,0.0,0.0,15588332,106.93,Lambda,Data transformer
Edge-Network,vpn-0ce6719,AWS,2026-05,494.6,0.0,0,242.0,VPN Gateway,Site-to-site VPN
QA-Testing,lam-03dd851,AWS,2026-05,0.0,0.0,30131926,210.22,Lambda,API gateway handler
Marketing-Platform,csp-0893632,GCP,2026-05,928.3,133.2,65048080,5597.71,Cloud Spanner,Global transaction DB
Security-Ops,s3-087b902,AWS,2026-05,0.0,5455.6,339679,134.36,S3,Log archive bucket
Marketing-Platform,lam-01cf664,AWS,2026-05,0.0,0.0,3638956,25.09,Lambda,Webhook processor
Staging-Env,gcs-049f340,GCP,2026-05,0.0,13103.9,4438327,397.3,Cloud Storage,Data lake bucket
DevOps-Central,kv-0e1b913,AZURE,2026-05,0.0,0.0,279374,0.83,Key Vault,Certificate store
DR-Recovery,kv-0613428,AZURE,2026-05,0.0,0.0,2496176,7.35,Key Vault,Secrets management
Shared-Services,rds-07e6132,AWS,2026-05,599.8,166.8,0,525.07,RDS,db.t3.large development DB
Marketing-Platform,mem-0d11525,GCP,2026-05,472.3,0.0,0,328.68,Memorystore,Redis staging cache
Data-Science,csp-06e0923,GCP,2026-05,621.9,85.7,43461520,3781.29,Cloud Spanner,Global transaction DB
Internal-Tools,ado-02a5507,AZURE,2026-05,0.0,87.2,0,21.92,Azure DevOps,Artifacts storage
Finance-Systems,redis-0210457,AZURE,2026-05,630.5,0.0,0,318.3,Azure Cache for Redis,Standard C2 cache
Production-Main,lam-04f0908,AWS,2026-05,0.0,0.0,17344290,118.91,Lambda,Event processor
Production-Main,vai-0a19252,GCP,2026-05,718.3,0.0,7970057,1520.41,Vertex AI,Model serving endpoints
IoT-Platform,gke-0811879,GCP,2026-05,438.3,0.0,0,1275.7,GKE,Batch processing cluster
Internal-Tools,elb-0796570,AWS,2026-05,471.4,0.0,19516222,137.29,ELB,Application load balancer
Finance-Systems,gcs-0eac954,GCP,2026-05,0.0,10650.6,3540497,326.05,Cloud Storage,Data lake bucket
IoT-Platform,gke-1010325,GCP,2026-05,420.1,0.0,0,1247.62,GKE,Batch processing cluster
DevOps-Central,vm-071c986,AZURE,2026-05,678.4,0.0,0,1597.18,Virtual Machines,D8s v3 application server
Production-Main,eh-0cf0769,AZURE,2026-05,628.9,0.0,26528014,287.63,Event Hubs,Standard throughput units
Partner-Integration,gke-03bf793,GCP,2026-05,689.0,0.0,0,2057.91,GKE,Production API cluster
Edge-Network,gcf-053e433,GCP,2026-05,0.0,0.0,26685622,387.01,Cloud Functions,Pub/Sub processors
Partner-Integration,gcs-1123684,GCP,2026-05,0.0,18540.8,45693,182.46,Cloud Storage,Archive bucket
Shared-Services,cosmos-0e93637,AZURE,2026-05,629.2,89.0,22423206,808.29,Cosmos DB,Event store
Internal-Tools,gke-1001633,GCP,2026-05,539.1,0.0,0,1547.54,GKE,Production API cluster
Production-Main,cdns-004c833,GCP,2026-05,0.0,0.0,16049348,23.55,Cloud DNS,DNS zones
Analytics-Platform,csql-080c279,GCP,2026-05,700.3,197.7,0,814.48,Cloud SQL,PostgreSQL replica
Finance-Systems,func-0826413,AZURE,2026-05,0.0,0.0,5912130,89.56,Azure Functions,API handlers
Partner-Integration,sm-04dc286,AWS,2026-05,0.0,0.0,1352297,5.43,Secrets Manager,Application secrets
ML-Training,sqs-0fc9335,AWS,2026-05,0.0,0.0,546618,0.27,SQS,Dead letter queue
Shared-Services,ado-0b78468,AZURE,2026-05,403.3,0.0,0,202.44,Azure DevOps,Pipelines hosted
Mobile-Backend,acr-0b12701,AZURE,2026-05,0.0,197.1,396386,128.4,Container Registry,Docker image registry
Internal-Tools,cr-0dff606,GCP,2026-05,732.4,0.0,15445416,1101.23,Cloud Run,API gateway service
Staging-Env,gcf-104c819,GCP,2026-05,0.0,0.0,13565905,207.31,Cloud Functions,Data triggers
Finance-Systems,sentinel-05e7563,AZURE,2026-05,0.0,0.0,98672288,2465.44,Microsoft Sentinel,SIEM detection
IoT-Platform,bq-0358745,GCP,2026-05,0.0,12460.9,0,4761.69,BigQuery,ML training datasets
Partner-Integration,vai-0d58936,GCP,2026-05,659.9,0.0,0,3351.77,Vertex AI,Training pipelines
Security-Ops,bq-0ea7997,GCP,2026-05,0.0,1760.9,0,680.24,BigQuery,BI reporting views
Customer-Portal,app-06c7409,AZURE,2026-05,691.3,0.0,0,809.62,App Service,API app P2v3
Staging-Env,vai-0fb5320,GCP,2026-05,569.5,0.0,0,2903.15,Vertex AI,Training pipelines
Customer-Portal,blob-0d44180,AZURE,2026-05,0.0,2289.6,5845260,370.33,Blob Storage,Media content
Compliance-Audit,s3-085f937,AWS,2026-05,0.0,13957.5,2728109,473.45,S3,Data lake raw zone
Internal-Tools,nat-1021535,AWS,2026-05,507.0,0.0,0,114.2,NAT Gateway,Dev VPC NAT
Production-Main,vm-109b381,AZURE,2026-05,884.3,0.0,0,1235.33,Virtual Machines,F4s v2 compute node
Finance-Systems,csql-0234326,GCP,2026-05,656.9,184.6,0,772.02,Cloud SQL,PostgreSQL replica
Marketing-Platform,ddb-0a83584,AWS,2026-05,516.2,36.2,57030825,401.93,DynamoDB,Session store table
Analytics-Platform,aks-00be403,AZURE,2026-05,437.6,0.0,0,657.05,AKS,Dev K8s cluster
Production-Secondary,ado-06e5155,AZURE,2026-05,0.0,110.4,0,27.43,Azure DevOps,Artifacts storage
Production-Secondary,ps-04ae119,GCP,2026-05,0.0,0.0,12845784,160.47,Pub/Sub,Data pipeline
Data-Science,cr-0126386,GCP,2026-05,510.8,0.0,2183361,664.54,Cloud Run,ETL pipeline service
Finance-Systems,kv-0223506,AZURE,2026-05,0.0,0.0,2688625,7.88,Key Vault,Secrets management
Compliance-Audit,elb-0384685,AWS,2026-05,498.8,0.0,34898955,215.71,ELB,Network load balancer
Security-Ops,gke-0885864,GCP,2026-05,3605.0,0.0,0,7068.62,GKE,GPU node pool
QA-Testing,elb-0d43130,AWS,2026-05,818.0,0.0,34560048,247.95,ELB,Application load balancer
Data-Science,i-013a381,AWS,2026-05,514.5,0.0,0,878.88,EC2,r5.xlarge cache server
Marketing-Platform,lam-0906533,AWS,2026-05,0.0,0.0,999985,7.29,Lambda,Cron job runner
Internal-Tools,rds-0757370,AWS,2026-05,507.0,571.4,0,1164.97,RDS,db.m5.xlarge analytics DB
Data-Science,blob-0d06742,AZURE,2026-05,0.0,2148.4,5654369,272.92,Blob Storage,Build artifacts
Analytics-Platform,fs-04c6485,GCP,2026-05,854.4,58.8,36297492,487.03,Firestore,User profiles DB
Compliance-Audit,s3-0fec630,AWS,2026-05,0.0,2874.7,1407910,103.55,S3,Analytics export bucket
Analytics-Platform,csp-0b45210,GCP,2026-05,704.5,98.7,48905893,4314.82,Cloud Spanner,Global transaction DB
Edge-Network,ps-0656496,GCP,2026-05,0.0,0.0,40456564,495.52,Pub/Sub,Log forwarding
Mobile-Backend,vm-0caa975,AZURE,2026-05,689.4,0.0,0,859.27,Virtual Machines,D4s v3 CI runner
Customer-Portal,i-0f9b989,AWS,2026-05,503.3,0.0,0,36.38,EC2,t3.micro bastion host
Finance-Systems,eh-0ee6804,AZURE,2026-05,598.6,0.0,24409224,263.2,Event Hubs,Standard throughput units
Marketing-Platform,rs-0872178,AWS,2026-05,533.3,1483.9,0,2598.51,Redshift,Data warehouse cluster
Internal-Tools,rds-09b5720,AWS,2026-05,615.9,432.9,0,1552.21,RDS,db.r5.xlarge PostgreSQL primary
Security-Ops,ps-0ed2729,GCP,2026-05,0.0,0.0,28521111,362.01,Pub/Sub,Event streaming
Partner-Integration,rs-0ac2999,AWS,2026-05,885.9,2574.1,0,4571.9,Redshift,Data warehouse cluster
Edge-Network,bq-0c3f361,GCP,2026-05,0.0,6326.6,0,2415.27,BigQuery,Analytics data warehouse
Partner-Integration,blob-03ae877,AZURE,2026-05,0.0,3448.2,9430297,438.21,Blob Storage,Build artifacts
Internal-Tools,ebs-02ac590,AWS,2026-05,0.0,1326.2,0,163.41,EBS,gp3 volumes production
IoT-Platform,csql-107e386,GCP,2026-05,802.5,231.3,0,977.63,Cloud SQL,PostgreSQL replica
Compliance-Audit,rds-0396180,AWS,2026-05,701.2,794.3,0,1613.1,RDS,db.m5.xlarge analytics DB
Finance-Systems,redis-0b0d589,AZURE,2026-05,626.6,0.0,0,316.12,Azure Cache for Redis,Standard C2 cache
Customer-Portal,cosmos-0eb5141,AZURE,2026-05,512.1,36.1,10803658,334.41,Cosmos DB,Config store
Data-Science,gcf-0fcd366,GCP,2026-05,0.0,0.0,11190243,171.56,Cloud Functions,Data triggers
Security-Ops,s3-0efa390,AWS,2026-05,0.0,4747.2,293094,114.34,S3,Log archive bucket
Compliance-Audit,s3-0b30830,AWS,2026-05,0.0,3372.5,1626410,120.88,S3,Analytics export bucket
DR-Recovery,sqldb-088f209,AZURE,2026-05,799.8,281.0,0,1360.97,SQL Database,Standard S3 production
Partner-Integration,azmon-05c4257,AZURE,2026-05,0.0,249.9,32889526,356.09,Azure Monitor,Logs and metrics
Customer-Portal,gcf-066a392,GCP,2026-05,0.0,0.0,12993042,190.45,Cloud Functions,Data triggers
Partner-Integration,sqldb-0cdc909,AZURE,2026-05,1035.2,375.3,0,1756.06,SQL Database,Standard S3 production
QA-Testing,elb-0e25643,AWS,2026-05,737.6,0.0,10617300,149.07,ELB,Classic load balancer
Security-Ops,ca-0f36993,GCP,2026-05,0.0,0.0,87395947,327.78,Cloud Armor,WAF policies
Security-Ops,s3-06cc595,AWS,2026-05,0.0,5212.4,316307,124.97,S3,Log archive bucket
Production-Secondary,ecs-0598501,AWS,2026-05,329.2,0.0,0,596.49,ECS,Fargate worker cluster
Customer-Portal,elb-111f752,AWS,2026-05,521.3,0.0,37330348,223.7,ELB,Network load balancer
Shared-Services,app-0c91462,AZURE,2026-05,885.2,0.0,0,538.73,App Service,Web app P1v3
Security-Ops,ecs-018c343,AWS,2026-05,529.4,0.0,0,957.2,ECS,Fargate API cluster
Security-Ops,cdns-0ebc188,GCP,2026-05,0.0,0.0,22407372,33.34,Cloud DNS,DNS zones
Internal-Tools,gke-02d1750,GCP,2026-05,571.1,0.0,0,1667.23,GKE,Production API cluster
Production-Secondary,df-008a884,GCP,2026-05,769.8,0.0,0,1908.37,Dataflow,Streaming pipeline
DevOps-Central,ddb-0681556,AWS,2026-05,923.0,13.1,6629699,112.77,DynamoDB,Config store table
Production-Main,gcs-0052261,GCP,2026-05,0.0,458.1,7298605,83.99,Cloud Storage,Temp processing bucket
Production-Main,s3-0e4d988,AWS,2026-05,0.0,2026.6,12254169,493.55,S3,Production asset storage
Compliance-Audit,elb-0e81808,AWS,2026-05,534.5,0.0,37515529,234.96,ELB,Network load balancer
Security-Ops,ec-08b0776,AWS,2026-05,602.0,0.0,0,214.21,ElastiCache,Redis staging cluster
Edge-Network,gcf-0ddd914,GCP,2026-05,0.0,0.0,6387437,95.73,Cloud Functions,Auth handlers
Customer-Portal,blob-025a526,AZURE,2026-05,0.0,5250.4,0,512.01,Blob Storage,Security audit logs
Shared-Services,rds-1103155,AWS,2026-05,513.7,140.6,0,453.0,RDS,db.t3.large development DB
ML-Training,rds-0377190,AWS,2026-05,556.1,389.2,0,1427.7,RDS,db.r5.xlarge PostgreSQL primary
Partner-Integration,azmon-0704778,AZURE,2026-05,0.0,244.3,32175081,341.56,Azure Monitor,Logs and metrics
Shared-Services,cosmos-04a6756,AZURE,2026-05,574.9,80.3,19708298,742.48,Cosmos DB,Event store
Edge-Network,gcf-0ac9744,GCP,2026-05,0.0,0.0,24312225,357.78,Cloud Functions,Pub/Sub processors
Production-Secondary,eh-006c756,AZURE,2026-05,621.9,0.0,25830700,272.33,Event Hubs,Standard throughput units
Finance-Systems,gcf-0c5d229,GCP,2026-05,0.0,0.0,10862975,161.91,Cloud Functions,Data triggers
IoT-Platform,cr-07c2911,GCP,2026-05,472.0,0.0,3894597,405.66,Cloud Run,Webhook handler
Internal-Tools,ec-1024595,AWS,2026-05,571.0,0.0,0,403.09,ElastiCache,Redis production cluster
Data-Science,gcs-06b9860,GCP,2026-05,0.0,10527.3,260426,237.27,Cloud Storage,Backup bucket
Compliance-Audit,i-0779383,AWS,2026-05,785.5,0.0,0,685.61,EC2,m5.large monitoring server
Internal-Tools,gcs-0e2f639,GCP,2026-05,0.0,395.9,6509209,72.83,Cloud Storage,Temp processing bucket
IoT-Platform,cr-0353556,GCP,2026-05,414.2,0.0,1681118,532.34,Cloud Run,ETL pipeline service
Partner-Integration,df-0ade476,GCP,2026-05,984.2,0.0,0,2327.68,Dataflow,Streaming pipeline
Security-Ops,ecs-0752257,AWS,2026-05,583.1,0.0,0,1041.06,ECS,Fargate API cluster
Production-Main,lam-0ef8919,AWS,2026-05,0.0,0.0,29163364,200.6,Lambda,Data transformer
Production-Secondary,blob-0a2b284,AZURE,2026-05,0.0,2431.0,6005159,384.21,Blob Storage,Media content
Production-Secondary,app-0915380,AZURE,2026-05,696.0,0.0,0,105.03,App Service,Web app B1
Data-Science,cosmos-0759587,AZURE,2026-05,679.2,47.4,14492656,457.51,Cosmos DB,Config store
Compliance-Audit,rds-0a2d193,AWS,2026-05,555.2,376.2,0,1363.49,RDS,db.r5.xlarge PostgreSQL primary
Analytics-Platform,mem-1058605,GCP,2026-05,439.0,0.0,0,318.63,Memorystore,Redis production cache
QA-Testing,elb-05f6806,AWS,2026-05,825.6,0.0,34844148,245.7,ELB,Application load balancer
Compliance-Audit,elb-0383198,AWS,2026-05,618.7,0.0,8736154,121.78,ELB,Classic load balancer
Marketing-Platform,rs-01d1175,AWS,2026-05,0.0,0.0,6093687,299.43,Redshift,Spectrum queries
Customer-Portal,clog-0de0960,GCP,2026-05,0.0,594.7,0,147.01,Cloud Logging,Application logs
Data-Science,ps-0123564,GCP,2026-05,0.0,0.0,18580949,233.69,Pub/Sub,Event streaming
Marketing-Platform,fs-01f4370,GCP,2026-05,542.6,15.4,36966980,390.69,Firestore,Session store
Customer-Portal,cosmos-0c5f842,AZURE,2026-05,672.4,46.9,13621743,451.48,Cosmos DB,Config store
Security-Ops,sqldb-1117748,AZURE,2026-05,862.8,59.1,0,177.75,SQL Database,Basic dev database
Compliance-Audit,kin-0f65409,AWS,2026-05,639.0,0.0,26938789,388.19,Kinesis,Data stream ingestion
Partner-Integration,azmon-0a12660,AZURE,2026-05,0.0,177.4,24186570,247.44,Azure Monitor,Logs and metrics
Compliance-Audit,rds-0c5c625,AWS,2026-05,754.7,529.9,0,1459.41,RDS,db.r5.large PostgreSQL replica
Data-Science,clog-06dc217,GCP,2026-05,0.0,237.7,0,57.52,Cloud Logging,Audit logs
DevOps-Central,appi-0de6691,AZURE,2026-05,0.0,0.0,15467348,197.54,Application Insights,Custom metrics
Production-Main,aks-0020880,AZURE,2026-05,1100.2,0.0,0,1643.34,AKS,Staging K8s cluster
Shared-Services,ecs-0196614,AWS,2026-05,248.4,0.0,0,461.64,ECS,Fargate worker cluster
QA-Testing,ec-03e5292,AWS,2026-05,644.1,0.0,0,464.57,ElastiCache,Redis production cluster
Customer-Portal,ebs-0284870,AWS,2026-05,0.0,522.2,0,332.11,EBS,io2 volumes database
Production-Main,fd-100f700,AZURE,2026-05,0.0,0.0,52621665,377.59,Front Door,Global load balancer
Partner-Integration,redis-0b16352,AZURE,2026-05,654.8,0.0,0,325.41,Azure Cache for Redis,Standard C2 cache
Partner-Integration,elb-0a1a739,AWS,2026-05,404.9,0.0,17237717,119.45,ELB,Application load balancer
Marketing-Platform,ddb-10b7797,AWS,2026-05,569.5,7.8,3949195,69.74,DynamoDB,Config store table
Edge-Network,sqs-030f172,AWS,2026-05,0.0,0.0,32840454,16.44,SQS,Event notification queue
IoT-Platform,csql-034c176,GCP,2026-05,931.6,262.6,0,1489.28,Cloud SQL,PostgreSQL primary
DevOps-Central,app-00ec349,AZURE,2026-05,950.4,0.0,0,141.21,App Service,Web app B1
Compliance-Audit,i-09bd329,AWS,2026-05,626.9,0.0,0,539.36,EC2,m5.large monitoring server
Customer-Portal,vpn-0620659,AWS,2026-05,832.6,0.0,0,205.89,VPN Gateway,Client VPN endpoint
Production-Secondary,mem-0096498,GCP,2026-05,358.2,0.0,0,253.66,Memorystore,Redis staging cache
Shared-Services,gcs-01a7453,GCP,2026-05,0.0,3619.2,3595530,259.61,Cloud Storage,Media assets bucket
Data-Science,i-0b26616,AWS,2026-05,689.5,0.0,0,1184.59,EC2,m5.xlarge web server
DevOps-Central,vm-0fba688,AZURE,2026-05,746.9,0.0,0,219.46,Virtual Machines,B2s development VM
Security-Ops,ecs-07b7146,AWS,2026-05,138.4,0.0,0,251.63,ECS,Fargate batch cluster
DevOps-Central,ddb-0c8d504,AWS,2026-05,834.2,11.9,5962681,103.06,DynamoDB,Config store table
Analytics-Platform,csql-0946366,GCP,2026-05,498.5,352.9,0,950.52,Cloud SQL,MySQL analytics
Mobile-Backend,vm-0342261,AZURE,2026-05,543.5,0.0,0,159.71,Virtual Machines,B2s development VM
Customer-Portal,acr-0430482,AZURE,2026-05,0.0,269.0,518510,171.73,Container Registry,Docker image registry
Marketing-Platform,gcf-0202117,GCP,2026-05,0.0,0.0,1958661,29.68,Cloud Functions,Scheduled tasks
Analytics-Platform,gke-057b474,GCP,2026-05,4975.3,0.0,0,9867.48,GKE,GPU node pool
Security-Ops,sqs-100d671,AWS,2026-05,0.0,0.0,39362446,19.62,SQS,Event notification queue
Edge-Network,s3-0e77512,AWS,2026-05,0.0,1032.5,2035769,89.67,S3,Artifact storage
Analytics-Platform,cr-0428733,GCP,2026-05,523.9,0.0,2212601,671.43,Cloud Run,ETL pipeline service
Partner-Integration,cmon-03bb762,GCP,2026-05,0.0,0.0,37438385,307.37,Cloud Monitoring,Metrics and alerting
Partner-Integration,sqldb-0a6e846,AZURE,2026-05,756.9,521.1,0,2964.7,SQL Database,Premium P1 analytics
Security-Ops,vpn-0b04791,AWS,2026-05,460.0,0.0,0,118.64,VPN Gateway,Client VPN endpoint
DevOps-Central,kin-05ca757,AWS,2026-05,649.3,0.0,28110395,398.28,Kinesis,Data stream ingestion
Customer-Portal,gcs-097b639,GCP,2026-05,0.0,19021.6,48341,185.27,Cloud Storage,Archive bucket
Production-Secondary,cosmos-068d137,AZURE,2026-05,733.2,202.6,39805675,1605.93,Cosmos DB,User data store
QA-Testing,r53-03eb769,AWS,2026-05,0.0,0.0,54763661,83.23,Route 53,DNS hosting
Production-Secondary,redis-043b543,AZURE,2026-05,894.3,0.0,0,457.12,Azure Cache for Redis,Standard C2 cache
Mobile-Backend,vm-0f2d973,AZURE,2026-05,775.5,0.0,0,2780.53,Virtual Machines,E8s v3 memory-optimized
Production-Secondary,aks-0ef2938,AZURE,2026-05,1212.7,0.0,0,1822.38,AKS,Staging K8s cluster
IoT-Platform,csql-07df484,GCP,2026-05,1032.6,280.4,0,1592.62,Cloud SQL,PostgreSQL primary
DevOps-Central,ec-08c9419,AWS,2026-05,739.5,0.0,0,527.93,ElastiCache,Redis production cluster
ML-Training,rs-0cb9386,AWS,2026-05,0.0,0.0,3910402,186.42,Redshift,Spectrum queries
QA-Testing,elb-0fcb895,AWS,2026-05,794.4,0.0,33573314,240.03,ELB,Application load balancer
Production-Secondary,aks-0056966,AZURE,2026-05,295.5,0.0,0,435.13,AKS,Dev K8s cluster
Partner-Integration,sb-0892421,AZURE,2026-05,622.7,0.0,8428478,452.02,Service Bus,Premium messaging
Internal-Tools,ses-06ea830,AWS,2026-05,0.0,0.0,2650743,3.14,SES,Transactional email
Marketing-Platform,clog-01fc511,GCP,2026-05,0.0,540.1,0,131.01,Cloud Logging,Application logs
Customer-Portal,vpn-0c49718,AWS,2026-05,1022.2,0.0,0,247.28,VPN Gateway,Client VPN endpoint
Security-Ops,bq-0166748,GCP,2026-05,0.0,8513.2,0,3375.06,BigQuery,ML training datasets
Compliance-Audit,i-0711499,AWS,2026-05,686.8,0.0,0,2316.53,EC2,m5.2xlarge batch processor
ML-Training,i-05c0894,AWS,2026-05,857.3,0.0,0,728.85,EC2,m5.large monitoring server
ML-Training,ebs-0505369,AWS,2026-05,0.0,519.0,0,317.84,EBS,io2 volumes database
Internal-Tools,blob-06fc172,AZURE,2026-05,0.0,5876.5,0,561.19,Blob Storage,Security audit logs
Production-Secondary,i-064a426,AWS,2026-05,429.1,0.0,0,720.91,EC2,r5.xlarge cache server
DR-Recovery,redis-02f0691,AZURE,2026-05,713.9,0.0,0,862.76,Azure Cache for Redis,Premium P1 cache
ML-Training,rds-0d21371,AWS,2026-05,514.8,572.9,0,1216.65,RDS,db.m5.xlarge analytics DB
Analytics-Platform,gke-0717726,GCP,2026-05,554.4,0.0,0,1669.77,GKE,Batch processing cluster
Shared-Services,app-0bad270,AZURE,2026-05,1047.1,0.0,0,1257.62,App Service,API app P2v3
DevOps-Central,appi-102a552,AZURE,2026-05,0.0,0.0,15987314,193.48,Application Insights,Custom metrics
Partner-Integration,gke-03c0738,GCP,2026-05,4282.4,0.0,0,8714.55,GKE,GPU node pool
Analytics-Platform,fs-10c4798,GCP,2026-05,1059.1,29.8,73996818,770.24,Firestore,Session store
IoT-Platform,bq-0bb6584,GCP,2026-05,0.0,3464.3,0,1348.19,BigQuery,BI reporting views
Analytics-Platform,bq-0bb4634,GCP,2026-05,0.0,14052.1,0,5409.02,BigQuery,ML training datasets
Edge-Network,i-0326979,AWS,2026-05,511.8,0.0,0,431.88,EC2,t3.large application server
Finance-Systems,gcs-1168650,GCP,2026-05,0.0,11665.1,3741413,332.09,Cloud Storage,Data lake bucket
Production-Secondary,elb-07db529,AWS,2026-05,517.1,0.0,35764032,222.48,ELB,Network load balancer
Marketing-Platform,ddb-0401403,AWS,2026-05,555.3,39.9,61806397,430.62,DynamoDB,Session store table
Staging-Env,cdns-064f880,GCP,2026-05,0.0,0.0,18888597,27.63,Cloud DNS,DNS zones
Analytics-Platform,gcs-0f70340,GCP,2026-05,0.0,2345.2,2389596,166.95,Cloud Storage,Media assets bucket
Finance-Systems,rds-0f07880,AWS,2026-05,811.1,572.4,0,1595.79,RDS,db.r5.large PostgreSQL replica
Staging-Env,gcs-0b01292,GCP,2026-05,0.0,15278.4,38634,151.58,Cloud Storage,Archive bucket
Internal-Tools,blob-029a273,AZURE,2026-05,0.0,10586.5,104921,316.15,Blob Storage,Backup storage
Production-Main,i-0011267,AWS,2026-05,817.8,0.0,0,60.92,EC2,t3.micro bastion host
Staging-Env,gcs-07ed975,GCP,2026-05,0.0,14885.4,4934988,445.42,Cloud Storage,Data lake bucket
Shared-Services,gcs-06e7706,GCP,2026-05,0.0,3379.5,3338607,241.11,Cloud Storage,Media assets bucket
ML-Training,i-0ea3191,AWS,2026-05,763.3,0.0,0,671.35,EC2,m5.large monitoring server
Data-Science,i-0138182,AWS,2026-05,342.6,0.0,0,970.14,EC2,c5.2xlarge HPC node
Compliance-Audit,i-0f48232,AWS,2026-05,606.5,0.0,0,525.92,EC2,m5.large monitoring server
Finance-Systems,gcs-0bb7444,GCP,2026-05,0.0,3227.2,3167652,232.86,Cloud Storage,Media assets bucket
DevOps-Central,blob-05b0338,AZURE,2026-05,0.0,8197.8,79316,234.47,Blob Storage,Backup storage
Marketing-Platform,rds-0ff5598,AWS,2026-05,385.1,106.6,0,438.68,RDS,db.t3.medium MySQL staging
Internal-Tools,blob-05f5277,AZURE,2026-05,0.0,3821.9,10419680,500.91,Blob Storage,Build artifacts
Customer-Portal,vpn-0445666,AWS,2026-05,963.8,0.0,0,247.27,VPN Gateway,Client VPN endpoint
Production-Main,r53-08e7973,AWS,2026-05,0.0,0.0,14805306,21.52,Route 53,Health checks
Edge-Network,fs-0544510,GCP,2026-05,561.4,15.3,38526788,392.57,Firestore,Session store
Customer-Portal,gcf-0715545,GCP,2026-05,0.0,0.0,13597153,202.26,Cloud Functions,Data triggers
Staging-Env,vai-0838396,GCP,2026-05,499.7,0.0,0,2503.95,Vertex AI,Training pipelines
DR-Recovery,appi-0733593,AZURE,2026-05,0.0,0.0,53037740,659.9,Application Insights,APM telemetry
Internal-Tools,s3-04d2237,AWS,2026-05,0.0,4289.8,6672235,305.55,S3,Media content bucket
ML-Training,r53-0977544,AWS,2026-05,0.0,0.0,12739051,18.51,Route 53,Health checks
Production-Secondary,appi-099b256,AZURE,2026-05,0.0,0.0,39240581,492.02,Application Insights,APM telemetry
Marketing-Platform,rds-01e3515,AWS,2026-05,859.3,611.3,0,2173.04,RDS,db.r5.xlarge PostgreSQL primary
Data-Science,cosmos-0157534,AZURE,2026-05,691.1,48.5,14631182,467.57,Cosmos DB,Config store
Shared-Services,s3-05c9296,AWS,2026-05,0.0,13836.0,2738498,481.88,S3,Data lake raw zone
ML-Training,lam-0f1c278,AWS,2026-05,0.0,0.0,9992947,67.75,Lambda,Notification dispatcher
ML-Training,kin-0462370,AWS,2026-05,773.0,0.0,32567941,472.14,Kinesis,Data stream ingestion
Data-Science,gcf-0932830,GCP,2026-05,0.0,0.0,7753635,115.12,Cloud Functions,Auth handlers
Security-Ops,csql-0168938,GCP,2026-05,634.5,180.4,0,777.37,Cloud SQL,PostgreSQL replica
Edge-Network,i-0494187,AWS,2026-05,572.0,0.0,0,1943.87,EC2,m5.2xlarge batch processor
Production-Secondary,sentinel-006a297,AZURE,2026-05,0.0,0.0,68000645,1704.84,Microsoft Sentinel,SIEM detection
Compliance-Audit,s3-0dd2695,AWS,2026-05,0.0,674.2,1334144,57.67,S3,Artifact storage
Partner-Integration,df-077b363,GCP,2026-05,994.6,0.0,0,2433.05,Dataflow,Streaming pipeline
Marketing-Platform,ddb-01da740,AWS,2026-05,612.5,8.5,4201914,72.8,DynamoDB,Config store table
Data-Science,gcf-08b4980,GCP,2026-05,0.0,0.0,9243311,140.81,Cloud Functions,Auth handlers
Compliance-Audit,rds-10cb700,AWS,2026-05,748.9,511.6,0,1850.65,RDS,db.r5.xlarge PostgreSQL primary
Customer-Portal,ps-108d962,GCP,2026-05,0.0,0.0,50569409,618.42,Pub/Sub,Log forwarding
DevOps-Central,kv-0b6f244,AZURE,2026-05,0.0,0.0,384677,1.11,Key Vault,Certificate store
IoT-Platform,csql-105d913,GCP,2026-05,867.5,243.8,0,1382.04,Cloud SQL,PostgreSQL primary
Marketing-Platform,vpn-01d5989,AWS,2026-05,694.6,0.0,0,175.4,VPN Gateway,Client VPN endpoint
Production-Main,aks-07bf182,AZURE,2026-05,1246.0,0.0,0,1807.53,AKS,Staging K8s cluster
Internal-Tools,rds-10b1574,AWS,2026-05,759.0,534.5,0,1494.59,RDS,db.r5.large PostgreSQL replica
Compliance-Audit,r53-037c367,AWS,2026-05,0.0,0.0,6867670,10.26,Route 53,Health checks
Marketing-Platform,gke-0e46732,GCP,2026-05,2510.1,0.0,0,5038.27,GKE,ML training cluster
Customer-Portal,ebs-0bbe242,AWS,2026-05,0.0,550.9,0,344.97,EBS,io2 volumes database
Data-Science,clog-0131653,GCP,2026-05,0.0,264.0,0,66.75,Cloud Logging,Audit logs
Compliance-Audit,i-039f632,AWS,2026-05,660.7,0.0,0,2302.64,EC2,m5.2xlarge batch processor
Customer-Portal,app-0950773,AZURE,2026-05,752.2,0.0,0,900.72,App Service,API app P2v3
Customer-Portal,eh-0f06905,AZURE,2026-05,745.6,0.0,30762985,342.72,Event Hubs,Standard throughput units
Analytics-Platform,gcs-00a2348,GCP,2026-05,0.0,9718.2,245363,222.06,Cloud Storage,Backup bucket
Data-Science,gcf-0e0a728,GCP,2026-05,0.0,0.0,9283596,134.49,Cloud Functions,Auth handlers
Production-Secondary,acr-0066906,AZURE,2026-05,0.0,208.6,414647,140.15,Container Registry,Docker image registry
Data-Science,gcs-0dbd892,GCP,2026-05,0.0,11050.9,278009,254.06,Cloud Storage,Backup bucket
Production-Main,vm-0572465,AZURE,2026-05,583.8,0.0,0,355.23,Virtual Machines,D2s v3 utility server
Shared-Services,cosmos-10bd365,AZURE,2026-05,710.2,99.5,24544801,942.45,Cosmos DB,Event store
Finance-Systems,rds-0a10412,AWS,2026-05,512.4,726.2,0,2313.08,RDS,db.r5.2xlarge Aurora cluster
Analytics-Platform,cr-00b8695,GCP,2026-05,614.0,0.0,13294279,930.16,Cloud Run,API gateway service
Data-Science,i-1124730,AWS,2026-05,378.9,0.0,0,1088.62,EC2,c5.2xlarge HPC node
Partner-Integration,elb-0f47182,AWS,2026-05,593.4,0.0,8431429,117.52,ELB,Classic load balancer
Compliance-Audit,rds-0fa1834,AWS,2026-05,495.5,348.0,0,1252.37,RDS,db.r5.xlarge PostgreSQL primary
Customer-Portal,clog-0c48906,GCP,2026-05,0.0,525.7,0,126.84,Cloud Logging,Application logs
Production-Main,csql-004a734,GCP,2026-05,772.0,542.0,0,1465.85,Cloud SQL,MySQL analytics
Security-Ops,eks-0190684,AWS,2026-05,790.8,0.0,0,2381.82,EKS,Production K8s cluster
Customer-Portal,i-043f493,AWS,2026-05,602.2,0.0,0,2099.95,EC2,r5.2xlarge database server
Internal-Tools,redis-0ed3348,AZURE,2026-05,574.6,0.0,0,279.74,Azure Cache for Redis,Standard C2 cache
Analytics-Platform,gcs-0423920,GCP,2026-05,0.0,10663.0,3487554,312.73,Cloud Storage,Data lake bucket
Mobile-Backend,sqs-0528940,AWS,2026-05,0.0,0.0,355958,0.18,SQS,Dead letter queue
Security-Ops,s3-06c2985,AWS,2026-05,0.0,17125.0,3439057,594.17,S3,Data lake raw zone
Internal-Tools,vm-07f3327,AZURE,2026-05,680.8,0.0,0,406.05,Virtual Machines,D2s v3 utility server
Data-Science,cosmos-0159320,AZURE,2026-05,672.6,190.3,37917480,1490.38,Cosmos DB,User data store
Finance-Systems,func-107c756,AZURE,2026-05,0.0,0.0,6222332,89.31,Azure Functions,API handlers
Production-Main,cf-06b3438,AWS,2026-05,0.0,0.0,80997546,407.67,CloudFront,CDN media distribution
Finance-Systems,aks-0214143,AZURE,2026-05,273.2,0.0,0,404.6,AKS,Dev K8s cluster
Partner-Integration,vai-0ec3418,GCP,2026-05,525.5,0.0,0,2672.71,Vertex AI,Training pipelines
Finance-Systems,app-0227237,AZURE,2026-05,916.5,0.0,0,1089.56,App Service,API app P2v3
Finance-Systems,ado-0925803,AZURE,2026-05,414.6,0.0,0,205.29,Azure DevOps,Pipelines hosted
Compliance-Audit,s3-0a22154,AWS,2026-05,0.0,681.4,1347556,58.06,S3,Artifact storage
Finance-Systems,blob-020a462,AZURE,2026-05,0.0,9205.8,88236,260.09,Blob Storage,Backup storage
Analytics-Platform,kv-05dc790,AZURE,2026-05,0.0,0.0,1582892,4.65,Key Vault,Secrets management
Mobile-Backend,kin-0d78738,AWS,2026-05,627.6,0.0,25730997,373.4,Kinesis,Data stream ingestion
Shared-Services,r53-0b00500,AWS,2026-05,0.0,0.0,7733970,11.7,Route 53,Health checks
Compliance-Audit,s3-0390870,AWS,2026-05,0.0,712.0,1382475,59.94,S3,Artifact storage
Production-Main,i-06fb209,AWS,2026-05,387.2,0.0,0,1082.05,EC2,c5.2xlarge HPC node
Edge-Network,bq-0743744,GCP,2026-05,0.0,4677.0,0,1854.17,BigQuery,Log analytics
DevOps-Central,ddb-10b3290,AWS,2026-05,945.8,13.3,6574994,111.74,DynamoDB,Config store table
Edge-Network,gcf-030c226,GCP,2026-05,0.0,0.0,6152464,88.43,Cloud Functions,Auth handlers
Internal-Tools,cr-02e0943,GCP,2026-05,568.0,0.0,2322777,731.78,Cloud Run,ETL pipeline service
Data-Science,blob-0d8d618,AZURE,2026-05,0.0,2262.0,5714482,354.43,Blob Storage,Media content
Shared-Services,fd-0492244,AZURE,2026-05,0.0,0.0,61928558,467.13,Front Door,Global load balancer
Mobile-Backend,sb-10ff514,AZURE,2026-05,713.7,0.0,10255321,550.74,Service Bus,Premium messaging
IoT-Platform,fs-0936943,GCP,2026-05,932.1,66.8,38806980,528.47,Firestore,User profiles DB
Marketing-Platform,nat-094a230,AWS,2026-05,479.5,0.0,0,111.99,NAT Gateway,Staging VPC NAT
Shared-Services,fd-1046720,AZURE,2026-05,0.0,0.0,64358381,464.48,Front Door,Global load balancer
Finance-Systems,csql-1161612,GCP,2026-05,676.5,190.8,0,1069.72,Cloud SQL,PostgreSQL primary
ML-Training,rds-104f691,AWS,2026-05,547.5,385.4,0,1380.62,RDS,db.r5.xlarge PostgreSQL primary
Finance-Systems,s3-0843623,AWS,2026-05,0.0,1308.1,2539247,109.9,S3,Artifact storage
Customer-Portal,sentinel-110d988,AZURE,2026-05,0.0,0.0,87257748,2159.08,Microsoft Sentinel,SIEM detection
Compliance-Audit,s3-08ab237,AWS,2026-05,0.0,671.8,1294134,55.28,S3,Artifact storage
Analytics-Platform,cr-0fca228,GCP,2026-05,664.0,0.0,13868995,979.17,Cloud Run,API gateway service
Partner-Integration,rds-0d50949,AWS,2026-05,902.1,620.1,0,1748.29,RDS,db.r5.large PostgreSQL replica
Production-Main,lam-0c7c274,AWS,2026-05,0.0,0.0,31978489,219.87,Lambda,Data transformer
Data-Science,mem-0d94995,GCP,2026-05,878.3,0.0,0,611.23,Memorystore,Redis production cache
Marketing-Platform,cdns-01fd830,GCP,2026-05,0.0,0.0,13650179,20.23,Cloud DNS,DNS zones
Finance-Systems,cr-0231576,GCP,2026-05,789.5,0.0,16479621,1200.35,Cloud Run,API gateway service
Mobile-Backend,kv-033d920,AZURE,2026-05,0.0,0.0,438164,1.32,Key Vault,Certificate store
Internal-Tools,gke-02d3277,GCP,2026-05,625.6,0.0,0,1832.59,GKE,Batch processing cluster
Customer-Portal,s3-0283422,AWS,2026-05,0.0,19481.6,3860422,675.12,S3,Data lake raw zone
Shared-Services,azmon-01be752,AZURE,2026-05,0.0,214.9,28659146,303.07,Azure Monitor,Logs and metrics
Production-Main,i-07c0191,AWS,2026-05,334.5,0.0,0,935.92,EC2,c5.2xlarge HPC node
Analytics-Platform,mem-0bc6853,GCP,2026-05,340.4,0.0,0,249.96,Memorystore,Redis staging cache
Data-Science,cosmos-0158552,AZURE,2026-05,709.0,100.5,24458943,932.81,Cosmos DB,Event store
Edge-Network,vai-0305406,GCP,2026-05,617.4,0.0,7119116,1322.43,Vertex AI,Model serving endpoints
DevOps-Central,app-0b0a111,AZURE,2026-05,640.3,0.0,0,786.7,App Service,API app P2v3
Production-Secondary,app-0ca1591,AZURE,2026-05,547.3,0.0,0,82.39,App Service,Web app B1
DevOps-Central,sentinel-1183697,AZURE,2026-05,0.0,0.0,41285696,1013.45,Microsoft Sentinel,Log analytics
Compliance-Audit,ses-0f78329,AWS,2026-05,0.0,0.0,1598716,1.88,SES,Transactional email
DevOps-Central,blob-096b361,AZURE,2026-05,0.0,4161.5,0,403.59,Blob Storage,Security audit logs
Production-Secondary,kv-0a1f915,AZURE,2026-05,0.0,0.0,2326568,6.88,Key Vault,Secrets management
Compliance-Audit,vpn-0389183,AWS,2026-05,786.6,0.0,0,197.97,VPN Gateway,Client VPN endpoint
Mobile-Backend,sqs-0def195,AWS,2026-05,0.0,0.0,323045,0.16,SQS,Dead letter queue
Finance-Systems,blob-04ec237,AZURE,2026-05,0.0,6598.7,66651,192.1,Blob Storage,Backup storage
Production-Secondary,ec-040f964,AWS,2026-05,718.8,0.0,0,495.33,ElastiCache,Redis production cluster
Production-Secondary,fs-03fe898,GCP,2026-05,1076.7,77.0,43909324,619.55,Firestore,User profiles DB
Shared-Services,app-0707433,AZURE,2026-05,972.7,0.0,0,591.73,App Service,Web app P1v3
Partner-Integration,azmon-0b82239,AZURE,2026-05,0.0,212.7,27379949,295.35,Azure Monitor,Logs and metrics
Shared-Services,rds-0643416,AWS,2026-05,677.9,191.6,0,618.28,RDS,db.t3.large development DB
DevOps-Central,blob-0431268,AZURE,2026-05,0.0,4683.5,0,467.85,Blob Storage,Security audit logs
Staging-Env,bq-0cb3759,GCP,2026-05,0.0,8323.8,0,3285.34,BigQuery,ML training datasets
Production-Main,cf-0a1d761,AWS,2026-05,0.0,0.0,62332203,305.95,CloudFront,CDN API distribution
Customer-Portal,vpn-0562398,AWS,2026-05,851.8,0.0,0,219.32,VPN Gateway,Client VPN endpoint
DevOps-Central,ddb-0ec7667,AWS,2026-05,828.7,11.2,5650165,97.13,DynamoDB,Config store table
Finance-Systems,gcs-022c243,GCP,2026-05,0.0,398.1,6429843,72.56,Cloud Storage,Temp processing bucket
IoT-Platform,fs-06ab458,GCP,2026-05,738.3,20.8,51131321,537.51,Firestore,Session store
Customer-Portal,ses-05b1907,AWS,2026-05,0.0,0.0,685408,0.8,SES,Marketing email
IoT-Platform,cr-0fe5621,GCP,2026-05,459.2,0.0,3740544,384.65,Cloud Run,Webhook handler
Production-Secondary,app-0680416,AZURE,2026-05,643.8,0.0,0,93.04,App Service,Web app B1
Marketing-Platform,ca-0d87226,GCP,2026-05,0.0,0.0,64944822,241.13,Cloud Armor,WAF policies
Data-Science,rds-0133470,AWS,2026-05,682.7,192.4,0,624.28,RDS,db.t3.large development DB
Security-Ops,ps-0e6d862,GCP,2026-05,0.0,0.0,33176374,417.05,Pub/Sub,Event streaming
Production-Secondary,r53-10de681,AWS,2026-05,0.0,0.0,6623952,9.8,Route 53,Health checks
Customer-Portal,sqldb-0aef333,AZURE,2026-05,581.4,409.8,0,2415.58,SQL Database,Premium P1 analytics
Edge-Network,ebs-0da6405,AWS,2026-05,0.0,124.0,0,15.21,EBS,gp3 volumes staging
DevOps-Central,vpn-00cd561,AWS,2026-05,485.8,0.0,0,243.11,VPN Gateway,Site-to-site VPN
Internal-Tools,ec-073e687,AWS,2026-05,589.1,0.0,0,429.43,ElastiCache,Redis production cluster
Internal-Tools,gke-06b8573,GCP,2026-05,651.4,0.0,0,1913.43,GKE,Production API cluster
Compliance-Audit,s3-0d2d241,AWS,2026-05,0.0,45.4,22251374,146.04,S3,Static website hosting
Marketing-Platform,vai-0acd729,GCP,2026-05,645.8,0.0,0,3253.51,Vertex AI,Training pipelines
Production-Secondary,ps-0670812,GCP,2026-05,0.0,0.0,14834344,179.53,Pub/Sub,Data pipeline
Production-Secondary,redis-1115354,AZURE,2026-05,840.3,0.0,0,1020.01,Azure Cache for Redis,Premium P1 cache
ML-Training,ebs-037b837,AWS,2026-05,0.0,611.7,0,367.3,EBS,io2 volumes database
DevOps-Central,r53-0abf412,AWS,2026-05,0.0,0.0,7289125,10.91,Route 53,Health checks
IoT-Platform,bq-0a5e886,GCP,2026-05,0.0,2392.0,0,947.69,BigQuery,BI reporting views
Finance-Systems,sqldb-0fad517,AZURE,2026-05,894.6,312.8,0,1478.05,SQL Database,Standard S3 production
DR-Recovery,fd-05f1355,AZURE,2026-05,0.0,0.0,75315250,566.56,Front Door,Global load balancer
Marketing-Platform,r53-0873117,AWS,2026-05,0.0,0.0,59887014,88.2,Route 53,DNS hosting
Finance-Systems,rds-023c556,AWS,2026-05,896.8,645.2,0,2290.22,RDS,db.r5.xlarge PostgreSQL primary
Production-Main,clog-08cc138,GCP,2026-05,0.0,274.4,0,66.35,Cloud Logging,Audit logs
Data-Science,rs-116d833,AWS,2026-05,656.2,1830.4,0,3236.97,Redshift,Data warehouse cluster
Security-Ops,sqldb-116a549,AZURE,2026-05,890.7,64.2,0,183.33,SQL Database,Basic dev database
Edge-Network,vpn-04e0116,AWS,2026-05,618.2,0.0,0,154.28,VPN Gateway,Client VPN endpoint
Partner-Integration,mem-0b49465,GCP,2026-05,224.7,0.0,0,158.62,Memorystore,Redis staging cache
Production-Secondary,blob-0837822,AZURE,2026-05,0.0,6454.6,2461189,340.06,Blob Storage,Data lake storage
Shared-Services,ado-01c4881,AZURE,2026-05,0.0,91.7,0,22.71,Azure DevOps,Artifacts storage
Data-Science,clog-092e252,GCP,2026-05,0.0,247.4,0,61.68,Cloud Logging,Audit logs
Marketing-Platform,ps-01f8386,GCP,2026-05,0.0,0.0,17336630,219.0,Pub/Sub,Data pipeline
DevOps-Central,aks-0e16624,AZURE,2026-05,413.7,0.0,0,611.46,AKS,Dev K8s cluster
Staging-Env,csp-00ff406,GCP,2026-05,549.0,79.5,38808539,3326.43,Cloud Spanner,Global transaction DB
Mobile-Backend,sqs-0730520,AWS,2026-05,0.0,0.0,378423,0.19,SQS,Dead letter queue
Mobile-Backend,sqs-0a98298,AWS,2026-05,0.0,0.0,318331,0.15,SQS,Dead letter queue
Mobile-Backend,sb-0b13801,AZURE,2026-05,0.0,0.0,14544126,34.79,Service Bus,Standard messaging
Edge-Network,ebs-09fb469,AWS,2026-05,0.0,177.3,0,21.71,EBS,gp3 volumes staging
Shared-Services,appi-0edc199,AZURE,2026-05,0.0,0.0,40741218,504.56,Application Insights,APM telemetry
Production-Secondary,blob-0a70809,AZURE,2026-05,0.0,16118.5,40463,127.77,Blob Storage,Archive tier
DevOps-Central,vm-0adb335,AZURE,2026-05,672.0,0.0,0,1638.18,Virtual Machines,D8s v3 application server
Production-Secondary,app-0db8839,AZURE,2026-05,573.5,0.0,0,89.93,App Service,Web app B1
Customer-Portal,eh-1049771,AZURE,2026-05,0.0,508.8,0,127.9,Event Hubs,Capture to storage
Shared-Services,rds-01a0568,AWS,2026-05,860.8,604.5,0,2201.34,RDS,db.r5.xlarge PostgreSQL primary
Edge-Network,cf-0310235,AWS,2026-05,0.0,0.0,152335008,747.32,CloudFront,CDN media distribution
Shared-Services,ado-0add561,AZURE,2026-05,0.0,93.0,0,22.57,Azure DevOps,Artifacts storage
Shared-Services,aks-01c2470,AZURE,2026-05,389.7,0.0,0,591.13,AKS,Dev K8s cluster
Production-Secondary,sqldb-09a8374,AZURE,2026-05,452.7,159.2,0,756.48,SQL Database,Standard S3 production
Finance-Systems,rds-04ac243,AWS,2026-05,611.9,844.9,0,2658.99,RDS,db.r5.2xlarge Aurora cluster
Analytics-Platform,vai-0e19502,GCP,2026-05,185.4,0.0,0,916.8,Vertex AI,AutoML jobs
Finance-Systems,eks-0f96669,AWS,2026-05,858.8,0.0,0,2521.43,EKS,Production K8s cluster
Shared-Services,vm-0ea9500,AZURE,2026-05,892.5,0.0,0,3151.83,Virtual Machines,E8s v3 memory-optimized
Marketing-Platform,rds-01e4174,AWS,2026-05,628.0,436.5,0,1209.13,RDS,db.r5.large PostgreSQL replica
Internal-Tools,gke-0cab252,GCP,2026-05,610.3,0.0,0,1816.38,GKE,Production API cluster
Shared-Services,fd-0768299,AZURE,2026-05,0.0,0.0,62674402,462.66,Front Door,Global load balancer
Internal-Tools,clog-0d2a461,GCP,2026-05,0.0,531.0,0,125.71,Cloud Logging,Application logs
Mobile-Backend,vm-081d742,AZURE,2026-05,893.5,0.0,0,1047.16,Virtual Machines,D4s v3 CI runner
DevOps-Central,appi-076d459,AZURE,2026-05,0.0,0.0,66074693,809.96,Application Insights,APM telemetry
Finance-Systems,aks-1127320,AZURE,2026-05,236.5,0.0,0,364.93,AKS,Dev K8s cluster
Shared-Services,ado-01c3479,AZURE,2026-05,546.7,0.0,0,267.2,Azure DevOps,Pipelines hosted
Internal-Tools,cr-08e3742,GCP,2026-05,924.6,0.0,19758204,1390.16,Cloud Run,API gateway service
Partner-Integration,sqs-0cd1270,AWS,2026-05,0.0,0.0,465344,0.23,SQS,Dead letter queue
Production-Main,r53-0708555,AWS,2026-05,0.0,0.0,10469921,15.12,Route 53,Health checks
Finance-Systems,s3-0246846,AWS,2026-05,0.0,1210.9,2362692,101.28,S3,Artifact storage
Production-Secondary,blob-0981146,AZURE,2026-05,0.0,10558.3,101038,310.21,Blob Storage,Backup storage
Staging-Env,vai-04fe557,GCP,2026-05,194.0,0.0,0,972.62,Vertex AI,AutoML jobs
Marketing-Platform,sm-1039320,AWS,2026-05,0.0,0.0,990196,3.91,Secrets Manager,Application secrets
Finance-Systems,elb-0c43172,AWS,2026-05,547.0,0.0,7657789,108.78,ELB,Classic load balancer
Production-Main,s3-0014680,AWS,2026-05,0.0,1789.4,10535408,433.64,S3,Production asset storage
ML-Training,ec-0693709,AWS,2026-05,1097.1,0.0,0,762.29,ElastiCache,Redis production cluster
Production-Secondary,blob-0488174,AZURE,2026-05,0.0,2497.6,6473096,315.42,Blob Storage,Build artifacts
Finance-Systems,app-0548668,AZURE,2026-05,979.1,0.0,0,148.58,App Service,Web app B1
Partner-Integration,sqldb-0665143,AZURE,2026-05,902.4,322.1,0,1544.79,SQL Database,Standard S3 production
Shared-Services,ebs-01a3398,AWS,2026-05,0.0,579.3,0,349.3,EBS,io2 volumes database
IoT-Platform,mem-0362959,GCP,2026-05,335.2,0.0,0,231.77,Memorystore,Redis staging cache
Marketing-Platform,rds-0b94353,AWS,2026-05,318.4,88.6,0,374.77,RDS,db.t3.medium MySQL staging
Partner-Integration,ps-0eee659,GCP,2026-05,0.0,0.0,36406934,439.45,Pub/Sub,Event streaming
Customer-Portal,sentinel-0682220,AZURE,2026-05,0.0,0.0,49810504,1253.57,Microsoft Sentinel,Log analytics
Staging-Env,gcs-0956604,GCP,2026-05,0.0,16913.8,42961,168.96,Cloud Storage,Archive bucket
Shared-Services,ado-0850519,AZURE,2026-05,0.0,71.0,0,17.52,Azure DevOps,Artifacts storage
Compliance-Audit,ses-07fa563,AWS,2026-05,0.0,0.0,1738893,2.01,SES,Transactional email
Internal-Tools,gcs-098f275,GCP,2026-05,0.0,355.0,5566698,64.05,Cloud Storage,Temp processing bucket
Partner-Integration,redis-0663905,AZURE,2026-05,638.5,0.0,0,317.98,Azure Cache for Redis,Standard C2 cache
Edge-Network,vpn-0f3a733,AWS,2026-05,519.0,0.0,0,126.38,VPN Gateway,Client VPN endpoint
Production-Main,gcs-0054726,GCP,2026-05,0.0,17076.3,5725464,509.23,Cloud Storage,Data lake bucket
Production-Secondary,sqldb-006f710,AZURE,2026-05,504.1,173.9,0,832.23,SQL Database,Standard S3 production
Security-Ops,ebs-10a2954,AWS,2026-05,0.0,618.2,0,376.14,EBS,io2 volumes database
Staging-Env,bq-00fb170,GCP,2026-05,0.0,8311.1,0,3224.32,BigQuery,ML training datasets
ML-Training,lam-0f35499,AWS,2026-05,0.0,0.0,12431816,86.6,Lambda,Notification dispatcher
Data-Science,bq-011e164,GCP,2026-05,0.0,7076.1,0,2694.66,BigQuery,Analytics data warehouse
Customer-Portal,ses-099c582,AWS,2026-05,0.0,0.0,735802,0.89,SES,Marketing email
Production-Secondary,redis-0f93554,AZURE,2026-05,983.7,0.0,0,495.1,Azure Cache for Redis,Standard C2 cache
Production-Main,aks-0ee4408,AZURE,2026-05,1164.3,0.0,0,1726.53,AKS,Staging K8s cluster
Compliance-Audit,rs-037f769,AWS,2026-05,0.0,0.0,4692258,237.45,Redshift,Spectrum queries
Partner-Integration,cf-03cf862,AWS,2026-05,0.0,0.0,36374951,179.98,CloudFront,CDN API distribution
DevOps-Central,vm-00dd933,AZURE,2026-05,932.6,0.0,0,569.77,Virtual Machines,D2s v3 utility server
Security-Ops,ecs-04c3278,AWS,2026-05,514.6,0.0,0,941.4,ECS,Fargate API cluster
Marketing-Platform,ddb-0644636,AWS,2026-05,664.5,46.1,73429370,521.94,DynamoDB,Session store table
Internal-Tools,gcs-0bfc844,GCP,2026-05,0.0,2296.8,1139602,352.07,Cloud Storage,Model artifacts
Security-Ops,lam-10f3942,AWS,2026-05,0.0,0.0,3606705,24.91,Lambda,Image resizer
Production-Main,cf-090e801,AWS,2026-05,0.0,0.0,50174814,241.34,CloudFront,CDN API distribution
Production-Main,vm-071d819,AZURE,2026-05,722.6,0.0,0,1749.24,Virtual Machines,D8s v3 application server
Finance-Systems,rds-0a4f386,AWS,2026-05,987.9,689.6,0,2478.75,RDS,db.r5.xlarge PostgreSQL primary
ML-Training,lam-0ec1508,AWS,2026-05,0.0,0.0,11395976,81.1,Lambda,Notification dispatcher
Customer-Portal,fd-048a408,AZURE,2026-05,0.0,0.0,69142934,502.88,Front Door,Global load balancer
Analytics-Platform,cr-0eab693,GCP,2026-05,403.7,0.0,1717683,527.68,Cloud Run,ETL pipeline service
DR-Recovery,fd-0d5c299,AZURE,2026-05,0.0,0.0,78370335,598.33,Front Door,Global load balancer
Customer-Portal,i-0ea6657,AWS,2026-05,637.2,0.0,0,44.7,EC2,t3.micro bastion host
Analytics-Platform,mem-05f3682,GCP,2026-05,610.7,0.0,0,429.23,Memorystore,Redis production cache
Production-Secondary,sqldb-0772825,AZURE,2026-05,458.8,162.8,0,765.04,SQL Database,Standard S3 production
Production-Secondary,ecs-03f5609,AWS,2026-05,297.9,0.0,0,535.72,ECS,Fargate batch cluster
DevOps-Central,kin-06cf628,AWS,2026-05,812.5,0.0,23240998,324.23,Kinesis,Firehose delivery
Data-Science,i-06b7985,AWS,2026-05,752.4,0.0,0,330.62,EC2,t3.medium API server
Security-Ops,ecs-0989841,AWS,2026-05,491.3,0.0,0,857.24,ECS,Fargate API cluster
Production-Main,lam-0006400,AWS,2026-05,0.0,0.0,42272365,298.69,Lambda,Auth token validator
Staging-Env,bq-0662637,GCP,2026-05,0.0,1446.2,0,577.36,BigQuery,BI reporting views
Customer-Portal,eh-0467686,AZURE,2026-05,0.0,593.8,0,148.02,Event Hubs,Capture to storage
Data-Science,cr-0726598,GCP,2026-05,551.1,0.0,2323160,700.23,Cloud Run,ETL pipeline service
Mobile-Backend,vm-08ed373,AZURE,2026-05,515.4,0.0,0,4564.83,Virtual Machines,NC6s v3 GPU VM
Partner-Integration,rds-0f56547,AWS,2026-05,349.1,100.7,0,419.95,RDS,db.t3.medium MySQL staging
Data-Science,clog-0a7e301,GCP,2026-05,0.0,474.5,0,119.2,Cloud Logging,Application logs
Customer-Portal,i-110a445,AWS,2026-05,678.1,0.0,0,574.58,EC2,t3.large application server
Data-Science,cr-117a251,GCP,2026-05,326.3,0.0,1328191,277.36,Cloud Run,Image processor
Production-Main,cf-06a8576,AWS,2026-05,0.0,0.0,90145577,451.67,CloudFront,CDN media distribution
Internal-Tools,rds-0dc8281,AWS,2026-05,510.4,557.6,0,1163.24,RDS,db.m5.xlarge analytics DB
DevOps-Central,aks-10dc270,AZURE,2026-05,308.2,0.0,0,457.67,AKS,Dev K8s cluster
Internal-Tools,s3-0e8e973,AWS,2026-05,0.0,1052.5,2027397,87.75,S3,Artifact storage
Analytics-Platform,cmon-048b548,GCP,2026-05,0.0,0.0,18798186,153.8,Cloud Monitoring,Metrics and alerting
Edge-Network,ebs-0c62549,AWS,2026-05,0.0,171.8,0,20.65,EBS,gp3 volumes staging
Production-Main,lam-0e1f721,AWS,2026-05,0.0,0.0,30399576,212.55,Lambda,Data transformer
QA-Testing,lam-03df419,AWS,2026-05,0.0,0.0,73915503,509.51,Lambda,Auth token validator
Edge-Network,eks-0322850,AWS,2026-05,440.9,0.0,0,1357.03,EKS,Staging K8s cluster
Marketing-Platform,cr-01f7175,GCP,2026-05,496.6,0.0,2054612,645.44,Cloud Run,ETL pipeline service
DR-Recovery,eh-0842602,AZURE,2026-05,0.0,454.2,0,111.38,Event Hubs,Capture to storage
Production-Main,ebs-117e412,AWS,2026-05,0.0,678.3,0,413.22,EBS,io2 volumes database
Internal-Tools,lam-0e60938,AWS,2026-05,0.0,0.0,30951147,218.99,Lambda,API gateway handler
Internal-Tools,gke-0723395,GCP,2026-05,638.8,0.0,0,1886.73,GKE,Production API cluster
Data-Science,ddb-0647670,AWS,2026-05,588.8,82.7,121982832,918.57,DynamoDB,Cache table
Production-Main,s3-06ad806,AWS,2026-05,0.0,14446.3,2922284,503.44,S3,Data lake raw zone
Production-Main,gcs-0cc1765,GCP,2026-05,0.0,22827.0,57030,225.9,Cloud Storage,Archive bucket
Shared-Services,nat-01a5784,AWS,2026-05,560.1,0.0,0,129.78,NAT Gateway,Staging VPC NAT
Data-Science,rds-069c314,AWS,2026-05,571.1,406.3,0,1484.91,RDS,db.r5.xlarge PostgreSQL primary
Internal-Tools,lam-07ca671,AWS,2026-05,0.0,0.0,22985636,156.9,Lambda,Data transformer
Production-Main,lam-104a539,AWS,2026-05,0.0,0.0,35772309,243.6,Lambda,Data transformer
Analytics-Platform,eh-09e2725,AZURE,2026-05,0.0,402.8,0,96.24,Event Hubs,Capture to storage
Finance-Systems,rds-074a363,AWS,2026-05,643.9,722.6,0,1470.04,RDS,db.m5.xlarge analytics DB
Staging-Env,gcf-0c8e538,GCP,2026-05,0.0,0.0,25805920,383.06,Cloud Functions,Pub/Sub processors
Security-Ops,mem-0163703,GCP,2026-05,595.7,0.0,0,421.6,Memorystore,Redis production cache
Customer-Portal,gcf-0429675,GCP,2026-05,0.0,0.0,13213775,197.16,Cloud Functions,Data triggers
Compliance-Audit,ec-04a7468,AWS,2026-05,592.8,0.0,0,428.19,ElastiCache,Redis production cluster
Partner-Integration,fd-03b3380,AZURE,2026-05,0.0,0.0,67354531,497.21,Front Door,Global load balancer
Internal-Tools,lam-0abb122,AWS,2026-05,0.0,0.0,1132941,8.38,Lambda,Cron job runner
Production-Secondary,blob-0e0e879,AZURE,2026-05,0.0,13999.3,35298,111.03,Blob Storage,Archive tier
Mobile-Backend,ebs-086b693,AWS,2026-05,0.0,3564.8,0,159.82,EBS,st1 volumes archive
Edge-Network,rds-0457903,AWS,2026-05,483.5,338.0,0,1194.42,RDS,db.r5.xlarge PostgreSQL primary
Compliance-Audit,sm-05b3121,AWS,2026-05,0.0,0.0,1192739,4.68,Secrets Manager,Application secrets
Internal-Tools,aks-0697488,AZURE,2026-05,239.5,0.0,0,348.93,AKS,Dev K8s cluster
IoT-Platform,csql-057c410,GCP,2026-05,856.2,242.0,0,1357.69,Cloud SQL,PostgreSQL primary
Staging-Env,gcs-08f2137,GCP,2026-05,0.0,15117.8,37420,144.24,Cloud Storage,Archive bucket
Security-Ops,s3-0185416,AWS,2026-05,0.0,5570.9,334067,136.5,S3,Log archive bucket
Customer-Portal,fs-0821122,GCP,2026-05,755.5,52.7,31285010,424.5,Firestore,User profiles DB
Production-Main,lam-0be7690,AWS,2026-05,0.0,0.0,7154956,48.65,Lambda,Notification dispatcher
Shared-Services,nat-0713424,AWS,2026-05,600.9,0.0,0,133.14,NAT Gateway,Staging VPC NAT
Analytics-Platform,clog-0a78329,GCP,2026-05,0.0,444.7,0,111.31,Cloud Logging,Application logs
Customer-Portal,sb-08f0351,AZURE,2026-05,659.7,0.0,9395261,504.12,Service Bus,Premium messaging
Finance-Systems,rds-0545685,AWS,2026-05,912.7,628.6,0,2246.09,RDS,db.r5.xlarge PostgreSQL primary
Analytics-Platform,bq-08d4406,GCP,2026-05,0.0,2046.7,0,815.79,BigQuery,BI reporting views
ML-Training,rs-0364324,AWS,2026-05,0.0,0.0,4144004,201.72,Redshift,Spectrum queries
Internal-Tools,rds-04c8593,AWS,2026-05,576.8,653.2,0,1358.01,RDS,db.m5.xlarge analytics DB
Production-Main,cf-0c6e848,AWS,2026-05,0.0,0.0,32204386,159.91,CloudFront,CDN API distribution
Finance-Systems,clog-023a470,GCP,2026-05,0.0,206.4,0,50.7,Cloud Logging,Audit logs
Customer-Portal,redis-0d24250,AZURE,2026-05,923.1,0.0,0,465.46,Azure Cache for Redis,Standard C2 cache
Data-Science,nat-0568861,AWS,2026-05,465.9,0.0,0,104.73,NAT Gateway,Staging VPC NAT
Compliance-Audit,rds-0424610,AWS,2026-05,657.3,456.6,0,1694.31,RDS,db.r5.xlarge PostgreSQL primary
Internal-Tools,sqs-02ae931,AWS,2026-05,0.0,0.0,563882,0.28,SQS,Dead letter queue
Finance-Systems,sentinel-0ce7822,AZURE,2026-05,0.0,0.0,93683455,2351.87,Microsoft Sentinel,SIEM detection
Internal-Tools,ec-0a53778,AWS,2026-05,553.7,0.0,0,397.78,ElastiCache,Redis production cluster
Internal-Tools,lam-02c9216,AWS,2026-05,0.0,0.0,35535241,243.35,Lambda,API gateway handler
Shared-Services,rds-07c6808,AWS,2026-05,538.1,156.2,0,495.09,RDS,db.t3.large development DB
Shared-Services,func-1016313,AZURE,2026-05,0.0,0.0,3186156,48.37,Azure Functions,Webhook processor
Production-Secondary,redis-0c21685,AZURE,2026-05,926.8,0.0,0,1143.9,Azure Cache for Redis,Premium P1 cache
Security-Ops,ecs-0f99165,AWS,2026-05,397.2,0.0,0,705.21,ECS,Fargate API cluster
Shared-Services,rds-0b02683,AWS,2026-05,479.8,650.6,0,2101.0,RDS,db.r5.2xlarge Aurora cluster
Marketing-Platform,rs-01d2424,AWS,2026-05,532.7,1523.6,0,2691.57,Redshift,Data warehouse cluster
Production-Secondary,sqldb-06a0823,AZURE,2026-05,575.0,198.5,0,938.26,SQL Database,Standard S3 production
Internal-Tools,aks-04c1633,AZURE,2026-05,1371.5,0.0,0,2040.01,AKS,Staging K8s cluster
Security-Ops,bq-0b46741,GCP,2026-05,0.0,6993.7,0,2730.88,BigQuery,Analytics data warehouse
Security-Ops,lam-0aaf344,AWS,2026-05,0.0,0.0,4207147,29.31,Lambda,Image resizer
Marketing-Platform,cr-10aa944,GCP,2026-05,427.3,0.0,1801898,549.31,Cloud Run,ETL pipeline service
Compliance-Audit,i-0d15800,AWS,2026-05,586.5,0.0,0,849.2,EC2,c5.xlarge compute worker
Edge-Network,s3-0fda230,AWS,2026-05,0.0,1023.3,2022043,88.23,S3,Artifact storage
Production-Main,cmon-0a6d976,GCP,2026-05,0.0,0.0,25741081,202.14,Cloud Monitoring,Metrics and alerting
Production-Secondary,app-1121363,AZURE,2026-05,1209.4,0.0,0,737.93,App Service,Web app P1v3
Analytics-Platform,bq-04ee997,GCP,2026-05,0.0,14715.0,0,5923.24,BigQuery,ML training datasets
Security-Ops,s3-0b4a511,AWS,2026-05,0.0,4929.5,309584,123.28,S3,Log archive bucket
Data-Science,csql-0443816,GCP,2026-05,683.7,466.9,0,1299.02,Cloud SQL,MySQL analytics
QA-Testing,r53-0d45682,AWS,2026-05,0.0,0.0,47350116,72.18,Route 53,DNS hosting
QA-Testing,r53-03ea149,AWS,2026-05,0.0,0.0,10483029,15.97,Route 53,Health checks
Internal-Tools,ec-0588801,AWS,2026-05,497.7,0.0,0,365.29,ElastiCache,Redis production cluster
Analytics-Platform,cr-00ba535,GCP,2026-05,485.7,0.0,2064290,635.68,Cloud Run,ETL pipeline service
Security-Ops,ecs-076f734,AWS,2026-05,142.1,0.0,0,256.09,ECS,Fargate batch cluster
Production-Main,s3-076c637,AWS,2026-05,0.0,47.5,23331200,153.18,S3,Static website hosting
Data-Science,clog-0f9e217,GCP,2026-05,0.0,410.6,0,100.67,Cloud Logging,Application logs
Internal-Tools,ec-0497288,AWS,2026-05,474.3,0.0,0,330.65,ElastiCache,Redis production cluster
Production-Main,aks-0b11718,AZURE,2026-05,560.0,0.0,0,2473.38,AKS,Production K8s cluster
Shared-Services,gcs-0d20611,GCP,2026-05,0.0,510.5,8103627,93.43,Cloud Storage,Temp processing bucket
Production-Secondary,sqldb-04cb316,AZURE,2026-05,444.2,156.2,0,723.34,SQL Database,Standard S3 production
Production-Secondary,vai-105f825,GCP,2026-05,212.0,0.0,0,1047.47,Vertex AI,AutoML jobs
Finance-Systems,sentinel-0984463,AZURE,2026-05,0.0,0.0,119198710,2958.72,Microsoft Sentinel,SIEM detection
Production-Secondary,acr-0a81124,AZURE,2026-05,0.0,237.5,469614,149.32,Container Registry,Docker image registry
Partner-Integration,vai-1186733,GCP,2026-05,600.4,0.0,0,2941.96,Vertex AI,Training pipelines
Marketing-Platform,rds-0fe1560,AWS,2026-05,497.5,347.5,0,986.87,RDS,db.r5.large PostgreSQL replica
Analytics-Platform,bq-09ec448,GCP,2026-05,0.0,1916.3,0,764.29,BigQuery,BI reporting views
DevOps-Central,blob-060f173,AZURE,2026-05,0.0,4376.2,0,427.16,Blob Storage,Security audit logs
Customer-Portal,elb-0a54570,AWS,2026-05,693.1,0.0,29052598,208.83,ELB,Application load balancer
Internal-Tools,lam-0782653,AWS,2026-05,0.0,0.0,1133335,8.41,Lambda,Cron job runner
Customer-Portal,s3-0417989,AWS,2026-05,0.0,16379.8,3329281,556.98,S3,Data lake raw zone
Staging-Env,gcs-08f9516,GCP,2026-05,0.0,16872.3,41870,172.08,Cloud Storage,Archive bucket
Customer-Portal,mem-0277393,GCP,2026-05,361.6,0.0,0,265.03,Memorystore,Redis staging cache
Marketing-Platform,ps-0c52845,GCP,2026-05,0.0,0.0,44009362,533.52,Pub/Sub,Log forwarding
DevOps-Central,appi-0710252,AZURE,2026-05,0.0,0.0,52415881,667.18,Application Insights,APM telemetry
Staging-Env,cr-0448765,GCP,2026-05,680.5,0.0,2862974,871.79,Cloud Run,ETL pipeline service
Mobile-Backend,sqldb-0f79775,AZURE,2026-05,832.2,300.6,0,1376.68,SQL Database,Standard S3 production
Internal-Tools,s3-02bb548,AWS,2026-05,0.0,1001.3,1956311,83.61,S3,Artifact storage
Shared-Services,rds-0533968,AWS,2026-05,626.1,431.9,0,1193.9,RDS,db.r5.large PostgreSQL replica
Edge-Network,s3-0ec2367,AWS,2026-05,0.0,922.1,1775361,77.62,S3,Artifact storage
Marketing-Platform,cdns-0edd593,GCP,2026-05,0.0,0.0,13507158,19.84,Cloud DNS,DNS zones
Security-Ops,bq-1170876,GCP,2026-05,0.0,1698.2,0,663.41,BigQuery,BI reporting views
Marketing-Platform,vpn-0a2e654,AWS,2026-05,793.6,0.0,0,197.02,VPN Gateway,Client VPN endpoint
Data-Science,blob-0fc5519,AZURE,2026-05,0.0,10290.0,100486,299.04,Blob Storage,Backup storage
Analytics-Platform,clog-06d5147,GCP,2026-05,0.0,386.5,0,94.3,Cloud Logging,Application logs
Production-Main,ecs-082a733,AWS,2026-05,404.7,0.0,0,738.68,ECS,Fargate worker cluster
IoT-Platform,csql-09b6525,GCP,2026-05,894.3,248.5,0,1442.9,Cloud SQL,PostgreSQL primary
Marketing-Platform,mem-0c1f707,GCP,2026-05,545.4,0.0,0,385.04,Memorystore,Redis production cache
Internal-Tools,cf-095a942,AWS,2026-05,0.0,0.0,44710508,222.15,CloudFront,CDN API distribution
Production-Secondary,aks-05a2662,AZURE,2026-05,320.8,0.0,0,468.52,AKS,Dev K8s cluster
Partner-Integration,elb-0f50855,AWS,2026-05,753.9,0.0,10326118,150.29,ELB,Classic load balancer
DevOps-Central,sentinel-0844469,AZURE,2026-05,0.0,0.0,42200793,1054.51,Microsoft Sentinel,Log analytics
Production-Secondary,r53-0087224,AWS,2026-05,0.0,0.0,63202740,96.07,Route 53,DNS hosting
IoT-Platform,bq-0356304,GCP,2026-05,0.0,6470.8,0,2546.35,BigQuery,Analytics data warehouse
Shared-Services,rds-0798140,AWS,2026-05,542.9,755.6,0,2379.44,RDS,db.r5.2xlarge Aurora cluster
Shared-Services,fd-0c6c604,AZURE,2026-05,0.0,0.0,62926201,475.77,Front Door,Global load balancer
Shared-Services,rds-088e703,AWS,2026-05,511.7,719.4,0,2259.61,RDS,db.r5.2xlarge Aurora cluster
Production-Secondary,ca-0099778,GCP,2026-05,0.0,0.0,103838852,397.66,Cloud Armor,WAF policies
Customer-Portal,elb-062f711,AWS,2026-05,734.6,0.0,30625486,225.96,ELB,Application load balancer
Shared-Services,nat-0e1a884,AWS,2026-05,570.9,0.0,0,133.11,NAT Gateway,Staging VPC NAT
Finance-Systems,blob-0bfe263,AZURE,2026-05,0.0,6567.7,67192,191.62,Blob Storage,Backup storage
Production-Secondary,acr-0cdd824,AZURE,2026-05,0.0,201.5,401821,131.93,Container Registry,Docker image registry
Compliance-Audit,elb-04ca178,AWS,2026-05,444.3,0.0,31890032,197.04,ELB,Network load balancer
Mobile-Backend,vm-09c7745,AZURE,2026-05,764.5,0.0,0,915.09,Virtual Machines,D4s v3 CI runner
Internal-Tools,nat-0a69775,AWS,2026-05,550.9,0.0,0,125.07,NAT Gateway,Dev VPC NAT
Finance-Systems,s3-0515672,AWS,2026-05,0.0,1246.1,2473614,109.7,S3,Artifact storage
Security-Ops,ecs-07d0252,AWS,2026-05,480.8,0.0,0,843.77,ECS,Fargate API cluster
Internal-Tools,s3-052b864,AWS,2026-05,0.0,3887.7,6077396,272.57,S3,Media content bucket
Security-Ops,sqs-0cca144,AWS,2026-05,0.0,0.0,45226529,22.01,SQS,Event notification queue
Internal-Tools,cf-0809156,AWS,2026-05,0.0,0.0,142015836,692.04,CloudFront,CDN media distribution
Marketing-Platform,sqs-0652126,AWS,2026-05,0.0,0.0,460460,0.22,SQS,Dead letter queue
Shared-Services,app-0e7a761,AZURE,2026-05,990.8,0.0,0,1207.1,App Service,API app P2v3
Partner-Integration,ddb-03d5405,AWS,2026-05,670.8,9.2,4683634,81.19,DynamoDB,Config store table
Customer-Portal,ses-06a6724,AWS,2026-05,0.0,0.0,665186,0.79,SES,Marketing email
Security-Ops,sm-08b5882,AWS,2026-05,0.0,0.0,1196360,4.69,Secrets Manager,Application secrets
Shared-Services,kv-01cc830,AZURE,2026-05,0.0,0.0,394508,1.18,Key Vault,Certificate store
Compliance-Audit,rds-04d9582,AWS,2026-05,340.8,98.1,0,399.82,RDS,db.t3.medium MySQL staging
Compliance-Audit,sns-0399927,AWS,2026-05,0.0,0.0,13245580,6.6,SNS,Alert notifications
Analytics-Platform,kv-06cd417,AZURE,2026-05,0.0,0.0,1723611,5.14,Key Vault,Secrets management
Edge-Network,ps-02fd764,GCP,2026-05,0.0,0.0,44546502,540.91,Pub/Sub,Log forwarding
Compliance-Audit,eks-101f873,AWS,2026-05,601.2,0.0,0,1822.2,EKS,Production K8s cluster
Data-Science,i-0b8e813,AWS,2026-05,448.9,0.0,0,1522.02,EC2,m5.2xlarge batch processor
Production-Secondary,blob-0fe2396,AZURE,2026-05,0.0,2362.1,6447015,309.31,Blob Storage,Build artifacts
Production-Main,vm-0038294,AZURE,2026-05,610.2,0.0,0,719.97,Virtual Machines,D4s v3 CI runner
Customer-Portal,cosmos-0ea0245,AZURE,2026-05,573.8,81.4,20358844,755.65,Cosmos DB,Event store
Marketing-Platform,rs-063e686,AWS,2026-05,0.0,0.0,5965684,297.91,Redshift,Spectrum queries
Security-Ops,ca-0b40128,GCP,2026-05,0.0,0.0,90296263,337.86,Cloud Armor,WAF policies
Shared-Services,kv-0adc624,AZURE,2026-05,0.0,0.0,369599,1.11,Key Vault,Certificate store
Partner-Integration,redis-0d95457,AZURE,2026-05,601.8,0.0,0,725.32,Azure Cache for Redis,Premium P1 cache
IoT-Platform,csql-0938911,GCP,2026-05,729.2,206.4,0,1185.13,Cloud SQL,PostgreSQL primary
Shared-Services,gcs-1094454,GCP,2026-05,0.0,7267.7,178238,163.3,Cloud Storage,Backup bucket
Mobile-Backend,acr-0340268,AZURE,2026-05,0.0,195.3,388370,127.21,Container Registry,Docker image registry
Internal-Tools,ebs-113b578,AWS,2026-05,0.0,379.9,0,233.19,EBS,io2 volumes database
Staging-Env,gcs-085c168,GCP,2026-05,0.0,11204.5,3579256,327.95,Cloud Storage,Data lake bucket
Production-Main,cosmos-0e2c318,AZURE,2026-05,689.9,99.5,24399375,903.19,Cosmos DB,Event store
Production-Main,sentinel-0deb616,AZURE,2026-05,0.0,0.0,73368186,1820.19,Microsoft Sentinel,SIEM detection
Partner-Integration,elb-06d8314,AWS,2026-05,678.7,0.0,9319868,133.4,ELB,Classic load balancer
Shared-Services,vm-0fe0559,AZURE,2026-05,954.8,0.0,0,1144.09,Virtual Machines,D4s v3 CI runner
Compliance-Audit,ses-0d16832,AWS,2026-05,0.0,0.0,1731638,2.04,SES,Transactional email
Shared-Services,s3-0eda156,AWS,2026-05,0.0,13789.1,2722552,470.85,S3,Data lake raw zone
Finance-Systems,clog-0ec6304,GCP,2026-05,0.0,219.7,0,52.16,Cloud Logging,Audit logs
Production-Secondary,elb-0487699,AWS,2026-05,634.3,0.0,27057476,195.14,ELB,Application load balancer
Production-Secondary,vai-0094955,GCP,2026-05,589.9,0.0,0,2961.37,Vertex AI,Training pipelines
Marketing-Platform,cdns-041b779,GCP,2026-05,0.0,0.0,14009185,20.45,Cloud DNS,DNS zones
Edge-Network,ebs-06de655,AWS,2026-05,0.0,129.4,0,15.47,EBS,gp3 volumes staging
Internal-Tools,lam-0f9d732,AWS,2026-05,0.0,0.0,15047418,101.86,Lambda,Event processor
Customer-Portal,bq-0615458,GCP,2026-05,0.0,944.2,0,362.26,BigQuery,Data export queries
Data-Science,mem-0129294,GCP,2026-05,333.5,0.0,0,238.02,Memorystore,Redis staging cache
Production-Main,cdns-06c9194,GCP,2026-05,0.0,0.0,17455123,26.19,Cloud DNS,DNS zones
Customer-Portal,vm-0b93566,AZURE,2026-05,811.3,0.0,0,243.69,Virtual Machines,B2s development VM
Internal-Tools,s3-0556224,AWS,2026-05,0.0,3942.4,6045900,276.83,S3,Media content bucket
Data-Science,gke-012b441,GCP,2026-05,1498.0,0.0,0,2999.9,GKE,ML training cluster
Production-Secondary,clog-0091888,GCP,2026-05,0.0,485.3,0,117.61,Cloud Logging,Application logs
Compliance-Audit,i-0af0314,AWS,2026-05,525.9,0.0,0,223.36,EC2,t3.medium API server
Shared-Services,rds-0454133,AWS,2026-05,551.3,385.3,0,1073.27,RDS,db.r5.large PostgreSQL replica
Analytics-Platform,gcs-0c3d467,GCP,2026-05,0.0,2326.7,2251648,159.65,Cloud Storage,Media assets bucket
Staging-Env,cdns-1139865,GCP,2026-05,0.0,0.0,14868228,21.74,Cloud DNS,DNS zones
Mobile-Backend,aks-046c326,AZURE,2026-05,959.1,0.0,0,1408.25,AKS,Staging K8s cluster
Compliance-Audit,ecs-0e22271,AWS,2026-05,409.5,0.0,0,742.09,ECS,Fargate worker cluster
Security-Ops,gcs-0161732,GCP,2026-05,0.0,6282.7,152774,142.28,Cloud Storage,Backup bucket
DevOps-Central,kin-00ca857,AWS,2026-05,780.0,0.0,31985352,469.91,Kinesis,Data stream ingestion
Analytics-Platform,csql-0e53229,GCP,2026-05,701.4,193.6,0,841.5,Cloud SQL,PostgreSQL replica
Production-Main,ec-0bc4932,AWS,2026-05,1006.5,0.0,0,734.53,ElastiCache,Redis production cluster
Production-Main,ca-07a3445,GCP,2026-05,0.0,0.0,105223392,390.07,Cloud Armor,WAF policies
Partner-Integration,gcs-06f1329,GCP,2026-05,0.0,16997.6,42568,164.44,Cloud Storage,Archive bucket
Internal-Tools,s3-0cf7590,AWS,2026-05,0.0,6607.2,412893,159.39,S3,Log archive bucket
Security-Ops,s3-0182639,AWS,2026-05,0.0,3401.4,20242377,807.29,S3,Production asset storage
Shared-Services,sb-111b141,AZURE,2026-05,556.1,0.0,7565848,417.79,Service Bus,Premium messaging
Data-Science,i-0e0c224,AWS,2026-05,354.9,0.0,0,993.77,EC2,c5.2xlarge HPC node
Partner-Integration,ecs-03d7683,AWS,2026-05,434.7,0.0,0,761.42,ECS,Fargate API cluster
Security-Ops,lam-0988526,AWS,2026-05,0.0,0.0,21642862,152.32,Lambda,Data transformer
Finance-Systems,s3-079a209,AWS,2026-05,0.0,5161.1,8235741,362.09,S3,Media content bucket
Production-Secondary,vai-112f326,GCP,2026-05,622.8,0.0,0,3156.78,Vertex AI,Training pipelines
Partner-Integration,sb-08a4958,AZURE,2026-05,585.2,0.0,8120321,441.19,Service Bus,Premium messaging
Partner-Integration,sm-0ed5679,AWS,2026-05,0.0,0.0,1474346,5.7,Secrets Manager,Application secrets
Production-Main,r53-0012755,AWS,2026-05,0.0,0.0,13323759,19.22,Route 53,Health checks
Staging-Env,gcs-043e773,GCP,2026-05,0.0,11195.3,3740609,327.69,Cloud Storage,Data lake bucket
Shared-Services,clog-0ca9614,GCP,2026-05,0.0,272.5,0,65.05,Cloud Logging,Audit logs
DevOps-Central,redis-0ff6273,AZURE,2026-05,674.7,0.0,0,783.26,Azure Cache for Redis,Premium P1 cache
Edge-Network,ebs-0dd1202,AWS,2026-05,0.0,199.7,0,24.63,EBS,gp3 volumes staging
Customer-Portal,blob-09de529,AZURE,2026-05,0.0,5677.1,0,553.04,Blob Storage,Security audit logs
Data-Science,rds-0d7c680,AWS,2026-05,799.4,224.5,0,707.9,RDS,db.t3.large development DB
Shared-Services,vm-0b6d990,AZURE,2026-05,594.8,0.0,0,2066.02,Virtual Machines,E8s v3 memory-optimized
Mobile-Backend,sqldb-0c69847,AZURE,2026-05,690.1,248.3,0,1158.33,SQL Database,Standard S3 production
Staging-Env,fs-0414599,GCP,2026-05,574.4,15.7,40068659,404.8,Firestore,Session store
Finance-Systems,cr-0f69206,GCP,2026-05,610.7,0.0,2519509,773.57,Cloud Run,ETL pipeline service
DR-Recovery,azmon-02f9948,AZURE,2026-05,0.0,252.5,33860238,356.7,Azure Monitor,Logs and metrics
Production-Main,s3-0016611,AWS,2026-05,0.0,811.8,1588594,69.65,S3,Artifact storage
Edge-Network,ecs-0320455,AWS,2026-05,183.5,0.0,0,338.7,ECS,Fargate batch cluster
Partner-Integration,azmon-0f4d156,AZURE,2026-05,0.0,215.8,29049569,302.6,Azure Monitor,Logs and metrics
Finance-Systems,cr-0983776,GCP,2026-05,258.3,0.0,2141693,223.03,Cloud Run,Webhook handler
Analytics-Platform,clog-10d3731,GCP,2026-05,0.0,398.9,0,98.77,Cloud Logging,Application logs
Customer-Portal,sb-0267468,AZURE,2026-05,0.0,0.0,17331102,42.38,Service Bus,Standard messaging
Data-Science,gke-012d310,GCP,2026-05,574.5,0.0,0,1719.35,GKE,Batch processing cluster
Production-Secondary,app-0df0743,AZURE,2026-05,629.9,0.0,0,95.81,App Service,Web app B1
Marketing-Platform,sqs-01db272,AWS,2026-05,0.0,0.0,491023,0.24,SQS,Dead letter queue
Shared-Services,rds-09c6142,AWS,2026-05,563.6,397.1,0,1110.61,RDS,db.r5.large PostgreSQL replica
Partner-Integration,rds-086c113,AWS,2026-05,435.9,122.6,0,509.11,RDS,db.t3.medium MySQL staging
Production-Secondary,blob-0afc132,AZURE,2026-05,0.0,2650.9,6324614,415.49,Blob Storage,Media content
Marketing-Platform,i-0dcc735,AWS,2026-05,515.9,0.0,0,456.72,EC2,m5.large monitoring server
Security-Ops,lam-0e9d376,AWS,2026-05,0.0,0.0,21792650,152.62,Lambda,Data transformer
Security-Ops,lam-017b358,AWS,2026-05,0.0,0.0,56419434,379.32,Lambda,Auth token validator
Security-Ops,s3-0540342,AWS,2026-05,0.0,16775.5,3268995,568.62,S3,Data lake raw zone
Mobile-Backend,kin-0db1783,AWS,2026-05,584.5,0.0,23775559,340.13,Kinesis,Data stream ingestion
Production-Secondary,r53-0088920,AWS,2026-05,0.0,0.0,9564195,14.64,Route 53,Health checks
Analytics-Platform,aks-0a79530,AZURE,2026-05,1159.1,0.0,0,1758.15,AKS,Staging K8s cluster
Security-Ops,clog-06f4781,GCP,2026-05,0.0,525.8,0,126.27,Cloud Logging,Application logs
Finance-Systems,blob-0f5c178,AZURE,2026-05,0.0,2123.1,5428941,341.5,Blob Storage,Media content
DevOps-Central,ec-07fb671,AWS,2026-05,746.7,0.0,0,537.2,ElastiCache,Redis production cluster
Mobile-Backend,vm-0f40851,AZURE,2026-05,874.3,0.0,0,1048.47,Virtual Machines,D4s v3 CI runner
Marketing-Platform,vpn-0547838,AWS,2026-05,915.3,0.0,0,462.21,VPN Gateway,Site-to-site VPN
Analytics-Platform,mem-0be0769,GCP,2026-05,375.7,0.0,0,263.12,Memorystore,Redis staging cache
Security-Ops,sm-0192528,AWS,2026-05,0.0,0.0,991763,4.04,Secrets Manager,Application secrets
Finance-Systems,cosmos-09b9465,AZURE,2026-05,569.7,162.6,31419889,1267.88,Cosmos DB,User data store
Marketing-Platform,rds-0dc3816,AWS,2026-05,659.4,471.3,0,1277.18,RDS,db.r5.large PostgreSQL replica
Customer-Portal,blob-0c6b861,AZURE,2026-05,0.0,4168.9,0,412.3,Blob Storage,Security audit logs
Analytics-Platform,ps-00b0784,GCP,2026-05,0.0,0.0,42155337,518.52,Pub/Sub,Log forwarding
Data-Science,ses-014b619,AWS,2026-05,0.0,0.0,368164,0.43,SES,Marketing email
Compliance-Audit,i-0b1a567,AWS,2026-05,695.1,0.0,0,575.76,EC2,m5.large monitoring server
Marketing-Platform,sm-0e0b262,AWS,2026-05,0.0,0.0,904382,3.62,Secrets Manager,Application secrets
Data-Science,cmon-0119114,GCP,2026-05,0.0,0.0,35620557,286.6,Cloud Monitoring,Metrics and alerting
DevOps-Central,vm-1176875,AZURE,2026-05,778.0,0.0,0,236.49,Virtual Machines,B2s development VM
Marketing-Platform,mem-0bec716,GCP,2026-05,614.2,0.0,0,433.35,Memorystore,Redis production cache
DevOps-Central,aks-0b9b612,AZURE,2026-05,357.5,0.0,0,540.36,AKS,Dev K8s cluster
Edge-Network,i-07f9917,AWS,2026-05,569.2,0.0,0,1920.84,EC2,m5.2xlarge batch processor
ML-Training,i-07b3955,AWS,2026-05,702.3,0.0,0,606.38,EC2,m5.large monitoring server
Data-Science,fd-0551933,AZURE,2026-05,0.0,0.0,35656481,264.46,Front Door,Global load balancer
Finance-Systems,cosmos-021a338,AZURE,2026-05,576.3,41.8,12297661,400.11,Cosmos DB,Config store
Analytics-Platform,clog-00b2916,GCP,2026-05,0.0,413.9,0,101.3,Cloud Logging,Application logs
Production-Secondary,rs-0085981,AWS,2026-05,918.7,2501.6,0,4562.82,Redshift,Data warehouse cluster
IoT-Platform,cr-07ba478,GCP,2026-05,584.2,0.0,12403169,855.05,Cloud Run,API gateway service
Staging-Env,gcf-07b5689,GCP,2026-05,0.0,0.0,6547066,95.63,Cloud Functions,Auth handlers
Marketing-Platform,csp-059d134,GCP,2026-05,1012.7,143.6,70668401,6158.91,Cloud Spanner,Global transaction DB
Finance-Systems,s3-0475629,AWS,2026-05,0.0,57.0,28700340,180.03,S3,Static website hosting
Marketing-Platform,gcf-0b09565,GCP,2026-05,0.0,0.0,1970459,29.67,Cloud Functions,Scheduled tasks
Partner-Integration,sqs-080f764,AWS,2026-05,0.0,0.0,441767,0.22,SQS,Dead letter queue
Edge-Network,lam-0f3f242,AWS,2026-05,0.0,0.0,20634497,139.89,Lambda,Data transformer
Customer-Portal,blob-09e3556,AZURE,2026-05,0.0,2522.3,6292336,406.2,Blob Storage,Media content
Compliance-Audit,rs-115c829,AWS,2026-05,0.0,0.0,4761076,233.53,Redshift,Spectrum queries
Edge-Network,vai-0cfa846,GCP,2026-05,649.6,0.0,7159653,1348.36,Vertex AI,Model serving endpoints
Customer-Portal,vpn-10ed434,AWS,2026-05,935.3,0.0,0,237.49,VPN Gateway,Client VPN endpoint
DR-Recovery,appi-0b58118,AZURE,2026-05,0.0,0.0,16459343,200.96,Application Insights,Custom metrics
Compliance-Audit,ses-1003965,AWS,2026-05,0.0,0.0,1572834,1.85,SES,Transactional email
Marketing-Platform,gke-10ee847,GCP,2026-05,4165.9,0.0,0,8061.27,GKE,GPU node pool
Mobile-Backend,vm-0433725,AZURE,2026-05,772.3,0.0,0,1077.22,Virtual Machines,F4s v2 compute node
Shared-Services,cosmos-05aa586,AZURE,2026-05,619.4,89.3,21705156,819.63,Cosmos DB,Event store
Internal-Tools,rds-0bea427,AWS,2026-05,934.6,1286.9,0,4015.99,RDS,db.r5.2xlarge Aurora cluster
ML-Training,r53-0370851,AWS,2026-05,0.0,0.0,45214621,69.01,Route 53,DNS hosting
Mobile-Backend,acr-0d36117,AZURE,2026-05,0.0,221.3,434767,144.82,Container Registry,Docker image registry
Finance-Systems,blob-1130845,AZURE,2026-05,0.0,9391.3,92865,279.57,Blob Storage,Backup storage
DR-Recovery,cosmos-02ee235,AZURE,2026-05,809.0,233.3,46090803,1781.69,Cosmos DB,User data store
Customer-Portal,acr-0939368,AZURE,2026-05,0.0,223.6,437647,146.19,Container Registry,Docker image registry
ML-Training,i-08d8148,AWS,2026-05,602.9,0.0,0,2017.74,EC2,r5.2xlarge database server
Shared-Services,sb-07c5344,AZURE,2026-05,492.3,0.0,6984467,384.27,Service Bus,Premium messaging
Production-Main,app-08b7973,AZURE,2026-05,502.9,0.0,0,603.56,App Service,API app P2v3
Mobile-Backend,azmon-0d40534,AZURE,2026-05,0.0,266.5,34345277,367.54,Azure Monitor,Logs and metrics
Analytics-Platform,eh-0d75846,AZURE,2026-05,605.9,0.0,24717531,271.49,Event Hubs,Standard throughput units
Production-Secondary,kv-0ae0339,AZURE,2026-05,0.0,0.0,2097182,6.18,Key Vault,Secrets management
Data-Science,bq-011d724,GCP,2026-05,0.0,1788.3,0,692.78,BigQuery,BI reporting views
Analytics-Platform,vai-108c424,GCP,2026-05,214.3,0.0,0,1053.85,Vertex AI,AutoML jobs
DevOps-Central,ddb-00cf819,AWS,2026-05,801.4,11.3,5564244,99.92,DynamoDB,Config store table
DevOps-Central,cosmos-00ed713,AZURE,2026-05,668.8,93.7,23043068,857.32,Cosmos DB,Event store
ML-Training,ec-0ee1247,AWS,2026-05,833.9,0.0,0,603.66,ElastiCache,Redis production cluster
Customer-Portal,blob-0c5b230,AZURE,2026-05,0.0,4572.9,0,451.27,Blob Storage,Security audit logs
Edge-Network,sns-103a136,AWS,2026-05,0.0,0.0,13391647,6.68,SNS,Alert notifications
Mobile-Backend,sb-0ad6340,AZURE,2026-05,0.0,0.0,13991602,35.41,Service Bus,Standard messaging
Edge-Network,sns-1116196,AWS,2026-05,0.0,0.0,11180262,5.58,SNS,Alert notifications
Compliance-Audit,sm-113a398,AWS,2026-05,0.0,0.0,1261198,4.98,Secrets Manager,Application secrets
Production-Secondary,aks-0bff445,AZURE,2026-05,1380.0,0.0,0,2033.5,AKS,Staging K8s cluster
Production-Main,i-0e83752,AWS,2026-05,558.0,0.0,0,1920.9,EC2,m5.2xlarge batch processor
IoT-Platform,csp-0ba0507,GCP,2026-05,980.0,136.3,66727048,5874.61,Cloud Spanner,Global transaction DB
Shared-Services,r53-0b86525,AWS,2026-05,0.0,0.0,68259093,102.07,Route 53,DNS hosting
Internal-Tools,elb-02b8525,AWS,2026-05,526.7,0.0,21934159,161.4,ELB,Application load balancer
Shared-Services,func-01c9726,AZURE,2026-05,0.0,0.0,9726692,140.9,Azure Functions,Event processors
Security-Ops,ca-0176613,GCP,2026-05,0.0,0.0,104603703,398.67,Cloud Armor,WAF policies
Customer-Portal,app-026b326,AZURE,2026-05,741.0,0.0,0,905.08,App Service,API app P2v3
Production-Secondary,appi-0059233,AZURE,2026-05,0.0,0.0,45206143,554.96,Application Insights,APM telemetry
Staging-Env,gke-0c35243,GCP,2026-05,685.4,0.0,0,1985.93,GKE,Production API cluster
QA-Testing,ses-062e201,AWS,2026-05,0.0,0.0,2542487,3.08,SES,Transactional email
Marketing-Platform,mem-0fe3237,GCP,2026-05,529.1,0.0,0,379.32,Memorystore,Redis production cache
Data-Science,gcf-08ad127,GCP,2026-05,0.0,0.0,9941899,144.6,Cloud Functions,Auth handlers
Mobile-Backend,vm-0cf4927,AZURE,2026-05,886.9,0.0,0,2172.61,Virtual Machines,D8s v3 application server
Finance-Systems,gcf-08be587,GCP,2026-05,0.0,0.0,13993069,212.71,Cloud Functions,Data triggers
Edge-Network,i-0634118,AWS,2026-05,742.2,0.0,0,2601.66,EC2,r5.2xlarge database server
Edge-Network,s3-0319797,AWS,2026-05,0.0,12324.9,123278,278.55,S3,Backup storage bucket
Production-Main,lam-000b396,AWS,2026-05,0.0,0.0,16353146,114.51,Lambda,Event processor
Marketing-Platform,cmon-01fe252,GCP,2026-05,0.0,0.0,29673402,241.79,Cloud Monitoring,Metrics and alerting
Edge-Network,csql-10c6860,GCP,2026-05,654.3,184.5,0,776.59,Cloud SQL,PostgreSQL replica
Partner-Integration,elb-03db380,AWS,2026-05,485.0,0.0,20367287,143.58,ELB,Application load balancer
Shared-Services,r53-0197483,AWS,2026-05,0.0,0.0,67344953,99.11,Route 53,DNS hosting
Mobile-Backend,vm-0b72180,AZURE,2026-05,703.7,0.0,0,430.15,Virtual Machines,D2s v3 utility server
Edge-Network,s3-06b2129,AWS,2026-05,0.0,60.6,30134870,196.04,S3,Static website hosting
Data-Science,i-013d711,AWS,2026-05,666.0,0.0,0,555.85,EC2,m5.large monitoring server
Partner-Integration,elb-0f4c997,AWS,2026-05,625.0,0.0,8419326,121.23,ELB,Classic load balancer
DevOps-Central,vm-00e0218,AZURE,2026-05,608.5,0.0,0,1458.93,Virtual Machines,D8s v3 application server
ML-Training,i-0369482,AWS,2026-05,926.1,0.0,0,398.85,EC2,t3.medium API server
Customer-Portal,app-0f24784,AZURE,2026-05,651.0,0.0,0,785.78,App Service,API app P2v3
Partner-Integration,ddb-04cf704,AWS,2026-05,524.7,37.9,59476912,410.0,DynamoDB,Session store table
Compliance-Audit,i-0812373,AWS,2026-05,591.6,0.0,0,2023.34,EC2,r5.2xlarge database server
Marketing-Platform,r53-0aa1477,AWS,2026-05,0.0,0.0,49652666,74.53,Route 53,DNS hosting
Production-Main,blob-095d284,AZURE,2026-05,0.0,2541.3,6691239,322.12,Blob Storage,Build artifacts
Customer-Portal,cosmos-06d4992,AZURE,2026-05,715.7,51.7,15116367,491.99,Cosmos DB,Config store
DevOps-Central,app-0c88463,AZURE,2026-05,900.5,0.0,0,137.41,App Service,Web app B1
Internal-Tools,lam-0eb4918,AWS,2026-05,0.0,0.0,21548731,147.32,Lambda,Data transformer
Edge-Network,gke-0737724,GCP,2026-05,626.3,0.0,0,1826.13,GKE,Production API cluster
Security-Ops,bq-0164326,GCP,2026-05,0.0,1736.8,0,701.45,BigQuery,Data export queries
QA-Testing,sm-03ed358,AWS,2026-05,0.0,0.0,754187,2.99,Secrets Manager,Application secrets
Edge-Network,gke-0422340,GCP,2026-05,701.9,0.0,0,2151.0,GKE,Production API cluster
Edge-Network,gke-09da268,GCP,2026-05,908.8,0.0,0,2761.65,GKE,Production API cluster
Shared-Services,clog-10eb198,GCP,2026-05,0.0,239.3,0,60.56,Cloud Logging,Audit logs
Finance-Systems,vpn-0c5e853,AWS,2026-05,852.5,0.0,0,220.46,VPN Gateway,Client VPN endpoint
Marketing-Platform,mem-0206894,GCP,2026-05,424.0,0.0,0,306.6,Memorystore,Redis staging cache
Edge-Network,ecs-083f327,AWS,2026-05,281.3,0.0,0,506.24,ECS,Fargate worker cluster
Finance-Systems,app-0778754,AZURE,2026-05,1110.2,0.0,0,161.79,App Service,Web app B1
Shared-Services,gcs-0cc2493,GCP,2026-05,0.0,2949.3,2993509,216.84,Cloud Storage,Media assets bucket
Security-Ops,cdns-0449810,GCP,2026-05,0.0,0.0,22894804,34.47,Cloud DNS,DNS zones
Staging-Env,gke-0f11337,GCP,2026-05,2938.1,0.0,0,5845.82,GKE,ML training cluster
Production-Secondary,blob-07ab764,AZURE,2026-05,0.0,2175.9,5650287,277.15,Blob Storage,Build artifacts
IoT-Platform,cr-0e01602,GCP,2026-05,390.7,0.0,1639328,495.91,Cloud Run,ETL pipeline service
Finance-Systems,blob-0e03178,AZURE,2026-05,0.0,2342.4,5651228,370.55,Blob Storage,Media content
Finance-Systems,cr-0232515,GCP,2026-05,314.5,0.0,2565362,264.79,Cloud Run,Webhook handler
Customer-Portal,gcs-0a82442,GCP,2026-05,0.0,20959.1,51991,206.65,Cloud Storage,Archive bucket
Compliance-Audit,kin-0cdf374,AWS,2026-05,601.8,0.0,25469848,374.92,Kinesis,Data stream ingestion
Customer-Portal,cosmos-0404793,AZURE,2026-05,684.5,49.0,14663422,467.21,Cosmos DB,Config store
Customer-Portal,fd-0908832,AZURE,2026-05,0.0,0.0,59767636,449.45,Front Door,Global load balancer
Compliance-Audit,s3-038e331,AWS,2026-05,0.0,9984.1,96237,217.36,S3,Backup storage bucket
Finance-Systems,gcs-040c806,GCP,2026-05,0.0,435.0,6924297,78.72,Cloud Storage,Temp processing bucket
Customer-Portal,ses-09ba980,AWS,2026-05,0.0,0.0,2054352,2.44,SES,Transactional email
Data-Science,i-063f419,AWS,2026-05,338.3,0.0,0,945.48,EC2,c5.2xlarge HPC node
Shared-Services,sb-0bf8929,AZURE,2026-05,516.7,0.0,7157252,380.44,Service Bus,Premium messaging
Compliance-Audit,i-0d76887,AWS,2026-05,656.3,0.0,0,554.11,EC2,m5.large monitoring server
Shared-Services,ado-0997765,AZURE,2026-05,481.2,0.0,0,240.93,Azure DevOps,Pipelines hosted
Production-Secondary,csql-10b0577,GCP,2026-05,519.6,141.0,0,811.41,Cloud SQL,PostgreSQL primary
Marketing-Platform,rs-0578755,AWS,2026-05,587.6,1689.9,0,3034.95,Redshift,Data warehouse cluster
Production-Main,i-07b0216,AWS,2026-05,392.8,0.0,0,1129.81,EC2,c5.2xlarge HPC node
Analytics-Platform,kv-00c2112,AZURE,2026-05,0.0,0.0,1494249,4.28,Key Vault,Secrets management
Mobile-Backend,vm-0348464,AZURE,2026-05,585.9,0.0,0,2185.31,Virtual Machines,E8s v3 memory-optimized
ML-Training,lam-04e8479,AWS,2026-05,0.0,0.0,10504702,72.44,Lambda,Notification dispatcher
Shared-Services,vm-01bb143,AZURE,2026-05,659.3,0.0,0,195.72,Virtual Machines,B2s development VM
Compliance-Audit,i-039c168,AWS,2026-05,920.0,0.0,0,65.14,EC2,t3.micro bastion host
DevOps-Central,appi-06d6774,AZURE,2026-05,0.0,0.0,14190807,178.63,Application Insights,Custom metrics
Internal-Tools,aks-05a1845,AZURE,2026-05,217.1,0.0,0,330.55,AKS,Dev K8s cluster
Security-Ops,sqs-0889881,AWS,2026-05,0.0,0.0,41882387,20.9,SQS,Event notification queue
Compliance-Audit,i-0954606,AWS,2026-05,782.9,0.0,0,651.33,EC2,m5.large monitoring server
Partner-Integration,cf-0ccc998,AWS,2026-05,0.0,0.0,38177847,186.29,CloudFront,CDN API distribution
Internal-Tools,aks-0295462,AZURE,2026-05,242.2,0.0,0,362.3,AKS,Dev K8s cluster
Production-Main,mem-0046643,GCP,2026-05,456.2,0.0,0,322.3,Memorystore,Redis staging cache
Internal-Tools,ebs-0fd8235,AWS,2026-05,0.0,5375.2,0,236.91,EBS,st1 volumes archive
Data-Science,gke-04d4364,GCP,2026-05,3039.0,0.0,0,6109.21,GKE,GPU node pool
Marketing-Platform,s3-01ee984,AWS,2026-05,0.0,13221.7,129402,292.22,S3,Backup storage bucket
Security-Ops,sqs-0cc7659,AWS,2026-05,0.0,0.0,54252090,27.24,SQS,Order processing queue
Internal-Tools,ebs-05fe716,AWS,2026-05,0.0,1324.1,0,163.03,EBS,gp3 volumes production
Marketing-Platform,gke-0dd4328,GCP,2026-05,2005.7,0.0,0,3914.26,GKE,ML training cluster
Production-Secondary,blob-0e56225,AZURE,2026-05,0.0,12849.6,32330,100.64,Blob Storage,Archive tier
Marketing-Platform,rds-0f32152,AWS,2026-05,866.5,603.0,0,2215.09,RDS,db.r5.xlarge PostgreSQL primary
Security-Ops,ps-0760142,GCP,2026-05,0.0,0.0,30299804,368.95,Pub/Sub,Event streaming
Staging-Env,gke-0ace497,GCP,2026-05,2496.1,0.0,0,5040.6,GKE,ML training cluster
Internal-Tools,lam-05b9579,AWS,2026-05,0.0,0.0,22534603,156.74,Lambda,Data transformer
Customer-Portal,func-1175826,AZURE,2026-05,0.0,0.0,2670638,39.72,Azure Functions,Webhook processor
Edge-Network,s3-05cb638,AWS,2026-05,0.0,60.8,30160812,193.94,S3,Static website hosting
Marketing-Platform,cr-01f6471,GCP,2026-05,745.6,0.0,15469114,1124.64,Cloud Run,API gateway service
Analytics-Platform,bq-00a9545,GCP,2026-05,0.0,9894.8,0,3760.44,BigQuery,Analytics data warehouse
Analytics-Platform,mem-00bc838,GCP,2026-05,577.8,0.0,0,426.58,Memorystore,Redis production cache
Marketing-Platform,vai-083e756,GCP,2026-05,373.9,0.0,0,1883.61,Vertex AI,Training pipelines
Marketing-Platform,gcf-0204526,GCP,2026-05,0.0,0.0,5939717,86.61,Cloud Functions,Auth handlers
Partner-Integration,s3-03cc842,AWS,2026-05,0.0,1192.2,2279459,99.09,S3,Artifact storage
Analytics-Platform,cmon-00b1971,GCP,2026-05,0.0,0.0,20853590,165.06,Cloud Monitoring,Metrics and alerting
DevOps-Central,kv-073f461,AZURE,2026-05,0.0,0.0,313993,0.94,Key Vault,Certificate store
DevOps-Central,sentinel-0612533,AZURE,2026-05,0.0,0.0,110462068,2826.6,Microsoft Sentinel,SIEM detection
Compliance-Audit,s3-0d91108,AWS,2026-05,0.0,853.1,1666553,72.04,S3,Artifact storage
Production-Secondary,acr-0964375,AZURE,2026-05,0.0,236.7,466923,150.2,Container Registry,Docker image registry
Data-Science,i-09a3137,AWS,2026-05,603.0,0.0,0,1037.64,EC2,r5.xlarge cache server
Production-Main,aks-0a3c748,AZURE,2026-05,1071.5,0.0,0,1554.06,AKS,Staging K8s cluster
Internal-Tools,s3-0d9a450,AWS,2026-05,0.0,5829.0,58174,132.05,S3,Backup storage bucket
Partner-Integration,mem-0f6b597,GCP,2026-05,255.2,0.0,0,185.66,Memorystore,Redis staging cache
Security-Ops,cdns-0b9e686,GCP,2026-05,0.0,0.0,20902813,30.57,Cloud DNS,DNS zones
Internal-Tools,cr-0d98506,GCP,2026-05,307.5,0.0,1293528,272.36,Cloud Run,Image processor
Finance-Systems,vm-04f6533,AZURE,2026-05,781.7,0.0,0,1897.71,Virtual Machines,D8s v3 application server
Finance-Systems,aks-04b2652,AZURE,2026-05,1256.6,0.0,0,1889.41,AKS,Staging K8s cluster
Marketing-Platform,ddb-0582661,AWS,2026-05,610.8,43.5,69354124,475.01,DynamoDB,Session store table
IoT-Platform,mem-0361916,GCP,2026-05,743.8,0.0,0,542.94,Memorystore,Redis production cache
Security-Ops,ecs-0f12611,AWS,2026-05,172.7,0.0,0,313.96,ECS,Fargate batch cluster
DevOps-Central,vm-0f6a520,AZURE,2026-05,889.5,0.0,0,545.26,Virtual Machines,D2s v3 utility server
DevOps-Central,blob-044f248,AZURE,2026-05,0.0,8954.3,3374957,478.35,Blob Storage,Data lake storage
Finance-Systems,cr-0605192,GCP,2026-05,614.1,0.0,2500469,792.66,Cloud Run,ETL pipeline service
Edge-Network,ebs-0311888,AWS,2026-05,0.0,6484.9,0,283.98,EBS,st1 volumes archive
Production-Secondary,ec-0cec280,AWS,2026-05,1013.7,0.0,0,350.59,ElastiCache,Redis staging cluster
Production-Secondary,i-06e3233,AWS,2026-05,963.4,0.0,0,816.16,EC2,t3.large application server
Partner-Integration,rds-03c9787,AWS,2026-05,850.2,587.4,0,1644.59,RDS,db.r5.large PostgreSQL replica
Staging-Env,gke-0ed9571,GCP,2026-05,750.2,0.0,0,2211.82,GKE,Production API cluster
Finance-Systems,blob-020b988,AZURE,2026-05,0.0,2220.5,5623303,354.76,Blob Storage,Media content
QA-Testing,ses-07c3229,AWS,2026-05,0.0,0.0,2474156,2.99,SES,Transactional email
Finance-Systems,rs-07f1538,AWS,2026-05,542.7,1526.2,0,2686.31,Redshift,Data warehouse cluster
Staging-Env,gke-08b2777,GCP,2026-05,544.3,0.0,0,1590.34,GKE,Production API cluster
DevOps-Central,appi-0fc8335,AZURE,2026-05,0.0,0.0,70326564,865.86,Application Insights,APM telemetry
Production-Main,ado-0040969,AZURE,2026-05,610.3,0.0,0,303.95,Azure DevOps,Pipelines hosted
Internal-Tools,elb-0d39987,AWS,2026-05,1131.9,0.0,15898306,230.2,ELB,Classic load balancer
Customer-Portal,kv-1009619,AZURE,2026-05,0.0,0.0,379164,1.13,Key Vault,Certificate store
Production-Secondary,redis-0b3e355,AZURE,2026-05,967.7,0.0,0,1161.32,Azure Cache for Redis,Premium P1 cache
Security-Ops,ecs-09ff179,AWS,2026-05,131.2,0.0,0,234.15,ECS,Fargate batch cluster
Shared-Services,fd-0ad2606,AZURE,2026-05,0.0,0.0,54297192,398.51,Front Door,Global load balancer
ML-Training,i-0b7f363,AWS,2026-05,638.6,0.0,0,2210.68,EC2,r5.2xlarge database server
Partner-Integration,ddb-03d3612,AWS,2026-05,906.7,128.2,187617138,1422.43,DynamoDB,Cache table
Internal-Tools,gcf-0e8d178,GCP,2026-05,0.0,0.0,10748335,162.04,Cloud Functions,Data triggers
Customer-Portal,cosmos-04b7344,AZURE,2026-05,585.9,41.7,12175544,397.85,Cosmos DB,Config store
Data-Science,i-0fdf856,AWS,2026-05,384.8,0.0,0,1347.66,EC2,m5.2xlarge batch processor
Production-Main,ebs-0c33147,AWS,2026-05,0.0,538.2,0,330.2,EBS,io2 volumes database
Partner-Integration,elb-1189487,AWS,2026-05,538.9,0.0,7582330,109.06,ELB,Classic load balancer
Shared-Services,gcs-01aa874,GCP,2026-05,0.0,21638.2,52211,212.23,Cloud Storage,Archive bucket
Edge-Network,bq-02ff101,GCP,2026-05,0.0,5742.7,0,2210.83,BigQuery,Log analytics
Edge-Network,s3-031a417,AWS,2026-05,0.0,1109.5,2207570,94.87,S3,Artifact storage
Internal-Tools,s3-02be827,AWS,2026-05,0.0,7153.5,70151,160.67,S3,Backup storage bucket
Customer-Portal,sb-0266467,AZURE,2026-05,739.2,0.0,10235349,559.54,Service Bus,Premium messaging
Edge-Network,vai-089b961,GCP,2026-05,688.3,0.0,7751364,1501.33,Vertex AI,Model serving endpoints
Analytics-Platform,gcs-0c9b859,GCP,2026-05,0.0,2637.8,2664108,187.75,Cloud Storage,Media assets bucket
Production-Main,s3-0015422,AWS,2026-05,0.0,9980.0,625930,249.06,S3,Log archive bucket
Compliance-Audit,rs-0f61772,AWS,2026-05,0.0,0.0,5351793,272.63,Redshift,Spectrum queries
IoT-Platform,gke-0e04484,GCP,2026-05,3097.9,0.0,0,6195.3,GKE,GPU node pool
Internal-Tools,gcs-02dc330,GCP,2026-05,0.0,346.8,5527388,62.64,Cloud Storage,Temp processing bucket
Shared-Services,vm-0dc1116,AZURE,2026-05,636.3,0.0,0,1142.2,Virtual Machines,E4s v3 SIEM collector
IoT-Platform,df-0360346,GCP,2026-05,605.2,0.0,0,1421.34,Dataflow,Streaming pipeline
Staging-Env,vai-00f3704,GCP,2026-05,183.1,0.0,0,881.33,Vertex AI,AutoML jobs
Production-Main,s3-079b598,AWS,2026-05,0.0,9608.4,594021,238.28,S3,Log archive bucket
Marketing-Platform,gke-0edf790,GCP,2026-05,2488.7,0.0,0,4933.03,GKE,ML training cluster
Marketing-Platform,df-0207274,GCP,2026-05,765.4,0.0,0,1834.15,Dataflow,Streaming pipeline
Production-Secondary,df-0089960,GCP,2026-05,418.4,0.0,0,996.01,Dataflow,Batch pipeline
Production-Secondary,app-0bbf989,AZURE,2026-05,676.1,0.0,0,101.6,App Service,Web app B1
Finance-Systems,sentinel-0f92956,AZURE,2026-05,0.0,0.0,113567901,2839.44,Microsoft Sentinel,SIEM detection
Production-Main,sentinel-0d04759,AZURE,2026-05,0.0,0.0,47709350,1185.29,Microsoft Sentinel,Log analytics
Analytics-Platform,clog-069f805,GCP,2026-05,0.0,166.5,0,40.41,Cloud Logging,Audit logs
Customer-Portal,func-100b422,AZURE,2026-05,0.0,0.0,2914040,44.04,Azure Functions,Webhook processor
Analytics-Platform,eh-0f6c240,AZURE,2026-05,0.0,312.8,0,76.69,Event Hubs,Capture to storage
ML-Training,ebs-103e746,AWS,2026-05,0.0,621.1,0,373.91,EBS,io2 volumes database
Data-Science,mem-0d3b973,GCP,2026-05,299.4,0.0,0,218.57,Memorystore,Redis staging cache
Production-Main,aks-0c17786,AZURE,2026-05,638.2,0.0,0,2844.26,AKS,Production K8s cluster
Production-Main,aks-0021897,AZURE,2026-05,550.1,0.0,0,2520.06,AKS,Production K8s cluster
Production-Main,blob-0030160,AZURE,2026-05,0.0,23252.1,57389,177.12,Blob Storage,Archive tier
Marketing-Platform,gke-0961704,GCP,2026-05,3620.6,0.0,0,6956.66,GKE,GPU node pool
QA-Testing,lam-0684112,AWS,2026-05,0.0,0.0,4202597,28.83,Lambda,Image resizer
Internal-Tools,blob-0d60166,AZURE,2026-05,0.0,10716.6,104382,319.03,Blob Storage,Backup storage
Analytics-Platform,eh-00c5982,AZURE,2026-05,593.7,0.0,25043977,275.15,Event Hubs,Standard throughput units
Analytics-Platform,kv-051b219,AZURE,2026-05,0.0,0.0,1549070,4.53,Key Vault,Secrets management
Partner-Integration,vai-09ae701,GCP,2026-05,606.6,0.0,0,3047.74,Vertex AI,Training pipelines
Shared-Services,gcs-01ac446,GCP,2026-05,0.0,1822.7,893572,275.91,Cloud Storage,Model artifacts
Mobile-Backend,azmon-08f3239,AZURE,2026-05,0.0,291.0,38345218,394.76,Azure Monitor,Logs and metrics
Shared-Services,func-0949366,AZURE,2026-05,0.0,0.0,8235310,121.49,Azure Functions,Event processors
Production-Main,cf-0ad5324,AWS,2026-05,0.0,0.0,32908597,159.7,CloudFront,CDN API distribution
Finance-Systems,rds-1083102,AWS,2026-05,698.6,810.5,0,1636.02,RDS,db.m5.xlarge analytics DB
Marketing-Platform,ca-01ef502,GCP,2026-05,0.0,0.0,69466638,255.16,Cloud Armor,WAF policies
Partner-Integration,azmon-0fe9839,AZURE,2026-05,0.0,218.6,28934345,310.58,Azure Monitor,Logs and metrics
Security-Ops,s3-0d22917,AWS,2026-05,0.0,18893.5,3697129,630.93,S3,Data lake raw zone
QA-Testing,elb-0ecf520,AWS,2026-05,792.3,0.0,32626254,237.42,ELB,Application load balancer
Marketing-Platform,rs-1104859,AWS,2026-05,0.0,0.0,6456315,319.95,Redshift,Spectrum queries
Data-Science,ps-0f30230,GCP,2026-05,0.0,0.0,29368066,373.73,Pub/Sub,Log forwarding
Data-Science,fs-0127555,GCP,2026-05,588.4,16.6,41100658,415.32,Firestore,Session store
DevOps-Central,ec-03f6896,AWS,2026-05,791.9,0.0,0,560.98,ElastiCache,Redis production cluster
DevOps-Central,vm-00dc778,AZURE,2026-05,724.4,0.0,0,1297.25,Virtual Machines,E4s v3 SIEM collector
Production-Main,sentinel-10d5584,AZURE,2026-05,0.0,0.0,78511284,1953.97,Microsoft Sentinel,SIEM detection
Production-Secondary,sqs-08b9775,AWS,2026-05,0.0,0.0,21518644,10.8,SQS,Event notification queue
Production-Secondary,elb-0fae581,AWS,2026-05,567.2,0.0,39674935,241.35,ELB,Network load balancer
Customer-Portal,vm-0db6424,AZURE,2026-05,509.9,0.0,0,942.14,Virtual Machines,E4s v3 SIEM collector
Analytics-Platform,eh-0929123,AZURE,2026-05,463.0,0.0,19139024,212.79,Event Hubs,Standard throughput units
Security-Ops,ecs-0f2a294,AWS,2026-05,164.3,0.0,0,295.97,ECS,Fargate batch cluster
Partner-Integration,sm-0b57782,AWS,2026-05,0.0,0.0,1347852,5.25,Secrets Manager,Application secrets
Edge-Network,gcs-0cd2232,GCP,2026-05,0.0,17993.4,5734960,509.48,Cloud Storage,Data lake bucket
Shared-Services,sb-0606905,AZURE,2026-05,577.4,0.0,8020884,432.51,Service Bus,Premium messaging
IoT-Platform,cr-0729907,GCP,2026-05,443.7,0.0,1893717,572.83,Cloud Run,ETL pipeline service
Partner-Integration,azmon-058d378,AZURE,2026-05,0.0,265.8,35074776,372.42,Azure Monitor,Logs and metrics
Compliance-Audit,rds-0a00512,AWS,2026-05,1051.0,302.1,0,963.35,RDS,db.t3.large development DB
Marketing-Platform,i-0880144,AWS,2026-05,610.6,0.0,0,1801.75,EC2,c5.2xlarge HPC node
Production-Main,blob-0b36257,AZURE,2026-05,0.0,2829.6,7380472,355.7,Blob Storage,Build artifacts
Internal-Tools,gcf-096c889,GCP,2026-05,0.0,0.0,1994792,29.67,Cloud Functions,Scheduled tasks
Internal-Tools,ps-0c20760,GCP,2026-05,0.0,0.0,44862737,561.38,Pub/Sub,Log forwarding
Customer-Portal,ps-0eaa382,GCP,2026-05,0.0,0.0,37753460,468.2,Pub/Sub,Log forwarding
Internal-Tools,s3-0d4d615,AWS,2026-05,0.0,38.6,19276344,123.97,S3,Static website hosting
Customer-Portal,i-09ed915,AWS,2026-05,654.1,0.0,0,551.32,EC2,t3.large application server
Partner-Integration,sb-0e5f113,AZURE,2026-05,573.7,0.0,8150910,444.53,Service Bus,Premium messaging
Customer-Portal,cosmos-0a9e872,AZURE,2026-05,933.8,66.0,19719254,628.05,Cosmos DB,Config store
Mobile-Backend,vm-0343411,AZURE,2026-05,879.2,0.0,0,2079.87,Virtual Machines,D8s v3 application server
Finance-Systems,vpn-0b15944,AWS,2026-05,890.9,0.0,0,223.78,VPN Gateway,Client VPN endpoint
Internal-Tools,vpn-02cf704,AWS,2026-05,928.9,0.0,0,453.03,VPN Gateway,Site-to-site VPN
Marketing-Platform,vai-049d843,GCP,2026-05,480.1,0.0,0,2393.25,Vertex AI,Training pipelines
Shared-Services,app-01c0794,AZURE,2026-05,895.9,0.0,0,527.91,App Service,Web app P1v3
Edge-Network,i-0324608,AWS,2026-05,783.4,0.0,0,1346.91,EC2,r5.xlarge cache server
IoT-Platform,cr-0d2c716,GCP,2026-05,465.2,0.0,1911156,593.25,Cloud Run,ETL pipeline service
Finance-Systems,app-0541727,AZURE,2026-05,915.0,0.0,0,1087.19,App Service,API app P2v3
Customer-Portal,vai-0ee8223,GCP,2026-05,200.8,0.0,0,987.69,Vertex AI,AutoML jobs
Internal-Tools,blob-0fa5145,AZURE,2026-05,0.0,3146.1,8217820,388.65,Blob Storage,Build artifacts
Internal-Tools,ebs-077e364,AWS,2026-05,0.0,480.8,0,298.43,EBS,io2 volumes database
Partner-Integration,sqldb-0be5862,AZURE,2026-05,1132.7,399.4,0,1895.02,SQL Database,Standard S3 production
Edge-Network,ps-02fc480,GCP,2026-05,0.0,0.0,20999635,252.36,Pub/Sub,Event streaming
Compliance-Audit,s3-0660837,AWS,2026-05,0.0,14998.7,2895957,510.9,S3,Data lake raw zone
IoT-Platform,csql-06b1505,GCP,2026-05,812.6,223.6,0,1295.74,Cloud SQL,PostgreSQL primary
Security-Ops,vai-05da671,GCP,2026-05,238.5,0.0,0,1189.96,Vertex AI,AutoML jobs
Data-Science,rds-0535688,AWS,2026-05,778.4,566.4,0,1971.75,RDS,db.r5.xlarge PostgreSQL primary
Marketing-Platform,nat-01de756,AWS,2026-05,512.8,0.0,0,114.96,NAT Gateway,Staging VPC NAT
DR-Recovery,eh-09d6470,AZURE,2026-05,0.0,486.4,0,119.38,Event Hubs,Capture to storage
DevOps-Central,redis-055b854,AZURE,2026-05,821.1,0.0,0,986.78,Azure Cache for Redis,Premium P1 cache
Production-Main,vm-0d79829,AZURE,2026-05,406.0,0.0,0,3572.16,Virtual Machines,NC6s v3 GPU VM
Internal-Tools,cosmos-02a2437,AZURE,2026-05,846.6,123.5,30482887,1099.26,Cosmos DB,Event store
Production-Main,aks-107b512,AZURE,2026-05,1257.5,0.0,0,1927.09,AKS,Staging K8s cluster
Production-Main,i-0010646,AWS,2026-05,797.0,0.0,0,685.31,EC2,m5.large monitoring server
Staging-Env,vai-10e1569,GCP,2026-05,522.9,0.0,0,2593.33,Vertex AI,Training pipelines
Marketing-Platform,sqs-0be6230,AWS,2026-05,0.0,0.0,504734,0.25,SQS,Dead letter queue
Data-Science,csp-0805807,GCP,2026-05,517.1,74.2,35913230,3170.74,Cloud Spanner,Global transaction DB
Production-Secondary,sqldb-118a991,AZURE,2026-05,468.4,160.7,0,767.71,SQL Database,Standard S3 production
Staging-Env,bq-109e582,GCP,2026-05,0.0,5941.0,0,2410.7,BigQuery,Log analytics
Data-Science,gke-0cd6991,GCP,2026-05,2885.6,0.0,0,5734.47,GKE,GPU node pool
Customer-Portal,azmon-0d29230,AZURE,2026-05,0.0,202.9,27050655,277.07,Azure Monitor,Logs and metrics
Mobile-Backend,azmon-0dc6635,AZURE,2026-05,0.0,266.1,36014412,370.41,Azure Monitor,Logs and metrics
Production-Secondary,sb-0d13494,AZURE,2026-05,788.5,0.0,10932097,596.92,Service Bus,Premium messaging
Production-Secondary,redis-0875552,AZURE,2026-05,748.6,0.0,0,882.82,Azure Cache for Redis,Premium P1 cache
Partner-Integration,sqldb-0577751,AZURE,2026-05,859.6,300.0,0,1425.24,SQL Database,Standard S3 production
DR-Recovery,appi-0faf736,AZURE,2026-05,0.0,0.0,22891310,279.73,Application Insights,Custom metrics
DevOps-Central,ebs-0eed939,AWS,2026-05,0.0,518.5,0,316.07,EBS,io2 volumes database
Customer-Portal,cr-1095673,GCP,2026-05,494.9,0.0,2038303,643.91,Cloud Run,ETL pipeline service
Security-Ops,bq-0c67516,GCP,2026-05,0.0,1980.1,0,794.85,BigQuery,Data export queries
Marketing-Platform,rds-0f55476,AWS,2026-05,966.1,684.7,0,2416.63,RDS,db.r5.xlarge PostgreSQL primary
Security-Ops,lam-0777578,AWS,2026-05,0.0,0.0,24523016,174.39,Lambda,Data transformer
Finance-Systems,cosmos-05bd564,AZURE,2026-05,503.2,141.6,28321324,1135.79,Cosmos DB,User data store
Staging-Env,cdns-0b0c213,GCP,2026-05,0.0,0.0,17348084,24.96,Cloud DNS,DNS zones
Internal-Tools,gke-10e2100,GCP,2026-05,549.1,0.0,0,1617.18,GKE,Production API cluster
Partner-Integration,ddb-040d764,AWS,2026-05,988.4,140.0,207998023,1499.22,DynamoDB,Cache table
Finance-Systems,cosmos-0bc5468,AZURE,2026-05,390.6,109.5,22512128,890.05,Cosmos DB,User data store
Production-Secondary,sqldb-0afe717,AZURE,2026-05,423.8,145.9,0,708.8,SQL Database,Standard S3 production
IoT-Platform,gke-0dce191,GCP,2026-05,710.3,0.0,0,2076.56,GKE,Production API cluster
Edge-Network,sns-0686722,AWS,2026-05,0.0,0.0,12092337,5.97,SNS,Alert notifications
Production-Secondary,sqldb-0d9f715,AZURE,2026-05,456.9,160.0,0,755.59,SQL Database,Standard S3 production
Partner-Integration,rs-092a741,AWS,2026-05,774.5,2154.0,0,3908.91,Redshift,Data warehouse cluster
DevOps-Central,blob-0a8f732,AZURE,2026-05,0.0,4456.6,0,438.42,Blob Storage,Security audit logs
DevOps-Central,sqldb-0d3e220,AZURE,2026-05,664.6,230.5,0,1088.99,SQL Database,Standard S3 production
Compliance-Audit,ses-077a783,AWS,2026-05,0.0,0.0,1564031,1.89,SES,Transactional email
Shared-Services,vm-05f4840,AZURE,2026-05,825.9,0.0,0,976.83,Virtual Machines,D4s v3 CI runner
Edge-Network,gke-066d574,GCP,2026-05,796.4,0.0,0,2342.41,GKE,Production API cluster
Internal-Tools,lam-02c8433,AWS,2026-05,0.0,0.0,23260797,162.12,Lambda,Data transformer
Internal-Tools,mem-0e40840,GCP,2026-05,634.2,0.0,0,436.31,Memorystore,Redis production cache
Data-Science,gcf-058c752,GCP,2026-05,0.0,0.0,9283282,136.79,Cloud Functions,Auth handlers
ML-Training,ec-0a90713,AWS,2026-05,990.1,0.0,0,704.54,ElastiCache,Redis production cluster
Customer-Portal,cosmos-0254162,AZURE,2026-05,614.2,88.1,21188220,812.52,Cosmos DB,Event store
Internal-Tools,gcf-05f0371,GCP,2026-05,0.0,0.0,9244152,139.45,Cloud Functions,Auth handlers
Internal-Tools,elb-0cc9306,AWS,2026-05,530.8,0.0,21957207,159.35,ELB,Application load balancer
Internal-Tools,appi-029f352,AZURE,2026-05,0.0,0.0,16598178,205.26,Application Insights,Custom metrics
Data-Science,i-078f171,AWS,2026-05,359.2,0.0,0,1040.62,EC2,c5.2xlarge HPC node
Security-Ops,bq-074c856,GCP,2026-05,0.0,8375.2,0,3295.2,BigQuery,Analytics data warehouse
Internal-Tools,s3-05e0714,AWS,2026-05,0.0,6090.1,60775,134.43,S3,Backup storage bucket
Edge-Network,kin-115a265,AWS,2026-05,525.0,0.0,14840838,208.83,Kinesis,Firehose delivery
Shared-Services,cosmos-05d3731,AZURE,2026-05,544.0,75.7,18886723,715.19,Cosmos DB,Event store
Edge-Network,ecs-0bcd990,AWS,2026-05,293.5,0.0,0,520.51,ECS,Fargate worker cluster
Edge-Network,s3-0c38314,AWS,2026-05,0.0,12357.0,121975,272.34,S3,Backup storage bucket
Partner-Integration,cdns-03b4991,GCP,2026-05,0.0,0.0,15793407,23.57,Cloud DNS,DNS zones
ML-Training,rds-0967983,AWS,2026-05,584.1,682.4,0,1374.19,RDS,db.m5.xlarge analytics DB
Partner-Integration,s3-06f7590,AWS,2026-05,0.0,8565.9,527207,209.48,S3,Log archive bucket
QA-Testing,elb-0846481,AWS,2026-05,760.5,0.0,31908891,225.76,ELB,Application load balancer
Internal-Tools,ps-0d1d253,GCP,2026-05,0.0,0.0,19334980,246.82,Pub/Sub,Data pipeline
Production-Secondary,ps-0d00639,GCP,2026-05,0.0,0.0,12945162,159.59,Pub/Sub,Data pipeline
Internal-Tools,gcs-085a603,GCP,2026-05,0.0,417.8,6549016,75.26,Cloud Storage,Temp processing bucket
Staging-Env,ps-0941340,GCP,2026-05,0.0,0.0,11984555,148.67,Pub/Sub,Data pipeline
Edge-Network,sns-0459907,AWS,2026-05,0.0,0.0,11439836,5.57,SNS,Alert notifications
Data-Science,i-08de409,AWS,2026-05,538.3,0.0,0,898.08,EC2,r5.xlarge cache server
Shared-Services,vm-0446739,AZURE,2026-05,714.5,0.0,0,856.56,Virtual Machines,D4s v3 CI runner
Compliance-Audit,ec-10e5547,AWS,2026-05,684.2,0.0,0,494.96,ElastiCache,Redis production cluster
ML-Training,i-0b4c167,AWS,2026-05,830.2,0.0,0,1409.19,EC2,m5.xlarge web server
Security-Ops,sqs-0a52870,AWS,2026-05,0.0,0.0,39779137,20.47,SQS,Event notification queue
Data-Science,gcf-10cd207,GCP,2026-05,0.0,0.0,18131849,277.73,Cloud Functions,Pub/Sub processors
Partner-Integration,appi-097e230,AZURE,2026-05,0.0,0.0,66846266,830.61,Application Insights,APM telemetry
Analytics-Platform,csp-00b4295,GCP,2026-05,720.0,103.4,51110938,4428.24,Cloud Spanner,Global transaction DB
Production-Main,sentinel-0036541,AZURE,2026-05,0.0,0.0,72623401,1837.41,Microsoft Sentinel,SIEM detection
Internal-Tools,lam-02cc497,AWS,2026-05,0.0,0.0,2674266,18.23,Lambda,Webhook processor
Customer-Portal,eh-0699582,AZURE,2026-05,0.0,528.5,0,129.32,Event Hubs,Capture to storage
Staging-Env,gcf-0773719,GCP,2026-05,0.0,0.0,12085336,176.4,Cloud Functions,Data triggers
Customer-Portal,bq-0e8c121,GCP,2026-05,0.0,1004.8,0,391.53,BigQuery,Data export queries
Production-Main,r53-0d5a947,AWS,2026-05,0.0,0.0,14351041,21.15,Route 53,Health checks
Internal-Tools,s3-0e38705,AWS,2026-05,0.0,3563.9,1761161,130.2,S3,Analytics export bucket
Production-Secondary,fs-1006849,GCP,2026-05,974.7,68.6,40320657,549.66,Firestore,User profiles DB
Production-Secondary,redis-0609368,AZURE,2026-05,870.9,0.0,0,1057.92,Azure Cache for Redis,Premium P1 cache
Production-Secondary,clog-0f4a330,GCP,2026-05,0.0,470.3,0,115.36,Cloud Logging,Application logs
Edge-Network,vpn-0a43272,AWS,2026-05,674.4,0.0,0,170.13,VPN Gateway,Client VPN endpoint
ML-Training,lam-0372889,AWS,2026-05,0.0,0.0,42462589,289.27,Lambda,API gateway handler
ML-Training,kin-0b4b498,AWS,2026-05,651.4,0.0,27125259,393.32,Kinesis,Data stream ingestion
Staging-Env,gcs-0103697,GCP,2026-05,0.0,2054.4,993687,310.85,Cloud Storage,Model artifacts
Staging-Env,fs-07ac747,GCP,2026-05,494.9,14.1,33584421,346.6,Firestore,Session store
Production-Secondary,blob-005c665,AZURE,2026-05,0.0,7510.6,2750024,381.77,Blob Storage,Data lake storage
Finance-Systems,elb-0452249,AWS,2026-05,564.3,0.0,7853322,110.78,ELB,Classic load balancer
Security-Ops,sm-045e298,AWS,2026-05,0.0,0.0,1084076,4.34,Secrets Manager,Application secrets
Staging-Env,gcs-1174757,GCP,2026-05,0.0,15946.0,39382,156.65,Cloud Storage,Archive bucket
ML-Training,lam-0d73769,AWS,2026-05,0.0,0.0,11498661,77.95,Lambda,Notification dispatcher
Security-Ops,vm-0160506,AZURE,2026-05,656.7,0.0,0,2294.57,Virtual Machines,E8s v3 memory-optimized
Finance-Systems,csql-0f2e549,GCP,2026-05,701.8,204.0,0,853.41,Cloud SQL,PostgreSQL replica
Marketing-Platform,rs-0ba2171,AWS,2026-05,410.5,1145.3,0,2058.95,Redshift,Data warehouse cluster
Internal-Tools,lam-02cb754,AWS,2026-05,0.0,0.0,59891706,407.0,Lambda,Auth token validator
Marketing-Platform,clog-0b5d855,GCP,2026-05,0.0,509.1,0,125.58,Cloud Logging,Application logs
Internal-Tools,cr-0ca3732,GCP,2026-05,403.6,0.0,3349338,342.03,Cloud Run,Webhook handler
Partner-Integration,rds-0c9f949,AWS,2026-05,344.3,96.4,0,407.31,RDS,db.t3.medium MySQL staging
Internal-Tools,s3-0fe8428,AWS,2026-05,0.0,6474.2,396660,158.63,S3,Log archive bucket
Edge-Network,sns-074f285,AWS,2026-05,0.0,0.0,11819656,5.83,SNS,Alert notifications
Finance-Systems,cr-0f68426,GCP,2026-05,618.3,0.0,2531400,796.66,Cloud Run,ETL pipeline service
Security-Ops,lam-0f58332,AWS,2026-05,0.0,0.0,1239538,9.18,Lambda,Cron job runner
Security-Ops,df-04d5515,GCP,2026-05,369.2,0.0,0,890.66,Dataflow,Batch pipeline
Marketing-Platform,i-01eb577,AWS,2026-05,626.4,0.0,0,551.14,EC2,t3.large application server
Production-Secondary,csp-008f517,GCP,2026-05,515.1,71.4,35952042,3019.94,Cloud Spanner,Global transaction DB
Finance-Systems,cr-04c2369,GCP,2026-05,594.9,0.0,2522113,760.17,Cloud Run,ETL pipeline service
Production-Secondary,blob-005b954,AZURE,2026-05,0.0,10360.5,102811,306.02,Blob Storage,Backup storage
Finance-Systems,gcs-1075162,GCP,2026-05,0.0,10114.3,3358686,302.47,Cloud Storage,Data lake bucket
Marketing-Platform,lam-1106899,AWS,2026-05,0.0,0.0,17205287,121.98,Lambda,Data transformer
Analytics-Platform,clog-0dc5460,GCP,2026-05,0.0,163.6,0,39.31,Cloud Logging,Audit logs
Analytics-Platform,aks-05f7197,AZURE,2026-05,1261.7,0.0,0,1903.06,AKS,Staging K8s cluster
IoT-Platform,fs-06c5998,GCP,2026-05,769.7,21.2,51769421,555.4,Firestore,Session store
Edge-Network,sns-030d402,AWS,2026-05,0.0,0.0,11423243,5.78,SNS,Alert notifications
Internal-Tools,ec-0ef0731,AWS,2026-05,566.0,0.0,0,412.96,ElastiCache,Redis production cluster
Customer-Portal,ps-08bf500,GCP,2026-05,0.0,0.0,46133707,553.19,Pub/Sub,Log forwarding
DevOps-Central,blob-00db441,AZURE,2026-05,0.0,9092.4,90739,268.06,Blob Storage,Backup storage
Security-Ops,r53-018e416,AWS,2026-05,0.0,0.0,10168304,15.21,Route 53,Health checks
Customer-Portal,blob-0ee9309,AZURE,2026-05,0.0,4362.8,0,440.96,Blob Storage,Security audit logs
Finance-Systems,blob-09be448,AZURE,2026-05,0.0,1875.2,4747183,302.6,Blob Storage,Media content
Shared-Services,rds-0c01640,AWS,2026-05,677.9,188.9,0,601.2,RDS,db.t3.large development DB
Customer-Portal,vpn-0ca0711,AWS,2026-05,960.2,0.0,0,240.85,VPN Gateway,Client VPN endpoint
Production-Main,ebs-0000818,AWS,2026-05,0.0,581.7,0,350.67,EBS,io2 volumes database
Staging-Env,gke-0463966,GCP,2026-05,565.6,0.0,0,1641.6,GKE,Production API cluster
Production-Main,blob-002d702,AZURE,2026-05,0.0,2689.0,7075037,347.62,Blob Storage,Build artifacts
Compliance-Audit,s3-0a24119,AWS,2026-05,0.0,12453.3,2438856,411.64,S3,Data lake raw zone
Production-Secondary,i-007f340,AWS,2026-05,926.1,0.0,0,791.1,EC2,t3.large application server
Data-Science,i-0f03164,AWS,2026-05,499.5,0.0,0,864.17,EC2,r5.xlarge cache server
Shared-Services,vm-01b7776,AZURE,2026-05,513.6,0.0,0,936.16,Virtual Machines,E4s v3 SIEM collector
Data-Science,i-013e564,AWS,2026-05,720.7,0.0,0,312.83,EC2,t3.medium API server
Analytics-Platform,gcs-03f9608,GCP,2026-05,0.0,1512.7,757225,233.0,Cloud Storage,Model artifacts
Data-Science,gcf-0cf2936,GCP,2026-05,0.0,0.0,9321975,138.47,Cloud Functions,Auth handlers
Finance-Systems,eks-07ae725,AWS,2026-05,816.2,0.0,0,2375.98,EKS,Production K8s cluster
Analytics-Platform,cr-08c3475,GCP,2026-05,565.6,0.0,11674559,838.2,Cloud Run,API gateway service
Internal-Tools,eh-02a4811,AZURE,2026-05,0.0,445.7,0,107.62,Event Hubs,Capture to storage
Production-Main,eh-0640655,AZURE,2026-05,0.0,683.9,0,168.34,Event Hubs,Capture to storage
Production-Main,cf-0753522,AWS,2026-05,0.0,0.0,81791744,398.73,CloudFront,CDN media distribution
ML-Training,ebs-094c540,AWS,2026-05,0.0,672.1,0,403.81,EBS,io2 volumes database
Finance-Systems,cr-0b2a572,GCP,2026-05,594.4,0.0,2470999,772.63,Cloud Run,ETL pipeline service
QA-Testing,ses-0bb1203,AWS,2026-05,0.0,0.0,2611139,3.17,SES,Transactional email
DevOps-Central,kin-0afa513,AWS,2026-05,887.2,0.0,24007115,343.64,Kinesis,Firehose delivery
Finance-Systems,elb-0dfb753,AWS,2026-05,870.7,0.0,59413230,372.36,ELB,Network load balancer
Internal-Tools,ps-02e5404,GCP,2026-05,0.0,0.0,45850337,577.24,Pub/Sub,Log forwarding
Finance-Systems,fd-115e311,AZURE,2026-05,0.0,0.0,50215423,371.54,Front Door,Global load balancer
Security-Ops,ec-1071526,AWS,2026-05,603.2,0.0,0,220.13,ElastiCache,Redis staging cluster
Security-Ops,cdns-10ba243,GCP,2026-05,0.0,0.0,24009706,35.63,Cloud DNS,DNS zones
Shared-Services,cosmos-0afb701,AZURE,2026-05,626.8,88.9,21329369,803.76,Cosmos DB,Event store
Customer-Portal,clog-082d219,GCP,2026-05,0.0,500.4,0,121.35,Cloud Logging,Application logs
Finance-Systems,s3-0ffa665,AWS,2026-05,0.0,5073.7,7931249,366.37,S3,Media content bucket
Finance-Systems,appi-0409195,AZURE,2026-05,0.0,0.0,47921367,596.51,Application Insights,APM telemetry
Partner-Integration,blob-03ad516,AZURE,2026-05,0.0,12624.3,126170,379.69,Blob Storage,Backup storage
DevOps-Central,vm-00de137,AZURE,2026-05,569.7,0.0,0,5012.18,Virtual Machines,NC6s v3 GPU VM
Marketing-Platform,rds-09c8470,AWS,2026-05,972.0,681.2,0,2453.87,RDS,db.r5.xlarge PostgreSQL primary
Internal-Tools,elb-05c6198,AWS,2026-05,1041.7,0.0,14375582,204.99,ELB,Classic load balancer
Partner-Integration,gcs-0ac7974,GCP,2026-05,0.0,15379.3,37856,149.5,Cloud Storage,Archive bucket
ML-Training,kin-036d547,AWS,2026-05,815.8,0.0,34143287,503.83,Kinesis,Data stream ingestion
Compliance-Audit,ec-0ebf584,AWS,2026-05,558.0,0.0,0,394.68,ElastiCache,Redis production cluster
Partner-Integration,cf-08c7521,AWS,2026-05,0.0,0.0,38533606,185.59,CloudFront,CDN API distribution
Mobile-Backend,sqldb-034a278,AZURE,2026-05,862.4,306.5,0,1414.88,SQL Database,Standard S3 production
Shared-Services,appi-01b5631,AZURE,2026-05,0.0,0.0,25412775,311.08,Application Insights,Custom metrics
Internal-Tools,s3-0d89977,AWS,2026-05,0.0,3920.4,6244107,289.93,S3,Media content bucket
Analytics-Platform,csql-0c47529,GCP,2026-05,568.8,399.6,0,1139.94,Cloud SQL,MySQL analytics
Marketing-Platform,lam-01cd667,AWS,2026-05,0.0,0.0,20150715,139.66,Lambda,Data transformer
Shared-Services,vm-0a13145,AZURE,2026-05,680.2,0.0,0,2433.01,Virtual Machines,E8s v3 memory-optimized
Mobile-Backend,vm-0346435,AZURE,2026-05,867.7,0.0,0,1210.47,Virtual Machines,F4s v2 compute node
Finance-Systems,func-0f8a387,AZURE,2026-05,0.0,0.0,5882435,88.28,Azure Functions,API handlers
Production-Secondary,redis-1100231,AZURE,2026-05,775.6,0.0,0,940.25,Azure Cache for Redis,Premium P1 cache
Partner-Integration,sm-1004542,AWS,2026-05,0.0,0.0,1236529,4.75,Secrets Manager,Application secrets
Partner-Integration,sb-0cac510,AZURE,2026-05,622.9,0.0,8592618,460.39,Service Bus,Premium messaging
Customer-Portal,s3-0739784,AWS,2026-05,0.0,17431.8,3468958,613.88,S3,Data lake raw zone
Data-Science,fs-0490914,GCP,2026-05,553.3,15.4,38096935,395.68,Firestore,Session store
Marketing-Platform,i-01e8508,AWS,2026-05,650.4,0.0,0,1126.26,EC2,r5.xlarge cache server
Data-Science,csql-0648221,GCP,2026-05,768.4,541.2,0,1525.28,Cloud SQL,MySQL analytics
Shared-Services,gcs-042a567,GCP,2026-05,0.0,3706.8,3697560,263.24,Cloud Storage,Media assets bucket
Security-Ops,bq-053b223,GCP,2026-05,0.0,7671.8,0,2946.17,BigQuery,Analytics data warehouse
Edge-Network,eks-0321899,AWS,2026-05,547.3,0.0,0,1621.26,EKS,Production K8s cluster
Finance-Systems,s3-055a789,AWS,2026-05,0.0,1154.9,2258437,97.76,S3,Artifact storage
Internal-Tools,ec-0419804,AWS,2026-05,530.1,0.0,0,384.06,ElastiCache,Redis production cluster
Mobile-Backend,aks-0339617,AZURE,2026-05,379.1,0.0,0,564.46,AKS,Dev K8s cluster
QA-Testing,lam-099e683,AWS,2026-05,0.0,0.0,2701576,19.16,Lambda,Webhook processor
ML-Training,lam-10da892,AWS,2026-05,0.0,0.0,10162185,72.13,Lambda,Notification dispatcher
Shared-Services,eh-0962257,AZURE,2026-05,0.0,664.1,0,163.78,Event Hubs,Capture to storage
Marketing-Platform,gke-0f28289,GCP,2026-05,1739.9,0.0,0,3523.94,GKE,ML training cluster
Mobile-Backend,sb-0e69292,AZURE,2026-05,0.0,0.0,15750148,38.02,Service Bus,Standard messaging
IoT-Platform,csp-0c02813,GCP,2026-05,894.5,125.1,62047262,5326.17,Cloud Spanner,Global transaction DB
Production-Main,ecs-001e666,AWS,2026-05,480.1,0.0,0,887.39,ECS,Fargate API cluster
Production-Secondary,r53-0e61207,AWS,2026-05,0.0,0.0,8564858,12.66,Route 53,Health checks
Customer-Portal,gcf-026f655,GCP,2026-05,0.0,0.0,11656025,177.62,Cloud Functions,Data triggers
ML-Training,i-0367966,AWS,2026-05,848.8,0.0,0,1469.29,EC2,m5.xlarge web server
IoT-Platform,gcs-065a787,GCP,2026-05,0.0,11159.3,3632820,323.22,Cloud Storage,Data lake bucket
Internal-Tools,sentinel-02a0411,AZURE,2026-05,0.0,0.0,73152641,1836.06,Microsoft Sentinel,SIEM detection
Customer-Portal,ses-0825680,AWS,2026-05,0.0,0.0,637609,0.76,SES,Marketing email
Internal-Tools,ebs-0b3f304,AWS,2026-05,0.0,1471.7,0,184.9,EBS,gp3 volumes production
Data-Science,ses-014a460,AWS,2026-05,0.0,0.0,2131934,2.56,SES,Transactional email
Analytics-Platform,gcs-0597249,GCP,2026-05,0.0,1954.3,942985,296.24,Cloud Storage,Model artifacts
Production-Main,ecs-001d579,AWS,2026-05,329.5,0.0,0,592.57,ECS,Fargate worker cluster
Marketing-Platform,sm-07dd433,AWS,2026-05,0.0,0.0,938161,3.8,Secrets Manager,Application secrets
Partner-Integration,blob-03ac316,AZURE,2026-05,0.0,1580.6,3928662,254.2,Blob Storage,Media content
Production-Secondary,r53-10c5816,AWS,2026-05,0.0,0.0,7212347,10.5,Route 53,Health checks
Edge-Network,ecs-0fc0400,AWS,2026-05,394.9,0.0,0,696.67,ECS,Fargate API cluster
ML-Training,rs-0942720,AWS,2026-05,0.0,0.0,4629919,232.48,Redshift,Spectrum queries
Analytics-Platform,gcs-00a4800,GCP,2026-05,0.0,1751.5,868480,261.38,Cloud Storage,Model artifacts
Partner-Integration,cf-08ff891,AWS,2026-05,0.0,0.0,36806998,181.19,CloudFront,CDN API distribution
Staging-Env,gcs-06a3232,GCP,2026-05,0.0,12063.5,4061625,354.35,Cloud Storage,Data lake bucket
Internal-Tools,sentinel-0a7f164,AZURE,2026-05,0.0,0.0,32081693,795.19,Microsoft Sentinel,Log analytics
Security-Ops,mem-07e0582,GCP,2026-05,539.8,0.0,0,386.57,Memorystore,Redis production cache
Production-Main,cdns-0ac8252,GCP,2026-05,0.0,0.0,14602546,22.09,Cloud DNS,DNS zones
Analytics-Platform,redis-0829391,AZURE,2026-05,443.3,0.0,0,545.7,Azure Cache for Redis,Premium P1 cache
Production-Main,r53-0a68605,AWS,2026-05,0.0,0.0,12089786,17.36,Route 53,Health checks
Finance-Systems,rds-08ea254,AWS,2026-05,517.7,724.8,0,2265.45,RDS,db.r5.2xlarge Aurora cluster
Customer-Portal,eh-0e73541,AZURE,2026-05,0.0,583.1,0,145.26,Event Hubs,Capture to storage
Shared-Services,func-091a460,AZURE,2026-05,0.0,0.0,10469302,157.51,Azure Functions,API handlers
Marketing-Platform,cdns-051c997,GCP,2026-05,0.0,0.0,15499589,23.47,Cloud DNS,DNS zones
Finance-Systems,gcf-0802515,GCP,2026-05,0.0,0.0,2569088,38.28,Cloud Functions,Scheduled tasks
Finance-Systems,csql-0233402,GCP,2026-05,794.7,539.8,0,1549.47,Cloud SQL,MySQL analytics
Customer-Portal,vm-116f206,AZURE,2026-05,569.6,0.0,0,997.34,Virtual Machines,E4s v3 SIEM collector
Customer-Portal,vm-0d1f996,AZURE,2026-05,522.2,0.0,0,308.63,Virtual Machines,D2s v3 utility server
Compliance-Audit,ses-0381310,AWS,2026-05,0.0,0.0,1482141,1.77,SES,Transactional email
Finance-Systems,gcf-0e59594,GCP,2026-05,0.0,0.0,13121893,200.35,Cloud Functions,Data triggers
Analytics-Platform,vai-00ad706,GCP,2026-05,587.7,0.0,0,2873.23,Vertex AI,Training pipelines
Compliance-Audit,rs-07a8173,AWS,2026-05,0.0,0.0,5152329,251.16,Redshift,Spectrum queries
Edge-Network,bq-0fd3223,GCP,2026-05,0.0,3990.5,0,1544.95,BigQuery,Log analytics
Production-Secondary,sqldb-0917961,AZURE,2026-05,399.3,143.9,0,666.07,SQL Database,Standard S3 production
Production-Secondary,redis-0063919,AZURE,2026-05,880.0,0.0,0,451.17,Azure Cache for Redis,Standard C2 cache
Security-Ops,ecs-0ba6598,AWS,2026-05,159.3,0.0,0,287.77,ECS,Fargate batch cluster
ML-Training,i-0c81746,AWS,2026-05,633.8,0.0,0,528.43,EC2,m5.large monitoring server
Partner-Integration,appi-03a3584,AZURE,2026-05,0.0,0.0,52111712,654.7,Application Insights,APM telemetry
Shared-Services,func-042c439,AZURE,2026-05,0.0,0.0,10503286,157.14,Azure Functions,API handlers
Security-Ops,gke-0bdc440,GCP,2026-05,2515.0,0.0,0,4992.25,GKE,ML training cluster
Customer-Portal,cf-028b887,AWS,2026-05,0.0,0.0,26872381,133.8,CloudFront,CDN static assets
Edge-Network,ebs-072d290,AWS,2026-05,0.0,675.0,0,83.61,EBS,gp3 volumes production
IoT-Platform,cdns-0350687,GCP,2026-05,0.0,0.0,14096530,20.45,Cloud DNS,DNS zones
Security-Ops,vai-016e746,GCP,2026-05,233.2,0.0,0,1140.11,Vertex AI,AutoML jobs
Customer-Portal,sb-0d6e915,AZURE,2026-05,0.0,0.0,14917474,37.64,Service Bus,Standard messaging
Production-Secondary,blob-0da3800,AZURE,2026-05,0.0,2632.5,6942251,341.13,Blob Storage,Build artifacts
Production-Secondary,sqldb-0655765,AZURE,2026-05,490.8,177.5,0,824.12,SQL Database,Standard S3 production
Shared-Services,sb-0d2f609,AZURE,2026-05,522.8,0.0,7406440,409.86,Service Bus,Premium messaging
Mobile-Backend,sqs-0865398,AWS,2026-05,0.0,0.0,326914,0.16,SQS,Dead letter queue
Staging-Env,clog-00fe878,GCP,2026-05,0.0,271.4,0,65.67,Cloud Logging,Audit logs
Finance-Systems,cr-08b8136,GCP,2026-05,607.0,0.0,2455540,756.48,Cloud Run,ETL pipeline service
Finance-Systems,gcf-0668150,GCP,2026-05,0.0,0.0,13374852,195.67,Cloud Functions,Data triggers
Production-Secondary,ps-07e1546,GCP,2026-05,0.0,0.0,13005064,158.57,Pub/Sub,Data pipeline
Partner-Integration,sb-103f867,AZURE,2026-05,587.2,0.0,8033655,427.17,Service Bus,Premium messaging
Customer-Portal,ses-1122543,AWS,2026-05,0.0,0.0,2515148,3.06,SES,Transactional email
Data-Science,gcs-069a980,GCP,2026-05,0.0,449.6,7315499,81.77,Cloud Storage,Temp processing bucket
Staging-Env,gcs-0a2c640,GCP,2026-05,0.0,10495.0,3489539,299.85,Cloud Storage,Data lake bucket
Staging-Env,fs-0c85106,GCP,2026-05,804.1,55.7,33830484,446.64,Firestore,User profiles DB
Marketing-Platform,ddb-0f43677,AWS,2026-05,521.0,7.3,3673803,63.32,DynamoDB,Config store table
Marketing-Platform,sqs-0b48223,AWS,2026-05,0.0,0.0,525275,0.25,SQS,Dead letter queue
Security-Ops,bq-10ec881,GCP,2026-05,0.0,1777.6,0,681.28,BigQuery,Data export queries
Partner-Integration,ps-03c2959,GCP,2026-05,0.0,0.0,32879421,412.51,Pub/Sub,Event streaming
Internal-Tools,vm-029d382,AZURE,2026-05,553.3,0.0,0,167.25,Virtual Machines,B2s development VM
Customer-Portal,vpn-0e39121,AWS,2026-05,755.4,0.0,0,191.09,VPN Gateway,Client VPN endpoint
Compliance-Audit,rds-116e550,AWS,2026-05,1072.4,758.7,0,2061.51,RDS,db.r5.large PostgreSQL replica
Customer-Portal,gcf-026c850,GCP,2026-05,0.0,0.0,19738784,288.41,Cloud Functions,Pub/Sub processors
Finance-Systems,rds-023d564,AWS,2026-05,875.2,619.1,0,1685.96,RDS,db.r5.large PostgreSQL replica
Data-Science,gcf-0116331,GCP,2026-05,0.0,0.0,1528437,22.09,Cloud Functions,Scheduled tasks
QA-Testing,elb-0d3a401,AWS,2026-05,671.0,0.0,9344768,134.97,ELB,Classic load balancer
DR-Recovery,azmon-07f2353,AZURE,2026-05,0.0,275.0,35983319,386.52,Azure Monitor,Logs and metrics
Finance-Systems,func-021c663,AZURE,2026-05,0.0,0.0,5433138,78.35,Azure Functions,API handlers
DevOps-Central,sqldb-00e4234,AZURE,2026-05,618.0,209.8,0,987.86,SQL Database,Standard S3 production
Marketing-Platform,mem-082f478,GCP,2026-05,418.3,0.0,0,301.39,Memorystore,Redis staging cache
Customer-Portal,fd-0efe463,AZURE,2026-05,0.0,0.0,61743990,461.23,Front Door,Global load balancer
Marketing-Platform,vai-052f464,GCP,2026-05,346.2,0.0,0,1695.78,Vertex AI,AutoML jobs
Staging-Env,vai-0486756,GCP,2026-05,484.8,0.0,0,2404.59,Vertex AI,Training pipelines
Production-Secondary,csql-008d254,GCP,2026-05,508.3,144.9,0,833.56,Cloud SQL,PostgreSQL primary
Internal-Tools,ec-0cbe439,AWS,2026-05,530.8,0.0,0,378.35,ElastiCache,Redis production cluster
Internal-Tools,gcf-02d9518,GCP,2026-05,0.0,0.0,2179463,32.27,Cloud Functions,Scheduled tasks
Partner-Integration,sqs-0654966,AWS,2026-05,0.0,0.0,24609586,12.12,SQS,Event notification queue
Compliance-Audit,ecs-0daa871,AWS,2026-05,428.6,0.0,0,789.31,ECS,Fargate worker cluster
Data-Science,cr-06f2731,GCP,2026-05,572.9,0.0,2369513,746.74,Cloud Run,ETL pipeline service
Data-Science,i-0f62656,AWS,2026-05,437.3,0.0,0,753.16,EC2,r5.xlarge cache server
Compliance-Audit,rds-08cd532,AWS,2026-05,340.4,95.3,0,393.62,RDS,db.t3.medium MySQL staging
Internal-Tools,blob-1061535,AZURE,2026-05,0.0,6470.4,0,612.86,Blob Storage,Security audit logs
Production-Main,s3-050b772,AWS,2026-05,0.0,9141.5,562007,225.85,S3,Log archive bucket
Shared-Services,func-0c05155,AZURE,2026-05,0.0,0.0,9067895,132.91,Azure Functions,Event processors
Shared-Services,appi-05e6663,AZURE,2026-05,0.0,0.0,39743018,504.3,Application Insights,APM telemetry
Staging-Env,fs-07a2116,GCP,2026-05,1121.9,76.9,46604542,631.18,Firestore,User profiles DB
Data-Science,rds-08d7648,AWS,2026-05,786.6,563.3,0,2030.43,RDS,db.r5.xlarge PostgreSQL primary
Data-Science,i-1072168,AWS,2026-05,591.4,0.0,0,494.05,EC2,m5.large monitoring server
Internal-Tools,s3-0c32773,AWS,2026-05,0.0,6718.7,68888,156.96,S3,Backup storage bucket
ML-Training,sns-0a08133,AWS,2026-05,0.0,0.0,8903450,4.42,SNS,Alert notifications
Internal-Tools,cr-108f960,GCP,2026-05,999.2,0.0,20990928,1497.16,Cloud Run,API gateway service
Production-Secondary,aks-1097469,AZURE,2026-05,456.7,0.0,0,2026.82,AKS,Production K8s cluster
Customer-Portal,blob-0a49959,AZURE,2026-05,0.0,5410.6,0,516.26,Blob Storage,Security audit logs
Internal-Tools,blob-029b273,AZURE,2026-05,0.0,5626.2,0,562.55,Blob Storage,Security audit logs
Production-Secondary,app-0bcc721,AZURE,2026-05,636.3,0.0,0,95.4,App Service,Web app B1
Production-Secondary,sqldb-0f87366,AZURE,2026-05,448.3,152.7,0,741.13,SQL Database,Standard S3 production
Production-Main,gcs-09ac843,GCP,2026-05,0.0,24279.2,58537,233.83,Cloud Storage,Archive bucket
Security-Ops,bq-0d35102,GCP,2026-05,0.0,6969.2,0,2749.51,BigQuery,Analytics data warehouse
Production-Main,ecs-074b718,AWS,2026-05,356.3,0.0,0,628.71,ECS,Fargate worker cluster
Production-Secondary,fs-0460277,GCP,2026-05,866.8,60.4,35074319,481.27,Firestore,User profiles DB
Production-Main,redis-0e3f197,AZURE,2026-05,801.8,0.0,0,962.51,Azure Cache for Redis,Premium P1 cache
Production-Secondary,blob-0944504,AZURE,2026-05,0.0,11092.3,107807,327.68,Blob Storage,Backup storage
Partner-Integration,rds-071b467,AWS,2026-05,391.5,111.3,0,465.99,RDS,db.t3.medium MySQL staging
Customer-Portal,vpn-0282677,AWS,2026-05,915.6,0.0,0,228.1,VPN Gateway,Client VPN endpoint
Staging-Env,bq-08e2660,GCP,2026-05,0.0,1466.3,0,577.78,BigQuery,BI reporting views
DevOps-Central,ec-1050337,AWS,2026-05,756.6,0.0,0,544.35,ElastiCache,Redis production cluster
IoT-Platform,bq-0acc903,GCP,2026-05,0.0,2873.1,0,1117.72,BigQuery,BI reporting views
Customer-Portal,vm-025c560,AZURE,2026-05,509.2,0.0,0,933.55,Virtual Machines,E4s v3 SIEM collector
Production-Main,s3-10fa940,AWS,2026-05,0.0,9684.2,583249,239.07,S3,Log archive bucket
Internal-Tools,s3-05e5658,AWS,2026-05,0.0,7310.5,457179,184.14,S3,Log archive bucket
Data-Science,sm-0142508,AWS,2026-05,0.0,0.0,1214176,4.74,Secrets Manager,Application secrets
Edge-Network,sns-06be252,AWS,2026-05,0.0,0.0,10389817,5.1,SNS,Alert notifications
Production-Secondary,s3-0076278,AWS,2026-05,0.0,1168.7,2279637,99.09,S3,Artifact storage
Marketing-Platform,cdns-0b8a679,GCP,2026-05,0.0,0.0,13468698,19.46,Cloud DNS,DNS zones
Shared-Services,app-04bc337,AZURE,2026-05,964.5,0.0,0,576.99,App Service,Web app P1v3
Marketing-Platform,rds-0d1a186,AWS,2026-05,589.0,413.7,0,1159.74,RDS,db.r5.large PostgreSQL replica
Mobile-Backend,vm-0344813,AZURE,2026-05,886.7,0.0,0,1070.87,Virtual Machines,D4s v3 CI runner
Partner-Integration,rds-042d472,AWS,2026-05,431.6,119.0,0,505.41,RDS,db.t3.medium MySQL staging
Partner-Integration,rs-04c5955,AWS,2026-05,0.0,0.0,5065756,247.1,Redshift,Spectrum queries
Data-Science,gcf-0ecd801,GCP,2026-05,0.0,0.0,9463714,135.38,Cloud Functions,Auth handlers
Customer-Portal,ebs-06c4378,AWS,2026-05,0.0,570.6,0,354.03,EBS,io2 volumes database
Security-Ops,vai-0604556,GCP,2026-05,272.9,0.0,0,1356.29,Vertex AI,AutoML jobs
Security-Ops,vai-03f8402,GCP,2026-05,253.5,0.0,0,1247.24,Vertex AI,AutoML jobs
Partner-Integration,cf-0e49841,AWS,2026-05,0.0,0.0,38495684,187.18,CloudFront,CDN API distribution
Compliance-Audit,i-0810870,AWS,2026-05,829.2,0.0,0,711.18,EC2,m5.large monitoring server
Marketing-Platform,i-0860850,AWS,2026-05,522.5,0.0,0,1752.23,EC2,r5.2xlarge database server
Mobile-Backend,acr-1172245,AZURE,2026-05,0.0,230.1,454443,153.52,Container Registry,Docker image registry
Staging-Env,gcf-00f8446,GCP,2026-05,0.0,0.0,2565546,39.39,Cloud Functions,Scheduled tasks
Staging-Env,vai-04ba249,GCP,2026-05,513.7,0.0,0,2471.49,Vertex AI,Training pipelines
Partner-Integration,rds-10b5322,AWS,2026-05,949.8,658.0,0,1807.02,RDS,db.r5.large PostgreSQL replica
Production-Main,cmon-0b33281,GCP,2026-05,0.0,0.0,22684659,182.02,Cloud Monitoring,Metrics and alerting
Edge-Network,gcs-1041858,GCP,2026-05,0.0,15702.0,5206429,469.14,Cloud Storage,Data lake bucket
Finance-Systems,gcs-0bce903,GCP,2026-05,0.0,11439.9,3812339,337.68,Cloud Storage,Data lake bucket
Shared-Services,sb-0506723,AZURE,2026-05,572.4,0.0,7823513,432.38,Service Bus,Premium messaging
Internal-Tools,blob-07c1390,AZURE,2026-05,0.0,3177.3,8411078,400.69,Blob Storage,Build artifacts
Marketing-Platform,vai-051e486,GCP,2026-05,583.8,0.0,6659791,1278.76,Vertex AI,Model serving endpoints
Analytics-Platform,bq-0a72102,GCP,2026-05,0.0,2764.5,0,1068.16,BigQuery,BI reporting views
Production-Secondary,blob-109a113,AZURE,2026-05,0.0,6953.0,2579479,365.99,Blob Storage,Data lake storage
ML-Training,ebs-0ac5539,AWS,2026-05,0.0,3748.0,0,162.16,EBS,st1 volumes archive
Production-Secondary,aks-07b8164,AZURE,2026-05,476.5,0.0,0,2082.06,AKS,Production K8s cluster
Mobile-Backend,sqs-05b2924,AWS,2026-05,0.0,0.0,383781,0.19,SQS,Dead letter queue
Production-Secondary,blob-0df7960,AZURE,2026-05,0.0,2009.6,4879198,322.72,Blob Storage,Media content
Production-Main,ec-000c489,AWS,2026-05,907.5,0.0,0,631.51,ElastiCache,Redis production cluster
Compliance-Audit,ebs-0392523,AWS,2026-05,0.0,246.3,0,29.85,EBS,gp3 volumes staging
Customer-Portal,gcf-03f2528,GCP,2026-05,0.0,0.0,20195578,309.5,Cloud Functions,Pub/Sub processors
Production-Secondary,cosmos-0794762,AZURE,2026-05,561.8,76.4,19555856,706.34,Cosmos DB,Event store
Staging-Env,cmon-00f1584,GCP,2026-05,0.0,0.0,25945925,207.32,Cloud Monitoring,Metrics and alerting
Finance-Systems,blob-0e84394,AZURE,2026-05,0.0,8168.4,81270,235.51,Blob Storage,Backup storage
Finance-Systems,elb-024a650,AWS,2026-05,537.6,0.0,7419345,109.23,ELB,Classic load balancer
Staging-Env,cdns-0ede162,GCP,2026-05,0.0,0.0,15911332,23.67,Cloud DNS,DNS zones
DR-Recovery,appi-0c93294,AZURE,2026-05,0.0,0.0,14625524,182.85,Application Insights,Custom metrics
Partner-Integration,ado-1163263,AZURE,2026-05,646.9,0.0,0,324.2,Azure DevOps,Pipelines hosted
Internal-Tools,cr-0df5466,GCP,2026-05,659.1,0.0,2737149,859.82,Cloud Run,ETL pipeline service
Data-Science,gke-1160915,GCP,2026-05,4251.7,0.0,0,8320.65,GKE,GPU node pool
Marketing-Platform,clog-0441451,GCP,2026-05,0.0,493.2,0,121.81,Cloud Logging,Application logs
Compliance-Audit,sns-0767851,AWS,2026-05,0.0,0.0,16847035,8.07,SNS,Event fanout topic
Production-Main,i-0c80371,AWS,2026-05,379.8,0.0,0,1125.97,EC2,c5.2xlarge HPC node
Analytics-Platform,csql-0cc5770,GCP,2026-05,504.0,349.7,0,961.76,Cloud SQL,MySQL analytics
Data-Science,appi-014d674,AZURE,2026-05,0.0,0.0,19098523,231.09,Application Insights,Custom metrics
Marketing-Platform,rs-0dba560,AWS,2026-05,0.0,0.0,5875887,294.78,Redshift,Spectrum queries
Customer-Portal,func-025f994,AZURE,2026-05,0.0,0.0,532284,8.01,Azure Functions,Timer triggers
Security-Ops,ebs-0625274,AWS,2026-05,0.0,589.4,0,368.48,EBS,io2 volumes database
DevOps-Central,redis-0cc8842,AZURE,2026-05,702.3,0.0,0,845.94,Azure Cache for Redis,Premium P1 cache
Data-Science,csp-0f46712,GCP,2026-05,620.6,86.2,42362225,3717.13,Cloud Spanner,Global transaction DB
Shared-Services,gcs-09d5972,GCP,2026-05,0.0,531.0,8427576,96.07,Cloud Storage,Temp processing bucket
Production-Main,clog-004f676,GCP,2026-05,0.0,492.2,0,118.21,Cloud Logging,Application logs
Customer-Portal,elb-0784552,AWS,2026-05,645.0,0.0,26884490,195.68,ELB,Application load balancer
Analytics-Platform,ado-0af3187,AZURE,2026-05,0.0,113.7,0,27.87,Azure DevOps,Artifacts storage
Internal-Tools,lam-0bda239,AWS,2026-05,0.0,0.0,29759116,209.19,Lambda,API gateway handler
Internal-Tools,sqs-03fc213,AWS,2026-05,0.0,0.0,45144836,22.19,SQS,Order processing queue
Marketing-Platform,gcf-0a40516,GCP,2026-05,0.0,0.0,1868518,27.57,Cloud Functions,Scheduled tasks
Partner-Integration,ado-03a9963,AZURE,2026-05,0.0,86.4,0,21.17,Azure DevOps,Artifacts storage
IoT-Platform,fs-0928954,GCP,2026-05,1094.0,30.6,77301596,801.87,Firestore,Session store
Production-Main,app-0e07775,AZURE,2026-05,690.4,0.0,0,102.49,App Service,Web app B1
Partner-Integration,azmon-0bc1733,AZURE,2026-05,0.0,226.2,29261785,306.22,Azure Monitor,Logs and metrics
IoT-Platform,csql-10ca290,GCP,2026-05,734.7,212.7,0,903.77,Cloud SQL,PostgreSQL replica
Security-Ops,fs-054c237,GCP,2026-05,512.5,36.7,21601513,295.56,Firestore,User profiles DB
Finance-Systems,blob-0f8b380,AZURE,2026-05,0.0,2185.7,5263563,344.18,Blob Storage,Media content
Internal-Tools,blob-0573578,AZURE,2026-05,0.0,11951.1,116218,337.1,Blob Storage,Backup storage
Production-Secondary,csql-117d833,GCP,2026-05,504.4,353.1,0,945.81,Cloud SQL,MySQL analytics
Shared-Services,sb-10bc304,AZURE,2026-05,537.9,0.0,7448965,408.62,Service Bus,Premium messaging
Internal-Tools,gcs-0ff0142,GCP,2026-05,0.0,3560.7,3520128,254.09,Cloud Storage,Media assets bucket
Mobile-Backend,fd-0500920,AZURE,2026-05,0.0,0.0,43315700,328.24,Front Door,Global load balancer
Partner-Integration,bq-03bc722,GCP,2026-05,0.0,1244.2,0,482.26,BigQuery,Data export queries
Finance-Systems,s3-113d678,AWS,2026-05,0.0,66.0,32887518,214.9,S3,Static website hosting
Edge-Network,vpn-0e0d648,AWS,2026-05,711.7,0.0,0,177.16,VPN Gateway,Client VPN endpoint
Edge-Network,ecs-0c03661,AWS,2026-05,290.8,0.0,0,512.33,ECS,Fargate worker cluster
Partner-Integration,appi-1065534,AZURE,2026-05,0.0,0.0,45139363,565.04,Application Insights,APM telemetry
Production-Main,ebs-0fb8180,AWS,2026-05,0.0,615.4,0,371.43,EBS,io2 volumes database
ML-Training,rs-0727239,AWS,2026-05,0.0,0.0,3739541,182.36,Redshift,Spectrum queries
Production-Main,gcf-0048169,GCP,2026-05,0.0,0.0,14018074,210.35,Cloud Functions,Pub/Sub processors
Production-Secondary,ps-0f67350,GCP,2026-05,0.0,0.0,14607552,174.65,Pub/Sub,Data pipeline
Internal-Tools,ebs-0793510,AWS,2026-05,0.0,244.0,0,29.55,EBS,gp3 volumes staging
Internal-Tools,sqs-10ac145,AWS,2026-05,0.0,0.0,46686401,22.76,SQS,Order processing queue
Edge-Network,gcf-05e9391,GCP,2026-05,0.0,0.0,22836544,338.57,Cloud Functions,Pub/Sub processors
Finance-Systems,blob-020c758,AZURE,2026-05,0.0,3502.8,9065268,437.19,Blob Storage,Build artifacts
QA-Testing,ebs-0a44533,AWS,2026-05,0.0,1163.7,0,138.34,EBS,gp3 volumes production
Marketing-Platform,rds-0e92796,AWS,2026-05,504.6,357.0,0,990.36,RDS,db.r5.large PostgreSQL replica
Edge-Network,bq-0482941,GCP,2026-05,0.0,4970.4,0,1989.49,BigQuery,Log analytics
Staging-Env,gcs-0db0711,GCP,2026-05,0.0,18380.6,46860,185.0,Cloud Storage,Archive bucket
Finance-Systems,fd-0212792,AZURE,2026-05,0.0,0.0,45412193,327.12,Front Door,Global load balancer
Security-Ops,ses-0ecc552,AWS,2026-05,0.0,0.0,1998148,2.33,SES,Transactional email
Production-Main,ecs-06dd673,AWS,2026-05,331.0,0.0,0,615.48,ECS,Fargate batch cluster
Mobile-Backend,kin-04f8523,AWS,2026-05,694.6,0.0,29357429,430.16,Kinesis,Data stream ingestion
Production-Secondary,sqs-0aca971,AWS,2026-05,0.0,0.0,25104219,12.44,SQS,Event notification queue
Customer-Portal,ses-0289612,AWS,2026-05,0.0,0.0,2336647,2.72,SES,Transactional email
Finance-Systems,blob-04ed338,AZURE,2026-05,0.0,7699.5,2847735,404.69,Blob Storage,Data lake storage
IoT-Platform,cr-1142323,GCP,2026-05,637.2,0.0,13112061,960.99,Cloud Run,API gateway service
Compliance-Audit,s3-104d117,AWS,2026-05,0.0,590.0,1156477,49.71,S3,Artifact storage
Mobile-Backend,fd-06a9855,AZURE,2026-05,0.0,0.0,47822167,353.94,Front Door,Global load balancer
ML-Training,rds-0376427,AWS,2026-05,633.7,724.6,0,1457.46,RDS,db.m5.xlarge analytics DB
Data-Science,gcf-07e8576,GCP,2026-05,0.0,0.0,8858025,132.2,Cloud Functions,Auth handlers
Data-Science,ps-0d84890,GCP,2026-05,0.0,0.0,17198962,208.2,Pub/Sub,Event streaming
Partner-Integration,kin-03c3921,AWS,2026-05,855.0,0.0,35466675,525.13,Kinesis,Data stream ingestion
Marketing-Platform,vai-0f66664,GCP,2026-05,438.5,0.0,4984056,941.18,Vertex AI,Model serving endpoints
Security-Ops,ecs-04a1561,AWS,2026-05,512.2,0.0,0,929.94,ECS,Fargate API cluster
Production-Secondary,redis-0d6b439,AZURE,2026-05,999.0,0.0,0,1197.11,Azure Cache for Redis,Premium P1 cache
Security-Ops,s3-052c304,AWS,2026-05,0.0,5438.5,339349,131.45,S3,Log archive bucket
Staging-Env,df-0112294,GCP,2026-05,594.7,0.0,0,1417.13,Dataflow,Streaming pipeline
Shared-Services,eh-01b2547,AZURE,2026-05,0.0,606.5,0,145.42,Event Hubs,Capture to storage
Internal-Tools,blob-05a7913,AZURE,2026-05,0.0,3079.1,8205283,398.03,Blob Storage,Build artifacts
Staging-Env,vai-00f4202,GCP,2026-05,627.2,0.0,7180579,1389.72,Vertex AI,Model serving endpoints
DevOps-Central,ec-0f73376,AWS,2026-05,805.2,0.0,0,571.08,ElastiCache,Redis production cluster
Edge-Network,gke-0ac4487,GCP,2026-05,2132.7,0.0,0,4079.95,GKE,ML training cluster
Analytics-Platform,cr-0ca8929,GCP,2026-05,220.1,0.0,940114,192.92,Cloud Run,Image processor
Analytics-Platform,fs-06ec873,GCP,2026-05,1054.1,30.2,73666553,784.85,Firestore,Session store
Shared-Services,sb-07fc849,AZURE,2026-05,491.3,0.0,6929108,369.0,Service Bus,Premium messaging
Finance-Systems,blob-07c8190,AZURE,2026-05,0.0,1990.2,5122004,320.64,Blob Storage,Media content
Edge-Network,gcf-030a980,GCP,2026-05,0.0,0.0,2262084,32.95,Cloud Functions,Scheduled tasks
DevOps-Central,ec-0a03550,AWS,2026-05,758.1,0.0,0,561.07,ElastiCache,Redis production cluster
Compliance-Audit,s3-0471757,AWS,2026-05,0.0,665.6,1305379,56.37,S3,Artifact storage
Marketing-Platform,df-1035631,GCP,2026-05,786.5,0.0,0,1896.31,Dataflow,Streaming pipeline
Production-Secondary,appi-10d8998,AZURE,2026-05,0.0,0.0,33313852,423.9,Application Insights,APM telemetry
Internal-Tools,gke-0abc203,GCP,2026-05,625.3,0.0,0,1863.98,GKE,Production API cluster
Data-Science,mem-0646678,GCP,2026-05,351.4,0.0,0,250.62,Memorystore,Redis staging cache
Edge-Network,sns-07f5105,AWS,2026-05,0.0,0.0,11972792,6.04,SNS,Alert notifications
Production-Secondary,aks-0058383,AZURE,2026-05,1349.3,0.0,0,1991.58,AKS,Staging K8s cluster
Customer-Portal,bq-0cb0413,GCP,2026-05,0.0,922.7,0,364.38,BigQuery,Data export queries
Internal-Tools,mem-0c8f375,GCP,2026-05,395.0,0.0,0,277.62,Memorystore,Redis staging cache
Internal-Tools,gcs-0455204,GCP,2026-05,0.0,19880.7,6482762,588.22,Cloud Storage,Data lake bucket
Customer-Portal,ado-0265894,AZURE,2026-05,0.0,104.1,0,25.14,Azure DevOps,Artifacts storage
Compliance-Audit,ec-078e845,AWS,2026-05,632.1,0.0,0,450.27,ElastiCache,Redis production cluster
Security-Ops,ps-0b98182,GCP,2026-05,0.0,0.0,32450928,387.68,Pub/Sub,Event streaming
Production-Main,bq-0043693,GCP,2026-05,0.0,2598.6,0,1046.27,BigQuery,BI reporting views
Data-Science,rds-0e50804,AWS,2026-05,632.0,179.7,0,569.59,RDS,db.t3.large development DB
Marketing-Platform,ddb-0fab389,AWS,2026-05,447.7,31.0,48862590,345.44,DynamoDB,Session store table
Staging-Env,gke-0b91792,GCP,2026-05,2601.4,0.0,0,5185.64,GKE,ML training cluster
Mobile-Backend,sqs-097c579,AWS,2026-05,0.0,0.0,290801,0.14,SQS,Dead letter queue
Edge-Network,vpn-10a9783,AWS,2026-05,472.9,0.0,0,240.13,VPN Gateway,Site-to-site VPN
Internal-Tools,rds-02c3290,AWS,2026-05,792.9,216.7,0,697.76,RDS,db.t3.large development DB
Marketing-Platform,ddb-10a5298,AWS,2026-05,521.7,37.3,58602129,415.8,DynamoDB,Session store table
Production-Main,vm-0039243,AZURE,2026-05,737.0,0.0,0,2630.92,Virtual Machines,E8s v3 memory-optimized
Customer-Portal,blob-0c83136,AZURE,2026-05,0.0,5329.8,0,513.15,Blob Storage,Security audit logs
Staging-Env,vai-0d82386,GCP,2026-05,455.0,0.0,0,2217.03,Vertex AI,Training pipelines
Customer-Portal,sqldb-0263872,AZURE,2026-05,546.1,381.6,0,2191.5,SQL Database,Premium P1 analytics
Mobile-Backend,fd-0ef5396,AZURE,2026-05,0.0,0.0,39678178,299.81,Front Door,Global load balancer
Finance-Systems,csql-0511461,GCP,2026-05,645.1,176.3,0,1007.85,Cloud SQL,PostgreSQL primary
Finance-Systems,rs-023b632,AWS,2026-05,647.2,1807.2,0,3152.8,Redshift,Data warehouse cluster
Production-Secondary,redis-0064522,AZURE,2026-05,879.7,0.0,0,1049.55,Azure Cache for Redis,Premium P1 cache
Data-Science,sb-0e7b324,AZURE,2026-05,0.0,0.0,23945810,59.9,Service Bus,Standard messaging
Internal-Tools,cr-062b119,GCP,2026-05,525.0,0.0,4395784,444.66,Cloud Run,Webhook handler
Finance-Systems,s3-0245238,AWS,2026-05,0.0,2356.7,1154735,87.14,S3,Analytics export bucket
Internal-Tools,blob-0ba1272,AZURE,2026-05,0.0,3000.0,7828247,377.71,Blob Storage,Build artifacts
Production-Main,i-0bf4805,AWS,2026-05,623.2,0.0,0,2134.44,EC2,m5.2xlarge batch processor
DevOps-Central,redis-0ffe600,AZURE,2026-05,622.7,0.0,0,750.24,Azure Cache for Redis,Premium P1 cache
Analytics-Platform,gcs-076b169,GCP,2026-05,0.0,7568.8,186838,172.14,Cloud Storage,Backup bucket
Compliance-Audit,i-0673829,AWS,2026-05,503.4,0.0,0,212.13,EC2,t3.medium API server
Data-Science,i-0530222,AWS,2026-05,781.0,0.0,0,55.48,EC2,t3.micro bastion host
Internal-Tools,gke-0762542,GCP,2026-05,2563.7,0.0,0,5067.56,GKE,ML training cluster
Analytics-Platform,mem-0770708,GCP,2026-05,513.1,0.0,0,366.52,Memorystore,Redis production cache
Production-Main,gcs-0abd240,GCP,2026-05,0.0,28825.3,71248,291.8,Cloud Storage,Archive bucket
Compliance-Audit,s3-0b32274,AWS,2026-05,0.0,792.5,1579317,65.98,S3,Artifact storage
Data-Science,i-0b3a756,AWS,2026-05,476.7,0.0,0,1574.66,EC2,m5.2xlarge batch processor
Staging-Env,ps-0aaa443,GCP,2026-05,0.0,0.0,12090399,147.54,Pub/Sub,Data pipeline
Production-Main,s3-0965144,AWS,2026-05,0.0,13594.1,2662048,453.45,S3,Data lake raw zone
Partner-Integration,sqldb-03a6150,AZURE,2026-05,816.3,56.0,0,163.3,SQL Database,Basic dev database
Edge-Network,gcf-030b202,GCP,2026-05,0.0,0.0,9802399,141.25,Cloud Functions,Data triggers
Production-Main,vm-08bc212,AZURE,2026-05,1028.0,0.0,0,1452.71,Virtual Machines,F4s v2 compute node
Production-Secondary,sqldb-0ad7535,AZURE,2026-05,466.2,162.1,0,768.39,SQL Database,Standard S3 production
Analytics-Platform,ado-07d3760,AZURE,2026-05,0.0,101.5,0,24.75,Azure DevOps,Artifacts storage
QA-Testing,ec-10c3544,AWS,2026-05,879.9,0.0,0,624.52,ElastiCache,Redis production cluster
Production-Main,lam-0cef839,AWS,2026-05,0.0,0.0,33019159,225.74,Lambda,Data transformer
Edge-Network,s3-0b73418,AWS,2026-05,0.0,55.6,27260294,173.44,S3,Static website hosting
Marketing-Platform,rds-0fff478,AWS,2026-05,491.6,138.6,0,594.31,RDS,db.t3.medium MySQL staging
Finance-Systems,csql-05ba713,GCP,2026-05,882.6,622.0,0,1694.07,Cloud SQL,MySQL analytics
Production-Main,gcs-0736576,GCP,2026-05,0.0,17314.3,5735664,507.73,Cloud Storage,Data lake bucket
Finance-Systems,gcs-051a174,GCP,2026-05,0.0,381.4,6216260,70.66,Cloud Storage,Temp processing bucket
Data-Science,rds-0432834,AWS,2026-05,635.2,446.2,0,1636.21,RDS,db.r5.xlarge PostgreSQL primary
ML-Training,rds-091b932,AWS,2026-05,674.2,756.4,0,1531.94,RDS,db.m5.xlarge analytics DB
Staging-Env,cdns-010d688,GCP,2026-05,0.0,0.0,20715128,30.41,Cloud DNS,DNS zones
Customer-Portal,blob-1177805,AZURE,2026-05,0.0,4796.8,0,478.95,Blob Storage,Security audit logs
Customer-Portal,blob-0ddb390,AZURE,2026-05,0.0,4944.5,0,485.48,Blob Storage,Security audit logs
Internal-Tools,s3-0969861,AWS,2026-05,0.0,4173.8,6632595,303.17,S3,Media content bucket
ML-Training,ebs-10d1413,AWS,2026-05,0.0,4492.6,0,199.85,EBS,st1 volumes archive
Security-Ops,fs-0169362,GCP,2026-05,525.0,36.3,21751389,300.47,Firestore,User profiles DB
Production-Main,appi-0031980,AZURE,2026-05,0.0,0.0,62196849,791.97,Application Insights,APM telemetry
Internal-Tools,rds-0e18966,AWS,2026-05,355.5,102.1,0,408.48,RDS,db.t3.medium MySQL staging
Data-Science,eks-0147675,AWS,2026-05,774.6,0.0,0,2266.53,EKS,Production K8s cluster
Security-Ops,ps-10f7545,GCP,2026-05,0.0,0.0,23832311,304.44,Pub/Sub,Event streaming
Marketing-Platform,gcf-09ea653,GCP,2026-05,0.0,0.0,5959096,88.87,Cloud Functions,Auth handlers
Staging-Env,gcf-00f7900,GCP,2026-05,0.0,0.0,5681540,83.08,Cloud Functions,Auth handlers
IoT-Platform,csql-0e1c599,GCP,2026-05,874.5,240.9,0,1042.27,Cloud SQL,PostgreSQL replica
Finance-Systems,gcs-07e7387,GCP,2026-05,0.0,383.2,6083284,68.86,Cloud Storage,Temp processing bucket
Staging-Env,mem-0101350,GCP,2026-05,343.1,0.0,0,239.48,Memorystore,Redis staging cache
Staging-Env,bq-00fc800,GCP,2026-05,0.0,1687.9,0,653.49,BigQuery,BI reporting views
Data-Science,i-1025803,AWS,2026-05,696.7,0.0,0,596.75,EC2,m5.large monitoring server
Analytics-Platform,clog-0d05888,GCP,2026-05,0.0,151.3,0,36.57,Cloud Logging,Audit logs
Analytics-Platform,gcs-1032121,GCP,2026-05,0.0,2569.8,2480449,181.98,Cloud Storage,Media assets bucket
Customer-Portal,clog-0fa8308,GCP,2026-05,0.0,432.7,0,108.25,Cloud Logging,Application logs
Production-Main,sns-001c263,AWS,2026-05,0.0,0.0,7688048,3.77,SNS,Alert notifications
DR-Recovery,appi-0b7c490,AZURE,2026-05,0.0,0.0,15765928,193.2,Application Insights,Custom metrics
Partner-Integration,elb-03da159,AWS,2026-05,617.2,0.0,8904751,123.53,ELB,Classic load balancer
Production-Main,kin-10af674,AWS,2026-05,617.1,0.0,17192050,247.59,Kinesis,Firehose delivery
Marketing-Platform,ddb-0b9f375,AWS,2026-05,680.5,48.7,76878574,525.36,DynamoDB,Session store table
Edge-Network,csql-0f64979,GCP,2026-05,682.6,193.0,0,794.6,Cloud SQL,PostgreSQL replica
Compliance-Audit,ec-037d484,AWS,2026-05,630.2,0.0,0,457.27,ElastiCache,Redis production cluster
Edge-Network,ps-0491111,GCP,2026-05,0.0,0.0,23382990,294.82,Pub/Sub,Event streaming
Shared-Services,app-081b214,AZURE,2026-05,832.7,0.0,0,1011.49,App Service,API app P2v3
Security-Ops,ecs-0be1976,AWS,2026-05,178.7,0.0,0,322.19,ECS,Fargate batch cluster
Finance-Systems,cr-0d01927,GCP,2026-05,336.4,0.0,2792674,292.11,Cloud Run,Webhook handler
Customer-Portal,cr-0d92397,GCP,2026-05,540.0,0.0,2285900,685.98,Cloud Run,ETL pipeline service
Compliance-Audit,rds-097a830,AWS,2026-05,729.5,811.6,0,1695.12,RDS,db.m5.xlarge analytics DB
IoT-Platform,bq-0650720,GCP,2026-05,0.0,3160.0,0,1243.57,BigQuery,BI reporting views
Internal-Tools,blob-0299348,AZURE,2026-05,0.0,2518.6,6275522,412.58,Blob Storage,Media content
Production-Secondary,app-0df4564,AZURE,2026-05,595.4,0.0,0,88.03,App Service,Web app B1
Internal-Tools,ec-0c53926,AWS,2026-05,465.1,0.0,0,342.08,ElastiCache,Redis production cluster
Edge-Network,df-02fe412,GCP,2026-05,665.2,0.0,0,1590.03,Dataflow,Streaming pipeline
Shared-Services,vm-0c46763,AZURE,2026-05,857.5,0.0,0,1004.67,Virtual Machines,D4s v3 CI runner
Data-Science,rds-0136144,AWS,2026-05,916.0,654.7,0,1799.56,RDS,db.r5.large PostgreSQL replica
Marketing-Platform,clog-01fb303,GCP,2026-05,0.0,231.6,0,56.96,Cloud Logging,Audit logs
Edge-Network,gke-0307108,GCP,2026-05,746.6,0.0,0,2146.29,GKE,Production API cluster
Customer-Portal,blob-0934606,AZURE,2026-05,0.0,4775.4,0,478.61,Blob Storage,Security audit logs
Shared-Services,rds-1070832,AWS,2026-05,488.5,350.7,0,976.21,RDS,db.r5.large PostgreSQL replica
Compliance-Audit,rds-0d55733,AWS,2026-05,725.9,494.5,0,1381.66,RDS,db.r5.large PostgreSQL replica
Production-Secondary,mem-0dbc292,GCP,2026-05,543.5,0.0,0,373.38,Memorystore,Redis production cache
Production-Secondary,r53-1192859,AWS,2026-05,0.0,0.0,8138850,11.95,Route 53,Health checks
Internal-Tools,s3-10d4811,AWS,2026-05,0.0,3674.3,6006094,266.52,S3,Media content bucket
Compliance-Audit,r53-1052440,AWS,2026-05,0.0,0.0,7197332,10.52,Route 53,Health checks
Production-Main,s3-0019862,AWS,2026-05,0.0,2272.9,1120098,84.4,S3,Analytics export bucket
Finance-Systems,func-081f530,AZURE,2026-05,0.0,0.0,5213747,80.1,Azure Functions,API handlers
DR-Recovery,sqldb-02f5967,AZURE,2026-05,884.3,618.4,0,3574.43,SQL Database,Premium P1 analytics
Mobile-Backend,sqs-0da8365,AWS,2026-05,0.0,0.0,297428,0.15,SQS,Dead letter queue
Staging-Env,bq-00fa654,GCP,2026-05,0.0,8661.2,0,3354.1,BigQuery,Analytics data warehouse
Analytics-Platform,gcs-0978625,GCP,2026-05,0.0,2040.4,2044425,147.71,Cloud Storage,Media assets bucket
Finance-Systems,blob-049b662,AZURE,2026-05,0.0,7611.3,76666,227.76,Blob Storage,Backup storage
Shared-Services,rds-0781760,AWS,2026-05,616.2,173.0,0,541.11,RDS,db.t3.large development DB
Marketing-Platform,sm-0de2274,AWS,2026-05,0.0,0.0,863024,3.34,Secrets Manager,Application secrets
DevOps-Central,appi-09af973,AZURE,2026-05,0.0,0.0,65516535,816.19,Application Insights,APM telemetry
Marketing-Platform,gcf-0c68192,GCP,2026-05,0.0,0.0,1516367,22.62,Cloud Functions,Scheduled tasks
Edge-Network,i-0328891,AWS,2026-05,365.4,0.0,0,1080.46,EC2,c5.2xlarge HPC node
Compliance-Audit,s3-079d136,AWS,2026-05,0.0,12434.6,2452738,422.51,S3,Data lake raw zone
Edge-Network,vpn-0315511,AWS,2026-05,671.3,0.0,0,173.75,VPN Gateway,Client VPN endpoint
Marketing-Platform,rds-0878977,AWS,2026-05,370.9,102.2,0,430.49,RDS,db.t3.medium MySQL staging
Internal-Tools,s3-0a01897,AWS,2026-05,0.0,4247.6,6600731,303.58,S3,Media content bucket
Marketing-Platform,gke-0c63614,GCP,2026-05,2087.0,0.0,0,4235.97,GKE,ML training cluster
Internal-Tools,gcf-0e65257,GCP,2026-05,0.0,0.0,1829747,27.56,Cloud Functions,Scheduled tasks
Data-Science,ec-0145951,AWS,2026-05,503.6,0.0,0,180.8,ElastiCache,Redis staging cluster
DevOps-Central,ebs-00cc665,AWS,2026-05,0.0,417.5,0,257.27,EBS,io2 volumes database
Internal-Tools,vai-0ba7212,GCP,2026-05,865.1,0.0,9826170,1834.85,Vertex AI,Model serving endpoints
Partner-Integration,gcs-03ba985,GCP,2026-05,0.0,2058.9,1015888,303.41,Cloud Storage,Model artifacts
Partner-Integration,elb-0a75516,AWS,2026-05,826.8,0.0,11755019,164.13,ELB,Classic load balancer
Production-Main,i-000f723,AWS,2026-05,789.8,0.0,0,342.72,EC2,t3.medium API server
Internal-Tools,gcf-0a2a982,GCP,2026-05,0.0,0.0,1766849,26.43,Cloud Functions,Scheduled tasks
Security-Ops,clog-0177930,GCP,2026-05,0.0,488.7,0,120.25,Cloud Logging,Application logs
Compliance-Audit,s3-0c23914,AWS,2026-05,0.0,4341.5,2124238,157.17,S3,Analytics export bucket
Data-Science,appi-014c926,AZURE,2026-05,0.0,0.0,52055486,639.4,Application Insights,APM telemetry
Production-Main,cf-0a65604,AWS,2026-05,0.0,0.0,37332743,188.41,CloudFront,CDN API distribution
Finance-Systems,gcf-0238323,GCP,2026-05,0.0,0.0,21958142,329.73,Cloud Functions,Pub/Sub processors
DevOps-Central,sentinel-00e6345,AZURE,2026-05,0.0,0.0,107847089,2674.71,Microsoft Sentinel,SIEM detection
Marketing-Platform,gke-01f3108,GCP,2026-05,3725.4,0.0,0,7300.44,GKE,GPU node pool
Marketing-Platform,mem-0de1859,GCP,2026-05,471.6,0.0,0,329.42,Memorystore,Redis staging cache
Shared-Services,cmon-01b1417,GCP,2026-05,0.0,0.0,25749221,203.73,Cloud Monitoring,Metrics and alerting
Data-Science,nat-054b109,AWS,2026-05,496.4,0.0,0,115.18,NAT Gateway,Staging VPC NAT
Mobile-Backend,vm-0a18879,AZURE,2026-05,861.1,0.0,0,1194.62,Virtual Machines,F4s v2 compute node
IoT-Platform,gke-0e3c961,GCP,2026-05,470.8,0.0,0,1409.47,GKE,Batch processing cluster
Compliance-Audit,sns-0bfb153,AWS,2026-05,0.0,0.0,13931192,6.79,SNS,Alert notifications
DevOps-Central,vm-0952136,AZURE,2026-05,652.0,0.0,0,191.63,Virtual Machines,B2s development VM
Customer-Portal,ps-027f109,GCP,2026-05,0.0,0.0,10571067,130.35,Pub/Sub,Data pipeline
Analytics-Platform,bq-0bdf860,GCP,2026-05,0.0,11010.4,0,4330.86,BigQuery,Analytics data warehouse
Production-Main,lam-1147471,AWS,2026-05,0.0,0.0,31210640,210.03,Lambda,Data transformer
Compliance-Audit,s3-0575814,AWS,2026-05,0.0,3236.8,1604129,120.13,S3,Analytics export bucket
Production-Main,sentinel-0037520,AZURE,2026-05,0.0,0.0,44401145,1114.57,Microsoft Sentinel,Log analytics
Production-Main,app-0027586,AZURE,2026-05,532.6,0.0,0,657.44,App Service,API app P2v3
Data-Science,rds-0134211,AWS,2026-05,726.1,510.9,0,1807.1,RDS,db.r5.xlarge PostgreSQL primary
Security-Ops,bq-0165272,GCP,2026-05,0.0,7654.3,0,2986.99,BigQuery,Analytics data warehouse
Partner-Integration,ses-03ca997,AWS,2026-05,0.0,0.0,605019,0.73,SES,Marketing email
Mobile-Backend,azmon-0aa4532,AZURE,2026-05,0.0,314.5,41668429,445.74,Azure Monitor,Logs and metrics
Customer-Portal,mem-0276381,GCP,2026-05,731.9,0.0,0,516.76,Memorystore,Redis production cache
DevOps-Central,sentinel-0d56288,AZURE,2026-05,0.0,0.0,33728180,836.64,Microsoft Sentinel,Log analytics
Edge-Network,vpn-05f9490,AWS,2026-05,682.4,0.0,0,166.71,VPN Gateway,Client VPN endpoint
Partner-Integration,ado-0a99621,AZURE,2026-05,568.3,0.0,0,286.2,Azure DevOps,Pipelines hosted
Data-Science,clog-0130248,GCP,2026-05,0.0,437.2,0,104.7,Cloud Logging,Application logs
QA-Testing,cf-03e3566,AWS,2026-05,0.0,0.0,156158057,764.66,CloudFront,CDN media distribution
Shared-Services,appi-01b6184,AZURE,2026-05,0.0,0.0,41249861,514.21,Application Insights,APM telemetry
Finance-Systems,sqldb-020e330,AZURE,2026-05,750.0,512.9,0,2946.07,SQL Database,Premium P1 analytics
Production-Secondary,blob-005e473,AZURE,2026-05,0.0,13831.7,33985,107.51,Blob Storage,Archive tier
Finance-Systems,s3-0ab5299,AWS,2026-05,0.0,8360.0,506804,206.76,S3,Log archive bucket
Marketing-Platform,vai-0824781,GCP,2026-05,436.0,0.0,0,2103.78,Vertex AI,Training pipelines
Production-Main,lam-0519516,AWS,2026-05,0.0,0.0,29644026,202.32,Lambda,Data transformer
Security-Ops,sentinel-015b316,AZURE,2026-05,0.0,0.0,87913831,2106.87,Microsoft Sentinel,SIEM detection
Production-Main,vai-0732821,GCP,2026-05,688.3,0.0,7431088,1446.09,Vertex AI,Model serving endpoints
Data-Science,blob-0155153,AZURE,2026-05,0.0,2112.3,5216611,345.37,Blob Storage,Media content
Marketing-Platform,ddb-0fb7490,AWS,2026-05,547.3,38.9,61202251,428.27,DynamoDB,Session store table
Production-Secondary,sqldb-0481357,AZURE,2026-05,455.2,156.5,0,749.33,SQL Database,Standard S3 production
Partner-Integration,azmon-07d2786,AZURE,2026-05,0.0,209.4,28331702,297.47,Azure Monitor,Logs and metrics
Edge-Network,vpn-0316649,AWS,2026-05,515.1,0.0,0,259.49,VPN Gateway,Site-to-site VPN
Internal-Tools,lam-0aba667,AWS,2026-05,0.0,0.0,33520865,238.53,Lambda,API gateway handler
Partner-Integration,elb-0bca587,AWS,2026-05,754.2,0.0,10447464,153.52,ELB,Classic load balancer
Marketing-Platform,clog-058a522,GCP,2026-05,0.0,540.6,0,131.52,Cloud Logging,Application logs
Finance-Systems,func-021e999,AZURE,2026-05,0.0,0.0,9322729,139.45,Azure Functions,Event processors
Customer-Portal,vpn-0579455,AWS,2026-05,1008.0,0.0,0,254.94,VPN Gateway,Client VPN endpoint
Analytics-Platform,cmon-0d1b282,GCP,2026-05,0.0,0.0,21138960,169.27,Cloud Monitoring,Metrics and alerting
Compliance-Audit,s3-06ca918,AWS,2026-05,0.0,46.3,23153531,145.93,S3,Static website hosting
Internal-Tools,blob-0833224,AZURE,2026-05,0.0,2607.7,6393379,404.71,Blob Storage,Media content
DevOps-Central,kv-05de284,AZURE,2026-05,0.0,0.0,330515,0.96,Key Vault,Certificate store
Data-Science,vai-055e755,GCP,2026-05,395.3,0.0,0,1908.51,Vertex AI,Training pipelines
Edge-Network,sqs-0600636,AWS,2026-05,0.0,0.0,28691268,14.15,SQS,Event notification queue
Production-Secondary,i-0453402,AWS,2026-05,983.4,0.0,0,832.35,EC2,t3.large application server
Production-Secondary,vai-0093499,GCP,2026-05,623.5,0.0,6996309,1313.84,Vertex AI,Model serving endpoints
Mobile-Backend,fd-0636613,AZURE,2026-05,0.0,0.0,40159159,299.06,Front Door,Global load balancer
Analytics-Platform,eh-10c2682,AZURE,2026-05,0.0,321.6,0,78.67,Event Hubs,Capture to storage
Internal-Tools,lam-0785135,AWS,2026-05,0.0,0.0,20855858,143.29,Lambda,Data transformer
Mobile-Backend,sqs-0331305,AWS,2026-05,0.0,0.0,339964,0.17,SQS,Dead letter queue
Compliance-Audit,vpn-0617551,AWS,2026-05,827.2,0.0,0,206.95,VPN Gateway,Client VPN endpoint
Production-Main,eh-04d7845,AZURE,2026-05,0.0,736.1,0,178.02,Event Hubs,Capture to storage
ML-Training,lam-115f800,AWS,2026-05,0.0,0.0,11346192,80.29,Lambda,Notification dispatcher
Internal-Tools,cf-092d732,AWS,2026-05,0.0,0.0,97898680,479.79,CloudFront,CDN web distribution
Production-Main,cosmos-002b765,AZURE,2026-05,955.8,66.7,19785699,628.66,Cosmos DB,Config store
Production-Main,func-0a97169,AZURE,2026-05,0.0,0.0,2599851,38.61,Azure Functions,Webhook processor
Finance-Systems,vm-0217306,AZURE,2026-05,700.9,0.0,0,1724.19,Virtual Machines,D8s v3 application server
Production-Secondary,elb-0080147,AWS,2026-05,548.0,0.0,38039463,237.11,ELB,Network load balancer
Security-Ops,ecs-08d2791,AWS,2026-05,419.4,0.0,0,766.87,ECS,Fargate API cluster
Analytics-Platform,eh-0553442,AZURE,2026-05,582.9,0.0,24325790,267.85,Event Hubs,Standard throughput units
Data-Science,eks-0148786,AWS,2026-05,366.1,0.0,0,1105.86,EKS,Staging K8s cluster
Partner-Integration,s3-1146713,AWS,2026-05,0.0,8338.7,517387,206.47,S3,Log archive bucket
DR-Recovery,appi-045d659,AZURE,2026-05,0.0,0.0,20499653,253.08,Application Insights,Custom metrics
Analytics-Platform,gcs-00a5223,GCP,2026-05,0.0,21852.0,52356,207.34,Cloud Storage,Archive bucket
Compliance-Audit,sns-0566288,AWS,2026-05,0.0,0.0,15224145,7.58,SNS,Event fanout topic
Finance-Systems,eks-06ed234,AWS,2026-05,797.8,0.0,0,2348.37,EKS,Production K8s cluster
ML-Training,sqs-072e691,AWS,2026-05,0.0,0.0,513863,0.25,SQS,Dead letter queue
Production-Secondary,ec-106a729,AWS,2026-05,762.3,0.0,0,267.99,ElastiCache,Redis staging cluster
Internal-Tools,ec-04e7101,AWS,2026-05,456.8,0.0,0,331.34,ElastiCache,Redis production cluster
Partner-Integration,ec-03d2749,AWS,2026-05,508.4,0.0,0,177.04,ElastiCache,Redis staging cluster
Internal-Tools,cr-0cfb121,GCP,2026-05,305.6,0.0,1289936,264.37,Cloud Run,Image processor
DevOps-Central,kv-00d5790,AZURE,2026-05,0.0,0.0,362758,1.08,Key Vault,Certificate store
Finance-Systems,aks-111d841,AZURE,2026-05,1314.5,0.0,0,1954.4,AKS,Staging K8s cluster
Partner-Integration,appi-0518688,AZURE,2026-05,0.0,0.0,59604142,733.49,Application Insights,APM telemetry
Marketing-Platform,gcf-07d5924,GCP,2026-05,0.0,0.0,1836426,28.17,Cloud Functions,Scheduled tasks
Production-Secondary,blob-0060140,AZURE,2026-05,0.0,6574.4,0,641.68,Blob Storage,Security audit logs
Finance-Systems,cr-0853952,GCP,2026-05,483.0,0.0,2056947,640.96,Cloud Run,ETL pipeline service
Edge-Network,sns-0e85289,AWS,2026-05,0.0,0.0,11006185,5.54,SNS,Alert notifications
Customer-Portal,ps-0836856,GCP,2026-05,0.0,0.0,8907249,109.52,Pub/Sub,Data pipeline
Edge-Network,ebs-0312701,AWS,2026-05,0.0,355.0,0,218.19,EBS,io2 volumes database
DevOps-Central,aks-040b567,AZURE,2026-05,346.4,0.0,0,513.81,AKS,Dev K8s cluster
DevOps-Central,ddb-05d7644,AWS,2026-05,889.9,12.0,6024745,106.91,DynamoDB,Config store table
Internal-Tools,ec-02b4327,AWS,2026-05,526.7,0.0,0,367.69,ElastiCache,Redis production cluster
Production-Secondary,ecs-0c4a227,AWS,2026-05,254.2,0.0,0,458.2,ECS,Fargate batch cluster
Compliance-Audit,s3-0c98607,AWS,2026-05,0.0,671.4,1328753,56.07,S3,Artifact storage
Marketing-Platform,cmon-09f3686,GCP,2026-05,0.0,0.0,29315110,233.64,Cloud Monitoring,Metrics and alerting
Edge-Network,s3-1096283,AWS,2026-05,0.0,1152.7,2251659,98.72,S3,Artifact storage
Internal-Tools,s3-07ea402,AWS,2026-05,0.0,34.1,17136671,108.77,S3,Static website hosting
ML-Training,ebs-09a5794,AWS,2026-05,0.0,723.8,0,441.03,EBS,io2 volumes database
Compliance-Audit,ecs-1030728,AWS,2026-05,504.0,0.0,0,903.1,ECS,Fargate worker cluster
Edge-Network,vpn-0e76532,AWS,2026-05,486.8,0.0,0,247.31,VPN Gateway,Site-to-site VPN
Internal-Tools,cr-0e27539,GCP,2026-05,617.9,0.0,2589215,790.69,Cloud Run,ETL pipeline service
Partner-Integration,redis-0521982,AZURE,2026-05,578.1,0.0,0,291.19,Azure Cache for Redis,Standard C2 cache
Marketing-Platform,i-0a25644,AWS,2026-05,569.5,0.0,0,478.02,EC2,m5.large monitoring server
Edge-Network,i-0327476,AWS,2026-05,565.9,0.0,0,1963.03,EC2,m5.2xlarge batch processor
Shared-Services,sb-01c6216,AZURE,2026-05,594.8,0.0,8218920,458.74,Service Bus,Premium messaging
Customer-Portal,ado-0264345,AZURE,2026-05,445.3,0.0,0,219.34,Azure DevOps,Pipelines hosted
Production-Secondary,app-0e45756,AZURE,2026-05,672.1,0.0,0,103.14,App Service,Web app B1
Staging-Env,vai-04cd524,GCP,2026-05,502.4,0.0,0,2520.98,Vertex AI,Training pipelines
Partner-Integration,rds-09fc828,AWS,2026-05,784.2,529.9,0,1506.44,RDS,db.r5.large PostgreSQL replica
Finance-Systems,app-0228579,AZURE,2026-05,878.1,0.0,0,131.71,App Service,Web app B1
Shared-Services,rds-0c0c979,AWS,2026-05,532.6,374.2,0,1031.04,RDS,db.r5.large PostgreSQL replica
Data-Science,csql-011a788,GCP,2026-05,708.5,490.3,0,1361.35,Cloud SQL,MySQL analytics
Customer-Portal,app-05eb327,AZURE,2026-05,545.4,0.0,0,328.21,App Service,Web app P1v3
Security-Ops,eh-015c222,AZURE,2026-05,0.0,429.8,0,107.94,Event Hubs,Capture to storage
Edge-Network,gcf-0cd5507,GCP,2026-05,0.0,0.0,10345652,151.87,Cloud Functions,Data triggers
Customer-Portal,ses-0f91414,AWS,2026-05,0.0,0.0,1773751,2.13,SES,Transactional email
Production-Secondary,blob-0911942,AZURE,2026-05,0.0,11650.8,28394,88.94,Blob Storage,Archive tier
Marketing-Platform,rs-07de855,AWS,2026-05,480.7,1312.4,0,2366.39,Redshift,Data warehouse cluster
QA-Testing,lam-0aa9972,AWS,2026-05,0.0,0.0,4260179,30.49,Lambda,Image resizer
Analytics-Platform,vai-0728925,GCP,2026-05,529.8,0.0,0,2564.29,Vertex AI,Training pipelines
Compliance-Audit,rds-0fa3116,AWS,2026-05,1010.4,719.5,0,1958.89,RDS,db.r5.large PostgreSQL replica
Production-Main,i-0926303,AWS,2026-05,762.6,0.0,0,56.78,EC2,t3.micro bastion host
DR-Recovery,appi-095b779,AZURE,2026-05,0.0,0.0,21570232,260.73,Application Insights,Custom metrics
Compliance-Audit,vpn-070e694,AWS,2026-05,390.8,0.0,0,190.2,VPN Gateway,Site-to-site VPN
Mobile-Backend,ebs-05cc362,AWS,2026-05,0.0,4103.4,0,183.16,EBS,st1 volumes archive
Production-Secondary,clog-1027901,GCP,2026-05,0.0,497.6,0,123.52,Cloud Logging,Application logs
Data-Science,ec-0b5f483,AWS,2026-05,451.7,0.0,0,160.65,ElastiCache,Redis staging cluster
Internal-Tools,nat-02ba419,AWS,2026-05,542.0,0.0,0,125.05,NAT Gateway,Dev VPC NAT
Finance-Systems,blob-07a1954,AZURE,2026-05,0.0,1969.4,4956546,313.41,Blob Storage,Media content
Partner-Integration,elb-0611191,AWS,2026-05,719.4,0.0,9845270,140.81,ELB,Classic load balancer
Finance-Systems,elb-0790493,AWS,2026-05,512.6,0.0,7342519,104.96,ELB,Classic load balancer
Production-Secondary,blob-0618339,AZURE,2026-05,0.0,11473.1,116027,346.57,Blob Storage,Backup storage
Finance-Systems,gcs-022b197,GCP,2026-05,0.0,2779.6,2846453,202.07,Cloud Storage,Media assets bucket
Analytics-Platform,gcs-00a1807,GCP,2026-05,0.0,11035.8,3523772,322.97,Cloud Storage,Data lake bucket
Edge-Network,ec-1098417,AWS,2026-05,610.0,0.0,0,429.92,ElastiCache,Redis production cluster
Data-Science,blob-071e425,AZURE,2026-05,0.0,9439.5,96755,282.66,Blob Storage,Backup storage
Customer-Portal,aks-0258969,AZURE,2026-05,347.6,0.0,0,518.69,AKS,Dev K8s cluster
Internal-Tools,lam-0a9f654,AWS,2026-05,0.0,0.0,21575127,145.68,Lambda,Data transformer
Marketing-Platform,kin-01d0507,AWS,2026-05,518.8,0.0,21201645,304.27,Kinesis,Data stream ingestion
Production-Main,blob-105c374,AZURE,2026-05,0.0,26627.6,64409,209.59,Blob Storage,Archive tier
Data-Science,i-047f834,AWS,2026-05,440.2,0.0,0,761.08,EC2,r5.xlarge cache server
Partner-Integration,cf-0fef875,AWS,2026-05,0.0,0.0,32229311,163.78,CloudFront,CDN API distribution
Shared-Services,s3-0f8f356,AWS,2026-05,0.0,12892.4,2500598,439.17,S3,Data lake raw zone
Internal-Tools,vm-08d6906,AZURE,2026-05,703.3,0.0,0,420.44,Virtual Machines,D2s v3 utility server
Finance-Systems,rds-08fc684,AWS,2026-05,643.1,730.1,0,1452.93,RDS,db.m5.xlarge analytics DB
Customer-Portal,ses-0288805,AWS,2026-05,0.0,0.0,603370,0.72,SES,Marketing email
Data-Science,mem-068e783,GCP,2026-05,369.4,0.0,0,260.66,Memorystore,Redis staging cache
Edge-Network,cmon-0f20795,GCP,2026-05,0.0,0.0,25320946,199.39,Cloud Monitoring,Metrics and alerting
DR-Recovery,sqldb-0884129,AZURE,2026-05,663.1,46.3,0,136.8,SQL Database,Basic dev database
Internal-Tools,cr-10e6257,GCP,2026-05,305.4,0.0,1315919,265.86,Cloud Run,Image processor
Production-Secondary,cosmos-0ffc140,AZURE,2026-05,694.5,200.9,39667571,1591.01,Cosmos DB,User data store
Internal-Tools,vm-029c164,AZURE,2026-05,724.3,0.0,0,1017.96,Virtual Machines,F4s v2 compute node
Analytics-Platform,cr-1118381,GCP,2026-05,628.5,0.0,13580168,967.86,Cloud Run,API gateway service
Customer-Portal,i-028e796,AWS,2026-05,689.9,0.0,0,1169.65,EC2,m5.xlarge web server
Production-Secondary,redis-08fd634,AZURE,2026-05,1130.9,0.0,0,582.2,Azure Cache for Redis,Standard C2 cache
Shared-Services,rds-019f754,AWS,2026-05,584.3,844.6,0,2554.98,RDS,db.r5.2xlarge Aurora cluster
Partner-Integration,elb-04da950,AWS,2026-05,557.9,0.0,7807764,111.84,ELB,Classic load balancer
Internal-Tools,sentinel-04a2413,AZURE,2026-05,0.0,0.0,76704448,1870.07,Microsoft Sentinel,SIEM detection
Internal-Tools,lam-02cd701,AWS,2026-05,0.0,0.0,8434975,60.5,Lambda,Notification dispatcher
DevOps-Central,r53-056a999,AWS,2026-05,0.0,0.0,6459237,9.48,Route 53,Health checks
Edge-Network,ebs-0799406,AWS,2026-05,0.0,380.9,0,235.88,EBS,io2 volumes database
Production-Main,s3-0725116,AWS,2026-05,0.0,12474.3,2453447,413.45,S3,Data lake raw zone
Analytics-Platform,csql-0955826,GCP,2026-05,712.2,195.4,0,843.15,Cloud SQL,PostgreSQL replica
Compliance-Audit,rds-050c134,AWS,2026-05,846.4,576.6,0,1663.78,RDS,db.r5.large PostgreSQL replica
Partner-Integration,rs-09f8831,AWS,2026-05,813.0,2256.2,0,4005.07,Redshift,Data warehouse cluster
Production-Main,cf-05ce313,AWS,2026-05,0.0,0.0,44647500,215.14,CloudFront,CDN API distribution
Staging-Env,cr-010e679,GCP,2026-05,308.0,0.0,2553393,258.04,Cloud Run,Webhook handler
Edge-Network,gcf-04eb923,GCP,2026-05,0.0,0.0,5848077,84.83,Cloud Functions,Auth handlers
ML-Training,i-0368473,AWS,2026-05,739.6,0.0,0,636.18,EC2,m5.large monitoring server
Customer-Portal,eh-0268839,AZURE,2026-05,0.0,611.3,0,147.3,Event Hubs,Capture to storage
Mobile-Backend,sb-033f307,AZURE,2026-05,0.0,0.0,14204422,36.05,Service Bus,Standard messaging
Data-Science,gcs-05b5140,GCP,2026-05,0.0,479.0,7444036,87.65,Cloud Storage,Temp processing bucket
Production-Main,lam-0503943,AWS,2026-05,0.0,0.0,6123044,42.53,Lambda,Notification dispatcher
Security-Ops,df-0170417,GCP,2026-05,364.9,0.0,0,874.02,Dataflow,Batch pipeline
Production-Main,s3-054d837,AWS,2026-05,0.0,9308.2,563507,225.42,S3,Log archive bucket
Security-Ops,bq-0f8d684,GCP,2026-05,0.0,6349.6,0,2478.14,BigQuery,Analytics data warehouse
Production-Main,kv-0023471,AZURE,2026-05,0.0,0.0,367571,1.08,Key Vault,Certificate store
Production-Secondary,aks-0057749,AZURE,2026-05,507.2,0.0,0,2237.71,AKS,Production K8s cluster
Security-Ops,vm-015f925,AZURE,2026-05,890.1,0.0,0,1254.06,Virtual Machines,F4s v2 compute node
Analytics-Platform,gcs-0da7529,GCP,2026-05,0.0,9646.9,238640,222.41,Cloud Storage,Backup bucket
Production-Main,cmon-0cb1336,GCP,2026-05,0.0,0.0,23988366,189.24,Cloud Monitoring,Metrics and alerting
Finance-Systems,gcf-0ad1638,GCP,2026-05,0.0,0.0,13060026,197.97,Cloud Functions,Data triggers
Edge-Network,s3-0b63436,AWS,2026-05,0.0,50.8,26122003,161.83,S3,Static website hosting
Internal-Tools,ebs-1066922,AWS,2026-05,0.0,4720.2,0,206.66,EBS,st1 volumes archive
Compliance-Audit,rds-0f34396,AWS,2026-05,835.6,570.3,0,2108.59,RDS,db.r5.xlarge PostgreSQL primary
Compliance-Audit,ebs-1114137,AWS,2026-05,0.0,229.3,0,28.47,EBS,gp3 volumes staging
Shared-Services,sb-09c4900,AZURE,2026-05,680.1,0.0,9332813,522.02,Service Bus,Premium messaging
Customer-Portal,elb-1008327,AWS,2026-05,703.5,0.0,9747792,142.79,ELB,Classic load balancer
Data-Science,mem-07c9408,GCP,2026-05,371.3,0.0,0,261.19,Memorystore,Redis staging cache
Internal-Tools,rds-103d389,AWS,2026-05,789.7,1143.2,0,3585.95,RDS,db.r5.2xlarge Aurora cluster
IoT-Platform,bq-0b87482,GCP,2026-05,0.0,3644.5,0,1430.39,BigQuery,BI reporting views
Production-Secondary,app-077f551,AZURE,2026-05,575.9,0.0,0,87.0,App Service,Web app B1
Marketing-Platform,gke-0f74407,GCP,2026-05,4343.7,0.0,0,8666.5,GKE,GPU node pool
Compliance-Audit,rds-105e420,AWS,2026-05,1027.1,729.0,0,2046.2,RDS,db.r5.large PostgreSQL replica
Customer-Portal,eh-0269959,AZURE,2026-05,714.2,0.0,29661155,314.42,Event Hubs,Standard throughput units
Partner-Integration,sqldb-0fa2831,AZURE,2026-05,576.0,411.4,0,2326.34,SQL Database,Premium P1 analytics
Production-Main,cosmos-0c6d534,AZURE,2026-05,1074.5,77.8,22390653,717.28,Cosmos DB,Config store
Customer-Portal,elb-0c08248,AWS,2026-05,685.3,0.0,29532790,210.45,ELB,Application load balancer
Production-Secondary,redis-0a42245,AZURE,2026-05,929.9,0.0,0,474.62,Azure Cache for Redis,Standard C2 cache
DevOps-Central,azmon-0c06770,AZURE,2026-05,0.0,294.4,38105499,406.47,Azure Monitor,Logs and metrics
Internal-Tools,lam-0cbd665,AWS,2026-05,0.0,0.0,16347719,116.38,Lambda,Data transformer
DevOps-Central,aks-0f42341,AZURE,2026-05,444.6,0.0,0,663.66,AKS,Dev K8s cluster
Customer-Portal,blob-045f799,AZURE,2026-05,0.0,5215.8,0,507.56,Blob Storage,Security audit logs
Internal-Tools,rds-02c1573,AWS,2026-05,752.7,531.9,0,1472.86,RDS,db.r5.large PostgreSQL replica
Internal-Tools,blob-0aac997,AZURE,2026-05,0.0,3222.0,8309759,396.94,Blob Storage,Build artifacts
Staging-Env,gke-114f799,GCP,2026-05,804.6,0.0,0,2344.26,GKE,Production API cluster
Customer-Portal,appi-062c764,AZURE,2026-05,0.0,0.0,43303995,527.34,Application Insights,APM telemetry
IoT-Platform,gcs-034d761,GCP,2026-05,0.0,12151.9,4049630,350.29,Cloud Storage,Data lake bucket
IoT-Platform,csql-0c56201,GCP,2026-05,682.1,190.5,0,788.73,Cloud SQL,PostgreSQL replica
Production-Main,cf-0716452,AWS,2026-05,0.0,0.0,58720094,286.64,CloudFront,CDN API distribution
Finance-Systems,blob-0c99432,AZURE,2026-05,0.0,7463.5,73500,213.87,Blob Storage,Backup storage
Partner-Integration,appi-1023507,AZURE,2026-05,0.0,0.0,17689115,214.99,Application Insights,Custom metrics
Production-Main,appi-0847459,AZURE,2026-05,0.0,0.0,58275390,732.72,Application Insights,APM telemetry
Production-Secondary,i-0626908,AWS,2026-05,776.8,0.0,0,659.11,EC2,m5.large monitoring server
Edge-Network,sns-0c0e157,AWS,2026-05,0.0,0.0,12709812,6.15,SNS,Alert notifications
Customer-Portal,cdns-0281439,GCP,2026-05,0.0,0.0,22127975,33.09,Cloud DNS,DNS zones
IoT-Platform,csql-08d3614,GCP,2026-05,715.0,198.1,0,861.88,Cloud SQL,PostgreSQL replica
IoT-Platform,bq-0d52533,GCP,2026-05,0.0,3223.3,0,1286.07,BigQuery,BI reporting views
ML-Training,ebs-0379809,AWS,2026-05,0.0,4047.8,0,178.22,EBS,st1 volumes archive
Mobile-Backend,sqs-0330567,AWS,2026-05,0.0,0.0,21933055,10.52,SQS,Event notification queue
Compliance-Audit,r53-1067995,AWS,2026-05,0.0,0.0,5817645,8.79,Route 53,Health checks
Shared-Services,func-0d86552,AZURE,2026-05,0.0,0.0,3160396,47.63,Azure Functions,Webhook processor
Shared-Services,vai-09fa696,GCP,2026-05,263.9,0.0,0,1322.42,Vertex AI,AutoML jobs
Internal-Tools,eh-04ce593,AZURE,2026-05,0.0,478.7,0,116.94,Event Hubs,Capture to storage
Edge-Network,rds-0b2c110,AWS,2026-05,500.1,354.7,0,1256.46,RDS,db.r5.xlarge PostgreSQL primary
Staging-Env,gke-0a6f794,GCP,2026-05,516.4,0.0,0,1524.48,GKE,Production API cluster
Internal-Tools,nat-0c40267,AWS,2026-05,502.8,0.0,0,114.91,NAT Gateway,Dev VPC NAT
Shared-Services,vm-01bd545,AZURE,2026-05,780.4,0.0,0,927.97,Virtual Machines,D4s v3 CI runner
Production-Secondary,mem-0786845,GCP,2026-05,510.0,0.0,0,355.74,Memorystore,Redis production cache
Finance-Systems,s3-0242170,AWS,2026-05,0.0,3328.1,19831302,834.68,S3,Production asset storage
Data-Science,i-116b161,AWS,2026-05,498.1,0.0,0,821.77,EC2,r5.xlarge cache server
ML-Training,i-036a778,AWS,2026-05,823.7,0.0,0,688.25,EC2,t3.large application server
Partner-Integration,azmon-0c44748,AZURE,2026-05,0.0,190.4,25238870,268.42,Azure Monitor,Logs and metrics
Edge-Network,cf-0a4d407,AWS,2026-05,0.0,0.0,178076066,888.09,CloudFront,CDN media distribution
Analytics-Platform,fs-0cbc199,GCP,2026-05,942.0,25.9,64481974,671.2,Firestore,Session store
Staging-Env,fs-0688519,GCP,2026-05,1004.8,69.7,41124609,565.18,Firestore,User profiles DB
Production-Secondary,sqldb-08c5740,AZURE,2026-05,613.1,420.3,0,2457.37,SQL Database,Premium P1 analytics
Analytics-Platform,cr-0769806,GCP,2026-05,496.8,0.0,2089270,656.61,Cloud Run,ETL pipeline service
Customer-Portal,gcs-1099477,GCP,2026-05,0.0,18452.4,45995,183.52,Cloud Storage,Archive bucket
Production-Main,sentinel-0d4b259,AZURE,2026-05,0.0,0.0,69563645,1683.99,Microsoft Sentinel,SIEM detection
Customer-Portal,vm-1155432,AZURE,2026-05,625.3,0.0,0,374.31,Virtual Machines,D2s v3 utility server
Edge-Network,csql-0d03946,GCP,2026-05,709.0,200.3,0,851.42,Cloud SQL,PostgreSQL replica
Compliance-Audit,s3-10df441,AWS,2026-05,0.0,624.2,1232597,54.18,S3,Artifact storage
Edge-Network,ec-030e215,AWS,2026-05,715.2,0.0,0,509.71,ElastiCache,Redis production cluster
ML-Training,rds-0378786,AWS,2026-05,875.9,619.0,0,1677.55,RDS,db.r5.large PostgreSQL replica
Internal-Tools,gke-0da5170,GCP,2026-05,499.9,0.0,0,1451.65,GKE,Production API cluster
Marketing-Platform,i-0c14600,AWS,2026-05,805.7,0.0,0,59.82,EC2,t3.micro bastion host
Marketing-Platform,vai-087a180,GCP,2026-05,511.0,0.0,0,2556.63,Vertex AI,Training pipelines
Finance-Systems,sb-0221337,AZURE,2026-05,0.0,0.0,22007740,55.43,Service Bus,Standard messaging
QA-Testing,ec-0e37563,AWS,2026-05,692.3,0.0,0,491.76,ElastiCache,Redis production cluster
Partner-Integration,sqs-0aa5305,AWS,2026-05,0.0,0.0,372721,0.19,SQS,Dead letter queue
Production-Secondary,blob-0537327,AZURE,2026-05,0.0,11574.5,28337,90.69,Blob Storage,Archive tier
Production-Main,blob-0567340,AZURE,2026-05,0.0,5870.0,2143103,308.01,Blob Storage,Data lake storage
Production-Secondary,i-05d1861,AWS,2026-05,489.1,0.0,0,839.68,EC2,r5.xlarge cache server
DevOps-Central,vm-1132587,AZURE,2026-05,619.4,0.0,0,5697.3,Virtual Machines,NC6s v3 GPU VM
Customer-Portal,i-0b42325,AWS,2026-05,679.3,0.0,0,2255.93,EC2,r5.2xlarge database server
Finance-Systems,blob-071a100,AZURE,2026-05,0.0,8865.4,87195,259.24,Blob Storage,Backup storage
Production-Secondary,eh-073c647,AZURE,2026-05,675.8,0.0,28060961,305.76,Event Hubs,Standard throughput units
Production-Main,s3-075e916,AWS,2026-05,0.0,45.2,23043936,143.75,S3,Static website hosting
Customer-Portal,mem-06af663,GCP,2026-05,688.0,0.0,0,496.18,Memorystore,Redis production cache
Compliance-Audit,s3-06bc313,AWS,2026-05,0.0,678.6,1319502,56.68,S3,Artifact storage
Staging-Env,fs-067e266,GCP,2026-05,1145.3,78.9,47308011,636.78,Firestore,User profiles DB
IoT-Platform,cr-0354135,GCP,2026-05,449.4,0.0,3767121,378.45,Cloud Run,Webhook handler
Production-Secondary,sentinel-05a5323,AZURE,2026-05,0.0,0.0,74893751,1859.35,Microsoft Sentinel,SIEM detection
Compliance-Audit,i-0e33874,AWS,2026-05,598.3,0.0,0,518.09,EC2,m5.large monitoring server
Marketing-Platform,vai-0200731,GCP,2026-05,558.3,0.0,6208750,1188.25,Vertex AI,Model serving endpoints
Marketing-Platform,ddb-066f897,AWS,2026-05,507.8,34.5,56266947,393.28,DynamoDB,Session store table
Compliance-Audit,i-03a1817,AWS,2026-05,481.6,0.0,0,206.99,EC2,t3.medium API server
Mobile-Backend,acr-1156740,AZURE,2026-05,0.0,170.6,349406,113.31,Container Registry,Docker image registry
Finance-Systems,elb-0fac721,AWS,2026-05,457.4,0.0,6338707,90.06,ELB,Classic load balancer
Customer-Portal,blob-075b799,AZURE,2026-05,0.0,4756.0,0,470.22,Blob Storage,Security audit logs
Analytics-Platform,vai-00ae972,GCP,2026-05,204.5,0.0,0,981.82,Vertex AI,AutoML jobs
Finance-Systems,eks-024d574,AWS,2026-05,949.9,0.0,0,2868.84,EKS,Production K8s cluster
Internal-Tools,lam-0f04460,AWS,2026-05,0.0,0.0,17917159,122.33,Lambda,Event processor
Security-Ops,bq-0e31926,GCP,2026-05,0.0,7033.6,0,2793.37,BigQuery,ML training datasets
DevOps-Central,aks-0d90350,AZURE,2026-05,377.5,0.0,0,560.04,AKS,Dev K8s cluster
DR-Recovery,azmon-05e3748,AZURE,2026-05,0.0,251.1,32472175,340.09,Azure Monitor,Logs and metrics
Shared-Services,gcs-0eef797,GCP,2026-05,0.0,4170.6,4110021,290.01,Cloud Storage,Media assets bucket
Production-Secondary,sqldb-041d260,AZURE,2026-05,418.5,148.0,0,709.05,SQL Database,Standard S3 production
Finance-Systems,csql-0637740,GCP,2026-05,705.8,200.3,0,838.94,Cloud SQL,PostgreSQL replica
Internal-Tools,lam-02ca983,AWS,2026-05,0.0,0.0,16647710,114.83,Lambda,Event processor
ML-Training,lam-0a31794,AWS,2026-05,0.0,0.0,12129282,84.5,Lambda,Notification dispatcher
Internal-Tools,s3-0496761,AWS,2026-05,0.0,4194.0,6560456,296.1,S3,Media content bucket
Customer-Portal,sentinel-024f652,AZURE,2026-05,0.0,0.0,47986363,1186.55,Microsoft Sentinel,Log analytics
Compliance-Audit,rds-0394586,AWS,2026-05,889.8,255.4,0,792.88,RDS,db.t3.large development DB
Edge-Network,s3-05c3799,AWS,2026-05,0.0,11150.6,109706,250.89,S3,Backup storage bucket
Production-Secondary,mem-0895141,GCP,2026-05,551.0,0.0,0,393.65,Memorystore,Redis production cache
Partner-Integration,rds-0744686,AWS,2026-05,890.3,620.0,0,1742.08,RDS,db.r5.large PostgreSQL replica
Internal-Tools,aks-0b96889,AZURE,2026-05,207.6,0.0,0,308.76,AKS,Dev K8s cluster
Security-Ops,bq-07aa733,GCP,2026-05,0.0,6538.5,0,2473.5,BigQuery,Analytics data warehouse
Finance-Systems,elb-0747229,AWS,2026-05,661.0,0.0,28163004,200.23,ELB,Application load balancer
DevOps-Central,kv-0cb8429,AZURE,2026-05,0.0,0.0,384380,1.14,Key Vault,Certificate store
Partner-Integration,cf-0585487,AWS,2026-05,0.0,0.0,33196506,161.04,CloudFront,CDN API distribution
DevOps-Central,ddb-0400759,AWS,2026-05,907.9,12.7,6291521,111.89,DynamoDB,Config store table
Mobile-Backend,aks-09cd525,AZURE,2026-05,1082.5,0.0,0,1607.24,AKS,Staging K8s cluster
QA-Testing,lam-07d9172,AWS,2026-05,0.0,0.0,3015840,20.66,Lambda,Webhook processor
Compliance-Audit,s3-0c9a509,AWS,2026-05,0.0,12248.6,2414620,420.15,S3,Data lake raw zone
Partner-Integration,s3-03cd881,AWS,2026-05,0.0,9538.4,596924,234.4,S3,Log archive bucket
Security-Ops,sm-0731134,AWS,2026-05,0.0,0.0,1111931,4.37,Secrets Manager,Application secrets
IoT-Platform,bq-0630303,GCP,2026-05,0.0,2735.4,0,1051.26,BigQuery,BI reporting views
Edge-Network,gke-110f445,GCP,2026-05,2248.4,0.0,0,4509.74,GKE,ML training cluster
Production-Main,app-0af8774,AZURE,2026-05,546.4,0.0,0,651.29,App Service,API app P2v3
Customer-Portal,bq-0fcc698,GCP,2026-05,0.0,978.8,0,378.07,BigQuery,Data export queries
Edge-Network,kin-062d489,AWS,2026-05,472.0,0.0,13028398,189.54,Kinesis,Firehose delivery
Production-Secondary,app-0d9d259,AZURE,2026-05,592.5,0.0,0,85.87,App Service,Web app B1
Customer-Portal,s3-0924852,AWS,2026-05,0.0,17320.4,3509860,604.73,S3,Data lake raw zone
DevOps-Central,ebs-0f0a583,AWS,2026-05,0.0,435.8,0,262.57,EBS,io2 volumes database
Production-Main,gcs-0a61796,GCP,2026-05,0.0,2704.2,1370396,405.37,Cloud Storage,Model artifacts
Production-Main,gcs-0051350,GCP,2026-05,0.0,2495.5,1257635,383.96,Cloud Storage,Model artifacts
Data-Science,gke-012e883,GCP,2026-05,508.9,0.0,0,1537.17,GKE,Production API cluster
Compliance-Audit,rds-08ba268,AWS,2026-05,385.8,109.4,0,448.45,RDS,db.t3.medium MySQL staging
Finance-Systems,blob-0904360,AZURE,2026-05,0.0,7462.9,73206,218.05,Blob Storage,Backup storage
Production-Secondary,clog-0090952,GCP,2026-05,0.0,142.4,0,34.62,Cloud Logging,Audit logs
Marketing-Platform,rds-0a0d483,AWS,2026-05,695.0,188.8,0,604.72,RDS,db.t3.large development DB
Customer-Portal,elb-0d9e318,AWS,2026-05,577.3,0.0,24311262,173.6,ELB,Application load balancer
Customer-Portal,ca-0d0d656,GCP,2026-05,0.0,0.0,111986642,405.14,Cloud Armor,WAF policies
Production-Secondary,sqldb-0e2d429,AZURE,2026-05,463.0,162.4,0,773.76,SQL Database,Standard S3 production
QA-Testing,lam-0633601,AWS,2026-05,0.0,0.0,31839807,221.5,Lambda,API gateway handler
Staging-Env,ca-00ef814,GCP,2026-05,0.0,0.0,126235679,468.36,Cloud Armor,WAF policies
Production-Main,lam-0900698,AWS,2026-05,0.0,0.0,5915116,40.86,Lambda,Notification dispatcher
Production-Main,i-000e799,AWS,2026-05,613.3,0.0,0,2068.64,EC2,m5.2xlarge batch processor
Shared-Services,func-0ced650,AZURE,2026-05,0.0,0.0,3395169,49.96,Azure Functions,Webhook processor
Production-Main,s3-0018371,AWS,2026-05,0.0,49.2,24182177,159.06,S3,Static website hosting
Partner-Integration,bq-03bd412,GCP,2026-05,0.0,10492.3,0,4090.95,BigQuery,Analytics data warehouse
Security-Ops,bq-0c31657,GCP,2026-05,0.0,6369.1,0,2460.61,BigQuery,Analytics data warehouse
Marketing-Platform,lam-0e68625,AWS,2026-05,0.0,0.0,17268520,119.09,Lambda,Data transformer
Production-Secondary,blob-0b81720,AZURE,2026-05,0.0,2338.5,6188044,298.1,Blob Storage,Build artifacts
Analytics-Platform,ca-009d584,GCP,2026-05,0.0,0.0,80922807,304.15,Cloud Armor,WAF policies
Compliance-Audit,rs-05ed666,AWS,2026-05,0.0,0.0,5063513,247.12,Redshift,Spectrum queries
QA-Testing,lam-0d6c615,AWS,2026-05,0.0,0.0,4720981,32.21,Lambda,Image resizer
Internal-Tools,elb-02b7594,AWS,2026-05,943.7,0.0,13468647,189.74,ELB,Classic load balancer
Analytics-Platform,gcs-0dc7280,GCP,2026-05,0.0,2198.7,2127199,152.71,Cloud Storage,Media assets bucket
Production-Main,gcf-0047290,GCP,2026-05,0.0,0.0,8508564,129.87,Cloud Functions,Data triggers
Analytics-Platform,kv-0d2b592,AZURE,2026-05,0.0,0.0,1498009,4.49,Key Vault,Secrets management
Marketing-Platform,clog-10bf457,GCP,2026-05,0.0,522.9,0,126.68,Cloud Logging,Application logs
Staging-Env,gcs-068f405,GCP,2026-05,0.0,14489.3,4823441,421.62,Cloud Storage,Data lake bucket
Staging-Env,gke-010a534,GCP,2026-05,622.2,0.0,0,1852.7,GKE,Production API cluster
Production-Secondary,sentinel-0af4539,AZURE,2026-05,0.0,0.0,68343793,1683.17,Microsoft Sentinel,SIEM detection
DevOps-Central,app-0bbb994,AZURE,2026-05,836.6,0.0,0,494.68,App Service,Web app P1v3
Edge-Network,bq-0e8a566,GCP,2026-05,0.0,5330.2,0,2159.18,BigQuery,Log analytics
Production-Secondary,csql-0514662,GCP,2026-05,734.9,203.4,0,866.56,Cloud SQL,PostgreSQL replica
Production-Secondary,elb-0e09451,AWS,2026-05,494.4,0.0,33866730,210.36,ELB,Network load balancer
Finance-Systems,elb-024b230,AWS,2026-05,674.1,0.0,28328935,198.32,ELB,Application load balancer
Customer-Portal,i-0293489,AWS,2026-05,614.9,0.0,0,2051.73,EC2,r5.2xlarge database server
Customer-Portal,vpn-08e8844,AWS,2026-05,1187.6,0.0,0,290.67,VPN Gateway,Client VPN endpoint
Internal-Tools,gcs-049a971,GCP,2026-05,0.0,439.9,6728846,78.38,Cloud Storage,Temp processing bucket
Mobile-Backend,sqs-114d103,AWS,2026-05,0.0,0.0,312897,0.15,SQS,Dead letter queue
Staging-Env,vai-0e58387,GCP,2026-05,463.6,0.0,0,2242.49,Vertex AI,Training pipelines
Marketing-Platform,rds-03ee310,AWS,2026-05,423.8,121.9,0,491.4,RDS,db.t3.medium MySQL staging
Finance-Systems,appi-0cbb472,AZURE,2026-05,0.0,0.0,55566199,684.18,Application Insights,APM telemetry
Edge-Network,gke-070c760,GCP,2026-05,2222.4,0.0,0,4278.25,GKE,ML training cluster
Production-Secondary,ado-0067979,AZURE,2026-05,0.0,124.7,0,30.94,Azure DevOps,Artifacts storage
Security-Ops,lam-0d8c482,AWS,2026-05,0.0,0.0,25913132,181.07,Lambda,Data transformer
Internal-Tools,s3-0b89139,AWS,2026-05,0.0,3677.3,5828775,263.14,S3,Media content bucket
Marketing-Platform,sm-0a87882,AWS,2026-05,0.0,0.0,930124,3.77,Secrets Manager,Application secrets
Internal-Tools,cf-055f727,AWS,2026-05,0.0,0.0,133441627,636.64,CloudFront,CDN media distribution
Edge-Network,rds-031c544,AWS,2026-05,514.3,359.5,0,1329.21,RDS,db.r5.xlarge PostgreSQL primary
Security-Ops,s3-0d81273,AWS,2026-05,0.0,5620.7,9121175,397.14,S3,Media content bucket
DR-Recovery,appi-02f1748,AZURE,2026-05,0.0,0.0,19618696,235.96,Application Insights,Custom metrics
Compliance-Audit,sns-039a143,AWS,2026-05,0.0,0.0,15675876,7.76,SNS,Event fanout topic
DevOps-Central,r53-0d09187,AWS,2026-05,0.0,0.0,7193474,10.59,Route 53,Health checks
Marketing-Platform,cr-0816644,GCP,2026-05,747.2,0.0,15550404,1079.72,Cloud Run,API gateway service
Security-Ops,bq-04ab183,GCP,2026-05,0.0,1559.7,0,610.14,BigQuery,BI reporting views
Customer-Portal,csp-0273566,GCP,2026-05,571.5,83.1,39911596,3577.08,Cloud Spanner,Global transaction DB
Internal-Tools,gke-117b326,GCP,2026-05,3677.0,0.0,0,7236.45,GKE,GPU node pool
DevOps-Central,blob-0eeb156,AZURE,2026-05,0.0,7933.8,3016828,420.33,Blob Storage,Data lake storage
DevOps-Central,redis-00e7665,AZURE,2026-05,735.6,0.0,0,877.05,Azure Cache for Redis,Premium P1 cache
Security-Ops,vai-0a4e225,GCP,2026-05,592.9,0.0,6838125,1288.17,Vertex AI,Model serving endpoints
Production-Main,i-0cdb323,AWS,2026-05,542.6,0.0,0,1856.25,EC2,m5.2xlarge batch processor
Marketing-Platform,rs-10ad805,AWS,2026-05,0.0,0.0,5845125,286.92,Redshift,Spectrum queries
Security-Ops,sqs-105a137,AWS,2026-05,0.0,0.0,47278104,24.04,SQS,Event notification queue
Marketing-Platform,cmon-10a4978,GCP,2026-05,0.0,0.0,28345352,222.03,Cloud Monitoring,Metrics and alerting
Security-Ops,bq-0403972,GCP,2026-05,0.0,8572.4,0,3376.07,BigQuery,Analytics data warehouse
Staging-Env,gcs-0eb2738,GCP,2026-05,0.0,19528.9,48146,187.22,Cloud Storage,Archive bucket
Customer-Portal,fs-0271522,GCP,2026-05,855.4,60.1,35638968,487.98,Firestore,User profiles DB
Shared-Services,app-0fa0693,AZURE,2026-05,913.0,0.0,0,1141.83,App Service,API app P2v3
Shared-Services,ec-0919815,AWS,2026-05,750.3,0.0,0,270.58,ElastiCache,Redis staging cluster
Partner-Integration,gke-10ce108,GCP,2026-05,748.6,0.0,0,2163.35,GKE,Production API cluster
Partner-Integration,sm-0516935,AWS,2026-05,0.0,0.0,1193023,4.6,Secrets Manager,Application secrets
Internal-Tools,vm-0b99997,AZURE,2026-05,845.2,0.0,0,492.69,Virtual Machines,D2s v3 utility server
IoT-Platform,gke-035d930,GCP,2026-05,3008.8,0.0,0,5907.05,GKE,GPU node pool
Customer-Portal,s3-1138674,AWS,2026-05,0.0,20530.8,3993249,685.45,S3,Data lake raw zone
Analytics-Platform,cr-1158908,GCP,2026-05,515.5,0.0,2222924,682.33,Cloud Run,ETL pipeline service
Shared-Services,vm-0ebb781,AZURE,2026-05,990.1,0.0,0,1189.6,Virtual Machines,D4s v3 CI runner
Analytics-Platform,csql-00a8530,GCP,2026-05,480.0,334.6,0,938.98,Cloud SQL,MySQL analytics
Production-Main,kv-098d208,AZURE,2026-05,0.0,0.0,2456569,7.35,Key Vault,Secrets management
Finance-Systems,blob-0712300,AZURE,2026-05,0.0,6954.3,66336,203.81,Blob Storage,Backup storage
Edge-Network,s3-0fd4667,AWS,2026-05,0.0,56.8,28090376,179.3,S3,Static website hosting
ML-Training,lam-0702545,AWS,2026-05,0.0,0.0,44537369,316.37,Lambda,API gateway handler
Data-Science,i-05ef571,AWS,2026-05,491.0,0.0,0,1687.76,EC2,m5.2xlarge batch processor
Production-Main,app-09d8629,AZURE,2026-05,1008.6,0.0,0,593.63,App Service,Web app P1v3
Edge-Network,csql-06f9688,GCP,2026-05,782.1,223.7,0,925.83,Cloud SQL,PostgreSQL replica
QA-Testing,lam-03de810,AWS,2026-05,0.0,0.0,4167185,29.33,Lambda,Image resizer
Data-Science,gcs-0114363,GCP,2026-05,0.0,9793.5,246099,223.39,Cloud Storage,Backup bucket
Production-Secondary,cosmos-0f2c465,AZURE,2026-05,549.7,78.0,19483037,709.05,Cosmos DB,Event store
Data-Science,blob-0156872,AZURE,2026-05,0.0,2328.2,6180610,302.18,Blob Storage,Build artifacts
IoT-Platform,bq-0cde410,GCP,2026-05,0.0,3692.8,0,1427.37,BigQuery,BI reporting views
Internal-Tools,rds-0635463,AWS,2026-05,804.8,1127.1,0,3521.92,RDS,db.r5.2xlarge Aurora cluster
Production-Secondary,ps-009b435,GCP,2026-05,0.0,0.0,20550631,254.55,Pub/Sub,Event streaming
Partner-Integration,ado-03a8410,AZURE,2026-05,591.5,0.0,0,287.38,Azure DevOps,Pipelines hosted
Production-Main,cf-0dd5490,AWS,2026-05,0.0,0.0,32626239,156.96,CloudFront,CDN API distribution
Shared-Services,app-01bf246,AZURE,2026-05,937.1,0.0,0,1148.71,App Service,API app P2v3
Production-Main,ca-07a9600,GCP,2026-05,0.0,0.0,119206772,443.57,Cloud Armor,WAF policies
Production-Secondary,csql-0780305,GCP,2026-05,598.5,420.8,0,1125.61,Cloud SQL,MySQL analytics
Production-Secondary,vai-0092460,GCP,2026-05,239.2,0.0,0,1145.08,Vertex AI,AutoML jobs
Customer-Portal,ses-084a395,AWS,2026-05,0.0,0.0,731357,0.89,SES,Marketing email
Finance-Systems,sentinel-0208778,AZURE,2026-05,0.0,0.0,105101102,2588.81,Microsoft Sentinel,SIEM detection
Mobile-Backend,eh-0336161,AZURE,2026-05,682.6,0.0,28149436,312.55,Event Hubs,Standard throughput units
Finance-Systems,blob-1031652,AZURE,2026-05,0.0,5288.0,51524,155.14,Blob Storage,Backup storage
Partner-Integration,rds-08e0524,AWS,2026-05,748.0,527.8,0,1449.72,RDS,db.r5.large PostgreSQL replica
Security-Ops,mem-0162208,GCP,2026-05,338.3,0.0,0,249.18,Memorystore,Redis staging cache
Mobile-Backend,azmon-033b163,AZURE,2026-05,0.0,316.6,43067074,437.64,Azure Monitor,Logs and metrics
Production-Main,vm-1165798,AZURE,2026-05,649.1,0.0,0,788.08,Virtual Machines,D4s v3 CI runner
Security-Ops,s3-0cf8570,AWS,2026-05,0.0,16586.0,3230918,561.02,S3,Data lake raw zone
Shared-Services,vm-01bc461,AZURE,2026-05,839.2,0.0,0,2925.25,Virtual Machines,E8s v3 memory-optimized
Analytics-Platform,vai-0f1e752,GCP,2026-05,171.9,0.0,0,851.31,Vertex AI,AutoML jobs
Customer-Portal,i-10b9488,AWS,2026-05,577.6,0.0,0,1939.4,EC2,r5.2xlarge database server
Production-Secondary,blob-0bcf230,AZURE,2026-05,0.0,2193.1,5567571,355.24,Blob Storage,Media content
Customer-Portal,bq-0495859,GCP,2026-05,0.0,969.6,0,370.79,BigQuery,Data export queries
Finance-Systems,gcs-0894469,GCP,2026-05,0.0,401.6,6162994,73.27,Cloud Storage,Temp processing bucket
Shared-Services,aks-048e500,AZURE,2026-05,346.4,0.0,0,521.67,AKS,Dev K8s cluster
Mobile-Backend,kv-065f722,AZURE,2026-05,0.0,0.0,469373,1.43,Key Vault,Certificate store
Analytics-Platform,eh-0b1e568,AZURE,2026-05,0.0,436.5,0,104.84,Event Hubs,Capture to storage
Mobile-Backend,vm-0b70277,AZURE,2026-05,776.3,0.0,0,915.35,Virtual Machines,D4s v3 CI runner
Mobile-Backend,aks-0ae4200,AZURE,2026-05,1074.8,0.0,0,1596.02,AKS,Staging K8s cluster
Analytics-Platform,kv-041a844,AZURE,2026-05,0.0,0.0,509173,1.53,Key Vault,Certificate store
Customer-Portal,i-0c96590,AWS,2026-05,534.8,0.0,0,39.03,EC2,t3.micro bastion host
Compliance-Audit,rds-053c805,AWS,2026-05,891.9,619.4,0,1696.06,RDS,db.r5.large PostgreSQL replica
Partner-Integration,df-0897714,GCP,2026-05,870.4,0.0,0,2083.95,Dataflow,Streaming pipeline
DR-Recovery,fd-02ef948,AZURE,2026-05,0.0,0.0,68606892,503.5,Front Door,Global load balancer
Staging-Env,cr-0110150,GCP,2026-05,824.4,0.0,17536338,1259.61,Cloud Run,API gateway service
Analytics-Platform,gke-07d1585,GCP,2026-05,5611.9,0.0,0,11046.69,GKE,GPU node pool
Marketing-Platform,rds-0f2b947,AWS,2026-05,414.8,117.7,0,495.0,RDS,db.t3.medium MySQL staging
Marketing-Platform,sns-01d8631,AWS,2026-05,0.0,0.0,26389704,12.65,SNS,Event fanout topic
Marketing-Platform,vpn-01d4232,AWS,2026-05,839.9,0.0,0,426.34,VPN Gateway,Site-to-site VPN
Internal-Tools,clog-0a33159,GCP,2026-05,0.0,211.9,0,51.98,Cloud Logging,Audit logs
Marketing-Platform,ps-0eb7413,GCP,2026-05,0.0,0.0,41999364,529.36,Pub/Sub,Log forwarding
Edge-Network,gcf-1145460,GCP,2026-05,0.0,0.0,10420189,158.87,Cloud Functions,Data triggers
Customer-Portal,fd-0b08398,AZURE,2026-05,0.0,0.0,61417993,459.75,Front Door,Global load balancer
Partner-Integration,sm-0a9b348,AWS,2026-05,0.0,0.0,1439233,5.59,Secrets Manager,Application secrets
Production-Secondary,app-0d65909,AZURE,2026-05,1004.6,0.0,0,611.47,App Service,Web app P1v3
Internal-Tools,sqs-072f342,AWS,2026-05,0.0,0.0,48699837,24.79,SQS,Order processing queue
Customer-Portal,elb-0b22743,AWS,2026-05,701.3,0.0,29658709,211.24,ELB,Application load balancer
Analytics-Platform,bq-00ab376,GCP,2026-05,0.0,15708.2,0,6115.53,BigQuery,ML training datasets
Internal-Tools,gcs-0653898,GCP,2026-05,0.0,8330.6,206396,181.0,Cloud Storage,Backup bucket
Internal-Tools,rds-0b14107,AWS,2026-05,471.0,527.2,0,1112.78,RDS,db.m5.xlarge analytics DB
Internal-Tools,blob-0a06232,AZURE,2026-05,0.0,3444.2,9068239,430.39,Blob Storage,Build artifacts
Production-Main,cosmos-002a508,AZURE,2026-05,817.9,229.9,45986899,1823.95,Cosmos DB,User data store
DR-Recovery,fd-1129787,AZURE,2026-05,0.0,0.0,70886883,520.31,Front Door,Global load balancer
Customer-Portal,vpn-0e20680,AWS,2026-05,816.9,0.0,0,205.81,VPN Gateway,Client VPN endpoint
Staging-Env,fs-07cf154,GCP,2026-05,943.8,63.8,38387120,528.65,Firestore,User profiles DB
Edge-Network,gke-0308268,GCP,2026-05,2289.6,0.0,0,4545.34,GKE,ML training cluster
Customer-Portal,i-0473915,AWS,2026-05,601.9,0.0,0,855.43,EC2,c5.xlarge compute worker
Security-Ops,gke-0c59907,GCP,2026-05,2615.1,0.0,0,5275.87,GKE,ML training cluster
DevOps-Central,appi-1157479,AZURE,2026-05,0.0,0.0,54873278,681.44,Application Insights,APM telemetry
Marketing-Platform,sqs-06a7298,AWS,2026-05,0.0,0.0,56855981,28.01,SQS,Order processing queue
Production-Main,app-0029993,AZURE,2026-05,599.9,0.0,0,89.37,App Service,Web app B1
Internal-Tools,s3-0b0b520,AWS,2026-05,0.0,36.0,17726121,113.2,S3,Static website hosting
Shared-Services,gcs-068c251,GCP,2026-05,0.0,479.4,7358814,84.44,Cloud Storage,Temp processing bucket
Compliance-Audit,s3-045c748,AWS,2026-05,0.0,12904.1,2633814,456.55,S3,Data lake raw zone
Mobile-Backend,aks-0bc9456,AZURE,2026-05,1153.3,0.0,0,1741.74,AKS,Staging K8s cluster
DevOps-Central,appi-0a74430,AZURE,2026-05,0.0,0.0,69968699,852.05,Application Insights,APM telemetry
Mobile-Backend,vm-0347828,AZURE,2026-05,554.8,0.0,0,1009.06,Virtual Machines,E4s v3 SIEM collector
Mobile-Backend,vm-04f4258,AZURE,2026-05,747.4,0.0,0,443.71,Virtual Machines,D2s v3 utility server
Marketing-Platform,gcf-0a04526,GCP,2026-05,0.0,0.0,1996677,29.65,Cloud Functions,Scheduled tasks
Production-Main,sentinel-0b5c731,AZURE,2026-05,0.0,0.0,66523522,1694.41,Microsoft Sentinel,SIEM detection
Analytics-Platform,eh-0920184,AZURE,2026-05,517.0,0.0,20957514,226.03,Event Hubs,Standard throughput units
Security-Ops,ec-0f25929,AWS,2026-05,504.7,0.0,0,178.03,ElastiCache,Redis staging cluster
Production-Main,lam-06c3822,AWS,2026-05,0.0,0.0,32083066,219.81,Lambda,Data transformer
Finance-Systems,gcf-0421328,GCP,2026-05,0.0,0.0,11975404,179.02,Cloud Functions,Data triggers
Mobile-Backend,vm-0ab2945,AZURE,2026-05,567.6,0.0,0,2123.91,Virtual Machines,E8s v3 memory-optimized
Customer-Portal,ses-0dea201,AWS,2026-05,0.0,0.0,576231,0.7,SES,Marketing email
Shared-Services,fd-0c84968,AZURE,2026-05,0.0,0.0,70715059,525.16,Front Door,Global load balancer
Marketing-Platform,vai-0994295,GCP,2026-05,498.6,0.0,5502982,1062.56,Vertex AI,Model serving endpoints
Internal-Tools,gke-0f44955,GCP,2026-05,655.1,0.0,0,1970.51,GKE,Batch processing cluster
Customer-Portal,gke-027e488,GCP,2026-05,1601.1,0.0,0,3144.84,GKE,ML training cluster
Analytics-Platform,gke-0c27957,GCP,2026-05,4807.8,0.0,0,9659.16,GKE,GPU node pool
Internal-Tools,s3-066e839,AWS,2026-05,0.0,3820.6,6056384,274.54,S3,Media content bucket
Marketing-Platform,r53-05f2407,AWS,2026-05,0.0,0.0,50980546,74.64,Route 53,DNS hosting
Partner-Integration,sqldb-03a7375,AZURE,2026-05,828.7,289.4,0,1362.13,SQL Database,Standard S3 production
Analytics-Platform,aks-063d802,AZURE,2026-05,489.6,0.0,0,723.5,AKS,Dev K8s cluster
Internal-Tools,fs-02d5561,GCP,2026-05,620.0,43.4,25875848,355.84,Firestore,User profiles DB
Data-Science,mem-054a856,GCP,2026-05,1008.4,0.0,0,725.75,Memorystore,Redis production cache
Marketing-Platform,i-0c79279,AWS,2026-05,586.6,0.0,0,1984.52,EC2,r5.2xlarge database server
Partner-Integration,r53-03d8284,AWS,2026-05,0.0,0.0,62695951,92.04,Route 53,DNS hosting
Security-Ops,bq-0cc3233,GCP,2026-05,0.0,8581.4,0,3273.91,BigQuery,Analytics data warehouse
Production-Main,lam-04a5904,AWS,2026-05,0.0,0.0,30226437,209.58,Lambda,Data transformer
Production-Main,kv-0c89603,AZURE,2026-05,0.0,0.0,2233376,6.55,Key Vault,Secrets management
Mobile-Backend,ebs-0b07495,AWS,2026-05,0.0,3074.3,0,139.97,EBS,st1 volumes archive
Shared-Services,func-0ed4230,AZURE,2026-05,0.0,0.0,8241879,124.5,Azure Functions,Event processors
Finance-Systems,elb-0eae911,AWS,2026-05,674.6,0.0,28347703,206.08,ELB,Application load balancer
Analytics-Platform,cr-00b9666,GCP,2026-05,216.5,0.0,917706,191.17,Cloud Run,Image processor
Production-Main,vm-003f653,AZURE,2026-05,779.8,0.0,0,1871.92,Virtual Machines,D8s v3 application server
Production-Main,kin-09ce928,AWS,2026-05,592.4,0.0,16765413,243.73,Kinesis,Firehose delivery
Shared-Services,rds-0a3f668,AWS,2026-05,556.5,766.4,0,2363.79,RDS,db.r5.2xlarge Aurora cluster
Marketing-Platform,cr-0c41360,GCP,2026-05,495.9,0.0,2021347,619.97,Cloud Run,ETL pipeline service
IoT-Platform,fs-034e949,GCP,2026-05,893.2,65.2,38403164,506.13,Firestore,User profiles DB
Finance-Systems,gcs-07ec274,GCP,2026-05,0.0,433.4,6919417,79.65,Cloud Storage,Temp processing bucket
Mobile-Backend,vm-0341972,AZURE,2026-05,457.4,0.0,0,4284.36,Virtual Machines,NC6s v3 GPU VM
Security-Ops,df-0b6c552,GCP,2026-05,293.6,0.0,0,716.12,Dataflow,Batch pipeline
Data-Science,mem-012a968,GCP,2026-05,932.3,0.0,0,662.21,Memorystore,Redis production cache
Security-Ops,nat-0d72337,AWS,2026-05,704.6,0.0,0,161.04,NAT Gateway,Staging VPC NAT
IoT-Platform,bq-0b66868,GCP,2026-05,0.0,2702.3,0,1048.83,BigQuery,BI reporting views
Compliance-Audit,s3-038b490,AWS,2026-05,0.0,11775.4,2355669,410.24,S3,Data lake raw zone
Customer-Portal,blob-105b713,AZURE,2026-05,0.0,5545.4,0,557.81,Blob Storage,Security audit logs
Partner-Integration,sqldb-0750133,AZURE,2026-05,935.8,318.8,0,1550.37,SQL Database,Standard S3 production
QA-Testing,elb-0c75777,AWS,2026-05,618.4,0.0,8551947,123.3,ELB,Classic load balancer
ML-Training,eks-036e675,AWS,2026-05,413.1,0.0,0,1229.85,EKS,Staging K8s cluster
Analytics-Platform,gke-00b7195,GCP,2026-05,5228.3,0.0,0,10381.1,GKE,GPU node pool
Staging-Env,cr-0e13304,GCP,2026-05,636.6,0.0,2689377,805.64,Cloud Run,ETL pipeline service
Marketing-Platform,rds-0ae5139,AWS,2026-05,352.3,100.5,0,418.18,RDS,db.t3.medium MySQL staging
Customer-Portal,s3-05ee685,AWS,2026-05,0.0,17147.3,3298823,582.69,S3,Data lake raw zone
Internal-Tools,cf-0823451,AWS,2026-05,0.0,0.0,126763752,638.02,CloudFront,CDN media distribution
Internal-Tools,gcs-02da914,GCP,2026-05,0.0,3156.6,3140719,226.38,Cloud Storage,Media assets bucket
Staging-Env,ca-0862572,GCP,2026-05,0.0,0.0,113298608,419.08,Cloud Armor,WAF policies
Partner-Integration,mem-0822632,GCP,2026-05,273.5,0.0,0,196.23,Memorystore,Redis staging cache
Edge-Network,gke-0bd1995,GCP,2026-05,2378.9,0.0,0,4826.96,GKE,ML training cluster
DevOps-Central,kin-0e6b990,AWS,2026-05,810.5,0.0,22806515,328.12,Kinesis,Firehose delivery
Data-Science,rds-0af2839,AWS,2026-05,846.1,615.5,0,2230.36,RDS,db.r5.xlarge PostgreSQL primary
IoT-Platform,bq-107d256,GCP,2026-05,0.0,3062.0,0,1175.44,BigQuery,BI reporting views
Shared-Services,cosmos-089a538,AZURE,2026-05,655.3,92.1,23150775,865.69,Cosmos DB,Event store
Finance-Systems,blob-0dfa184,AZURE,2026-05,0.0,5132.9,50724,147.95,Blob Storage,Backup storage
Finance-Systems,elb-0c7f397,AWS,2026-05,595.7,0.0,8216355,122.36,ELB,Classic load balancer
Partner-Integration,df-0628108,GCP,2026-05,939.5,0.0,0,2262.91,Dataflow,Streaming pipeline
Production-Main,cmon-1020557,GCP,2026-05,0.0,0.0,22465131,174.69,Cloud Monitoring,Metrics and alerting
Partner-Integration,elb-10fd576,AWS,2026-05,855.9,0.0,11975267,170.87,ELB,Classic load balancer
Production-Secondary,ecs-0072782,AWS,2026-05,367.7,0.0,0,638.23,ECS,Fargate worker cluster
Production-Main,i-088c201,AWS,2026-05,941.0,0.0,0,68.25,EC2,t3.micro bastion host
Finance-Systems,appi-0fa4969,AZURE,2026-05,0.0,0.0,17420747,217.57,Application Insights,Custom metrics
Marketing-Platform,ddb-0bd3653,AWS,2026-05,566.6,40.2,61986837,442.83,DynamoDB,Session store table
Production-Secondary,redis-0d5e966,AZURE,2026-05,859.3,0.0,0,1050.45,Azure Cache for Redis,Premium P1 cache
Compliance-Audit,s3-0a41751,AWS,2026-05,0.0,559.3,1089197,46.8,S3,Artifact storage
Internal-Tools,rds-02c6302,AWS,2026-05,776.8,1083.2,0,3437.76,RDS,db.r5.2xlarge Aurora cluster
Edge-Network,ebs-118e723,AWS,2026-05,0.0,612.0,0,75.0,EBS,gp3 volumes production
Finance-Systems,appi-0fdc444,AZURE,2026-05,0.0,0.0,37805229,466.74,Application Insights,APM telemetry
Finance-Systems,cr-0fa9949,GCP,2026-05,324.8,0.0,2645715,268.67,Cloud Run,Webhook handler
Mobile-Backend,acr-0d0e656,AZURE,2026-05,0.0,186.5,367538,121.6,Container Registry,Docker image registry
Marketing-Platform,vai-0f53537,GCP,2026-05,548.5,0.0,5972082,1158.12,Vertex AI,Model serving endpoints
Security-Ops,vai-016d169,GCP,2026-05,375.0,0.0,0,1831.17,Vertex AI,Training pipelines
Edge-Network,gcs-0302936,GCP,2026-05,0.0,16842.9,5611934,508.94,Cloud Storage,Data lake bucket
Security-Ops,ecs-0c7d446,AWS,2026-05,621.4,0.0,0,1094.95,ECS,Fargate API cluster
Compliance-Audit,vpn-0870914,AWS,2026-05,858.1,0.0,0,215.37,VPN Gateway,Client VPN endpoint
DevOps-Central,vm-00e1513,AZURE,2026-05,958.0,0.0,0,1306.85,Virtual Machines,F4s v2 compute node
Security-Ops,bq-0b2e575,GCP,2026-05,0.0,7767.1,0,3104.29,BigQuery,Analytics data warehouse
Customer-Portal,bq-0af1701,GCP,2026-05,0.0,921.2,0,362.6,BigQuery,Data export queries
Shared-Services,ado-0498358,AZURE,2026-05,0.0,95.8,0,23.48,Azure DevOps,Artifacts storage
Shared-Services,gcs-0eea952,GCP,2026-05,0.0,6526.7,162569,151.57,Cloud Storage,Backup bucket
Marketing-Platform,ps-0df1128,GCP,2026-05,0.0,0.0,45381350,559.71,Pub/Sub,Log forwarding
Customer-Portal,clog-0c8b599,GCP,2026-05,0.0,128.9,0,32.41,Cloud Logging,Audit logs
Security-Ops,ecs-0f17873,AWS,2026-05,179.0,0.0,0,325.22,ECS,Fargate batch cluster
Analytics-Platform,aks-07be261,AZURE,2026-05,426.5,0.0,0,613.98,AKS,Dev K8s cluster
Analytics-Platform,gcs-08fa192,GCP,2026-05,0.0,2291.1,2286964,160.89,Cloud Storage,Media assets bucket
Shared-Services,ado-0524335,AZURE,2026-05,562.3,0.0,0,282.37,Azure DevOps,Pipelines hosted
Shared-Services,gcs-01ab145,GCP,2026-05,0.0,13709.9,4349087,396.07,Cloud Storage,Data lake bucket
Shared-Services,r53-07dc433,AWS,2026-05,0.0,0.0,71589981,105.44,Route 53,DNS hosting
Production-Secondary,sb-0061462,AZURE,2026-05,0.0,0.0,22228496,54.8,Service Bus,Standard messaging
Data-Science,rds-10d2290,AWS,2026-05,787.1,545.6,0,1997.62,RDS,db.r5.xlarge PostgreSQL primary
Data-Science,aks-0151245,AZURE,2026-05,1327.6,0.0,0,2006.14,AKS,Staging K8s cluster
Analytics-Platform,bq-0608863,GCP,2026-05,0.0,9729.0,0,3768.03,BigQuery,Analytics data warehouse
Compliance-Audit,i-06f6166,AWS,2026-05,692.7,0.0,0,598.26,EC2,m5.large monitoring server
Security-Ops,gcs-0e02175,GCP,2026-05,0.0,4990.1,124977,110.31,Cloud Storage,Backup bucket
Finance-Systems,gcf-1131750,GCP,2026-05,0.0,0.0,11675022,172.97,Cloud Functions,Data triggers
Internal-Tools,blob-0a05230,AZURE,2026-05,0.0,5050.4,0,487.14,Blob Storage,Security audit logs
Data-Science,blob-04af932,AZURE,2026-05,0.0,1967.7,4967700,310.83,Blob Storage,Media content
Edge-Network,lam-032b472,AWS,2026-05,0.0,0.0,20778298,143.57,Lambda,Data transformer
Staging-Env,gcs-0c37460,GCP,2026-05,0.0,12561.6,4023301,365.58,Cloud Storage,Data lake bucket
Marketing-Platform,cr-0e17356,GCP,2026-05,568.3,0.0,2343910,718.92,Cloud Run,ETL pipeline service
Finance-Systems,cmon-022a754,GCP,2026-05,0.0,0.0,31889602,251.86,Cloud Monitoring,Metrics and alerting
Partner-Integration,rs-0c70645,AWS,2026-05,717.0,2053.3,0,3693.26,Redshift,Data warehouse cluster
ML-Training,rds-0485498,AWS,2026-05,619.0,679.3,0,1425.14,RDS,db.m5.xlarge analytics DB
Mobile-Backend,ado-0337337,AZURE,2026-05,0.0,74.5,0,17.73,Azure DevOps,Artifacts storage
Customer-Portal,bq-0a4a962,GCP,2026-05,0.0,1064.1,0,431.48,BigQuery,Data export queries
QA-Testing,lam-08bd801,AWS,2026-05,0.0,0.0,3151745,21.54,Lambda,Webhook processor
Analytics-Platform,ado-0c1c621,AZURE,2026-05,0.0,106.3,0,26.15,Azure DevOps,Artifacts storage
Data-Science,i-064e209,AWS,2026-05,759.0,0.0,0,666.53,EC2,t3.large application server
Production-Main,lam-0858407,AWS,2026-05,0.0,0.0,5030555,35.84,Lambda,Notification dispatcher
Security-Ops,ecs-0882716,AWS,2026-05,178.7,0.0,0,326.76,ECS,Fargate batch cluster
Data-Science,i-0b3c554,AWS,2026-05,358.2,0.0,0,1017.33,EC2,c5.2xlarge HPC node
Mobile-Backend,acr-0933982,AZURE,2026-05,0.0,178.8,349580,111.38,Container Registry,Docker image registry
Partner-Integration,rs-0902323,AWS,2026-05,0.0,0.0,5255514,254.8,Redshift,Spectrum queries
Shared-Services,ebs-086f615,AWS,2026-05,0.0,528.2,0,317.15,EBS,io2 volumes database
Internal-Tools,elb-0520569,AWS,2026-05,1090.7,0.0,14955459,219.42,ELB,Classic load balancer
Marketing-Platform,gcf-1078297,GCP,2026-05,0.0,0.0,2040963,30.46,Cloud Functions,Scheduled tasks
Finance-Systems,blob-0a9d546,AZURE,2026-05,0.0,8597.1,82823,253.55,Blob Storage,Backup storage
Security-Ops,gke-0174910,GCP,2026-05,506.3,0.0,0,1463.2,GKE,Batch processing cluster
Staging-Env,bq-0ffd650,GCP,2026-05,0.0,5595.8,0,2199.25,BigQuery,Log analytics
QA-Testing,lam-0e28351,AWS,2026-05,0.0,0.0,4328729,30.41,Lambda,Image resizer
Production-Secondary,r53-0e6c250,AWS,2026-05,0.0,0.0,8105708,12.48,Route 53,Health checks
Shared-Services,nat-0d10205,AWS,2026-05,580.4,0.0,0,128.45,NAT Gateway,Staging VPC NAT
ML-Training,rds-0b52197,AWS,2026-05,610.9,675.8,0,1408.29,RDS,db.m5.xlarge analytics DB
Marketing-Platform,gcf-0a8d204,GCP,2026-05,0.0,0.0,1983284,29.1,Cloud Functions,Scheduled tasks
Security-Ops,sqldb-07af165,AZURE,2026-05,926.3,63.2,0,190.1,SQL Database,Basic dev database
Staging-Env,ps-00f0976,GCP,2026-05,0.0,0.0,13712325,174.02,Pub/Sub,Data pipeline
Marketing-Platform,ps-0d0f145,GCP,2026-05,0.0,0.0,15108698,184.78,Pub/Sub,Data pipeline
Analytics-Platform,bq-00aa634,GCP,2026-05,0.0,3901.1,0,1565.4,BigQuery,Log analytics
Partner-Integration,sb-0677216,AZURE,2026-05,651.3,0.0,9161201,487.91,Service Bus,Premium messaging
Edge-Network,csql-0303589,GCP,2026-05,808.8,228.4,0,984.32,Cloud SQL,PostgreSQL replica
Edge-Network,gcf-0d2e351,GCP,2026-05,0.0,0.0,11792445,175.2,Cloud Functions,Data triggers
Partner-Integration,ddb-03d4797,AWS,2026-05,525.3,37.0,59504233,418.37,DynamoDB,Session store table
Finance-Systems,s3-0243583,AWS,2026-05,0.0,67.1,32372931,211.59,S3,Static website hosting
Internal-Tools,eh-0fe7790,AZURE,2026-05,0.0,541.7,0,129.07,Event Hubs,Capture to storage
Partner-Integration,kin-1069401,AWS,2026-05,861.6,0.0,34760284,508.69,Kinesis,Data stream ingestion
Analytics-Platform,gcs-0569506,GCP,2026-05,0.0,2064.0,1990767,142.35,Cloud Storage,Media assets bucket
Staging-Env,fs-010c209,GCP,2026-05,873.6,62.6,36262997,513.08,Firestore,User profiles DB
Mobile-Backend,vm-08df543,AZURE,2026-05,907.6,0.0,0,1265.69,Virtual Machines,F4s v2 compute node
Production-Main,kin-0ab3175,AWS,2026-05,694.7,0.0,29397406,425.21,Kinesis,Data stream ingestion
Marketing-Platform,sqs-01dc694,AWS,2026-05,0.0,0.0,52647337,26.54,SQS,Order processing queue
Production-Main,blob-072a535,AZURE,2026-05,0.0,2471.5,6549607,318.06,Blob Storage,Build artifacts
Finance-Systems,sqldb-0638934,AZURE,2026-05,1018.5,369.5,0,1734.26,SQL Database,Standard S3 production
Customer-Portal,ebs-0da4750,AWS,2026-05,0.0,526.3,0,324.45,EBS,io2 volumes database
Marketing-Platform,vai-0a89162,GCP,2026-05,267.9,0.0,0,1334.12,Vertex AI,AutoML jobs
DevOps-Central,redis-0746127,AZURE,2026-05,711.6,0.0,0,865.58,Azure Cache for Redis,Premium P1 cache
Production-Secondary,ado-0f7a776,AZURE,2026-05,0.0,110.5,0,27.93,Azure DevOps,Artifacts storage
Shared-Services,vm-0ef9933,AZURE,2026-05,508.0,0.0,0,928.03,Virtual Machines,E4s v3 SIEM collector
Customer-Portal,gcs-027b506,GCP,2026-05,0.0,17128.8,42421,164.76,Cloud Storage,Archive bucket
QA-Testing,lam-0e97658,AWS,2026-05,0.0,0.0,3160885,22.28,Lambda,Webhook processor
Edge-Network,kin-0317180,AWS,2026-05,518.4,0.0,14344361,208.19,Kinesis,Firehose delivery
IoT-Platform,bq-07f6141,GCP,2026-05,0.0,1908.9,0,743.24,BigQuery,Data export queries
Shared-Services,r53-0198426,AWS,2026-05,0.0,0.0,8176539,12.0,Route 53,Health checks
Internal-Tools,sqs-02ad468,AWS,2026-05,0.0,0.0,35463537,17.75,SQS,Event notification queue
Internal-Tools,vm-084b534,AZURE,2026-05,752.9,0.0,0,439.45,Virtual Machines,D2s v3 utility server
Internal-Tools,ses-0971417,AWS,2026-05,0.0,0.0,2767414,3.29,SES,Transactional email
Internal-Tools,cr-02e2142,GCP,2026-05,294.9,0.0,1235993,244.21,Cloud Run,Image processor
Partner-Integration,gke-0e1d533,GCP,2026-05,694.9,0.0,0,2024.75,GKE,Production API cluster
Internal-Tools,sqs-0595574,AWS,2026-05,0.0,0.0,50770409,25.17,SQS,Order processing queue
Data-Science,i-0e57691,AWS,2026-05,333.3,0.0,0,953.96,EC2,c5.2xlarge HPC node
Partner-Integration,sm-04a9467,AWS,2026-05,0.0,0.0,1242732,4.78,Secrets Manager,Application secrets
Partner-Integration,ec-10a3752,AWS,2026-05,440.3,0.0,0,155.08,ElastiCache,Redis staging cluster
Customer-Portal,bq-0f5a146,GCP,2026-05,0.0,939.0,0,368.18,BigQuery,Data export queries
Finance-Systems,blob-0899517,AZURE,2026-05,0.0,8113.4,79473,231.84,Blob Storage,Backup storage
Analytics-Platform,gcf-009e362,GCP,2026-05,0.0,0.0,7839954,117.76,Cloud Functions,Auth handlers
Production-Main,s3-09f4341,AWS,2026-05,0.0,9930.4,606239,244.84,S3,Log archive bucket
Production-Secondary,i-007c627,AWS,2026-05,520.2,0.0,0,901.15,EC2,r5.xlarge cache server
Customer-Portal,ses-071f490,AWS,2026-05,0.0,0.0,650388,0.78,SES,Marketing email
Compliance-Audit,sm-10f2477,AWS,2026-05,0.0,0.0,1294790,5.13,Secrets Manager,Application secrets
Analytics-Platform,cr-0d62306,GCP,2026-05,411.3,0.0,1686521,531.91,Cloud Run,ETL pipeline service
Internal-Tools,gcf-02d7493,GCP,2026-05,0.0,0.0,9458930,142.06,Cloud Functions,Data triggers
Internal-Tools,ebs-0f72121,AWS,2026-05,0.0,1418.4,0,176.07,EBS,gp3 volumes production
Security-Ops,ecs-0d3c531,AWS,2026-05,471.3,0.0,0,865.68,ECS,Fargate API cluster
Finance-Systems,app-070d322,AZURE,2026-05,856.8,0.0,0,125.88,App Service,Web app B1
Internal-Tools,gke-02d4601,GCP,2026-05,2221.1,0.0,0,4387.53,GKE,ML training cluster
Shared-Services,r53-0ff4269,AWS,2026-05,0.0,0.0,62125967,92.25,Route 53,DNS hosting
ML-Training,ebs-05fc988,AWS,2026-05,0.0,3888.8,0,173.4,EBS,st1 volumes archive
QA-Testing,lam-0998741,AWS,2026-05,0.0,0.0,3994700,28.83,Lambda,Image resizer
Customer-Portal,cr-0279346,GCP,2026-05,478.2,0.0,2023013,620.8,Cloud Run,ETL pipeline service
Customer-Portal,elb-0aee879,AWS,2026-05,727.9,0.0,30701285,216.93,ELB,Application load balancer
Security-Ops,ecs-018d725,AWS,2026-05,468.6,0.0,0,856.48,ECS,Fargate worker cluster
Shared-Services,ado-0586532,AZURE,2026-05,496.6,0.0,0,242.54,Azure DevOps,Pipelines hosted
Compliance-Audit,nat-037e195,AWS,2026-05,520.0,0.0,0,116.33,NAT Gateway,Dev VPC NAT
Data-Science,vai-0d5f388,GCP,2026-05,329.0,0.0,0,1671.29,Vertex AI,Training pipelines
Internal-Tools,clog-02e8220,GCP,2026-05,0.0,482.8,0,119.82,Cloud Logging,Application logs
Security-Ops,sqldb-07f8643,AZURE,2026-05,676.6,48.5,0,139.48,SQL Database,Basic dev database
Partner-Integration,sm-09ef617,AWS,2026-05,0.0,0.0,1421927,5.72,Secrets Manager,Application secrets
Internal-Tools,ddb-0a2f287,AWS,2026-05,805.9,54.9,87430548,607.09,DynamoDB,Session store table
Edge-Network,cdns-0304848,GCP,2026-05,0.0,0.0,18421407,27.28,Cloud DNS,DNS zones
Internal-Tools,rds-02c2514,AWS,2026-05,580.5,654.4,0,1345.65,RDS,db.m5.xlarge analytics DB
Data-Science,bq-011c674,GCP,2026-05,0.0,3485.4,0,1325.0,BigQuery,Log analytics
Compliance-Audit,ec-0fb1705,AWS,2026-05,669.5,0.0,0,486.04,ElastiCache,Redis production cluster
Customer-Portal,sentinel-0903319,AZURE,2026-05,0.0,0.0,103891818,2540.97,Microsoft Sentinel,SIEM detection
Shared-Services,ec-0d88472,AWS,2026-05,756.2,0.0,0,275.67,ElastiCache,Redis staging cluster
Production-Secondary,cosmos-0071690,AZURE,2026-05,533.6,75.1,18293866,674.67,Cosmos DB,Event store
Analytics-Platform,aks-04e6233,AZURE,2026-05,428.4,0.0,0,659.1,AKS,Dev K8s cluster
Compliance-Audit,ses-0627154,AWS,2026-05,0.0,0.0,1618458,1.95,SES,Transactional email
Production-Main,redis-053a503,AZURE,2026-05,892.7,0.0,0,1096.25,Azure Cache for Redis,Premium P1 cache
Production-Main,r53-0013324,AWS,2026-05,0.0,0.0,55977277,84.47,Route 53,DNS hosting
Production-Main,func-0033235,AZURE,2026-05,0.0,0.0,7925962,118.9,Azure Functions,Event processors
Internal-Tools,rds-0877129,AWS,2026-05,792.1,552.6,0,1533.63,RDS,db.r5.large PostgreSQL replica
Production-Main,lam-0007733,AWS,2026-05,0.0,0.0,1224795,8.96,Lambda,Cron job runner
Production-Main,s3-0dd8940,AWS,2026-05,0.0,46.9,22974218,150.55,S3,Static website hosting
Security-Ops,ebs-0187240,AWS,2026-05,0.0,4007.1,0,178.77,EBS,st1 volumes archive
Security-Ops,ecs-05f8138,AWS,2026-05,535.9,0.0,0,948.74,ECS,Fargate API cluster
Customer-Portal,ses-0aec941,AWS,2026-05,0.0,0.0,838545,0.99,SES,Marketing email
Security-Ops,ecs-0ef6702,AWS,2026-05,526.7,0.0,0,958.48,ECS,Fargate API cluster
Staging-Env,gcf-08e9473,GCP,2026-05,0.0,0.0,13834928,208.6,Cloud Functions,Data triggers
Staging-Env,bq-00f9877,GCP,2026-05,0.0,5453.0,0,2162.3,BigQuery,Log analytics
Edge-Network,s3-09b2918,AWS,2026-05,0.0,12002.6,122036,272.76,S3,Backup storage bucket
Production-Main,gcs-0053656,GCP,2026-05,0.0,7591.6,189750,174.78,Cloud Storage,Backup bucket
Staging-Env,cdns-041f176,GCP,2026-05,0.0,0.0,25421356,37.42,Cloud DNS,DNS zones
Production-Main,gcf-0861266,GCP,2026-05,0.0,0.0,9542384,141.71,Cloud Functions,Data triggers
Edge-Network,s3-0cf5556,AWS,2026-05,0.0,62.2,30502814,200.01,S3,Static website hosting
Internal-Tools,vm-0c07552,AZURE,2026-05,691.5,0.0,0,427.46,Virtual Machines,D2s v3 utility server
Analytics-Platform,fs-073a652,GCP,2026-05,901.1,63.7,37724116,511.56,Firestore,User profiles DB
Customer-Portal,cr-056f855,GCP,2026-05,447.7,0.0,1867061,565.59,Cloud Run,ETL pipeline service
Data-Science,fd-014e379,AZURE,2026-05,0.0,0.0,41189096,304.41,Front Door,Global load balancer
Production-Main,i-0a20226,AWS,2026-05,629.8,0.0,0,2187.52,EC2,m5.2xlarge batch processor
Data-Science,i-0a5b952,AWS,2026-05,674.8,0.0,0,584.08,EC2,m5.large monitoring server
Shared-Services,r53-059e889,AWS,2026-05,0.0,0.0,66102450,95.88,Route 53,DNS hosting
Compliance-Audit,i-03a0994,AWS,2026-05,695.5,0.0,0,599.73,EC2,m5.large monitoring server
Mobile-Backend,eh-0335343,AZURE,2026-05,0.0,411.8,0,99.22,Event Hubs,Capture to storage
Compliance-Audit,rds-1171475,AWS,2026-05,995.2,697.9,0,1938.22,RDS,db.r5.large PostgreSQL replica
Internal-Tools,nat-042b155,AWS,2026-05,530.3,0.0,0,120.53,NAT Gateway,Dev VPC NAT
DR-Recovery,eh-02f3384,AZURE,2026-05,0.0,514.6,0,123.59,Event Hubs,Capture to storage
Marketing-Platform,vai-1033821,GCP,2026-05,432.6,0.0,4817511,936.54,Vertex AI,Model serving endpoints
Finance-Systems,sqldb-10e9583,AZURE,2026-05,973.1,343.3,0,1621.06,SQL Database,Standard S3 production
IoT-Platform,cr-0d33810,GCP,2026-05,481.8,0.0,4026033,414.15,Cloud Run,Webhook handler
Production-Secondary,clog-06e2446,GCP,2026-05,0.0,454.2,0,109.39,Cloud Logging,Application logs
Production-Secondary,r53-114c994,AWS,2026-05,0.0,0.0,7618553,11.23,Route 53,Health checks
Internal-Tools,fs-02d6986,GCP,2026-05,783.3,22.1,52828196,570.03,Firestore,Session store
Mobile-Backend,fd-05ae464,AZURE,2026-05,0.0,0.0,37567843,275.24,Front Door,Global load balancer
Internal-Tools,aks-0ec9743,AZURE,2026-05,1388.5,0.0,0,2048.21,AKS,Staging K8s cluster
Security-Ops,sns-0188907,AWS,2026-05,0.0,0.0,8761127,4.29,SNS,Alert notifications
DR-Recovery,cosmos-02ed229,AZURE,2026-05,906.7,63.5,18466370,607.71,Cosmos DB,Config store
Data-Science,gcf-057e580,GCP,2026-05,0.0,0.0,9487798,140.24,Cloud Functions,Auth handlers
DevOps-Central,ec-1079988,AWS,2026-05,690.5,0.0,0,501.44,ElastiCache,Redis production cluster
Customer-Portal,bq-0797763,GCP,2026-05,0.0,993.2,0,389.99,BigQuery,Data export queries
ML-Training,ebs-0b24521,AWS,2026-05,0.0,4578.3,0,199.59,EBS,st1 volumes archive
Shared-Services,r53-0619259,AWS,2026-05,0.0,0.0,8764483,12.66,Route 53,Health checks
Partner-Integration,sb-0685610,AZURE,2026-05,699.5,0.0,9706914,528.92,Service Bus,Premium messaging
Analytics-Platform,gcs-0ce0329,GCP,2026-05,0.0,2195.9,2199675,159.8,Cloud Storage,Media assets bucket
Compliance-Audit,sm-0632353,AWS,2026-05,0.0,0.0,1035241,4.15,Secrets Manager,Application secrets
Data-Science,blob-10e3276,AZURE,2026-05,0.0,9034.6,87748,263.91,Blob Storage,Backup storage
Edge-Network,gke-0b37321,GCP,2026-05,2112.1,0.0,0,4195.62,GKE,ML training cluster
Security-Ops,cdns-092f274,GCP,2026-05,0.0,0.0,26543572,38.9,Cloud DNS,DNS zones
Edge-Network,i-1150768,AWS,2026-05,682.2,0.0,0,2331.07,EC2,r5.2xlarge database server
Security-Ops,s3-0181856,AWS,2026-05,0.0,5621.8,8962084,402.25,S3,Media content bucket
Data-Science,i-0dfc213,AWS,2026-05,482.2,0.0,0,1688.55,EC2,m5.2xlarge batch processor
Marketing-Platform,vai-054f681,GCP,2026-05,560.2,0.0,0,2802.55,Vertex AI,Training pipelines
Marketing-Platform,i-01e9479,AWS,2026-05,543.1,0.0,0,1890.04,EC2,r5.2xlarge database server
Finance-Systems,app-0ba8317,AZURE,2026-05,835.4,0.0,0,1043.32,App Service,API app P2v3
Shared-Services,ado-0e6e571,AZURE,2026-05,497.5,0.0,0,247.59,Azure DevOps,Pipelines hosted
Internal-Tools,s3-0a63927,AWS,2026-05,0.0,6533.8,399617,160.13,S3,Log archive bucket
Production-Secondary,ec-0078540,AWS,2026-05,624.8,0.0,0,445.44,ElastiCache,Redis production cluster
Internal-Tools,ps-02e6133,GCP,2026-05,0.0,0.0,18761931,230.77,Pub/Sub,Data pipeline
Internal-Tools,gcs-02de679,GCP,2026-05,0.0,17686.5,6011069,524.37,Cloud Storage,Data lake bucket
Finance-Systems,blob-0c24932,AZURE,2026-05,0.0,7306.4,71197,217.72,Blob Storage,Backup storage
Internal-Tools,sqs-0c61528,AWS,2026-05,0.0,0.0,46380661,23.64,SQS,Order processing queue
Internal-Tools,sqs-1152733,AWS,2026-05,0.0,0.0,47282679,23.91,SQS,Order processing queue
Data-Science,sb-03fb113,AZURE,2026-05,0.0,0.0,21599344,52.88,Service Bus,Standard messaging
Edge-Network,rds-031d726,AWS,2026-05,533.6,378.9,0,1057.74,RDS,db.r5.large PostgreSQL replica
Internal-Tools,redis-0e82275,AZURE,2026-05,607.8,0.0,0,306.2,Azure Cache for Redis,Standard C2 cache
Internal-Tools,redis-0294559,AZURE,2026-05,572.6,0.0,0,281.48,Azure Cache for Redis,Standard C2 cache
Marketing-Platform,cmon-0baf450,GCP,2026-05,0.0,0.0,28571778,219.3,Cloud Monitoring,Metrics and alerting
Shared-Services,vm-069e641,AZURE,2026-05,479.6,0.0,0,4306.81,Virtual Machines,NC6s v3 GPU VM
Finance-Systems,s3-0879414,AWS,2026-05,0.0,9156.8,589288,229.64,S3,Log archive bucket
Staging-Env,gcs-0104572,GCP,2026-05,0.0,15589.3,38784,150.65,Cloud Storage,Archive bucket
QA-Testing,sm-09d2871,AWS,2026-05,0.0,0.0,673217,2.63,Secrets Manager,Application secrets
Data-Science,ps-0122650,GCP,2026-05,0.0,0.0,28719892,358.14,Pub/Sub,Log forwarding
Internal-Tools,s3-0c64538,AWS,2026-05,0.0,3771.9,5975255,277.47,S3,Media content bucket
Marketing-Platform,i-01ea208,AWS,2026-05,735.3,0.0,0,311.68,EC2,t3.medium API server
DevOps-Central,ddb-1093975,AWS,2026-05,920.6,12.8,6177765,110.45,DynamoDB,Config store table
Staging-Env,gcs-05bb643,GCP,2026-05,0.0,10094.2,3250197,289.77,Cloud Storage,Data lake bucket
Customer-Portal,vpn-0c12742,AWS,2026-05,1175.8,0.0,0,301.32,VPN Gateway,Client VPN endpoint
Finance-Systems,appi-0b64759,AZURE,2026-05,0.0,0.0,40031988,489.3,Application Insights,APM telemetry
DevOps-Central,acr-00d8552,AZURE,2026-05,0.0,258.2,504974,166.3,Container Registry,Docker image registry
Staging-Env,gcf-09c0254,GCP,2026-05,0.0,0.0,12818685,190.06,Cloud Functions,Data triggers
Production-Main,kin-001b193,AWS,2026-05,709.9,0.0,30356232,442.73,Kinesis,Data stream ingestion
Production-Secondary,aks-0508393,AZURE,2026-05,1518.1,0.0,0,2244.61,AKS,Staging K8s cluster
Production-Secondary,s3-0963950,AWS,2026-05,0.0,1014.6,2010723,88.25,S3,Artifact storage
Production-Main,vm-0ae6301,AZURE,2026-05,954.3,0.0,0,1336.12,Virtual Machines,F4s v2 compute node
Internal-Tools,cf-08a2303,AWS,2026-05,0.0,0.0,96837450,480.77,CloudFront,CDN web distribution
Production-Secondary,cosmos-0c42811,AZURE,2026-05,515.3,72.0,17489982,664.05,Cosmos DB,Event store
Customer-Portal,sentinel-024e511,AZURE,2026-05,0.0,0.0,117966483,2846.95,Microsoft Sentinel,SIEM detection
Staging-Env,cdns-0683103,GCP,2026-05,0.0,0.0,23540235,35.24,Cloud DNS,DNS zones
Customer-Portal,blob-0e7d167,AZURE,2026-05,0.0,4574.0,0,444.06,Blob Storage,Security audit logs
Analytics-Platform,eh-0daf110,AZURE,2026-05,488.9,0.0,20588005,226.23,Event Hubs,Standard throughput units
DR-Recovery,redis-091e910,AZURE,2026-05,736.2,0.0,0,880.14,Azure Cache for Redis,Premium P1 cache
Partner-Integration,df-03b8762,GCP,2026-05,874.3,0.0,0,2175.27,Dataflow,Streaming pipeline
ML-Training,ec-0549300,AWS,2026-05,1021.8,0.0,0,724.71,ElastiCache,Redis production cluster
Compliance-Audit,s3-04df487,AWS,2026-05,0.0,2185.3,13023372,549.48,S3,Production asset storage
Customer-Portal,fs-0acb600,GCP,2026-05,860.6,61.2,36191728,493.45,Firestore,User profiles DB
Production-Secondary,blob-107a413,AZURE,2026-05,0.0,2700.5,7089646,348.3,Blob Storage,Build artifacts
Internal-Tools,gcs-089d790,GCP,2026-05,0.0,15248.5,4950092,455.29,Cloud Storage,Data lake bucket
ML-Training,i-04f5359,AWS,2026-05,757.5,0.0,0,666.74,EC2,m5.large monitoring server
Production-Main,eh-0f89343,AZURE,2026-05,686.2,0.0,28443634,311.68,Event Hubs,Standard throughput units
ML-Training,rds-0a96205,AWS,2026-05,545.5,605.1,0,1225.82,RDS,db.m5.xlarge analytics DB
ML-Training,r53-0371230,AWS,2026-05,0.0,0.0,11041692,16.34,Route 53,Health checks
Marketing-Platform,rds-0657267,AWS,2026-05,424.7,121.7,0,507.44,RDS,db.t3.medium MySQL staging
Finance-Systems,ado-0222957,AZURE,2026-05,447.0,0.0,0,225.19,Azure DevOps,Pipelines hosted
Analytics-Platform,gke-0c3a292,GCP,2026-05,4808.0,0.0,0,9403.26,GKE,GPU node pool
Customer-Portal,cosmos-0b44271,AZURE,2026-05,499.5,69.7,17755884,657.42,Cosmos DB,Event store
Production-Main,vm-06e4791,AZURE,2026-05,453.7,0.0,0,4260.73,Virtual Machines,NC6s v3 GPU VM
IoT-Platform,cr-07da555,GCP,2026-05,416.0,0.0,1703176,537.84,Cloud Run,ETL pipeline service
Marketing-Platform,rds-10d6482,AWS,2026-05,584.2,164.9,0,543.79,RDS,db.t3.large development DB
Analytics-Platform,gcs-0b6a812,GCP,2026-05,0.0,1638.6,828261,248.64,Cloud Storage,Model artifacts
Production-Secondary,cosmos-0070623,AZURE,2026-05,676.2,194.1,38491913,1536.46,Cosmos DB,User data store
Analytics-Platform,clog-0ba4541,GCP,2026-05,0.0,425.8,0,103.91,Cloud Logging,Application logs
Security-Ops,sqldb-0408548,AZURE,2026-05,796.5,56.4,0,163.72,SQL Database,Basic dev database
Production-Secondary,cosmos-091d756,AZURE,2026-05,744.1,208.9,40421267,1686.64,Cosmos DB,User data store
Shared-Services,gcs-046a617,GCP,2026-05,0.0,3251.3,3284960,233.09,Cloud Storage,Media assets bucket
Analytics-Platform,bq-0b80564,GCP,2026-05,0.0,16312.7,0,6406.5,BigQuery,ML training datasets
Staging-Env,fs-010b493,GCP,2026-05,578.8,15.8,39326138,416.5,Firestore,Session store
ML-Training,r53-05ab480,AWS,2026-05,0.0,0.0,12724938,18.68,Route 53,Health checks
Finance-Systems,csql-0ae9870,GCP,2026-05,756.3,210.9,0,886.3,Cloud SQL,PostgreSQL replica
Staging-Env,gcs-0105570,GCP,2026-05,0.0,546.2,8882757,98.71,Cloud Storage,Temp processing bucket
Customer-Portal,vm-025d194,AZURE,2026-05,892.2,0.0,0,261.78,Virtual Machines,B2s development VM
Marketing-Platform,sm-0b4d765,AWS,2026-05,0.0,0.0,1042702,4.15,Secrets Manager,Application secrets
Marketing-Platform,rds-07a0415,AWS,2026-05,437.7,119.0,0,503.73,RDS,db.t3.medium MySQL staging
Security-Ops,sentinel-0f54548,AZURE,2026-05,0.0,0.0,86467312,2142.3,Microsoft Sentinel,SIEM detection
DevOps-Central,app-00eb594,AZURE,2026-05,664.1,0.0,0,829.38,App Service,API app P2v3
Marketing-Platform,ca-0a67990,GCP,2026-05,0.0,0.0,57793277,215.92,Cloud Armor,WAF policies
Edge-Network,s3-08f1673,AWS,2026-05,0.0,1053.7,2069198,90.22,S3,Artifact storage
ML-Training,rs-072c560,AWS,2026-05,0.0,0.0,4221907,208.19,Redshift,Spectrum queries
Marketing-Platform,gcf-0dcb547,GCP,2026-05,0.0,0.0,2087321,31.04,Cloud Functions,Scheduled tasks
Production-Secondary,fd-005a664,AZURE,2026-05,0.0,0.0,68115199,521.41,Front Door,Global load balancer
Internal-Tools,s3-02bd407,AWS,2026-05,0.0,7004.3,438608,172.13,S3,Log archive bucket
Staging-Env,gcs-0108793,GCP,2026-05,0.0,10035.7,252790,230.41,Cloud Storage,Backup bucket
Production-Main,csql-0f51153,GCP,2026-05,773.6,549.8,0,1516.43,Cloud SQL,MySQL analytics
ML-Training,ebs-0974587,AWS,2026-05,0.0,671.2,0,423.65,EBS,io2 volumes database
IoT-Platform,bq-0f8e380,GCP,2026-05,0.0,2725.7,0,1059.73,BigQuery,BI reporting views
Staging-Env,cr-0ddc370,GCP,2026-05,757.3,0.0,3205865,987.0,Cloud Run,ETL pipeline service
Shared-Services,ado-09e6900,AZURE,2026-05,560.9,0.0,0,270.19,Azure DevOps,Pipelines hosted
Finance-Systems,clog-1076168,GCP,2026-05,0.0,210.2,0,51.44,Cloud Logging,Audit logs
DevOps-Central,blob-00d9603,AZURE,2026-05,0.0,5596.2,0,528.98,Blob Storage,Security audit logs
Customer-Portal,i-0930835,AWS,2026-05,524.7,0.0,0,36.89,EC2,t3.micro bastion host
IoT-Platform,mem-044e635,GCP,2026-05,840.4,0.0,0,596.53,Memorystore,Redis production cache
Security-Ops,s3-0771322,AWS,2026-05,0.0,18502.8,3662257,635.49,S3,Data lake raw zone
Analytics-Platform,aks-1048569,AZURE,2026-05,545.1,0.0,0,2436.9,AKS,Production K8s cluster
Data-Science,i-0d23982,AWS,2026-05,368.7,0.0,0,1047.51,EC2,c5.2xlarge HPC node
Finance-Systems,s3-08dd455,AWS,2026-05,0.0,4960.8,8088081,361.92,S3,Media content bucket
Finance-Systems,gcf-0a51450,GCP,2026-05,0.0,0.0,9311500,139.86,Cloud Functions,Auth handlers
Partner-Integration,ado-0b3b205,AZURE,2026-05,611.6,0.0,0,307.37,Azure DevOps,Pipelines hosted
Partner-Integration,gke-0b7b939,GCP,2026-05,651.9,0.0,0,1972.65,GKE,Production API cluster
Compliance-Audit,ses-0592338,AWS,2026-05,0.0,0.0,1535893,1.88,SES,Transactional email
Internal-Tools,ec-0eb3410,AWS,2026-05,521.5,0.0,0,361.56,ElastiCache,Redis production cluster
Partner-Integration,sqldb-03a5439,AZURE,2026-05,677.9,464.5,0,2703.44,SQL Database,Premium P1 analytics
Internal-Tools,s3-09aa761,AWS,2026-05,0.0,35.0,17509833,113.55,S3,Static website hosting
DevOps-Central,aks-0e66233,AZURE,2026-05,381.0,0.0,0,564.25,AKS,Dev K8s cluster
Compliance-Audit,sm-1017804,AWS,2026-05,0.0,0.0,1021213,4.14,Secrets Manager,Application secrets
Shared-Services,vai-01ad930,GCP,2026-05,785.1,0.0,8534188,1673.72,Vertex AI,Model serving endpoints
Data-Science,mem-0504714,GCP,2026-05,326.9,0.0,0,237.78,Memorystore,Redis staging cache
Internal-Tools,ps-0890488,GCP,2026-05,0.0,0.0,31817910,397.01,Pub/Sub,Event streaming
Analytics-Platform,vai-079c548,GCP,2026-05,652.5,0.0,0,3211.68,Vertex AI,Training pipelines
Compliance-Audit,elb-0f00262,AWS,2026-05,738.5,0.0,31119390,224.1,ELB,Application load balancer
Production-Secondary,blob-081e798,AZURE,2026-05,0.0,7009.3,2570111,366.52,Blob Storage,Data lake storage
Production-Main,sns-0c8c772,AWS,2026-05,0.0,0.0,6781012,3.35,SNS,Alert notifications
Shared-Services,rds-0f6e315,AWS,2026-05,672.7,187.2,0,590.16,RDS,db.t3.large development DB
Finance-Systems,sqldb-020f404,AZURE,2026-05,921.3,323.0,0,1515.82,SQL Database,Standard S3 production
Analytics-Platform,cr-0943616,GCP,2026-05,418.7,0.0,1713098,544.2,Cloud Run,ETL pipeline service
IoT-Platform,cr-10a0129,GCP,2026-05,344.8,0.0,1480997,449.41,Cloud Run,ETL pipeline service
Security-Ops,gcs-0cba289,GCP,2026-05,0.0,5748.7,143354,128.65,Cloud Storage,Backup bucket
IoT-Platform,cr-03f3623,GCP,2026-05,731.5,0.0,14939293,1074.1,Cloud Run,API gateway service
DevOps-Central,kv-0b3d149,AZURE,2026-05,0.0,0.0,2476646,7.46,Key Vault,Secrets management
Production-Secondary,app-10d9619,AZURE,2026-05,637.5,0.0,0,94.75,App Service,Web app B1
Customer-Portal,elb-0525461,AWS,2026-05,743.8,0.0,29987776,216.16,ELB,Application load balancer
Marketing-Platform,vai-0ff7365,GCP,2026-05,554.8,0.0,0,2679.86,Vertex AI,Training pipelines
Production-Main,cmon-0b17682,GCP,2026-05,0.0,0.0,22046288,178.56,Cloud Monitoring,Metrics and alerting
Data-Science,i-013b699,AWS,2026-05,775.0,0.0,0,1130.15,EC2,c5.xlarge compute worker
QA-Testing,lam-05b6672,AWS,2026-05,0.0,0.0,3194619,21.72,Lambda,Webhook processor
QA-Testing,ses-08a5385,AWS,2026-05,0.0,0.0,2489457,2.87,SES,Transactional email
Production-Secondary,sqldb-051f349,AZURE,2026-05,437.7,156.5,0,742.55,SQL Database,Standard S3 production
Partner-Integration,ps-03c1778,GCP,2026-05,0.0,0.0,9849451,124.83,Pub/Sub,Data pipeline
Production-Secondary,clog-05d5179,GCP,2026-05,0.0,155.4,0,37.79,Cloud Logging,Audit logs
Shared-Services,vm-05ec122,AZURE,2026-05,579.6,0.0,0,1026.18,Virtual Machines,E4s v3 SIEM collector
Analytics-Platform,ps-06e6283,GCP,2026-05,0.0,0.0,40021785,515.1,Pub/Sub,Log forwarding
IoT-Platform,cdns-0437748,GCP,2026-05,0.0,0.0,12131016,17.89,Cloud DNS,DNS zones
Internal-Tools,sentinel-0cd3679,AZURE,2026-05,0.0,0.0,66494048,1599.1,Microsoft Sentinel,SIEM detection
Shared-Services,rds-0cda288,AWS,2026-05,518.2,143.7,0,454.61,RDS,db.t3.large development DB
IoT-Platform,cr-05d2913,GCP,2026-05,447.1,0.0,1850202,564.52,Cloud Run,ETL pipeline service
Partner-Integration,azmon-0cbf470,AZURE,2026-05,0.0,271.7,36417817,369.43,Azure Monitor,Logs and metrics
Edge-Network,ebs-0b4e168,AWS,2026-05,0.0,172.2,0,21.21,EBS,gp3 volumes staging
Shared-Services,sb-042f463,AZURE,2026-05,498.7,0.0,7165230,377.82,Service Bus,Premium messaging
Partner-Integration,sqs-0bf2947,AWS,2026-05,0.0,0.0,413149,0.21,SQS,Dead letter queue
Finance-Systems,vpn-1134255,AWS,2026-05,975.8,0.0,0,245.05,VPN Gateway,Client VPN endpoint
Mobile-Backend,aks-0e51488,AZURE,2026-05,1183.1,0.0,0,1741.37,AKS,Staging K8s cluster
Customer-Portal,vpn-0a09478,AWS,2026-05,1016.1,0.0,0,254.18,VPN Gateway,Client VPN endpoint
Production-Main,vai-0664562,GCP,2026-05,538.8,0.0,0,2648.91,Vertex AI,Training pipelines
Shared-Services,sb-094b954,AZURE,2026-05,544.6,0.0,7645349,418.0,Service Bus,Premium messaging
Production-Secondary,sqldb-084c701,AZURE,2026-05,499.4,182.1,0,833.39,SQL Database,Standard S3 production
Production-Main,ecs-0de7751,AWS,2026-05,303.5,0.0,0,549.61,ECS,Fargate batch cluster
Production-Secondary,aks-0e26217,AZURE,2026-05,315.5,0.0,0,458.55,AKS,Dev K8s cluster
Edge-Network,ebs-0313368,AWS,2026-05,0.0,708.0,0,89.31,EBS,gp3 volumes production
Data-Science,eks-0916603,AWS,2026-05,412.7,0.0,0,1198.96,EKS,Staging K8s cluster
Marketing-Platform,rs-08d1200,AWS,2026-05,0.0,0.0,5560122,271.2,Redshift,Spectrum queries
Compliance-Audit,ses-08e6753,AWS,2026-05,0.0,0.0,1479487,1.74,SES,Transactional email
Finance-Systems,elb-06a1968,AWS,2026-05,796.9,0.0,56744294,350.72,ELB,Network load balancer
DevOps-Central,redis-0705828,AZURE,2026-05,728.1,0.0,0,884.36,Azure Cache for Redis,Premium P1 cache
Finance-Systems,s3-0ead914,AWS,2026-05,0.0,1094.2,2212844,94.85,S3,Artifact storage
Shared-Services,fd-07bb349,AZURE,2026-05,0.0,0.0,50358844,378.86,Front Door,Global load balancer
Production-Secondary,sentinel-10f6292,AZURE,2026-05,0.0,0.0,65403927,1588.05,Microsoft Sentinel,SIEM detection
Production-Main,gcs-0055926,GCP,2026-05,0.0,26310.4,66355,257.83,Cloud Storage,Archive bucket
QA-Testing,vpn-03e6329,AWS,2026-05,479.6,0.0,0,121.61,VPN Gateway,Client VPN endpoint
Internal-Tools,cr-04bf565,GCP,2026-05,813.3,0.0,16665821,1230.49,Cloud Run,API gateway service
Production-Main,func-0032597,AZURE,2026-05,0.0,0.0,2584749,37.8,Azure Functions,Webhook processor
Customer-Portal,cosmos-0253523,AZURE,2026-05,713.8,52.1,14940591,492.55,Cosmos DB,Config store
Staging-Env,vai-1137133,GCP,2026-05,450.3,0.0,0,2239.55,Vertex AI,Training pipelines
Finance-Systems,vm-0cfc281,AZURE,2026-05,705.6,0.0,0,1685.72,Virtual Machines,D8s v3 application server
Finance-Systems,cr-0a5d466,GCP,2026-05,654.7,0.0,2736198,844.78,Cloud Run,ETL pipeline service
Compliance-Audit,vpn-0e3e760,AWS,2026-05,730.9,0.0,0,186.99,VPN Gateway,Client VPN endpoint
Compliance-Audit,i-039d669,AWS,2026-05,521.3,0.0,0,758.28,EC2,c5.xlarge compute worker
QA-Testing,ebs-03ec526,AWS,2026-05,0.0,1116.1,0,141.48,EBS,gp3 volumes production
Production-Main,sns-101d656,AWS,2026-05,0.0,0.0,7088216,3.54,SNS,Alert notifications
Compliance-Audit,ses-0b1f287,AWS,2026-05,0.0,0.0,1839194,2.15,SES,Transactional email
Production-Main,lam-0d54228,AWS,2026-05,0.0,0.0,4934192,33.72,Lambda,Notification dispatcher
Compliance-Audit,rds-0397974,AWS,2026-05,332.7,93.6,0,390.65,RDS,db.t3.medium MySQL staging
Production-Main,app-0e8f585,AZURE,2026-05,564.3,0.0,0,666.7,App Service,API app P2v3
Production-Secondary,eh-006b891,AZURE,2026-05,0.0,631.0,0,156.48,Event Hubs,Capture to storage
Edge-Network,ebs-0461141,AWS,2026-05,0.0,129.3,0,15.61,EBS,gp3 volumes staging
Production-Secondary,elb-0e5b461,AWS,2026-05,552.2,0.0,37701143,237.73,ELB,Network load balancer
Customer-Portal,gcs-027a462,GCP,2026-05,0.0,420.0,6529223,75.48,Cloud Storage,Temp processing bucket
Production-Main,i-10f4869,AWS,2026-05,397.9,0.0,0,1156.71,EC2,c5.2xlarge HPC node
Internal-Tools,lam-03ef109,AWS,2026-05,0.0,0.0,1288691,9.44,Lambda,Cron job runner
Analytics-Platform,ca-0eaf212,GCP,2026-05,0.0,0.0,72047240,277.31,Cloud Armor,WAF policies
Mobile-Backend,ebs-0d37236,AWS,2026-05,0.0,4113.2,0,179.2,EBS,st1 volumes archive
Customer-Portal,ado-0714795,AZURE,2026-05,0.0,104.8,0,26.45,Azure DevOps,Artifacts storage
Customer-Portal,vm-0e9c963,AZURE,2026-05,562.2,0.0,0,1032.23,Virtual Machines,E4s v3 SIEM collector
Finance-Systems,eh-052e307,AZURE,2026-05,0.0,543.4,0,131.17,Event Hubs,Capture to storage
Data-Science,gcf-0fd1891,GCP,2026-05,0.0,0.0,9255047,136.42,Cloud Functions,Auth handlers
Finance-Systems,gcs-091f304,GCP,2026-05,0.0,6883.3,165105,153.95,Cloud Storage,Backup bucket
Internal-Tools,s3-09d0481,AWS,2026-05,0.0,6267.8,377952,152.67,S3,Log archive bucket
Partner-Integration,rs-04b3252,AWS,2026-05,0.0,0.0,4793773,235.84,Redshift,Spectrum queries
Marketing-Platform,gke-1060979,GCP,2026-05,4339.5,0.0,0,8474.7,GKE,GPU node pool
Mobile-Backend,vm-0d08853,AZURE,2026-05,612.8,0.0,0,745.13,Virtual Machines,D4s v3 CI runner
Data-Science,rds-0bc7339,AWS,2026-05,817.9,576.9,0,2160.7,RDS,db.r5.xlarge PostgreSQL primary
Compliance-Audit,rds-0d85584,AWS,2026-05,304.6,83.5,0,344.82,RDS,db.t3.medium MySQL staging
Shared-Services,gcs-01a8772,GCP,2026-05,0.0,6585.4,166559,148.83,Cloud Storage,Backup bucket
Edge-Network,sns-1054312,AWS,2026-05,0.0,0.0,11619145,5.73,SNS,Alert notifications
Finance-Systems,eh-0220761,AZURE,2026-05,639.1,0.0,26348048,281.52,Event Hubs,Standard throughput units
Data-Science,clog-0f98724,GCP,2026-05,0.0,443.1,0,112.14,Cloud Logging,Application logs
Production-Secondary,ps-1166581,GCP,2026-05,0.0,0.0,14512547,172.86,Pub/Sub,Data pipeline
Production-Main,r53-0886456,AWS,2026-05,0.0,0.0,13113376,19.29,Route 53,Health checks
Staging-Env,fs-0571274,GCP,2026-05,878.0,61.5,37300484,500.98,Firestore,User profiles DB
Internal-Tools,sentinel-0b74350,AZURE,2026-05,0.0,0.0,77820529,1921.3,Microsoft Sentinel,SIEM detection
Customer-Portal,acr-0255148,AZURE,2026-05,0.0,260.4,511640,170.46,Container Registry,Docker image registry
Security-Ops,ebs-0436210,AWS,2026-05,0.0,682.6,0,419.48,EBS,io2 volumes database
Customer-Portal,blob-0e3d646,AZURE,2026-05,0.0,3975.9,0,388.41,Blob Storage,Security audit logs
Analytics-Platform,vai-0679493,GCP,2026-05,208.2,0.0,0,1020.62,Vertex AI,AutoML jobs
Marketing-Platform,cr-0f6f935,GCP,2026-05,707.7,0.0,15170903,1050.2,Cloud Run,API gateway service
Data-Science,mem-0991932,GCP,2026-05,349.3,0.0,0,239.27,Memorystore,Redis staging cache
Partner-Integration,cf-0b62712,AWS,2026-05,0.0,0.0,40432157,204.01,CloudFront,CDN API distribution
Customer-Portal,gcf-0dee262,GCP,2026-05,0.0,0.0,14687951,219.17,Cloud Functions,Data triggers
Security-Ops,nat-017e771,AWS,2026-05,617.8,0.0,0,143.53,NAT Gateway,Staging VPC NAT
Edge-Network,sns-0f3e442,AWS,2026-05,0.0,0.0,9841625,4.78,SNS,Alert notifications
Data-Science,i-0137554,AWS,2026-05,716.0,0.0,0,618.69,EC2,t3.large application server
Analytics-Platform,clog-0b21991,GCP,2026-05,0.0,379.7,0,92.04,Cloud Logging,Application logs
Mobile-Backend,vm-09e5814,AZURE,2026-05,704.5,0.0,0,2543.62,Virtual Machines,E8s v3 memory-optimized
Shared-Services,sb-10c0746,AZURE,2026-05,535.4,0.0,7484009,406.75,Service Bus,Premium messaging
Internal-Tools,gcf-02d8617,GCP,2026-05,0.0,0.0,10359679,156.6,Cloud Functions,Auth handlers
QA-Testing,ebs-0df8926,AWS,2026-05,0.0,1235.4,0,151.5,EBS,gp3 volumes production
Compliance-Audit,s3-08f5280,AWS,2026-05,0.0,699.6,1366703,60.15,S3,Artifact storage
Marketing-Platform,i-0c1b224,AWS,2026-05,553.2,0.0,0,479.3,EC2,t3.large application server
Production-Secondary,elb-04bd339,AWS,2026-05,500.9,0.0,36081600,216.52,ELB,Network load balancer
Production-Main,gcs-08f7185,GCP,2026-05,0.0,2233.7,1084604,336.95,Cloud Storage,Model artifacts
IoT-Platform,csql-0f63852,GCP,2026-05,748.5,209.0,0,906.29,Cloud SQL,PostgreSQL replica
DR-Recovery,cosmos-0b34859,AZURE,2026-05,778.4,54.9,15709859,505.41,Cosmos DB,Config store
Security-Ops,bq-0819283,GCP,2026-05,0.0,6761.5,0,2561.91,BigQuery,Analytics data warehouse
Edge-Network,s3-04f7382,AWS,2026-05,0.0,1051.2,2071368,88.76,S3,Artifact storage
Internal-Tools,cosmos-094f603,AZURE,2026-05,644.8,182.8,36584977,1446.65,Cosmos DB,User data store
Edge-Network,gcf-0309730,GCP,2026-05,0.0,0.0,25329288,386.45,Cloud Functions,Pub/Sub processors
Shared-Services,func-01c8820,AZURE,2026-05,0.0,0.0,9319204,142.97,Azure Functions,API handlers
Production-Main,fd-0041592,AZURE,2026-05,0.0,0.0,56937846,412.18,Front Door,Global load balancer
Analytics-Platform,ado-0fea891,AZURE,2026-05,0.0,107.3,0,25.87,Azure DevOps,Artifacts storage
Internal-Tools,cf-02b2509,AWS,2026-05,0.0,0.0,132392159,657.31,CloudFront,CDN media distribution
Customer-Portal,cf-028c709,AWS,2026-05,0.0,0.0,42079224,211.6,CloudFront,CDN API distribution
DevOps-Central,app-0c13134,AZURE,2026-05,980.5,0.0,0,143.75,App Service,Web app B1
Staging-Env,gke-05c8132,GCP,2026-05,2498.2,0.0,0,5019.16,GKE,ML training cluster
Shared-Services,gcs-0701705,GCP,2026-05,0.0,23460.7,58431,228.59,Cloud Storage,Archive bucket
DevOps-Central,appi-0ce4354,AZURE,2026-05,0.0,0.0,14761907,184.79,Application Insights,Custom metrics
Finance-Systems,gcs-0564899,GCP,2026-05,0.0,3094.5,3072143,219.55,Cloud Storage,Media assets bucket
Marketing-Platform,cdns-059c553,GCP,2026-05,0.0,0.0,13464153,20.13,Cloud DNS,DNS zones
Customer-Portal,i-0e71663,AWS,2026-05,542.9,0.0,0,1870.67,EC2,r5.2xlarge database server
Finance-Systems,gcs-0b51970,GCP,2026-05,0.0,425.0,6847194,78.43,Cloud Storage,Temp processing bucket
Production-Secondary,redis-0ffb272,AZURE,2026-05,1008.8,0.0,0,1228.34,Azure Cache for Redis,Premium P1 cache
QA-Testing,lam-043c899,AWS,2026-05,0.0,0.0,34011487,233.08,Lambda,API gateway handler
DR-Recovery,appi-0f14890,AZURE,2026-05,0.0,0.0,20093967,246.5,Application Insights,Custom metrics
Compliance-Audit,i-0e5a884,AWS,2026-05,464.3,0.0,0,643.04,EC2,c5.xlarge compute worker
Analytics-Platform,clog-0c1a111,GCP,2026-05,0.0,397.1,0,95.61,Cloud Logging,Application logs
Edge-Network,fs-02fa805,GCP,2026-05,565.3,16.0,39682111,415.35,Firestore,Session store
Partner-Integration,rs-0e5c348,AWS,2026-05,801.3,2314.7,0,4003.5,Redshift,Data warehouse cluster
Compliance-Audit,s3-07f4252,AWS,2026-05,0.0,707.3,1406855,61.74,S3,Artifact storage
ML-Training,r53-09f2874,AWS,2026-05,0.0,0.0,11034401,16.89,Route 53,Health checks
Production-Main,blob-1125912,AZURE,2026-05,0.0,2523.4,6736932,334.72,Blob Storage,Build artifacts
Data-Science,vai-067f829,GCP,2026-05,311.7,0.0,0,1546.12,Vertex AI,Training pipelines
Security-Ops,ecs-0a3b167,AWS,2026-05,148.3,0.0,0,265.92,ECS,Fargate batch cluster
Security-Ops,gke-0172619,GCP,2026-05,2303.4,0.0,0,4600.85,GKE,ML training cluster
Analytics-Platform,cr-0b8d600,GCP,2026-05,565.9,0.0,11913470,835.1,Cloud Run,API gateway service
Finance-Systems,blob-0e74551,AZURE,2026-05,0.0,9024.1,90007,263.38,Blob Storage,Backup storage
Data-Science,rds-04e4902,AWS,2026-05,530.3,153.1,0,480.46,RDS,db.t3.large development DB
Internal-Tools,ec-0d42588,AWS,2026-05,510.0,0.0,0,375.53,ElastiCache,Redis production cluster
Production-Secondary,r53-10a6788,AWS,2026-05,0.0,0.0,9185561,13.38,Route 53,Health checks
Partner-Integration,azmon-03a4247,AZURE,2026-05,0.0,252.3,33820981,351.71,Azure Monitor,Logs and metrics
Analytics-Platform,vai-0e80203,GCP,2026-05,193.8,0.0,0,956.18,Vertex AI,AutoML jobs
Analytics-Platform,cr-0ce1398,GCP,2026-05,494.1,0.0,2053015,636.58,Cloud Run,ETL pipeline service
Internal-Tools,eh-0bd6129,AZURE,2026-05,0.0,558.6,0,132.8,Event Hubs,Capture to storage
Analytics-Platform,vai-089c476,GCP,2026-05,725.6,0.0,0,3678.11,Vertex AI,Training pipelines
Production-Secondary,fs-09dc756,GCP,2026-05,909.1,26.2,65285839,680.07,Firestore,Session store
Partner-Integration,rds-05a0419,AWS,2026-05,387.9,107.8,0,454.48,RDS,db.t3.medium MySQL staging
Internal-Tools,vpn-0557720,AWS,2026-05,1009.8,0.0,0,514.97,VPN Gateway,Site-to-site VPN
Security-Ops,cdns-016c878,GCP,2026-05,0.0,0.0,23210591,34.68,Cloud DNS,DNS zones
Edge-Network,ps-0db4850,GCP,2026-05,0.0,0.0,45071752,559.08,Pub/Sub,Log forwarding
Mobile-Backend,acr-07ff591,AZURE,2026-05,0.0,191.0,387564,126.22,Container Registry,Docker image registry
Customer-Portal,acr-0d83191,AZURE,2026-05,0.0,218.9,430528,141.41,Container Registry,Docker image registry
Internal-Tools,s3-02c0211,AWS,2026-05,0.0,4555.2,7286767,319.99,S3,Media content bucket
Internal-Tools,vm-0d0c590,AZURE,2026-05,664.4,0.0,0,938.6,Virtual Machines,F4s v2 compute node
Compliance-Audit,rs-0e67494,AWS,2026-05,626.0,1797.3,0,3100.11,Redshift,Data warehouse cluster
Analytics-Platform,cr-0593605,GCP,2026-05,555.1,0.0,11823708,843.42,Cloud Run,API gateway service
Customer-Portal,vm-0c0d537,AZURE,2026-05,500.2,0.0,0,880.27,Virtual Machines,E4s v3 SIEM collector
Partner-Integration,redis-066b401,AZURE,2026-05,635.7,0.0,0,776.07,Azure Cache for Redis,Premium P1 cache
Production-Secondary,blob-0bd9587,AZURE,2026-05,0.0,2212.7,5810789,278.8,Blob Storage,Build artifacts
Data-Science,cosmos-0fe6107,AZURE,2026-05,624.9,43.4,12702711,409.42,Cosmos DB,Config store
Production-Main,aks-0a5f479,AZURE,2026-05,409.5,0.0,0,599.35,AKS,Dev K8s cluster
Analytics-Platform,kv-08c1391,AZURE,2026-05,0.0,0.0,1542785,4.56,Key Vault,Secrets management
DR-Recovery,appi-0e3a902,AZURE,2026-05,0.0,0.0,16456010,205.62,Application Insights,Custom metrics
Production-Main,eh-0c55388,AZURE,2026-05,0.0,642.6,0,158.57,Event Hubs,Capture to storage
Partner-Integration,rs-08ef216,AWS,2026-05,724.9,2063.9,0,3733.8,Redshift,Data warehouse cluster
IoT-Platform,bq-0359656,GCP,2026-05,0.0,2668.2,0,1069.91,BigQuery,BI reporting views
Customer-Portal,i-0291352,AWS,2026-05,620.5,0.0,0,904.82,EC2,c5.xlarge compute worker
Analytics-Platform,kv-0e54871,AZURE,2026-05,0.0,0.0,1700486,5.07,Key Vault,Secrets management
Customer-Portal,sentinel-0c4c755,AZURE,2026-05,0.0,0.0,42923323,1063.36,Microsoft Sentinel,Log analytics
Edge-Network,i-0435944,AWS,2026-05,709.8,0.0,0,1232.81,EC2,r5.xlarge cache server
Production-Main,eh-0f23188,AZURE,2026-05,679.3,0.0,29339774,306.95,Event Hubs,Standard throughput units
Internal-Tools,blob-0b2f184,AZURE,2026-05,0.0,3183.4,8337943,411.02,Blob Storage,Build artifacts
Production-Secondary,r53-0754776,AWS,2026-05,0.0,0.0,9167782,13.69,Route 53,Health checks
Analytics-Platform,fs-0531779,GCP,2026-05,1005.1,27.6,69130295,712.74,Firestore,Session store
Analytics-Platform,kv-00c3580,AZURE,2026-05,0.0,0.0,530645,1.55,Key Vault,Certificate store
Edge-Network,elb-0c8a626,AWS,2026-05,704.1,0.0,9803084,141.38,ELB,Classic load balancer
Compliance-Audit,s3-0722468,AWS,2026-05,0.0,622.8,1282052,54.09,S3,Artifact storage
Shared-Services,fd-046d439,AZURE,2026-05,0.0,0.0,56069740,409.0,Front Door,Global load balancer
Production-Secondary,df-0f1d560,GCP,2026-05,667.0,0.0,0,1607.12,Dataflow,Streaming pipeline
Shared-Services,gcs-05a3592,GCP,2026-05,0.0,3295.8,3273455,235.46,Cloud Storage,Media assets bucket
ML-Training,r53-0581711,AWS,2026-05,0.0,0.0,12392760,18.43,Route 53,Health checks
Internal-Tools,elb-0aed112,AWS,2026-05,1023.2,0.0,14279573,204.74,ELB,Classic load balancer
Compliance-Audit,rds-0d18388,AWS,2026-05,292.5,81.3,0,346.94,RDS,db.t3.medium MySQL staging
Data-Science,i-05bc939,AWS,2026-05,639.8,0.0,0,549.12,EC2,m5.large monitoring server
Data-Science,blob-040e812,AZURE,2026-05,0.0,1891.0,4642505,305.46,Blob Storage,Media content
Shared-Services,kv-0d97187,AZURE,2026-05,0.0,0.0,382519,1.16,Key Vault,Certificate store
Marketing-Platform,i-1182333,AWS,2026-05,510.3,0.0,0,1450.94,EC2,c5.2xlarge HPC node
DR-Recovery,kv-0baa296,AZURE,2026-05,0.0,0.0,2909056,8.34,Key Vault,Secrets management
Production-Secondary,ecs-0074667,AWS,2026-05,268.3,0.0,0,492.47,ECS,Fargate batch cluster
Staging-Env,bq-0cd4810,GCP,2026-05,0.0,6027.7,0,2308.43,BigQuery,Log analytics
Marketing-Platform,cr-1081890,GCP,2026-05,459.1,0.0,1962768,607.44,Cloud Run,ETL pipeline service
DevOps-Central,blob-04ad851,AZURE,2026-05,0.0,8146.6,3068509,429.09,Blob Storage,Data lake storage
Security-Ops,sqs-0194667,AWS,2026-05,0.0,0.0,62218881,30.87,SQS,Order processing queue
ML-Training,rs-0543817,AWS,2026-05,0.0,0.0,3769141,181.24,Redshift,Spectrum queries
Production-Secondary,redis-0a16837,AZURE,2026-05,862.9,0.0,0,1039.04,Azure Cache for Redis,Premium P1 cache
Production-Secondary,sb-0062995,AZURE,2026-05,862.7,0.0,11837993,646.13,Service Bus,Premium messaging
Internal-Tools,ps-02e4769,GCP,2026-05,0.0,0.0,29233014,362.49,Pub/Sub,Event streaming
Partner-Integration,eks-0912980,AWS,2026-05,387.5,0.0,0,1159.83,EKS,Staging K8s cluster
ML-Training,lam-0374425,AWS,2026-05,0.0,0.0,47763552,323.58,Lambda,Auth token validator
Production-Secondary,app-0069940,AZURE,2026-05,659.6,0.0,0,97.4,App Service,Web app B1
Internal-Tools,lam-0ab4217,AWS,2026-05,0.0,0.0,19562180,132.89,Lambda,Data transformer
Shared-Services,func-06e8816,AZURE,2026-05,0.0,0.0,9191609,131.7,Azure Functions,API handlers
Finance-Systems,cr-0c71114,GCP,2026-05,548.5,0.0,2208820,700.46,Cloud Run,ETL pipeline service
Production-Secondary,mem-0f3c369,GCP,2026-05,475.4,0.0,0,328.54,Memorystore,Redis production cache
Internal-Tools,sentinel-0a0c256,AZURE,2026-05,0.0,0.0,66108978,1611.55,Microsoft Sentinel,SIEM detection
Analytics-Platform,fs-0ce2384,GCP,2026-05,992.6,27.2,69103995,700.48,Firestore,Session store
Production-Main,blob-0d02486,AZURE,2026-05,0.0,23567.5,58078,182.37,Blob Storage,Archive tier
DR-Recovery,sb-10f8769,AZURE,2026-05,0.0,0.0,15435773,38.53,Service Bus,Standard messaging
Production-Secondary,fs-0098646,GCP,2026-05,966.2,66.5,38850679,526.27,Firestore,User profiles DB
Internal-Tools,s3-0e9b779,AWS,2026-05,0.0,3705.8,5749830,263.39,S3,Media content bucket
Shared-Services,gcs-0dd0869,GCP,2026-05,0.0,6582.5,161852,153.22,Cloud Storage,Backup bucket
Mobile-Backend,kin-092c972,AWS,2026-05,798.3,0.0,22499589,328.52,Kinesis,Firehose delivery
Compliance-Audit,rds-075f423,AWS,2026-05,323.8,91.9,0,381.5,RDS,db.t3.medium MySQL staging
ML-Training,i-0da2988,AWS,2026-05,694.8,0.0,0,595.1,EC2,t3.large application server
Edge-Network,lam-0ff8208,AWS,2026-05,0.0,0.0,24560086,165.45,Lambda,Data transformer
Finance-Systems,sqldb-0c9c210,AZURE,2026-05,937.0,322.8,0,1505.63,SQL Database,Standard S3 production
Data-Science,appi-0a5a764,AZURE,2026-05,0.0,0.0,55909123,691.68,Application Insights,APM telemetry
QA-Testing,lam-058e428,AWS,2026-05,0.0,0.0,3876366,26.97,Lambda,Image resizer
Analytics-Platform,gcs-00a3891,GCP,2026-05,0.0,2218.4,2212382,158.3,Cloud Storage,Media assets bucket
Partner-Integration,elb-0be8163,AWS,2026-05,659.2,0.0,8898531,129.89,ELB,Classic load balancer
Staging-Env,vai-0b7e256,GCP,2026-05,512.2,0.0,0,2560.37,Vertex AI,Training pipelines
Compliance-Audit,s3-064c941,AWS,2026-05,0.0,12962.9,2585021,447.46,S3,Data lake raw zone
Data-Science,i-100c822,AWS,2026-05,502.5,0.0,0,864.33,EC2,r5.xlarge cache server
Finance-Systems,s3-0e8b782,AWS,2026-05,0.0,11620.5,2344465,410.17,S3,Data lake raw zone
Production-Secondary,sqs-09a9219,AWS,2026-05,0.0,0.0,27244048,13.17,SQS,Event notification queue
Internal-Tools,cr-1040486,GCP,2026-05,645.4,0.0,2709965,837.57,Cloud Run,ETL pipeline service
Staging-Env,fs-0ac3233,GCP,2026-05,505.5,14.0,34746057,364.18,Firestore,Session store
Finance-Systems,csql-0948424,GCP,2026-05,551.9,153.5,0,649.56,Cloud SQL,PostgreSQL replica
Internal-Tools,ec-05c5519,AWS,2026-05,435.0,0.0,0,307.62,ElastiCache,Redis production cluster
Partner-Integration,sqs-03d1971,AWS,2026-05,0.0,0.0,437927,0.21,SQS,Dead letter queue
Staging-Env,gcs-0c39939,GCP,2026-05,0.0,13755.3,34260,134.05,Cloud Storage,Archive bucket
Marketing-Platform,rds-01e1409,AWS,2026-05,769.7,1086.7,0,3460.52,RDS,db.r5.2xlarge Aurora cluster
Marketing-Platform,rds-0fcf531,AWS,2026-05,765.0,535.8,0,1921.25,RDS,db.r5.xlarge PostgreSQL primary
Edge-Network,s3-0935976,AWS,2026-05,0.0,1066.5,2038099,89.58,S3,Artifact storage
Production-Secondary,sqldb-1063866,AZURE,2026-05,450.4,154.2,0,724.78,SQL Database,Standard S3 production
Production-Main,cf-0a48593,AWS,2026-05,0.0,0.0,29997108,146.2,CloudFront,CDN static assets
Compliance-Audit,s3-0cb2590,AWS,2026-05,0.0,44.4,21808604,137.18,S3,Static website hosting
Edge-Network,vpn-0d69869,AWS,2026-05,496.8,0.0,0,126.14,VPN Gateway,Client VPN endpoint
Finance-Systems,cosmos-0972198,AZURE,2026-05,476.8,67.7,16463018,633.66,Cosmos DB,Event store
Shared-Services,vm-01b9536,AZURE,2026-05,762.1,0.0,0,1064.29,Virtual Machines,F4s v2 compute node
Shared-Services,nat-09a0830,AWS,2026-05,615.8,0.0,0,275.4,NAT Gateway,Production VPC NAT
Analytics-Platform,bq-00ac651,GCP,2026-05,0.0,2204.7,0,847.69,BigQuery,BI reporting views
Production-Main,blob-061f857,AZURE,2026-05,0.0,4856.0,0,493.71,Blob Storage,Security audit logs
Data-Science,i-10ab373,AWS,2026-05,448.1,0.0,0,776.67,EC2,r5.xlarge cache server
Data-Science,gcs-0ded742,GCP,2026-05,0.0,10721.2,261392,241.06,Cloud Storage,Backup bucket
Security-Ops,vm-084d410,AZURE,2026-05,588.0,0.0,0,2078.14,Virtual Machines,E8s v3 memory-optimized
Production-Main,vm-0e62704,AZURE,2026-05,523.7,0.0,0,321.83,Virtual Machines,D2s v3 utility server
Shared-Services,ado-0603789,AZURE,2026-05,0.0,83.1,0,20.35,Azure DevOps,Artifacts storage
Partner-Integration,ddb-090c493,AWS,2026-05,620.3,8.5,4321008,73.01,DynamoDB,Config store table
DevOps-Central,ebs-0d66422,AWS,2026-05,0.0,385.8,0,244.15,EBS,io2 volumes database
Security-Ops,gcs-09b4232,GCP,2026-05,0.0,6585.6,160486,151.05,Cloud Storage,Backup bucket
ML-Training,ebs-08f8987,AWS,2026-05,0.0,544.6,0,338.83,EBS,io2 volumes database
Production-Main,vai-1173315,GCP,2026-05,750.2,0.0,8438946,1622.82,Vertex AI,Model serving endpoints
Internal-Tools,gcf-0b56804,GCP,2026-05,0.0,0.0,1901089,27.73,Cloud Functions,Scheduled tasks
Shared-Services,ado-0d38457,AZURE,2026-05,471.1,0.0,0,225.42,Azure DevOps,Pipelines hosted
Shared-Services,ado-0c7e652,AZURE,2026-05,0.0,86.3,0,21.4,Azure DevOps,Artifacts storage
Shared-Services,gcs-01a9890,GCP,2026-05,0.0,551.4,8569651,98.84,Cloud Storage,Temp processing bucket
IoT-Platform,bq-0440809,GCP,2026-05,0.0,3118.5,0,1218.56,BigQuery,BI reporting views
Shared-Services,rds-0aa6904,AWS,2026-05,621.5,876.7,0,2688.87,RDS,db.r5.2xlarge Aurora cluster
Customer-Portal,vpn-06f0884,AWS,2026-05,1035.7,0.0,0,257.73,VPN Gateway,Client VPN endpoint
Internal-Tools,gke-0975533,GCP,2026-05,597.7,0.0,0,1766.81,GKE,Production API cluster
Compliance-Audit,s3-038a496,AWS,2026-05,0.0,8945.7,543354,219.7,S3,Log archive bucket
Data-Science,gke-07eb913,GCP,2026-05,2827.8,0.0,0,5381.06,GKE,GPU node pool
Compliance-Audit,rds-0ed7512,AWS,2026-05,287.5,82.7,0,333.63,RDS,db.t3.medium MySQL staging
QA-Testing,lam-03e2943,AWS,2026-05,0.0,0.0,780929,5.87,Lambda,Cron job runner
Shared-Services,clog-07c4377,GCP,2026-05,0.0,228.5,0,55.66,Cloud Logging,Audit logs
IoT-Platform,gke-0ce5101,GCP,2026-05,647.4,0.0,0,1866.27,GKE,Production API cluster
Security-Ops,fs-0b68310,GCP,2026-05,495.3,34.6,20784552,280.89,Firestore,User profiles DB
Shared-Services,rds-019e148,AWS,2026-05,617.5,177.5,0,558.34,RDS,db.t3.large development DB
Customer-Portal,gcf-1092282,GCP,2026-05,0.0,0.0,15096097,226.77,Cloud Functions,Data triggers
Data-Science,blob-0154681,AZURE,2026-05,0.0,18106.0,44477,136.52,Blob Storage,Archive tier
Edge-Network,ps-05b4841,GCP,2026-05,0.0,0.0,39171289,480.3,Pub/Sub,Log forwarding
Internal-Tools,lam-0f01981,AWS,2026-05,0.0,0.0,22258164,157.44,Lambda,Data transformer
ML-Training,rs-0d61874,AWS,2026-05,503.8,1427.7,0,2535.88,Redshift,Data warehouse cluster
Partner-Integration,gcs-0aab436,GCP,2026-05,0.0,13785.5,33941,132.65,Cloud Storage,Archive bucket
Compliance-Audit,ses-1028890,AWS,2026-05,0.0,0.0,1488330,1.79,SES,Transactional email
Shared-Services,cosmos-0fc1348,AZURE,2026-05,583.5,83.3,20222542,754.89,Cosmos DB,Event store
Finance-Systems,blob-0820121,AZURE,2026-05,0.0,9556.3,94295,277.67,Blob Storage,Backup storage
IoT-Platform,mem-0a3e700,GCP,2026-05,839.3,0.0,0,589.93,Memorystore,Redis production cache
Analytics-Platform,kv-0406146,AZURE,2026-05,0.0,0.0,1609079,4.73,Key Vault,Secrets management
Customer-Portal,vpn-0e79543,AWS,2026-05,1033.6,0.0,0,258.62,VPN Gateway,Client VPN endpoint
Customer-Portal,cf-0469288,AWS,2026-05,0.0,0.0,70173612,343.88,CloudFront,CDN web distribution
Customer-Portal,s3-0bb8451,AWS,2026-05,0.0,18165.1,3521330,603.74,S3,Data lake raw zone
Marketing-Platform,ec-0b95778,AWS,2026-05,700.6,0.0,0,504.06,ElastiCache,Redis production cluster
Marketing-Platform,gke-0d7a344,GCP,2026-05,2292.2,0.0,0,4435.91,GKE,ML training cluster
Production-Secondary,sqs-047b744,AWS,2026-05,0.0,0.0,21969341,10.9,SQS,Event notification queue
DevOps-Central,appi-0c51901,AZURE,2026-05,0.0,0.0,67992995,826.61,Application Insights,APM telemetry
Security-Ops,bq-0e95411,GCP,2026-05,0.0,1724.5,0,698.64,BigQuery,Data export queries
Shared-Services,vai-01ae833,GCP,2026-05,355.8,0.0,0,1795.67,Vertex AI,Training pipelines
Finance-Systems,s3-0a35431,AWS,2026-05,0.0,8614.1,539835,210.47,S3,Log archive bucket
DevOps-Central,aks-00e8216,AZURE,2026-05,1915.2,0.0,0,2787.45,AKS,Staging K8s cluster
Finance-Systems,rds-06bf447,AWS,2026-05,597.3,824.4,0,2656.7,RDS,db.r5.2xlarge Aurora cluster
Partner-Integration,elb-06eb646,AWS,2026-05,743.1,0.0,10629565,150.0,ELB,Classic load balancer
ML-Training,ec-0b39148,AWS,2026-05,921.2,0.0,0,652.99,ElastiCache,Redis production cluster
Marketing-Platform,rds-0d63346,AWS,2026-05,440.1,122.4,0,521.73,RDS,db.t3.medium MySQL staging
Partner-Integration,sb-07e9878,AZURE,2026-05,664.2,0.0,9474282,504.61,Service Bus,Premium messaging
Customer-Portal,azmon-0aa3619,AZURE,2026-05,0.0,201.3,26843424,275.73,Azure Monitor,Logs and metrics
Production-Secondary,ecs-0d99511,AWS,2026-05,250.8,0.0,0,459.57,ECS,Fargate batch cluster
Data-Science,i-0de8277,AWS,2026-05,377.3,0.0,0,1097.5,EC2,c5.2xlarge HPC node
QA-Testing,ses-03dc848,AWS,2026-05,0.0,0.0,2034909,2.41,SES,Transactional email
QA-Testing,elb-0f2f994,AWS,2026-05,807.9,0.0,34560738,240.64,ELB,Application load balancer
Marketing-Platform,cdns-0dd7912,GCP,2026-05,0.0,0.0,13121426,19.56,Cloud DNS,DNS zones
Shared-Services,func-0995812,AZURE,2026-05,0.0,0.0,2837947,42.22,Azure Functions,Webhook processor
Marketing-Platform,r53-09a7690,AWS,2026-05,0.0,0.0,52786484,76.68,Route 53,DNS hosting
Production-Main,ecs-0bb5632,AWS,2026-05,318.2,0.0,0,581.19,ECS,Fargate worker cluster
Security-Ops,ps-016a878,GCP,2026-05,0.0,0.0,26321901,332.61,Pub/Sub,Event streaming
Shared-Services,clog-01a6144,GCP,2026-05,0.0,249.8,0,61.6,Cloud Logging,Audit logs
Shared-Services,s3-085d679,AWS,2026-05,0.0,13821.9,2754959,477.85,S3,Data lake raw zone
Production-Secondary,app-1000684,AZURE,2026-05,597.4,0.0,0,88.46,App Service,Web app B1
Data-Science,gcs-04a8439,GCP,2026-05,0.0,542.2,8519402,99.62,Cloud Storage,Temp processing bucket
Marketing-Platform,vai-0c22165,GCP,2026-05,483.1,0.0,5338189,1048.06,Vertex AI,Model serving endpoints
Marketing-Platform,rds-07cb642,AWS,2026-05,639.8,182.9,0,577.16,RDS,db.t3.large development DB
Partner-Integration,cf-0cb6427,AWS,2026-05,0.0,0.0,39678039,195.18,CloudFront,CDN API distribution
Finance-Systems,gcf-0dd9858,GCP,2026-05,0.0,0.0,9997798,148.95,Cloud Functions,Auth handlers
Mobile-Backend,vm-0b10826,AZURE,2026-05,721.4,0.0,0,428.17,Virtual Machines,D2s v3 utility server
Partner-Integration,df-0b5b821,GCP,2026-05,873.1,0.0,0,2124.89,Dataflow,Streaming pipeline
Shared-Services,vm-10e0416,AZURE,2026-05,700.4,0.0,0,1698.33,Virtual Machines,D8s v3 application server
Internal-Tools,cf-02b1760,AWS,2026-05,0.0,0.0,41849012,201.43,CloudFront,CDN API distribution
ML-Training,sqs-095c104,AWS,2026-05,0.0,0.0,497530,0.25,SQS,Dead letter queue
Analytics-Platform,gcs-06d0310,GCP,2026-05,0.0,2286.5,2336629,165.13,Cloud Storage,Media assets bucket
Security-Ops,lam-0776812,AWS,2026-05,0.0,0.0,4043845,28.05,Lambda,Image resizer
Customer-Portal,ps-0a07220,GCP,2026-05,0.0,0.0,10140977,124.2,Pub/Sub,Data pipeline
Marketing-Platform,lam-01ce578,AWS,2026-05,0.0,0.0,1041935,7.72,Lambda,Cron job runner
Production-Secondary,blob-0416770,AZURE,2026-05,0.0,12220.5,29745,93.85,Blob Storage,Archive tier
Internal-Tools,ec-0e42669,AWS,2026-05,493.3,0.0,0,348.62,ElastiCache,Redis production cluster
Edge-Network,ps-0d68507,GCP,2026-05,0.0,0.0,41774974,521.71,Pub/Sub,Log forwarding
DevOps-Central,blob-061a187,AZURE,2026-05,0.0,4717.2,0,456.78,Blob Storage,Security audit logs
Analytics-Platform,csql-00a7449,GCP,2026-05,713.9,205.9,0,840.01,Cloud SQL,PostgreSQL replica
Customer-Portal,ps-045a155,GCP,2026-05,0.0,0.0,51393998,639.17,Pub/Sub,Log forwarding
Customer-Portal,acr-0e00958,AZURE,2026-05,0.0,203.5,411595,134.33,Container Registry,Docker image registry
Production-Secondary,eh-0576711,AZURE,2026-05,588.1,0.0,23978104,265.58,Event Hubs,Standard throughput units
Finance-Systems,gcf-0b85483,GCP,2026-05,0.0,0.0,2723780,40.98,Cloud Functions,Scheduled tasks
Production-Secondary,ecs-0e91146,AWS,2026-05,295.8,0.0,0,527.11,ECS,Fargate batch cluster
Edge-Network,ecs-0c11707,AWS,2026-05,291.3,0.0,0,532.71,ECS,Fargate worker cluster
Internal-Tools,lam-10f5761,AWS,2026-05,0.0,0.0,18689533,128.56,Lambda,Data transformer
Internal-Tools,mem-0ee0154,GCP,2026-05,470.1,0.0,0,343.94,Memorystore,Redis staging cache
Customer-Portal,clog-0275664,GCP,2026-05,0.0,134.9,0,33.61,Cloud Logging,Audit logs
Production-Secondary,app-0745398,AZURE,2026-05,662.5,0.0,0,100.75,App Service,Web app B1
DevOps-Central,ddb-09c2548,AWS,2026-05,561.4,77.8,115946026,850.94,DynamoDB,Cache table
Edge-Network,ps-0be2328,GCP,2026-05,0.0,0.0,41187816,514.56,Pub/Sub,Log forwarding
DevOps-Central,redis-08a8623,AZURE,2026-05,771.9,0.0,0,944.26,Azure Cache for Redis,Premium P1 cache
Marketing-Platform,vai-01ff426,GCP,2026-05,305.1,0.0,0,1514.56,Vertex AI,AutoML jobs
Mobile-Backend,vm-0d27691,AZURE,2026-05,528.9,0.0,0,646.38,Virtual Machines,D4s v3 CI runner
Shared-Services,func-04c7461,AZURE,2026-05,0.0,0.0,9300452,142.07,Azure Functions,API handlers
Internal-Tools,gcs-0703657,GCP,2026-05,0.0,425.8,6633775,78.13,Cloud Storage,Temp processing bucket
DevOps-Central,sqldb-0a91564,AZURE,2026-05,632.7,223.7,0,1045.96,SQL Database,Standard S3 production
Partner-Integration,mem-03b7150,GCP,2026-05,245.5,0.0,0,177.75,Memorystore,Redis staging cache
Production-Secondary,sqldb-0789138,AZURE,2026-05,373.0,131.4,0,621.26,SQL Database,Standard S3 production
Internal-Tools,gcs-0993189,GCP,2026-05,0.0,435.1,6877262,81.53,Cloud Storage,Temp processing bucket
Partner-Integration,elb-0a0e128,AWS,2026-05,539.2,0.0,7487176,107.56,ELB,Classic load balancer
Finance-Systems,app-0c58925,AZURE,2026-05,722.4,0.0,0,875.56,App Service,API app P2v3
Shared-Services,nat-01a4526,AWS,2026-05,605.7,0.0,0,269.37,NAT Gateway,Production VPC NAT
Finance-Systems,cmon-0863154,GCP,2026-05,0.0,0.0,30328786,239.44,Cloud Monitoring,Metrics and alerting
Security-Ops,vai-04fa668,GCP,2026-05,222.1,0.0,0,1127.95,Vertex AI,AutoML jobs
DevOps-Central,sentinel-0854602,AZURE,2026-05,0.0,0.0,106857258,2700.96,Microsoft Sentinel,SIEM detection
Marketing-Platform,nat-01e0885,AWS,2026-05,801.8,0.0,0,176.85,NAT Gateway,Dev VPC NAT
Mobile-Backend,acr-0ff3421,AZURE,2026-05,0.0,196.6,380550,126.24,Container Registry,Docker image registry
Production-Main,cosmos-002c629,AZURE,2026-05,646.6,92.0,22908666,835.54,Cosmos DB,Event store
Production-Main,i-053d315,AWS,2026-05,717.3,0.0,0,50.41,EC2,t3.micro bastion host
Internal-Tools,ps-0c2b811,GCP,2026-05,0.0,0.0,31361403,390.33,Pub/Sub,Event streaming
Production-Secondary,app-0468902,AZURE,2026-05,897.9,0.0,0,535.04,App Service,Web app P1v3
Marketing-Platform,sm-0ed6873,AWS,2026-05,0.0,0.0,867456,3.49,Secrets Manager,Application secrets
Finance-Systems,s3-0247530,AWS,2026-05,0.0,8699.2,558299,217.05,S3,Log archive bucket
DevOps-Central,redis-0718230,AZURE,2026-05,811.1,0.0,0,959.53,Azure Cache for Redis,Premium P1 cache
Security-Ops,ca-112a285,GCP,2026-05,0.0,0.0,111607015,404.44,Cloud Armor,WAF policies
Marketing-Platform,ps-0f37394,GCP,2026-05,0.0,0.0,40510906,490.73,Pub/Sub,Log forwarding
Internal-Tools,blob-0ac1639,AZURE,2026-05,0.0,4081.9,10968264,528.83,Blob Storage,Build artifacts
Security-Ops,sqldb-095f436,AZURE,2026-05,731.3,51.0,0,149.42,SQL Database,Basic dev database
DevOps-Central,sqldb-0bd5208,AZURE,2026-05,666.2,229.0,0,1064.29,SQL Database,Standard S3 production
Production-Secondary,sentinel-0b9d521,AZURE,2026-05,0.0,0.0,60981212,1501.81,Microsoft Sentinel,SIEM detection
Marketing-Platform,ps-01f9738,GCP,2026-05,0.0,0.0,49455578,605.26,Pub/Sub,Log forwarding
Internal-Tools,ec-066c806,AWS,2026-05,512.7,0.0,0,366.63,ElastiCache,Redis production cluster
Security-Ops,bq-0e48207,GCP,2026-05,0.0,6063.5,0,2310.74,BigQuery,Analytics data warehouse
Finance-Systems,rds-023f159,AWS,2026-05,709.7,779.1,0,1588.72,RDS,db.m5.xlarge analytics DB
Data-Science,rs-046b649,AWS,2026-05,657.4,1899.9,0,3312.81,Redshift,Data warehouse cluster
Data-Science,clog-0f1f300,GCP,2026-05,0.0,248.8,0,60.57,Cloud Logging,Audit logs
Data-Science,bq-0120409,GCP,2026-05,0.0,15704.6,0,6016.13,BigQuery,ML training datasets
Edge-Network,sns-059b224,AWS,2026-05,0.0,0.0,12501826,6.43,SNS,Alert notifications
Production-Main,app-110c575,AZURE,2026-05,546.1,0.0,0,647.94,App Service,API app P2v3
Partner-Integration,azmon-03fa592,AZURE,2026-05,0.0,237.0,30723046,328.74,Azure Monitor,Logs and metrics
Edge-Network,s3-0318881,AWS,2026-05,0.0,16245.1,3180371,537.8,S3,Data lake raw zone
Security-Ops,cmon-0976930,GCP,2026-05,0.0,0.0,22749879,177.31,Cloud Monitoring,Metrics and alerting
Staging-Env,cdns-0641241,GCP,2026-05,0.0,0.0,19227029,28.09,Cloud DNS,DNS zones
IoT-Platform,fs-06b4788,GCP,2026-05,714.8,19.7,49836677,507.31,Firestore,Session store
Finance-Systems,kv-0a56102,AZURE,2026-05,0.0,0.0,2772146,8.41,Key Vault,Secrets management
Customer-Portal,i-028d484,AWS,2026-05,478.4,0.0,0,1672.96,EC2,m5.2xlarge batch processor
Shared-Services,aks-0c94504,AZURE,2026-05,297.7,0.0,0,456.51,AKS,Dev K8s cluster
Production-Main,lam-0642919,AWS,2026-05,0.0,0.0,29880968,207.31,Lambda,Data transformer
QA-Testing,lam-03e1413,AWS,2026-05,0.0,0.0,3059131,20.37,Lambda,Webhook processor
Security-Ops,ecs-0f75161,AWS,2026-05,539.8,0.0,0,980.24,ECS,Fargate API cluster
Finance-Systems,s3-0c3b952,AWS,2026-05,0.0,9746.7,1928097,329.66,S3,Data lake raw zone
Customer-Portal,i-0290733,AWS,2026-05,516.1,0.0,0,37.38,EC2,t3.micro bastion host
DevOps-Central,appi-0d28385,AZURE,2026-05,0.0,0.0,16703536,200.65,Application Insights,Custom metrics
Compliance-Audit,sns-0f94109,AWS,2026-05,0.0,0.0,14086098,7.04,SNS,Event fanout topic
Finance-Systems,elb-024c328,AWS,2026-05,830.3,0.0,56882272,361.92,ELB,Network load balancer
Finance-Systems,rds-023e525,AWS,2026-05,543.9,745.6,0,2408.67,RDS,db.r5.2xlarge Aurora cluster
Internal-Tools,eks-0690150,AWS,2026-05,523.9,0.0,0,1569.63,EKS,Staging K8s cluster
Production-Main,eh-0c15276,AZURE,2026-05,0.0,763.2,0,188.75,Event Hubs,Capture to storage
Staging-Env,vai-00f2137,GCP,2026-05,482.3,0.0,0,2311.46,Vertex AI,Training pipelines
Staging-Env,df-0111460,GCP,2026-05,388.9,0.0,0,945.78,Dataflow,Batch pipeline
QA-Testing,elb-0980148,AWS,2026-05,725.2,0.0,30247628,225.42,ELB,Application load balancer
Production-Secondary,cosmos-09cf617,AZURE,2026-05,533.7,73.0,18721216,667.25,Cosmos DB,Event store
Analytics-Platform,clog-0f3d446,GCP,2026-05,0.0,347.7,0,86.04,Cloud Logging,Application logs
Internal-Tools,rds-0ec4795,AWS,2026-05,688.8,486.0,0,1706.8,RDS,db.r5.xlarge PostgreSQL primary
IoT-Platform,bq-0357916,GCP,2026-05,0.0,1686.5,0,656.15,BigQuery,Data export queries
Staging-Env,gcs-04fc822,GCP,2026-05,0.0,12544.3,4101206,378.62,Cloud Storage,Data lake bucket
Compliance-Audit,i-0f6d336,AWS,2026-05,741.4,0.0,0,627.37,EC2,m5.large monitoring server
DR-Recovery,eh-08e4690,AZURE,2026-05,0.0,492.8,0,119.6,Event Hubs,Capture to storage
Analytics-Platform,fs-0b55279,GCP,2026-05,891.0,24.9,61501362,657.94,Firestore,Session store
Customer-Portal,ps-0405218,GCP,2026-05,0.0,0.0,43670498,536.3,Pub/Sub,Log forwarding
Data-Science,nat-0132859,AWS,2026-05,494.1,0.0,0,113.05,NAT Gateway,Staging VPC NAT
Production-Main,cf-0001263,AWS,2026-05,0.0,0.0,47583780,234.51,CloudFront,CDN API distribution
Data-Science,rds-04cc470,AWS,2026-05,624.1,179.9,0,568.54,RDS,db.t3.large development DB
Staging-Env,df-0f02823,GCP,2026-05,551.5,0.0,0,1285.26,Dataflow,Streaming pipeline
Internal-Tools,blob-0b8b546,AZURE,2026-05,0.0,2305.0,5699971,364.97,Blob Storage,Media content
Shared-Services,ado-10cc486,AZURE,2026-05,451.3,0.0,0,221.57,Azure DevOps,Pipelines hosted
Finance-Systems,gcf-0526817,GCP,2026-05,0.0,0.0,12243891,180.32,Cloud Functions,Data triggers
Data-Science,ses-077c383,AWS,2026-05,0.0,0.0,398761,0.47,SES,Marketing email
Marketing-Platform,i-079f164,AWS,2026-05,647.4,0.0,0,1104.05,EC2,r5.xlarge cache server
Customer-Portal,gcs-1062875,GCP,2026-05,0.0,399.9,6488855,72.47,Cloud Storage,Temp processing bucket
QA-Testing,ec-06bd918,AWS,2026-05,769.0,0.0,0,548.49,ElastiCache,Redis production cluster
Data-Science,i-0859781,AWS,2026-05,323.6,0.0,0,946.95,EC2,c5.2xlarge HPC node
Data-Science,cmon-0e6a268,GCP,2026-05,0.0,0.0,33240316,260.15,Cloud Monitoring,Metrics and alerting
Edge-Network,ec-063c794,AWS,2026-05,721.3,0.0,0,502.32,ElastiCache,Redis production cluster
Mobile-Backend,vm-1082854,AZURE,2026-05,1038.2,0.0,0,1434.46,Virtual Machines,F4s v2 compute node
Mobile-Backend,kv-111e842,AZURE,2026-05,0.0,0.0,1667193,4.93,Key Vault,Secrets management
Analytics-Platform,acr-00c8676,AZURE,2026-05,0.0,195.7,386752,122.76,Container Registry,Docker image registry
DevOps-Central,aks-0474653,AZURE,2026-05,1810.7,0.0,0,2764.01,AKS,Staging K8s cluster
Mobile-Backend,kv-033c971,AZURE,2026-05,0.0,0.0,1685923,5.19,Key Vault,Secrets management
Internal-Tools,cf-0dbb199,AWS,2026-05,0.0,0.0,157827830,781.85,CloudFront,CDN media distribution
Security-Ops,bq-06c8903,GCP,2026-05,0.0,7800.5,0,2990.45,BigQuery,ML training datasets
Edge-Network,ecs-09c1206,AWS,2026-05,289.2,0.0,0,522.16,ECS,Fargate worker cluster
Shared-Services,ado-0fd5860,AZURE,2026-05,0.0,83.6,0,21.2,Azure DevOps,Artifacts storage
Compliance-Audit,s3-08a7782,AWS,2026-05,0.0,11127.5,2174650,377.22,S3,Data lake raw zone
Customer-Portal,gcf-026e659,GCP,2026-05,0.0,0.0,1503950,22.49,Cloud Functions,Scheduled tasks
Security-Ops,bq-0b75354,GCP,2026-05,0.0,6827.5,0,2697.74,BigQuery,ML training datasets
Compliance-Audit,s3-0c04431,AWS,2026-05,0.0,11220.0,2240362,393.06,S3,Data lake raw zone
Finance-Systems,gcs-0ee3791,GCP,2026-05,0.0,9361.8,3078638,277.67,Cloud Storage,Data lake bucket
Shared-Services,ado-0d7d199,AZURE,2026-05,541.9,0.0,0,274.47,Azure DevOps,Pipelines hosted
DevOps-Central,blob-0fc7470,AZURE,2026-05,0.0,6980.1,2593648,376.92,Blob Storage,Data lake storage
Mobile-Backend,vm-09e4739,AZURE,2026-05,655.2,0.0,0,2398.71,Virtual Machines,E8s v3 memory-optimized
Internal-Tools,ses-0dbe321,AWS,2026-05,0.0,0.0,2457803,2.89,SES,Transactional email
Internal-Tools,cr-0a26381,GCP,2026-05,642.4,0.0,2738663,820.48,Cloud Run,ETL pipeline service
Data-Science,i-0a28926,AWS,2026-05,423.2,0.0,0,1487.48,EC2,m5.2xlarge batch processor
Internal-Tools,eks-02a6314,AWS,2026-05,468.4,0.0,0,1370.09,EKS,Staging K8s cluster
Data-Science,aks-0ae2613,AZURE,2026-05,1280.9,0.0,0,1868.88,AKS,Staging K8s cluster
Shared-Services,cf-019a583,AWS,2026-05,0.0,0.0,150449824,749.0,CloudFront,CDN media distribution
Partner-Integration,gke-118b595,GCP,2026-05,741.6,0.0,0,2220.66,GKE,Production API cluster
Staging-Env,gcf-05fd332,GCP,2026-05,0.0,0.0,27557417,417.12,Cloud Functions,Pub/Sub processors
Marketing-Platform,gcf-1167527,GCP,2026-05,0.0,0.0,1442802,21.13,Cloud Functions,Scheduled tasks
Edge-Network,i-087e912,AWS,2026-05,689.7,0.0,0,1155.49,EC2,r5.xlarge cache server
Marketing-Platform,gke-0f27659,GCP,2026-05,2094.1,0.0,0,4042.72,GKE,ML training cluster
Analytics-Platform,fs-0b19394,GCP,2026-05,997.8,28.8,69301153,728.05,Firestore,Session store
Partner-Integration,redis-03af826,AZURE,2026-05,514.7,0.0,0,252.57,Azure Cache for Redis,Standard C2 cache
Finance-Systems,gcf-08a1204,GCP,2026-05,0.0,0.0,14010725,202.45,Cloud Functions,Data triggers
Production-Secondary,redis-05cd720,AZURE,2026-05,827.1,0.0,0,1017.25,Azure Cache for Redis,Premium P1 cache
Production-Secondary,aks-0887612,AZURE,2026-05,285.9,0.0,0,425.27,AKS,Dev K8s cluster
Production-Secondary,mem-0ccd673,GCP,2026-05,657.8,0.0,0,480.3,Memorystore,Redis production cache
Analytics-Platform,aks-00c0825,AZURE,2026-05,1226.3,0.0,0,1857.34,AKS,Staging K8s cluster
Data-Science,i-0866884,AWS,2026-05,519.7,0.0,0,868.95,EC2,r5.xlarge cache server
Production-Main,aks-087d143,AZURE,2026-05,1321.3,0.0,0,1967.47,AKS,Staging K8s cluster
Data-Science,gke-0dc2614,GCP,2026-05,3459.4,0.0,0,6978.92,GKE,GPU node pool
Analytics-Platform,aks-0901861,AZURE,2026-05,529.0,0.0,0,774.13,AKS,Dev K8s cluster
Customer-Portal,gcf-026d273,GCP,2026-05,0.0,0.0,9498752,144.59,Cloud Functions,Auth handlers
DevOps-Central,appi-1091671,AZURE,2026-05,0.0,0.0,75415841,928.28,Application Insights,APM telemetry
Production-Main,clog-099d699,GCP,2026-05,0.0,292.3,0,71.68,Cloud Logging,Audit logs
Internal-Tools,ebs-0868993,AWS,2026-05,0.0,1367.1,0,166.2,EBS,gp3 volumes production
Marketing-Platform,gke-05a9143,GCP,2026-05,1981.2,0.0,0,3831.59,GKE,ML training cluster
Customer-Portal,mem-0be9967,GCP,2026-05,335.4,0.0,0,232.81,Memorystore,Redis staging cache
Finance-Systems,app-0bbc103,AZURE,2026-05,1060.0,0.0,0,160.88,App Service,Web app B1
Mobile-Backend,kin-032d614,AWS,2026-05,670.3,0.0,27159786,399.62,Kinesis,Data stream ingestion
Production-Main,bq-0044162,GCP,2026-05,0.0,13992.7,0,5492.12,BigQuery,ML training datasets
Partner-Integration,ecs-0c6a269,AWS,2026-05,488.5,0.0,0,874.66,ECS,Fargate API cluster
Compliance-Audit,s3-038c556,AWS,2026-05,0.0,45.4,22487326,148.48,S3,Static website hosting
Production-Secondary,acr-0ae3180,AZURE,2026-05,0.0,206.8,416441,133.94,Container Registry,Docker image registry
Customer-Portal,vm-1043820,AZURE,2026-05,880.3,0.0,0,267.2,Virtual Machines,B2s development VM
Finance-Systems,s3-0244518,AWS,2026-05,0.0,10450.8,2019931,354.26,S3,Data lake raw zone
Edge-Network,ecs-031e824,AWS,2026-05,360.6,0.0,0,640.87,ECS,Fargate API cluster
Internal-Tools,mem-082c959,GCP,2026-05,450.4,0.0,0,316.99,Memorystore,Redis staging cache
Marketing-Platform,fs-0e2b804,GCP,2026-05,470.5,13.0,32161474,330.9,Firestore,Session store
Finance-Systems,s3-0f0f949,AWS,2026-05,0.0,5505.9,8644159,394.46,S3,Media content bucket
Analytics-Platform,bq-0d1e739,GCP,2026-05,0.0,2294.9,0,909.87,BigQuery,BI reporting views
Security-Ops,ps-065c549,GCP,2026-05,0.0,0.0,29826313,379.18,Pub/Sub,Event streaming
Internal-Tools,mem-02eb311,GCP,2026-05,584.8,0.0,0,410.49,Memorystore,Redis production cache
Mobile-Backend,vm-0813383,AZURE,2026-05,836.1,0.0,0,1142.63,Virtual Machines,F4s v2 compute node
Customer-Portal,ses-0ddf126,AWS,2026-05,0.0,0.0,475125,0.55,SES,Marketing email
Data-Science,blob-0153838,AZURE,2026-05,0.0,9063.1,91432,269.27,Blob Storage,Backup storage
Data-Science,gcf-102b155,GCP,2026-05,0.0,0.0,8741429,128.97,Cloud Functions,Auth handlers
Compliance-Audit,i-08da194,AWS,2026-05,546.3,0.0,0,762.37,EC2,c5.xlarge compute worker
Staging-Env,gcs-06fa515,GCP,2026-05,0.0,15552.3,37425,153.2,Cloud Storage,Archive bucket
Marketing-Platform,lam-073d564,AWS,2026-05,0.0,0.0,15425927,108.75,Lambda,Data transformer
Production-Secondary,aks-04e9539,AZURE,2026-05,1424.9,0.0,0,2112.17,AKS,Staging K8s cluster
Production-Main,app-058f647,AZURE,2026-05,489.1,0.0,0,578.83,App Service,API app P2v3
DR-Recovery,appi-0df9366,AZURE,2026-05,0.0,0.0,14041178,175.0,Application Insights,Custom metrics
DevOps-Central,blob-0f60507,AZURE,2026-05,0.0,7467.3,2711060,386.34,Blob Storage,Data lake storage
QA-Testing,lam-04bb141,AWS,2026-05,0.0,0.0,4796146,33.14,Lambda,Image resizer
Production-Secondary,sb-0b67850,AZURE,2026-05,0.0,0.0,20412839,50.27,Service Bus,Standard messaging
Marketing-Platform,nat-08ce373,AWS,2026-05,552.5,0.0,0,121.75,NAT Gateway,Staging VPC NAT
Marketing-Platform,i-01ec560,AWS,2026-05,540.8,0.0,0,468.37,EC2,m5.large monitoring server
Shared-Services,sb-01c7290,AZURE,2026-05,0.0,0.0,13900743,33.17,Service Bus,Standard messaging
Internal-Tools,mem-0d47243,GCP,2026-05,566.3,0.0,0,412.94,Memorystore,Redis production cache
Staging-Env,fs-111a954,GCP,2026-05,1033.1,73.4,43606718,585.24,Firestore,User profiles DB
Partner-Integration,appi-03a2597,AZURE,2026-05,0.0,0.0,18476175,230.3,Application Insights,Custom metrics
Security-Ops,s3-0183786,AWS,2026-05,0.0,731.6,1474589,63.37,S3,Artifact storage
Marketing-Platform,mem-0205771,GCP,2026-05,596.6,0.0,0,430.65,Memorystore,Redis production cache
Customer-Portal,blob-08b1911,AZURE,2026-05,0.0,5386.8,0,530.43,Blob Storage,Security audit logs
Production-Secondary,app-0068571,AZURE,2026-05,864.1,0.0,0,530.93,App Service,Web app P1v3
Internal-Tools,fs-1014977,GCP,2026-05,897.4,24.6,60340902,644.25,Firestore,Session store
Production-Main,lam-06d3145,AWS,2026-05,0.0,0.0,53975549,359.25,Lambda,API gateway handler
Analytics-Platform,gke-118c166,GCP,2026-05,4061.2,0.0,0,8254.75,GKE,GPU node pool
Shared-Services,ec-0c82412,AWS,2026-05,723.6,0.0,0,259.46,ElastiCache,Redis staging cluster
Staging-Env,mem-0102679,GCP,2026-05,720.3,0.0,0,527.57,Memorystore,Redis production cache
Security-Ops,ecs-0f85647,AWS,2026-05,459.3,0.0,0,824.06,ECS,Fargate worker cluster
Shared-Services,rds-084e637,AWS,2026-05,617.0,848.5,0,2665.29,RDS,db.r5.2xlarge Aurora cluster
Edge-Network,csql-0c36420,GCP,2026-05,740.2,204.5,0,873.61,Cloud SQL,PostgreSQL replica
Partner-Integration,elb-057a924,AWS,2026-05,633.3,0.0,8654231,127.82,ELB,Classic load balancer
Customer-Portal,cosmos-0db3851,AZURE,2026-05,650.6,91.2,21822347,806.19,Cosmos DB,Event store
Partner-Integration,azmon-0ab0934,AZURE,2026-05,0.0,253.3,33929636,358.01,Azure Monitor,Logs and metrics
Security-Ops,ecs-018b473,AWS,2026-05,169.5,0.0,0,299.52,ECS,Fargate batch cluster
Production-Main,lam-1011255,AWS,2026-05,0.0,0.0,28345328,195.69,Lambda,Data transformer
Data-Science,rds-074d478,AWS,2026-05,743.0,830.4,0,1649.89,RDS,db.m5.xlarge analytics DB
Shared-Services,r53-08c8350,AWS,2026-05,0.0,0.0,56144119,83.94,Route 53,DNS hosting
Staging-Env,cr-0c5a970,GCP,2026-05,579.1,0.0,2320248,732.18,Cloud Run,ETL pipeline service
Analytics-Platform,kv-07cc983,AZURE,2026-05,0.0,0.0,535845,1.61,Key Vault,Certificate store
Production-Main,i-0df3860,AWS,2026-05,735.8,0.0,0,52.92,EC2,t3.micro bastion host
Staging-Env,fs-0ce9401,GCP,2026-05,1143.4,79.7,47706219,628.27,Firestore,User profiles DB
Production-Secondary,i-0574661,AWS,2026-05,1103.2,0.0,0,965.68,EC2,t3.large application server
DevOps-Central,redis-0415551,AZURE,2026-05,818.3,0.0,0,1013.46,Azure Cache for Redis,Premium P1 cache
Edge-Network,cmon-02fb997,GCP,2026-05,0.0,0.0,22646931,182.33,Cloud Monitoring,Metrics and alerting
Shared-Services,nat-0e47148,AWS,2026-05,512.6,0.0,0,234.57,NAT Gateway,Production VPC NAT
Shared-Services,rds-0f7b881,AWS,2026-05,529.9,150.9,0,477.06,RDS,db.t3.large development DB
Internal-Tools,clog-0565633,GCP,2026-05,0.0,265.5,0,64.81,Cloud Logging,Audit logs
Mobile-Backend,sqs-0ec8187,AWS,2026-05,0.0,0.0,313143,0.16,SQS,Dead letter queue
Production-Main,ca-083b242,GCP,2026-05,0.0,0.0,130985551,498.75,Cloud Armor,WAF policies
Marketing-Platform,i-0c4b661,AWS,2026-05,541.7,0.0,0,1602.29,EC2,c5.2xlarge HPC node
Production-Main,i-0a7c855,AWS,2026-05,840.2,0.0,0,59.93,EC2,t3.micro bastion host
Security-Ops,ec-0478184,AWS,2026-05,523.3,0.0,0,189.38,ElastiCache,Redis staging cluster
DevOps-Central,ddb-0beb915,AWS,2026-05,947.2,13.5,6469676,114.16,DynamoDB,Config store table
Marketing-Platform,rds-01e2924,AWS,2026-05,701.3,197.2,0,643.94,RDS,db.t3.large development DB
Security-Ops,csql-0709515,GCP,2026-05,612.9,167.9,0,718.32,Cloud SQL,PostgreSQL replica
Marketing-Platform,sm-08bb419,AWS,2026-05,0.0,0.0,930551,3.66,Secrets Manager,Application secrets
Security-Ops,eks-0434972,AWS,2026-05,427.4,0.0,0,1254.62,EKS,Staging K8s cluster
Shared-Services,ado-09f0961,AZURE,2026-05,0.0,98.6,0,23.98,Azure DevOps,Artifacts storage
Staging-Env,bq-0740271,GCP,2026-05,0.0,1409.7,0,539.54,BigQuery,BI reporting views
ML-Training,eks-036f728,AWS,2026-05,810.7,0.0,0,2441.42,EKS,Production K8s cluster
Staging-Env,bq-073b727,GCP,2026-05,0.0,1487.4,0,593.07,BigQuery,BI reporting views
Security-Ops,sqldb-067d679,AZURE,2026-05,927.4,67.0,0,191.65,SQL Database,Basic dev database
Compliance-Audit,i-0fb9329,AWS,2026-05,525.6,0.0,0,452.03,EC2,m5.large monitoring server
Internal-Tools,blob-0f88578,AZURE,2026-05,0.0,2940.8,7066292,458.92,Blob Storage,Media content
Finance-Systems,s3-0d12329,AWS,2026-05,0.0,8740.2,1738914,303.03,S3,Data lake raw zone
Compliance-Audit,i-0de9629,AWS,2026-05,565.1,0.0,0,242.41,EC2,t3.medium API server
Finance-Systems,vpn-0a0f703,AWS,2026-05,585.2,0.0,0,294.94,VPN Gateway,Site-to-site VPN
Edge-Network,clog-0301555,GCP,2026-05,0.0,512.0,0,123.67,Cloud Logging,Application logs
Partner-Integration,sqs-0580884,AWS,2026-05,0.0,0.0,398708,0.21,SQS,Dead letter queue
Production-Main,i-0db9952,AWS,2026-05,915.1,0.0,0,394.38,EC2,t3.medium API server
DevOps-Central,ebs-07bd747,AWS,2026-05,0.0,447.8,0,275.67,EBS,io2 volumes database
Partner-Integration,azmon-07b1730,AZURE,2026-05,0.0,237.6,31912505,339.54,Azure Monitor,Logs and metrics
Data-Science,cosmos-0927286,AZURE,2026-05,664.9,182.7,36676618,1444.58,Cosmos DB,User data store
Production-Main,blob-002f172,AZURE,2026-05,0.0,6496.0,2449998,344.63,Blob Storage,Data lake storage
Internal-Tools,s3-0529282,AWS,2026-05,0.0,2967.3,1489043,113.53,S3,Analytics export bucket
Finance-Systems,eks-0659376,AWS,2026-05,916.6,0.0,0,2739.67,EKS,Production K8s cluster
Internal-Tools,aks-0297432,AZURE,2026-05,1529.1,0.0,0,2308.54,AKS,Staging K8s cluster
Partner-Integration,nat-03ce770,AWS,2026-05,897.1,0.0,0,209.18,NAT Gateway,Dev VPC NAT
Analytics-Platform,kv-0cb7100,AZURE,2026-05,0.0,0.0,1314063,3.92,Key Vault,Secrets management
Finance-Systems,ado-0d5d179,AZURE,2026-05,431.0,0.0,0,210.82,Azure DevOps,Pipelines hosted
Production-Secondary,cmon-008b179,GCP,2026-05,0.0,0.0,25747364,197.14,Cloud Monitoring,Metrics and alerting
Mobile-Backend,sqldb-0a27822,AZURE,2026-05,795.4,282.8,0,1337.26,SQL Database,Standard S3 production
Finance-Systems,vpn-0249799,AWS,2026-05,656.6,0.0,0,327.04,VPN Gateway,Site-to-site VPN
Production-Main,vm-003a385,AZURE,2026-05,690.7,0.0,0,406.39,Virtual Machines,D2s v3 utility server
Internal-Tools,mem-02ea903,GCP,2026-05,390.8,0.0,0,277.22,Memorystore,Redis staging cache
Edge-Network,nat-032a145,AWS,2026-05,721.0,0.0,0,161.64,NAT Gateway,Dev VPC NAT
Production-Secondary,i-0cb5459,AWS,2026-05,465.4,0.0,0,812.93,EC2,r5.xlarge cache server
Analytics-Platform,eh-00c4152,AZURE,2026-05,0.0,397.2,0,96.48,Event Hubs,Capture to storage
Internal-Tools,gcs-0a1c146,GCP,2026-05,0.0,7750.0,193076,174.69,Cloud Storage,Backup bucket
Production-Secondary,r53-0629377,AWS,2026-05,0.0,0.0,9421760,13.86,Route 53,Health checks
Finance-Systems,blob-0ccb663,AZURE,2026-05,0.0,2076.3,5005029,330.17,Blob Storage,Media content
Production-Main,lam-0e7f833,AWS,2026-05,0.0,0.0,31339408,216.57,Lambda,Data transformer
ML-Training,lam-0bf7821,AWS,2026-05,0.0,0.0,10389814,72.87,Lambda,Notification dispatcher
Production-Secondary,csql-008c653,GCP,2026-05,641.1,181.8,0,751.72,Cloud SQL,PostgreSQL replica
Customer-Portal,azmon-110e151,AZURE,2026-05,0.0,206.3,27897182,297.1,Azure Monitor,Logs and metrics
Marketing-Platform,mem-0ef4659,GCP,2026-05,441.8,0.0,0,325.55,Memorystore,Redis staging cache
Internal-Tools,rds-0bc8856,AWS,2026-05,605.6,426.6,0,1530.19,RDS,db.r5.xlarge PostgreSQL primary
Data-Science,i-0945672,AWS,2026-05,426.5,0.0,0,1460.71,EC2,m5.2xlarge batch processor
Customer-Portal,cosmos-0252776,AZURE,2026-05,914.4,248.7,50629513,2002.16,Cosmos DB,User data store
Analytics-Platform,cr-0a94901,GCP,2026-05,561.8,0.0,2322245,706.92,Cloud Run,ETL pipeline service
Production-Main,s3-05ff747,AWS,2026-05,0.0,14724.3,2937288,505.7,S3,Data lake raw zone
Edge-Network,bq-06c0962,GCP,2026-05,0.0,7131.2,0,2803.92,BigQuery,Analytics data warehouse
Internal-Tools,ps-053f365,GCP,2026-05,0.0,0.0,29726587,364.9,Pub/Sub,Event streaming
Finance-Systems,cosmos-021b523,AZURE,2026-05,494.1,143.8,27675506,1143.69,Cosmos DB,User data store
Security-Ops,s3-0fee392,AWS,2026-05,0.0,6306.9,10051843,450.34,S3,Media content bucket
DR-Recovery,appi-0c28938,AZURE,2026-05,0.0,0.0,21171098,265.18,Application Insights,Custom metrics
Internal-Tools,ec-0444818,AWS,2026-05,500.2,0.0,0,352.58,ElastiCache,Redis production cluster
Production-Secondary,df-0e23359,GCP,2026-05,873.9,0.0,0,2162.54,Dataflow,Streaming pipeline
Production-Secondary,r53-093c580,AWS,2026-05,0.0,0.0,7977974,11.69,Route 53,Health checks
Security-Ops,ps-0845974,GCP,2026-05,0.0,0.0,26449370,337.93,Pub/Sub,Event streaming
Customer-Portal,blob-0851669,AZURE,2026-05,0.0,4969.9,0,502.24,Blob Storage,Security audit logs
Compliance-Audit,s3-0973601,AWS,2026-05,0.0,13497.7,2721783,458.05,S3,Data lake raw zone
Finance-Systems,app-0fe4884,AZURE,2026-05,961.3,0.0,0,146.34,App Service,Web app B1
Finance-Systems,gcs-0764373,GCP,2026-05,0.0,9692.3,3218286,286.69,Cloud Storage,Data lake bucket
Edge-Network,eks-10ea823,AWS,2026-05,639.0,0.0,0,1881.37,EKS,Production K8s cluster
Production-Main,i-106d831,AWS,2026-05,384.3,0.0,0,1112.63,EC2,c5.2xlarge HPC node
Internal-Tools,s3-0542610,AWS,2026-05,0.0,6787.4,67541,153.41,S3,Backup storage bucket
Production-Main,blob-04d1230,AZURE,2026-05,0.0,2487.1,6489648,310.86,Blob Storage,Build artifacts
Edge-Network,lam-0fd2997,AWS,2026-05,0.0,0.0,23178412,161.29,Lambda,Data transformer
Edge-Network,csql-101e324,GCP,2026-05,644.7,181.0,0,770.23,Cloud SQL,PostgreSQL replica
DR-Recovery,sqldb-02f4102,AZURE,2026-05,635.6,44.6,0,132.74,SQL Database,Basic dev database
Finance-Systems,func-0402202,AZURE,2026-05,0.0,0.0,5344137,78.19,Azure Functions,API handlers
Compliance-Audit,i-039e433,AWS,2026-05,683.0,0.0,0,1138.45,EC2,r5.xlarge cache server
Finance-Systems,blob-03ff840,AZURE,2026-05,0.0,1926.1,4896833,310.33,Blob Storage,Media content
Shared-Services,vai-01af568,GCP,2026-05,279.2,0.0,0,1390.7,Vertex AI,AutoML jobs
Production-Secondary,ec-09d7888,AWS,2026-05,847.2,0.0,0,303.51,ElastiCache,Redis staging cluster
ML-Training,ebs-0e30384,AWS,2026-05,0.0,636.1,0,75.91,EBS,gp3 volumes production
Edge-Network,s3-0484514,AWS,2026-05,0.0,1100.0,2177364,93.45,S3,Artifact storage
Customer-Portal,ses-0676835,AWS,2026-05,0.0,0.0,738894,0.89,SES,Marketing email
Mobile-Backend,kv-0b79582,AZURE,2026-05,0.0,0.0,447070,1.37,Key Vault,Certificate store
Security-Ops,s3-0184470,AWS,2026-05,0.0,47.2,23226909,151.49,S3,Static website hosting
Production-Secondary,i-1026374,AWS,2026-05,660.9,0.0,0,550.32,EC2,m5.large monitoring server
Data-Science,aks-0150773,AZURE,2026-05,279.0,0.0,0,407.57,AKS,Dev K8s cluster
Finance-Systems,blob-0a8c725,AZURE,2026-05,0.0,5800.7,57824,176.84,Blob Storage,Backup storage
Compliance-Audit,i-039b844,AWS,2026-05,634.1,0.0,0,2196.07,EC2,r5.2xlarge database server
Finance-Systems,vpn-0248486,AWS,2026-05,895.5,0.0,0,227.06,VPN Gateway,Client VPN endpoint
Production-Secondary,aks-0f13431,AZURE,2026-05,1310.2,0.0,0,1940.05,AKS,Staging K8s cluster
Finance-Systems,eh-0ce3909,AZURE,2026-05,589.9,0.0,24190469,266.66,Event Hubs,Standard throughput units
Finance-Systems,aks-0213923,AZURE,2026-05,922.2,0.0,0,4099.68,AKS,Production K8s cluster
Marketing-Platform,nat-083c511,AWS,2026-05,497.4,0.0,0,111.07,NAT Gateway,Staging VPC NAT
Compliance-Audit,sm-0382839,AWS,2026-05,0.0,0.0,1141590,4.52,Secrets Manager,Application secrets
Marketing-Platform,gcf-0203789,GCP,2026-05,0.0,0.0,17885318,267.05,Cloud Functions,Pub/Sub processors
Edge-Network,r53-0323539,AWS,2026-05,0.0,0.0,45177943,66.55,Route 53,DNS hosting
Internal-Tools,eks-0923427,AWS,2026-05,577.4,0.0,0,1693.84,EKS,Staging K8s cluster
Staging-Env,gke-0da1584,GCP,2026-05,2716.6,0.0,0,5386.01,GKE,ML training cluster
Staging-Env,gcf-0d4c132,GCP,2026-05,0.0,0.0,15182630,226.42,Cloud Functions,Data triggers
IoT-Platform,gke-0bfa929,GCP,2026-05,2847.3,0.0,0,5471.89,GKE,ML training cluster
Data-Science,vai-07e2724,GCP,2026-05,323.5,0.0,0,1594.45,Vertex AI,Training pipelines
Staging-Env,vai-07a5769,GCP,2026-05,444.6,0.0,0,2172.3,Vertex AI,Training pipelines
Security-Ops,ec-018a285,AWS,2026-05,558.9,0.0,0,193.41,ElastiCache,Redis staging cluster
Compliance-Audit,rds-0b76559,AWS,2026-05,319.7,92.3,0,383.94,RDS,db.t3.medium MySQL staging
Production-Main,s3-0ab1484,AWS,2026-05,0.0,9880.5,617871,247.87,S3,Log archive bucket
Staging-Env,gcs-09d1780,GCP,2026-05,0.0,11673.1,3819740,345.33,Cloud Storage,Data lake bucket
Edge-Network,r53-0f4f980,AWS,2026-05,0.0,0.0,44618497,65.22,Route 53,DNS hosting
Finance-Systems,app-05d9740,AZURE,2026-05,833.2,0.0,0,984.63,App Service,API app P2v3
Partner-Integration,rds-08a3964,AWS,2026-05,787.0,542.2,0,1566.26,RDS,db.r5.large PostgreSQL replica
Marketing-Platform,gcf-0a80128,GCP,2026-05,0.0,0.0,2077954,30.38,Cloud Functions,Scheduled tasks
Partner-Integration,cf-052a323,AWS,2026-05,0.0,0.0,34753174,165.98,CloudFront,CDN API distribution
Finance-Systems,sqldb-020d385,AZURE,2026-05,953.5,66.4,0,190.53,SQL Database,Basic dev database
Edge-Network,ebs-041c946,AWS,2026-05,0.0,148.0,0,17.73,EBS,gp3 volumes staging
Data-Science,cosmos-0e72317,AZURE,2026-05,685.9,96.6,23813146,888.07,Cosmos DB,Event store
Compliance-Audit,rds-1110124,AWS,2026-05,782.9,903.5,0,1865.83,RDS,db.m5.xlarge analytics DB
Production-Secondary,i-0783728,AWS,2026-05,760.3,0.0,0,642.05,EC2,m5.large monitoring server
Security-Ops,ecs-079e707,AWS,2026-05,139.8,0.0,0,261.93,ECS,Fargate batch cluster
Edge-Network,sns-102d146,AWS,2026-05,0.0,0.0,12047787,5.88,SNS,Alert notifications
Production-Main,cf-0002448,AWS,2026-05,0.0,0.0,33481037,165.97,CloudFront,CDN static assets
Production-Secondary,blob-0a30257,AZURE,2026-05,0.0,13357.1,32563,101.29,Blob Storage,Archive tier
Shared-Services,nat-0cf3375,AWS,2026-05,555.2,0.0,0,125.89,NAT Gateway,Staging VPC NAT
Shared-Services,aks-09a6162,AZURE,2026-05,914.2,0.0,0,1404.6,AKS,Staging K8s cluster
Production-Main,ebs-0db5569,AWS,2026-05,0.0,557.0,0,346.64,EBS,io2 volumes database
Partner-Integration,ddb-118f465,AWS,2026-05,962.2,133.6,200278681,1478.52,DynamoDB,Cache table
Staging-Env,cdns-070b939,GCP,2026-05,0.0,0.0,24063175,36.58,Cloud DNS,DNS zones
Data-Science,aks-0896218,AZURE,2026-05,264.3,0.0,0,377.1,AKS,Dev K8s cluster
IoT-Platform,csql-0e5e176,GCP,2026-05,788.9,220.9,0,964.44,Cloud SQL,PostgreSQL replica
Staging-Env,ps-0db2431,GCP,2026-05,0.0,0.0,12179963,153.5,Pub/Sub,Data pipeline
Marketing-Platform,vpn-06a4632,AWS,2026-05,775.5,0.0,0,199.43,VPN Gateway,Client VPN endpoint
Analytics-Platform,cr-0fbb528,GCP,2026-05,465.9,0.0,1966681,616.63,Cloud Run,ETL pipeline service
Shared-Services,aks-076e357,AZURE,2026-05,1091.9,0.0,0,1622.05,AKS,Staging K8s cluster
Data-Science,nat-0f38347,AWS,2026-05,519.0,0.0,0,116.86,NAT Gateway,Staging VPC NAT
Production-Main,i-10a7273,AWS,2026-05,702.7,0.0,0,2400.08,EC2,m5.2xlarge batch processor
Finance-Systems,eh-021f394,AZURE,2026-05,0.0,581.8,0,142.27,Event Hubs,Capture to storage
Finance-Systems,eks-0d6f989,AWS,2026-05,805.2,0.0,0,2430.42,EKS,Production K8s cluster
Customer-Portal,s3-10a8780,AWS,2026-05,0.0,18087.8,3589618,616.92,S3,Data lake raw zone
ML-Training,ebs-0720778,AWS,2026-05,0.0,604.2,0,377.86,EBS,io2 volumes database
DevOps-Central,aks-0b28145,AZURE,2026-05,311.7,0.0,0,468.34,AKS,Dev K8s cluster
Production-Secondary,i-007a915,AWS,2026-05,463.3,0.0,0,1321.74,EC2,c5.2xlarge HPC node
Mobile-Backend,fd-0334773,AZURE,2026-05,0.0,0.0,40092011,296.63,Front Door,Global load balancer
Production-Main,cmon-050f770,GCP,2026-05,0.0,0.0,21460165,168.25,Cloud Monitoring,Metrics and alerting
Analytics-Platform,bq-056e499,GCP,2026-05,0.0,2269.6,0,895.49,BigQuery,BI reporting views
Internal-Tools,gcs-0c10220,GCP,2026-05,0.0,10430.6,263138,236.86,Cloud Storage,Backup bucket
Security-Ops,lam-017c772,AWS,2026-05,0.0,0.0,51783275,353.57,Lambda,API gateway handler
Analytics-Platform,aks-0d0b935,AZURE,2026-05,594.5,0.0,0,864.24,AKS,Dev K8s cluster
QA-Testing,ec-049e465,AWS,2026-05,750.2,0.0,0,535.29,ElastiCache,Redis production cluster
Data-Science,gcf-0118506,GCP,2026-05,0.0,0.0,13346148,195.55,Cloud Functions,Data triggers
Analytics-Platform,aks-113f390,AZURE,2026-05,619.2,0.0,0,2801.3,AKS,Production K8s cluster
IoT-Platform,cr-1013303,GCP,2026-05,419.6,0.0,3479282,358.21,Cloud Run,Webhook handler
Finance-Systems,csql-0a9c161,GCP,2026-05,853.0,603.0,0,1676.45,Cloud SQL,MySQL analytics
DevOps-Central,appi-00d3140,AZURE,2026-05,0.0,0.0,14668929,180.04,Application Insights,Custom metrics
DevOps-Central,aks-00e9220,AZURE,2026-05,352.4,0.0,0,517.54,AKS,Dev K8s cluster
Security-Ops,ecs-0a46735,AWS,2026-05,161.6,0.0,0,299.34,ECS,Fargate batch cluster
Shared-Services,func-087c893,AZURE,2026-05,0.0,0.0,8506530,123.17,Azure Functions,Event processors
Customer-Portal,vm-0bf1249,AZURE,2026-05,597.5,0.0,0,355.56,Virtual Machines,D2s v3 utility server
Analytics-Platform,fs-0cea740,GCP,2026-05,1126.6,31.9,79850238,823.47,Firestore,Session store
Shared-Services,ecs-09cb472,AWS,2026-05,221.3,0.0,0,407.83,ECS,Fargate worker cluster
Customer-Portal,gcf-0687702,GCP,2026-05,0.0,0.0,19167586,277.83,Cloud Functions,Pub/Sub processors
Security-Ops,ecs-0feb605,AWS,2026-05,495.6,0.0,0,880.91,ECS,Fargate API cluster
Staging-Env,gcf-00f5519,GCP,2026-05,0.0,0.0,13628344,205.38,Cloud Functions,Data triggers
Data-Science,rds-0532882,AWS,2026-05,727.6,511.3,0,1872.22,RDS,db.r5.xlarge PostgreSQL primary
Compliance-Audit,rs-0380544,AWS,2026-05,548.2,1593.6,0,2740.66,Redshift,Data warehouse cluster
Data-Science,rs-0bae486,AWS,2026-05,641.9,1786.1,0,3288.21,Redshift,Data warehouse cluster
Edge-Network,ps-107f204,GCP,2026-05,0.0,0.0,36536682,438.24,Pub/Sub,Log forwarding
Finance-Systems,s3-04d8321,AWS,2026-05,0.0,11748.7,2365582,405.43,S3,Data lake raw zone
Analytics-Platform,cr-0596438,GCP,2026-05,602.4,0.0,12617904,911.47,Cloud Run,API gateway service
Compliance-Audit,rs-0584267,AWS,2026-05,0.0,0.0,4512002,230.55,Redshift,Spectrum queries
Production-Main,eh-0d6a232,AZURE,2026-05,0.0,731.5,0,183.86,Event Hubs,Capture to storage
Security-Ops,bq-050a549,GCP,2026-05,0.0,8906.9,0,3523.93,BigQuery,ML training datasets
Production-Main,sentinel-0d46883,AZURE,2026-05,0.0,0.0,47750464,1185.05,Microsoft Sentinel,Log analytics
Shared-Services,func-0be4858,AZURE,2026-05,0.0,0.0,8228313,120.48,Azure Functions,API handlers
Production-Secondary,sentinel-0960796,AZURE,2026-05,0.0,0.0,63466965,1588.25,Microsoft Sentinel,SIEM detection
Production-Main,gcf-06b6593,GCP,2026-05,0.0,0.0,14569483,220.15,Cloud Functions,Pub/Sub processors
Marketing-Platform,cr-01f5683,GCP,2026-05,223.0,0.0,926179,191.95,Cloud Run,Image processor
Data-Science,i-013f540,AWS,2026-05,726.3,0.0,0,53.05,EC2,t3.micro bastion host
Security-Ops,ebs-0f08503,AWS,2026-05,0.0,3971.0,0,175.74,EBS,st1 volumes archive
Shared-Services,fd-047c534,AZURE,2026-05,0.0,0.0,58707974,446.02,Front Door,Global load balancer
QA-Testing,lam-04fb414,AWS,2026-05,0.0,0.0,3847238,27.25,Lambda,Image resizer
Shared-Services,func-0418785,AZURE,2026-05,0.0,0.0,2914186,42.88,Azure Functions,Webhook processor
Production-Main,ca-004b678,GCP,2026-05,0.0,0.0,109991494,412.73,Cloud Armor,WAF policies
Analytics-Platform,gke-05ac611,GCP,2026-05,4766.0,0.0,0,9424.02,GKE,GPU node pool
Shared-Services,ado-114b393,AZURE,2026-05,0.0,92.3,0,22.2,Azure DevOps,Artifacts storage
Internal-Tools,ses-0480175,AWS,2026-05,0.0,0.0,531905,0.61,SES,Marketing email
Security-Ops,gke-0173694,GCP,2026-05,3932.3,0.0,0,8025.26,GKE,GPU node pool
Internal-Tools,rds-0a58813,AWS,2026-05,749.6,1054.9,0,3245.11,RDS,db.r5.2xlarge Aurora cluster
Security-Ops,sentinel-08ca167,AZURE,2026-05,0.0,0.0,99123611,2432.59,Microsoft Sentinel,SIEM detection
Production-Secondary,elb-0081586,AWS,2026-05,598.2,0.0,24447029,178.19,ELB,Application load balancer
Production-Main,lam-0f15914,AWS,2026-05,0.0,0.0,37355170,258.91,Lambda,Data transformer
Production-Secondary,sqs-0c78882,AWS,2026-05,0.0,0.0,28359193,13.79,SQS,Event notification queue
Internal-Tools,cf-02b3439,AWS,2026-05,0.0,0.0,113070180,559.09,CloudFront,CDN web distribution
Shared-Services,vai-0756962,GCP,2026-05,284.6,0.0,0,1412.89,Vertex AI,AutoML jobs
Marketing-Platform,ddb-099f108,AWS,2026-05,575.5,40.0,62766684,438.33,DynamoDB,Session store table
DR-Recovery,eh-0de4297,AZURE,2026-05,0.0,572.2,0,138.82,Event Hubs,Capture to storage
Finance-Systems,vm-0216865,AZURE,2026-05,790.1,0.0,0,2803.97,Virtual Machines,E8s v3 memory-optimized
Customer-Portal,fd-09eb623,AZURE,2026-05,0.0,0.0,62366039,455.29,Front Door,Global load balancer
Security-Ops,ebs-0b88756,AWS,2026-05,0.0,601.7,0,373.7,EBS,io2 volumes database
Compliance-Audit,ec-1085586,AWS,2026-05,557.0,0.0,0,385.01,ElastiCache,Redis production cluster
Mobile-Backend,redis-0333751,AZURE,2026-05,753.1,0.0,0,368.29,Azure Cache for Redis,Standard C2 cache
Shared-Services,vm-0ccf546,AZURE,2026-05,743.8,0.0,0,2682.67,Virtual Machines,E8s v3 memory-optimized
Production-Secondary,ca-0d70255,GCP,2026-05,0.0,0.0,97751640,370.53,Cloud Armor,WAF policies
Production-Main,cmon-0c29871,GCP,2026-05,0.0,0.0,22883373,183.53,Cloud Monitoring,Metrics and alerting
Production-Main,vm-003b995,AZURE,2026-05,467.8,0.0,0,4296.32,Virtual Machines,NC6s v3 GPU VM
Internal-Tools,gke-10b2192,GCP,2026-05,3949.5,0.0,0,7640.32,GKE,GPU node pool
Production-Main,gcs-0e9f520,GCP,2026-05,0.0,15591.6,5044583,455.65,Cloud Storage,Data lake bucket
Compliance-Audit,rds-0395341,AWS,2026-05,759.6,527.4,0,1915.67,RDS,db.r5.xlarge PostgreSQL primary
DevOps-Central,kin-1047535,AWS,2026-05,999.3,0.0,27204442,388.87,Kinesis,Firehose delivery
Production-Main,i-10be601,AWS,2026-05,579.3,0.0,0,41.93,EC2,t3.micro bastion host
Marketing-Platform,ca-0f4b589,GCP,2026-05,0.0,0.0,53459664,202.41,Cloud Armor,WAF policies
Mobile-Backend,vm-0b83258,AZURE,2026-05,779.1,0.0,0,943.5,Virtual Machines,D4s v3 CI runner
Shared-Services,vai-1038265,GCP,2026-05,275.5,0.0,0,1367.48,Vertex AI,AutoML jobs
Internal-Tools,clog-02e7189,GCP,2026-05,0.0,247.1,0,60.21,Cloud Logging,Audit logs
ML-Training,rds-06bb423,AWS,2026-05,642.0,738.4,0,1503.54,RDS,db.m5.xlarge analytics DB
Edge-Network,s3-061c989,AWS,2026-05,0.0,1201.8,2321540,99.12,S3,Artifact storage
Shared-Services,sb-0d48406,AZURE,2026-05,521.2,0.0,7057897,378.04,Service Bus,Premium messaging
Finance-Systems,gcs-0a23868,GCP,2026-05,0.0,6938.5,169703,150.27,Cloud Storage,Backup bucket
Production-Secondary,blob-0b77983,AZURE,2026-05,0.0,2179.6,5499438,358.41,Blob Storage,Media content
Production-Secondary,appi-0fa6211,AZURE,2026-05,0.0,0.0,35457816,451.39,Application Insights,APM telemetry
Partner-Integration,r53-03d9599,AWS,2026-05,0.0,0.0,11950096,17.78,Route 53,Health checks
Partner-Integration,ddb-06b5916,AWS,2026-05,755.2,10.6,5217892,90.1,DynamoDB,Config store table
Finance-Systems,cr-0536882,GCP,2026-05,308.3,0.0,2558092,268.27,Cloud Run,Webhook handler
QA-Testing,ec-03e4601,AWS,2026-05,651.3,0.0,0,226.13,ElastiCache,Redis staging cluster
Compliance-Audit,s3-1036303,AWS,2026-05,0.0,628.1,1268766,54.6,S3,Artifact storage
Security-Ops,ses-059a356,AWS,2026-05,0.0,0.0,2434482,2.94,SES,Transactional email
DR-Recovery,sb-02f8539,AZURE,2026-05,0.0,0.0,16224517,40.22,Service Bus,Standard messaging
IoT-Platform,bq-03fd605,GCP,2026-05,0.0,1716.1,0,667.02,BigQuery,Data export queries
Production-Main,vai-0c2d231,GCP,2026-05,623.6,0.0,7114014,1349.6,Vertex AI,Model serving endpoints
Edge-Network,i-0694281,AWS,2026-05,608.5,0.0,0,2159.45,EC2,m5.2xlarge batch processor
Shared-Services,rds-065b167,AWS,2026-05,634.3,914.1,0,2858.16,RDS,db.r5.2xlarge Aurora cluster
Edge-Network,gcf-0cc6556,GCP,2026-05,0.0,0.0,5403136,82.24,Cloud Functions,Auth handlers
Customer-Portal,i-0e08975,AWS,2026-05,603.5,0.0,0,43.3,EC2,t3.micro bastion host
Shared-Services,appi-0e4c650,AZURE,2026-05,0.0,0.0,44516030,542.71,Application Insights,APM telemetry
Security-Ops,kin-0193241,AWS,2026-05,859.7,0.0,36099486,518.79,Kinesis,Data stream ingestion
Internal-Tools,cr-0c2c557,GCP,2026-05,407.9,0.0,3348365,352.51,Cloud Run,Webhook handler
Marketing-Platform,sm-1101565,AWS,2026-05,0.0,0.0,961849,3.9,Secrets Manager,Application secrets
Compliance-Audit,i-0e34427,AWS,2026-05,659.4,0.0,0,573.82,EC2,m5.large monitoring server
DevOps-Central,ddb-00d0172,AWS,2026-05,900.7,63.6,100926348,702.25,DynamoDB,Session store table
Finance-Systems,aks-10e7263,AZURE,2026-05,204.8,0.0,0,291.86,AKS,Dev K8s cluster
Data-Science,rds-03f0203,AWS,2026-05,708.4,504.2,0,1788.39,RDS,db.r5.xlarge PostgreSQL primary
Production-Main,i-0e11185,AWS,2026-05,634.3,0.0,0,44.7,EC2,t3.micro bastion host
Finance-Systems,blob-0464577,AZURE,2026-05,0.0,7822.0,75860,223.24,Blob Storage,Backup storage
DevOps-Central,vm-00df422,AZURE,2026-05,684.8,0.0,0,208.82,Virtual Machines,B2s development VM
Compliance-Audit,ecs-0b5e734,AWS,2026-05,496.0,0.0,0,893.93,ECS,Fargate worker cluster
Finance-Systems,redis-06f3501,AZURE,2026-05,698.3,0.0,0,362.72,Azure Cache for Redis,Standard C2 cache
Staging-Env,gke-0774882,GCP,2026-05,609.4,0.0,0,1797.75,GKE,Production API cluster
Production-Secondary,ec-08ac154,AWS,2026-05,760.9,0.0,0,269.6,ElastiCache,Redis staging cluster
Shared-Services,ado-0d93508,AZURE,2026-05,0.0,72.6,0,18.41,Azure DevOps,Artifacts storage
IoT-Platform,mem-0539653,GCP,2026-05,336.3,0.0,0,232.74,Memorystore,Redis staging cache
Marketing-Platform,rs-09b1953,AWS,2026-05,0.0,0.0,6620292,332.71,Redshift,Spectrum queries
Shared-Services,s3-0674192,AWS,2026-05,0.0,17204.5,3382475,587.9,S3,Data lake raw zone
Finance-Systems,s3-06ae169,AWS,2026-05,0.0,6550.3,63890,144.63,S3,Backup storage bucket
Data-Science,mem-075d545,GCP,2026-05,330.8,0.0,0,239.66,Memorystore,Redis staging cache
ML-Training,i-1111465,AWS,2026-05,651.1,0.0,0,2233.4,EC2,r5.2xlarge database server
DR-Recovery,sqldb-0a7a105,AZURE,2026-05,646.0,47.1,0,136.09,SQL Database,Basic dev database
Finance-Systems,gcf-0237921,GCP,2026-05,0.0,0.0,2310286,34.46,Cloud Functions,Scheduled tasks
Production-Secondary,blob-0b27268,AZURE,2026-05,0.0,11094.1,27547,85.11,Blob Storage,Archive tier
Internal-Tools,gcs-0413983,GCP,2026-05,0.0,18276.4,6075875,555.69,Cloud Storage,Data lake bucket
Data-Science,ddb-0143420,AWS,2026-05,637.3,88.6,128561651,976.66,DynamoDB,Cache table
DevOps-Central,kv-00d6689,AZURE,2026-05,0.0,0.0,2440208,7.15,Key Vault,Secrets management
Mobile-Backend,aks-033a939,AZURE,2026-05,1064.5,0.0,0,1591.15,AKS,Staging K8s cluster
Edge-Network,gcf-05cf952,GCP,2026-05,0.0,0.0,25740436,383.88,Cloud Functions,Pub/Sub processors
Internal-Tools,s3-09df817,AWS,2026-05,0.0,4306.3,6616686,298.92,S3,Media content bucket
Staging-Env,gcs-0698537,GCP,2026-05,0.0,12779.0,4118017,373.79,Cloud Storage,Data lake bucket
Production-Secondary,aks-04be630,AZURE,2026-05,527.0,0.0,0,2330.57,AKS,Production K8s cluster
Internal-Tools,sqs-060b238,AWS,2026-05,0.0,0.0,46668436,22.59,SQS,Order processing queue
IoT-Platform,gke-04e2720,GCP,2026-05,438.3,0.0,0,1316.95,GKE,Batch processing cluster
Production-Main,blob-0b59559,AZURE,2026-05,0.0,6535.4,2419412,329.31,Blob Storage,Data lake storage
Security-Ops,s3-0669507,AWS,2026-05,0.0,45.2,22154050,145.0,S3,Static website hosting
Production-Main,kv-0ea5380,AZURE,2026-05,0.0,0.0,2240040,6.52,Key Vault,Secrets management
Analytics-Platform,clog-0a73765,GCP,2026-05,0.0,408.0,0,99.17,Cloud Logging,Application logs
Security-Ops,mem-0721292,GCP,2026-05,602.7,0.0,0,423.23,Memorystore,Redis production cache
Finance-Systems,blob-0848995,AZURE,2026-05,0.0,9040.9,3372491,467.18,Blob Storage,Data lake storage
Security-Ops,sqs-10d7510,AWS,2026-05,0.0,0.0,43700792,21.08,SQS,Event notification queue
Production-Secondary,blob-0dab457,AZURE,2026-05,0.0,1951.1,4902717,320.99,Blob Storage,Media content
Compliance-Audit,s3-0a50616,AWS,2026-05,0.0,2667.6,15915211,655.1,S3,Production asset storage
Finance-Systems,app-0735979,AZURE,2026-05,819.4,0.0,0,1026.34,App Service,API app P2v3
Production-Main,mem-0045614,GCP,2026-05,760.3,0.0,0,547.6,Memorystore,Redis production cache
Production-Secondary,gcs-009a238,GCP,2026-05,0.0,16215.0,5426797,483.4,Cloud Storage,Data lake bucket
Data-Science,rds-0c7a236,AWS,2026-05,672.2,189.3,0,600.85,RDS,db.t3.large development DB
Production-Main,func-0034684,AZURE,2026-05,0.0,0.0,9297620,135.04,Azure Functions,API handlers
DevOps-Central,kv-0966849,AZURE,2026-05,0.0,0.0,296498,0.87,Key Vault,Certificate store
Shared-Services,gcs-0cd8493,GCP,2026-05,0.0,25188.9,61224,246.17,Cloud Storage,Archive bucket
Analytics-Platform,df-00af561,GCP,2026-05,623.2,0.0,0,1484.81,Dataflow,Streaming pipeline
Marketing-Platform,vpn-0dd6580,AWS,2026-05,768.9,0.0,0,378.36,VPN Gateway,Site-to-site VPN
Marketing-Platform,rds-0e87973,AWS,2026-05,452.7,126.9,0,538.38,RDS,db.t3.medium MySQL staging
Edge-Network,sns-0adf491,AWS,2026-05,0.0,0.0,11514854,5.56,SNS,Alert notifications
Analytics-Platform,gcs-05d0754,GCP,2026-05,0.0,2182.8,2213235,152.94,Cloud Storage,Media assets bucket
Analytics-Platform,aks-10a1281,AZURE,2026-05,458.9,0.0,0,676.46,AKS,Dev K8s cluster
Edge-Network,csql-0a92538,GCP,2026-05,831.5,231.9,0,957.56,Cloud SQL,PostgreSQL replica
Internal-Tools,s3-04de710,AWS,2026-05,0.0,8004.1,487407,197.97,S3,Log archive bucket
Production-Main,func-0e70460,AZURE,2026-05,0.0,0.0,2594642,39.8,Azure Functions,Webhook processor
Mobile-Backend,eh-0ee7100,AZURE,2026-05,598.3,0.0,25334956,268.06,Event Hubs,Standard throughput units
Data-Science,gcs-08dc643,GCP,2026-05,0.0,529.9,8145518,96.11,Cloud Storage,Temp processing bucket
Edge-Network,csql-0dca965,GCP,2026-05,778.8,215.3,0,910.34,Cloud SQL,PostgreSQL replica
Security-Ops,sqldb-116c948,AZURE,2026-05,800.6,55.4,0,160.91,SQL Database,Basic dev database
DevOps-Central,sentinel-061b348,AZURE,2026-05,0.0,0.0,112367104,2860.16,Microsoft Sentinel,SIEM detection
Security-Ops,sqs-0efd772,AWS,2026-05,0.0,0.0,42420684,20.9,SQS,Event notification queue
Internal-Tools,lam-02ce460,AWS,2026-05,0.0,0.0,3677007,25.46,Lambda,Image resizer
Security-Ops,ecs-106e357,AWS,2026-05,176.9,0.0,0,323.08,ECS,Fargate batch cluster
Production-Main,ebs-0510188,AWS,2026-05,0.0,655.6,0,411.28,EBS,io2 volumes database
Compliance-Audit,eks-0398875,AWS,2026-05,541.1,0.0,0,1605.25,EKS,Production K8s cluster
DR-Recovery,appi-02f2887,AZURE,2026-05,0.0,0.0,58926028,728.82,Application Insights,APM telemetry
Customer-Portal,app-026a146,AZURE,2026-05,634.5,0.0,0,374.15,App Service,Web app P1v3
Finance-Systems,appi-0225717,AZURE,2026-05,0.0,0.0,42363539,525.61,Application Insights,APM telemetry
Production-Main,kv-0aae335,AZURE,2026-05,0.0,0.0,2347850,6.73,Key Vault,Secrets management
DevOps-Central,vm-090b907,AZURE,2026-05,747.2,0.0,0,219.75,Virtual Machines,B2s development VM
IoT-Platform,csql-0fbe637,GCP,2026-05,890.7,245.2,0,1415.66,Cloud SQL,PostgreSQL primary
Security-Ops,lam-0a77629,AWS,2026-05,0.0,0.0,24552699,172.49,Lambda,Data transformer
Partner-Integration,cdns-1022426,GCP,2026-05,0.0,0.0,14271328,20.58,Cloud DNS,DNS zones
Staging-Env,gcs-0106109,GCP,2026-05,0.0,12644.7,4256354,373.37,Cloud Storage,Data lake bucket
Internal-Tools,sqs-0dfd225,AWS,2026-05,0.0,0.0,55509145,28.11,SQS,Order processing queue
Production-Secondary,ses-0084349,AWS,2026-05,0.0,0.0,488877,0.6,SES,Marketing email
Internal-Tools,eh-10fe850,AZURE,2026-05,0.0,416.1,0,104.49,Event Hubs,Capture to storage
QA-Testing,cf-1064548,AWS,2026-05,0.0,0.0,141815618,702.2,CloudFront,CDN media distribution
Marketing-Platform,i-01ed199,AWS,2026-05,609.6,0.0,0,858.67,EC2,c5.xlarge compute worker
Security-Ops,ses-0189997,AWS,2026-05,0.0,0.0,2171170,2.66,SES,Transactional email
Shared-Services,fd-0f90890,AZURE,2026-05,0.0,0.0,73779716,532.55,Front Door,Global load balancer
Customer-Portal,appi-0cae731,AZURE,2026-05,0.0,0.0,21959728,268.75,Application Insights,Custom metrics
IoT-Platform,fs-0dac648,GCP,2026-05,702.8,19.7,48812421,501.93,Firestore,Session store
Production-Secondary,sqldb-0d25557,AZURE,2026-05,394.0,139.6,0,648.99,SQL Database,Standard S3 production
Partner-Integration,sqs-03d0699,AWS,2026-05,0.0,0.0,26926422,13.36,SQS,Event notification queue
DevOps-Central,appi-047d948,AZURE,2026-05,0.0,0.0,57041119,711.23,Application Insights,APM telemetry
Analytics-Platform,app-00bd383,AZURE,2026-05,830.9,0.0,0,496.71,App Service,Web app P1v3
Customer-Portal,i-082b392,AWS,2026-05,890.3,0.0,0,753.94,EC2,m5.large monitoring server
Security-Ops,bq-0849554,GCP,2026-05,0.0,7877.9,0,3062.92,BigQuery,ML training datasets
Partner-Integration,ado-065e537,AZURE,2026-05,0.0,98.3,0,24.18,Azure DevOps,Artifacts storage
Analytics-Platform,vai-0aa8578,GCP,2026-05,687.4,0.0,0,3332.92,Vertex AI,Training pipelines
Security-Ops,lam-0b97493,AWS,2026-05,0.0,0.0,3830638,26.23,Lambda,Image resizer
Edge-Network,i-0ebe182,AWS,2026-05,689.0,0.0,0,2320.95,EC2,r5.2xlarge database server
Finance-Systems,gcf-0749730,GCP,2026-05,0.0,0.0,12770912,196.92,Cloud Functions,Data triggers
Production-Main,blob-0efc134,AZURE,2026-05,0.0,2807.9,7374284,352.16,Blob Storage,Build artifacts
DevOps-Central,ebs-0a47271,AWS,2026-05,0.0,414.3,0,253.91,EBS,io2 volumes database
ML-Training,r53-05e4431,AWS,2026-05,0.0,0.0,12457315,17.97,Route 53,Health checks
Internal-Tools,lam-06df377,AWS,2026-05,0.0,0.0,8789178,59.71,Lambda,Notification dispatcher
Analytics-Platform,aks-0e44813,AZURE,2026-05,1210.8,0.0,0,1816.27,AKS,Staging K8s cluster
DevOps-Central,app-0b8f534,AZURE,2026-05,994.2,0.0,0,150.59,App Service,Web app B1
Shared-Services,ado-0a0b685,AZURE,2026-05,480.9,0.0,0,234.21,Azure DevOps,Pipelines hosted
Finance-Systems,gcs-022d354,GCP,2026-05,0.0,8107.5,193458,181.2,Cloud Storage,Backup bucket
ML-Training,ebs-047e173,AWS,2026-05,0.0,620.3,0,382.1,EBS,io2 volumes database
Analytics-Platform,clog-00b3386,GCP,2026-05,0.0,169.7,0,41.76,Cloud Logging,Audit logs
Production-Secondary,mem-0953822,GCP,2026-05,469.3,0.0,0,342.33,Memorystore,Redis production cache
Security-Ops,df-0857910,GCP,2026-05,307.7,0.0,0,767.63,Dataflow,Batch pipeline
Compliance-Audit,i-0a7d533,AWS,2026-05,1058.5,0.0,0,75.33,EC2,t3.micro bastion host
Security-Ops,csql-07d8129,GCP,2026-05,571.5,162.9,0,684.28,Cloud SQL,PostgreSQL replica
Production-Main,lam-0e06405,AWS,2026-05,0.0,0.0,29675519,206.48,Lambda,Data transformer
Internal-Tools,vpn-02d0237,AWS,2026-05,516.9,0.0,0,128.69,VPN Gateway,Client VPN endpoint
Marketing-Platform,cr-0666505,GCP,2026-05,495.0,0.0,2104719,638.63,Cloud Run,ETL pipeline service
Staging-Env,fs-0990514,GCP,2026-05,1073.9,76.5,45499638,617.94,Firestore,User profiles DB
Data-Science,ses-04d0520,AWS,2026-05,0.0,0.0,2179907,2.59,SES,Transactional email
Mobile-Backend,sqldb-04db913,AZURE,2026-05,840.8,570.6,0,3352.58,SQL Database,Premium P1 analytics
QA-Testing,lam-0d3d329,AWS,2026-05,0.0,0.0,2711904,19.08,Lambda,Webhook processor
Internal-Tools,lam-0a62935,AWS,2026-05,0.0,0.0,20390295,138.01,Lambda,Data transformer
Customer-Portal,func-025e719,AZURE,2026-05,0.0,0.0,2789046,40.12,Azure Functions,Webhook processor
IoT-Platform,bq-044c961,GCP,2026-05,0.0,6861.8,0,2687.08,BigQuery,Analytics data warehouse
DR-Recovery,redis-112b516,AZURE,2026-05,677.6,0.0,0,848.5,Azure Cache for Redis,Premium P1 cache
Compliance-Audit,s3-038d550,AWS,2026-05,0.0,3530.3,5473863,253.46,S3,Media content bucket
Finance-Systems,sentinel-0918997,AZURE,2026-05,0.0,0.0,110290792,2673.7,Microsoft Sentinel,SIEM detection
Data-Science,mem-0e05561,GCP,2026-05,347.9,0.0,0,244.22,Memorystore,Redis staging cache
Finance-Systems,app-0bd2556,AZURE,2026-05,983.1,0.0,0,149.87,App Service,Web app B1
Analytics-Platform,gcs-08d5306,GCP,2026-05,0.0,2506.6,2494033,177.2,Cloud Storage,Media assets bucket
Finance-Systems,sb-0af7412,AZURE,2026-05,0.0,0.0,26719334,66.42,Service Bus,Standard messaging
Shared-Services,func-01cb238,AZURE,2026-05,0.0,0.0,393794,5.96,Azure Functions,Timer triggers
Mobile-Backend,sb-033e339,AZURE,2026-05,682.4,0.0,9748948,520.97,Service Bus,Premium messaging
Marketing-Platform,rds-01e5261,AWS,2026-05,398.0,115.7,0,470.82,RDS,db.t3.medium MySQL staging
Security-Ops,s3-0c00456,AWS,2026-05,0.0,18184.3,3551336,611.16,S3,Data lake raw zone
Analytics-Platform,bq-08f6597,GCP,2026-05,0.0,2455.6,0,960.53,BigQuery,BI reporting views
Internal-Tools,gcs-07fe763,GCP,2026-05,0.0,17188.3,5579413,501.53,Cloud Storage,Data lake bucket
Security-Ops,lam-0f95467,AWS,2026-05,0.0,0.0,3479319,24.08,Lambda,Image resizer
Staging-Env,vai-0c7b152,GCP,2026-05,488.7,0.0,0,2396.4,Vertex AI,Training pipelines
Security-Ops,lam-0178762,AWS,2026-05,0.0,0.0,1179079,8.74,Lambda,Cron job runner
Data-Science,gcf-0f09760,GCP,2026-05,0.0,0.0,11137902,164.01,Cloud Functions,Auth handlers
Finance-Systems,cr-0f59927,GCP,2026-05,312.3,0.0,2663968,269.07,Cloud Run,Webhook handler
Analytics-Platform,cr-0a6a717,GCP,2026-05,498.2,0.0,2053928,644.1,Cloud Run,ETL pipeline service
Production-Main,vm-0522364,AZURE,2026-05,587.4,0.0,0,711.29,Virtual Machines,D4s v3 CI runner
Production-Main,vai-07c7834,GCP,2026-05,697.6,0.0,7724352,1498.36,Vertex AI,Model serving endpoints
Customer-Portal,kv-0261440,AZURE,2026-05,0.0,0.0,400366,1.19,Key Vault,Certificate store
ML-Training,i-036b203,AWS,2026-05,503.2,0.0,0,1745.91,EC2,m5.2xlarge batch processor
Shared-Services,vm-08c4697,AZURE,2026-05,848.0,0.0,0,3133.16,Virtual Machines,E8s v3 memory-optimized
Partner-Integration,sqldb-0e15863,AZURE,2026-05,698.6,486.5,0,2803.17,SQL Database,Premium P1 analytics
Mobile-Backend,ebs-1018746,AWS,2026-05,0.0,3630.0,0,162.63,EBS,st1 volumes archive
Compliance-Audit,s3-1162957,AWS,2026-05,0.0,10701.1,107693,246.75,S3,Backup storage bucket
Customer-Portal,ps-0661860,GCP,2026-05,0.0,0.0,43505722,550.3,Pub/Sub,Log forwarding
Finance-Systems,sqldb-0a6c230,AZURE,2026-05,1004.1,70.1,0,206.27,SQL Database,Basic dev database
ML-Training,r53-0c3c716,AWS,2026-05,0.0,0.0,12583480,19.24,Route 53,Health checks
Edge-Network,ps-0dae809,GCP,2026-05,0.0,0.0,36695545,444.47,Pub/Sub,Log forwarding
Production-Main,ecs-0a4c265,AWS,2026-05,372.0,0.0,0,666.42,ECS,Fargate worker cluster
Analytics-Platform,redis-00c1155,AZURE,2026-05,491.3,0.0,0,610.33,Azure Cache for Redis,Premium P1 cache
Internal-Tools,ebs-0bf3427,AWS,2026-05,0.0,1264.3,0,157.86,EBS,gp3 volumes production
IoT-Platform,cr-096e898,GCP,2026-05,400.1,0.0,3307002,345.71,Cloud Run,Webhook handler
DR-Recovery,eh-0830824,AZURE,2026-05,0.0,467.7,0,113.35,Event Hubs,Capture to storage
Production-Secondary,sqs-06ac317,AWS,2026-05,0.0,0.0,23826534,12.06,SQS,Event notification queue
DevOps-Central,redis-0678471,AZURE,2026-05,661.8,0.0,0,810.51,Azure Cache for Redis,Premium P1 cache
Analytics-Platform,fs-009f267,GCP,2026-05,845.7,59.6,34812621,480.96,Firestore,User profiles DB
Compliance-Audit,s3-08c6538,AWS,2026-05,0.0,3147.6,1545270,114.91,S3,Analytics export bucket
Production-Main,app-0e9e755,AZURE,2026-05,539.4,0.0,0,647.06,App Service,API app P2v3
Customer-Portal,vpn-047a741,AWS,2026-05,905.1,0.0,0,228.7,VPN Gateway,Client VPN endpoint
Marketing-Platform,vai-0b50204,GCP,2026-05,505.4,0.0,5560591,1072.01,Vertex AI,Model serving endpoints
Customer-Portal,vm-0d14393,AZURE,2026-05,541.5,0.0,0,329.64,Virtual Machines,D2s v3 utility server
Shared-Services,cosmos-01c5475,AZURE,2026-05,549.2,78.0,18888328,711.12,Cosmos DB,Event store
Partner-Integration,sqs-0cee896,AWS,2026-05,0.0,0.0,35936823,17.27,SQS,Event notification queue
Production-Main,blob-002e702,AZURE,2026-05,0.0,5315.5,0,503.04,Blob Storage,Security audit logs
Internal-Tools,rds-0d59420,AWS,2026-05,474.9,530.5,0,1070.31,RDS,db.m5.xlarge analytics DB
Mobile-Backend,azmon-0c97221,AZURE,2026-05,0.0,363.8,49151478,508.45,Azure Monitor,Logs and metrics
Security-Ops,gke-0d9c385,GCP,2026-05,2544.1,0.0,0,5054.36,GKE,ML training cluster
Partner-Integration,gcs-09db877,GCP,2026-05,0.0,14507.2,36060,143.17,Cloud Storage,Archive bucket
Production-Main,lam-0e64419,AWS,2026-05,0.0,0.0,6709996,47.14,Lambda,Notification dispatcher
Internal-Tools,ebs-0a17241,AWS,2026-05,0.0,379.8,0,231.13,EBS,io2 volumes database
Marketing-Platform,sm-0b53746,AWS,2026-05,0.0,0.0,852955,3.43,Secrets Manager,Application secrets
Analytics-Platform,bq-0aad103,GCP,2026-05,0.0,2165.5,0,855.75,BigQuery,BI reporting views
Finance-Systems,s3-09cc225,AWS,2026-05,0.0,1218.2,2480905,106.78,S3,Artifact storage
Data-Science,i-04a3473,AWS,2026-05,344.8,0.0,0,983.35,EC2,c5.2xlarge HPC node
Compliance-Audit,rds-0bdd884,AWS,2026-05,1020.1,283.2,0,892.03,RDS,db.t3.large development DB
Shared-Services,rds-09b7314,AWS,2026-05,562.9,156.8,0,497.38,RDS,db.t3.large development DB
Security-Ops,lam-0f1a552,AWS,2026-05,0.0,0.0,27647830,193.43,Lambda,Data transformer
Production-Main,cmon-0869801,GCP,2026-05,0.0,0.0,23562989,187.14,Cloud Monitoring,Metrics and alerting
Internal-Tools,s3-0751248,AWS,2026-05,0.0,8074.5,79332,178.46,S3,Backup storage bucket
Marketing-Platform,sm-089e505,AWS,2026-05,0.0,0.0,989294,3.92,Secrets Manager,Application secrets
DevOps-Central,appi-0d57672,AZURE,2026-05,0.0,0.0,17807692,221.46,Application Insights,Custom metrics
Security-Ops,ec-0f29845,AWS,2026-05,715.0,0.0,0,256.06,ElastiCache,Redis staging cluster
Production-Main,cf-1086153,AWS,2026-05,0.0,0.0,31586994,160.65,CloudFront,CDN static assets
Production-Secondary,csql-0a6b702,GCP,2026-05,595.6,408.0,0,1148.03,Cloud SQL,MySQL analytics
Production-Main,vai-0507510,GCP,2026-05,724.4,0.0,8066360,1499.3,Vertex AI,Model serving endpoints
Production-Secondary,sqldb-050d815,AZURE,2026-05,448.9,157.9,0,729.5,SQL Database,Standard S3 production
Customer-Portal,cosmos-057f603,AZURE,2026-05,666.6,45.9,13727854,447.42,Cosmos DB,Config store
Analytics-Platform,ca-0cad296,GCP,2026-05,0.0,0.0,75763225,286.01,Cloud Armor,WAF policies
Edge-Network,csql-0624779,GCP,2026-05,830.4,230.8,0,974.13,Cloud SQL,PostgreSQL replica
Customer-Portal,eh-0501800,AZURE,2026-05,0.0,615.8,0,155.74,Event Hubs,Capture to storage
Customer-Portal,ses-0a5c461,AWS,2026-05,0.0,0.0,702075,0.83,SES,Marketing email
Analytics-Platform,cr-04f2770,GCP,2026-05,444.2,0.0,1866189,586.31,Cloud Run,ETL pipeline service
Production-Secondary,ecs-06ba406,AWS,2026-05,398.4,0.0,0,707.35,ECS,Fargate worker cluster
Security-Ops,df-099a532,GCP,2026-05,311.0,0.0,0,725.84,Dataflow,Batch pipeline
IoT-Platform,csql-034b365,GCP,2026-05,761.4,210.2,0,883.95,Cloud SQL,PostgreSQL replica
DevOps-Central,appi-0f19138,AZURE,2026-05,0.0,0.0,52908538,662.24,Application Insights,APM telemetry
Finance-Systems,vm-10f9391,AZURE,2026-05,697.7,0.0,0,1685.12,Virtual Machines,D8s v3 application server
Partner-Integration,bq-0a3d119,GCP,2026-05,0.0,11667.7,0,4500.34,BigQuery,Analytics data warehouse
Shared-Services,sb-09c5978,AZURE,2026-05,706.8,0.0,9966320,533.57,Service Bus,Premium messaging
Data-Science,ps-100e742,GCP,2026-05,0.0,0.0,21580401,259.46,Pub/Sub,Event streaming
Finance-Systems,csql-09d4523,GCP,2026-05,631.7,175.7,0,1004.72,Cloud SQL,PostgreSQL primary
Data-Science,gcs-06d2218,GCP,2026-05,0.0,532.2,8228332,97.04,Cloud Storage,Temp processing bucket
Security-Ops,df-076a110,GCP,2026-05,346.5,0.0,0,816.29,Dataflow,Batch pipeline
ML-Training,ebs-037a362,AWS,2026-05,0.0,715.7,0,87.61,EBS,gp3 volumes production
Marketing-Platform,ddb-0631674,AWS,2026-05,647.8,44.7,72999556,502.26,DynamoDB,Session store table
Marketing-Platform,rs-1184112,AWS,2026-05,0.0,0.0,5892330,292.98,Redshift,Spectrum queries
Finance-Systems,s3-0af5560,AWS,2026-05,0.0,6011.3,59978,135.66,S3,Backup storage bucket
Partner-Integration,df-0e2e494,GCP,2026-05,892.5,0.0,0,2153.91,Dataflow,Streaming pipeline
Edge-Network,csp-0306871,GCP,2026-05,846.7,119.8,59660478,5170.66,Cloud Spanner,Global transaction DB
Mobile-Backend,sqs-09bf888,AWS,2026-05,0.0,0.0,341435,0.17,SQS,Dead letter queue
DevOps-Central,appi-0dd3396,AZURE,2026-05,0.0,0.0,12730160,159.13,Application Insights,Custom metrics
Finance-Systems,cosmos-0219643,AZURE,2026-05,501.3,71.3,17615967,660.3,Cosmos DB,Event store
Security-Ops,s3-05b8656,AWS,2026-05,0.0,48.6,24573237,152.16,S3,Static website hosting
Marketing-Platform,vai-0538638,GCP,2026-05,425.2,0.0,0,2167.26,Vertex AI,Training pipelines
Production-Secondary,elb-0fdd444,AWS,2026-05,583.4,0.0,41475369,258.74,ELB,Network load balancer
Finance-Systems,cr-0f0e694,GCP,2026-05,570.7,0.0,2342895,723.69,Cloud Run,ETL pipeline service
Internal-Tools,eh-104e481,AZURE,2026-05,0.0,564.8,0,140.87,Event Hubs,Capture to storage
Marketing-Platform,rds-0a36947,AWS,2026-05,387.3,110.3,0,456.23,RDS,db.t3.medium MySQL staging
Production-Main,acr-0035926,AZURE,2026-05,0.0,303.9,596890,190.33,Container Registry,Docker image registry
Edge-Network,gke-0f9a884,GCP,2026-05,1965.7,0.0,0,3972.08,GKE,ML training cluster
Finance-Systems,eh-05d4851,AZURE,2026-05,648.8,0.0,26329573,282.58,Event Hubs,Standard throughput units
Production-Main,vai-115d400,GCP,2026-05,508.1,0.0,0,2494.09,Vertex AI,Training pipelines
Security-Ops,lam-0e14664,AWS,2026-05,0.0,0.0,1148142,8.41,Lambda,Cron job runner
Data-Science,mem-09e1108,GCP,2026-05,371.5,0.0,0,265.53,Memorystore,Redis staging cache
Internal-Tools,lam-1019595,AWS,2026-05,0.0,0.0,1154710,8.59,Lambda,Cron job runner
Production-Main,gcs-08cf702,GCP,2026-05,0.0,8302.8,201922,187.7,Cloud Storage,Backup bucket
Security-Ops,ec-0aea108,AWS,2026-05,679.1,0.0,0,235.04,ElastiCache,Redis staging cluster
Marketing-Platform,ec-07f7887,AWS,2026-05,628.6,0.0,0,444.73,ElastiCache,Redis production cluster
Marketing-Platform,gke-1107964,GCP,2026-05,2219.9,0.0,0,4419.91,GKE,ML training cluster
Staging-Env,fs-0874807,GCP,2026-05,475.0,13.3,32381450,335.74,Firestore,Session store
Edge-Network,gcs-0996314,GCP,2026-05,0.0,18745.0,6221837,566.91,Cloud Storage,Data lake bucket
Compliance-Audit,rds-0914885,AWS,2026-05,630.1,436.6,0,1568.0,RDS,db.r5.xlarge PostgreSQL primary
Compliance-Audit,s3-1074650,AWS,2026-05,0.0,15767.6,3063789,539.27,S3,Data lake raw zone
Finance-Systems,gcs-0f77491,GCP,2026-05,0.0,371.2,5968465,68.1,Cloud Storage,Temp processing bucket
Analytics-Platform,gcs-103b639,GCP,2026-05,0.0,1897.3,941549,289.1,Cloud Storage,Model artifacts
Partner-Integration,sqs-0a84952,AWS,2026-05,0.0,0.0,31404348,15.62,SQS,Event notification queue
DevOps-Central,redis-05a6544,AZURE,2026-05,686.5,0.0,0,835.08,Azure Cache for Redis,Premium P1 cache
Partner-Integration,eh-0fc3866,AZURE,2026-05,565.9,0.0,23683976,249.83,Event Hubs,Standard throughput units
Edge-Network,bq-08a9565,GCP,2026-05,0.0,5159.9,0,2007.26,BigQuery,Log analytics
QA-Testing,lam-0d07109,AWS,2026-05,0.0,0.0,3450890,24.39,Lambda,Image resizer
Mobile-Backend,vm-080e442,AZURE,2026-05,795.8,0.0,0,1092.38,Virtual Machines,F4s v2 compute node
Production-Main,cf-0004444,AWS,2026-05,0.0,0.0,112030947,549.6,CloudFront,CDN web distribution
Finance-Systems,eh-0e99947,AZURE,2026-05,638.8,0.0,26561884,280.95,Event Hubs,Standard throughput units
Finance-Systems,app-063b847,AZURE,2026-05,789.7,0.0,0,959.53,App Service,API app P2v3
Analytics-Platform,mem-0e2a421,GCP,2026-05,531.3,0.0,0,376.97,Memorystore,Redis production cache
Compliance-Audit,s3-0391199,AWS,2026-05,0.0,2896.7,16638308,700.36,S3,Production asset storage
Edge-Network,sns-0dc0114,AWS,2026-05,0.0,0.0,11726332,5.66,SNS,Alert notifications
Production-Main,vai-004e568,GCP,2026-05,534.9,0.0,0,2608.05,Vertex AI,Training pipelines
Marketing-Platform,sm-0999408,AWS,2026-05,0.0,0.0,915223,3.61,Secrets Manager,Application secrets
Compliance-Audit,r53-0f97693,AWS,2026-05,0.0,0.0,6711493,9.86,Route 53,Health checks
Finance-Systems,s3-06e1275,AWS,2026-05,0.0,10537.3,2142397,361.69,S3,Data lake raw zone
Customer-Portal,i-115b995,AWS,2026-05,593.8,0.0,0,43.27,EC2,t3.micro bastion host
Mobile-Backend,sm-0332348,AWS,2026-05,0.0,0.0,1141350,4.62,Secrets Manager,Application secrets
Internal-Tools,gcs-0651710,GCP,2026-05,0.0,408.7,6540009,73.17,Cloud Storage,Temp processing bucket
DevOps-Central,aks-0f3b213,AZURE,2026-05,1904.6,0.0,0,2916.47,AKS,Staging K8s cluster
Internal-Tools,ebs-02ab559,AWS,2026-05,0.0,4644.4,0,201.2,EBS,st1 volumes archive
Production-Secondary,s3-0e24718,AWS,2026-05,0.0,1016.7,2014366,85.73,S3,Artifact storage
Partner-Integration,gcs-03b9519,GCP,2026-05,0.0,17288.7,42958,165.59,Cloud Storage,Archive bucket
Production-Secondary,eh-0f4e930,AZURE,2026-05,0.0,675.0,0,163.54,Event Hubs,Capture to storage
Security-Ops,lam-0649249,AWS,2026-05,0.0,0.0,25173501,174.03,Lambda,Data transformer
Customer-Portal,appi-0256518,AZURE,2026-05,0.0,0.0,22890760,278.94,Application Insights,Custom metrics
Edge-Network,csql-0a34427,GCP,2026-05,821.4,234.2,0,986.73,Cloud SQL,PostgreSQL replica
Shared-Services,rds-01a2711,AWS,2026-05,910.3,1030.3,0,2072.75,RDS,db.m5.xlarge analytics DB
Marketing-Platform,vpn-112e330,AWS,2026-05,677.0,0.0,0,174.11,VPN Gateway,Client VPN endpoint
Edge-Network,i-0325468,AWS,2026-05,710.6,0.0,0,2405.96,EC2,r5.2xlarge database server
Finance-Systems,elb-0edb765,AWS,2026-05,618.1,0.0,8461287,123.14,ELB,Classic load balancer
Edge-Network,bq-0f45454,GCP,2026-05,0.0,6993.6,0,2707.2,BigQuery,Analytics data warehouse
Shared-Services,aks-07ce741,AZURE,2026-05,1020.6,0.0,0,1481.4,AKS,Staging K8s cluster
DevOps-Central,aks-0748902,AZURE,2026-05,294.7,0.0,0,441.29,AKS,Dev K8s cluster
Production-Secondary,clog-06a5604,GCP,2026-05,0.0,165.0,0,39.65,Cloud Logging,Audit logs
Marketing-Platform,gke-01f2581,GCP,2026-05,528.8,0.0,0,1572.44,GKE,Batch processing cluster
Internal-Tools,ebs-09b0400,AWS,2026-05,0.0,425.9,0,267.3,EBS,io2 volumes database
Finance-Systems,eks-10b8855,AWS,2026-05,875.7,0.0,0,2527.83,EKS,Production K8s cluster
Security-Ops,ps-043d277,GCP,2026-05,0.0,0.0,28394349,348.68,Pub/Sub,Event streaming
Finance-Systems,blob-0209645,AZURE,2026-05,0.0,7869.2,2948417,410.34,Blob Storage,Data lake storage
Internal-Tools,rds-0614124,AWS,2026-05,773.6,533.0,0,1484.13,RDS,db.r5.large PostgreSQL replica
DR-Recovery,kv-02ec904,AZURE,2026-05,0.0,0.0,2623774,7.58,Key Vault,Secrets management
Marketing-Platform,ddb-08e1627,AWS,2026-05,455.6,32.4,50560533,363.86,DynamoDB,Session store table
Staging-Env,cr-0881110,GCP,2026-05,549.5,0.0,2370263,730.61,Cloud Run,ETL pipeline service
Data-Science,r53-0149781,AWS,2026-05,0.0,0.0,8957534,13.31,Route 53,Health checks
Analytics-Platform,mem-05ad446,GCP,2026-05,315.9,0.0,0,225.27,Memorystore,Redis staging cache
DevOps-Central,aks-0e98359,AZURE,2026-05,399.9,0.0,0,579.44,AKS,Dev K8s cluster
Customer-Portal,ses-074e901,AWS,2026-05,0.0,0.0,674918,0.81,SES,Marketing email
DevOps-Central,kv-07d7650,AZURE,2026-05,0.0,0.0,385397,1.15,Key Vault,Certificate store
Edge-Network,vpn-05d8638,AWS,2026-05,629.3,0.0,0,155.02,VPN Gateway,Client VPN endpoint
Production-Secondary,csql-0831452,GCP,2026-05,614.2,438.8,0,1230.54,Cloud SQL,MySQL analytics
Internal-Tools,vai-07d4545,GCP,2026-05,810.9,0.0,8859975,1728.33,Vertex AI,Model serving endpoints
Shared-Services,func-07ef321,AZURE,2026-05,0.0,0.0,10277267,157.19,Azure Functions,API handlers
Mobile-Backend,vm-10bb955,AZURE,2026-05,820.2,0.0,0,1173.53,Virtual Machines,F4s v2 compute node
Partner-Integration,redis-0e4a190,AZURE,2026-05,731.7,0.0,0,863.16,Azure Cache for Redis,Premium P1 cache
Shared-Services,func-01ca602,AZURE,2026-05,0.0,0.0,2595706,37.81,Azure Functions,Webhook processor
Customer-Portal,cf-028a177,AWS,2026-05,0.0,0.0,69737713,343.32,CloudFront,CDN web distribution
Mobile-Backend,sqs-1135610,AWS,2026-05,0.0,0.0,351339,0.18,SQS,Dead letter queue
Customer-Portal,vai-111c139,GCP,2026-05,185.6,0.0,0,916.16,Vertex AI,AutoML jobs
Security-Ops,bq-08af736,GCP,2026-05,0.0,6684.6,0,2620.83,BigQuery,Analytics data warehouse
Finance-Systems,appi-0226443,AZURE,2026-05,0.0,0.0,14970033,179.47,Application Insights,Custom metrics
Mobile-Backend,vm-103c910,AZURE,2026-05,544.6,0.0,0,1008.59,Virtual Machines,E4s v3 SIEM collector
Staging-Env,gke-0a8b163,GCP,2026-05,677.3,0.0,0,2026.03,GKE,Production API cluster
Edge-Network,elb-0329218,AWS,2026-05,794.7,0.0,10965893,160.2,ELB,Classic load balancer
Compliance-Audit,rds-0cc0641,AWS,2026-05,841.8,599.0,0,1694.17,RDS,db.r5.large PostgreSQL replica
